"Fecha";"Local";"Visitante";"Casa";"Prob_Local";"Prob_Empate";"Prob_Visitante";"Prediccion_Casa";"Resultado_Real";"Acierto"
"13/08/2021";"Brentford";"Arsenal";"B365";"0,2632";"0,3077";"0,4878";"Visitante";"Local";"✗"
"14/08/2021";"Man United";"Leeds";"B365";"0,6211";"0,2381";"0,1905";"Local";"Local";"✓"
"14/08/2021";"Burnley";"Brighton";"B365";"0,3226";"0,3226";"0,4082";"Visitante";"Visitante";"✓"
"14/08/2021";"Chelsea";"Crystal Palace";"B365";"0,7692";"0,1905";"0,0909";"Local";"Local";"✓"
"14/08/2021";"Everton";"Southampton";"B365";"0,5000";"0,2941";"0,2564";"Local";"Local";"✓"
"14/08/2021";"Leicester";"Wolves";"B365";"0,5882";"0,2667";"0,2000";"Local";"Local";"✓"
"14/08/2021";"Watford";"Aston Villa";"B365";"0,2941";"0,3030";"0,4545";"Visitante";"Local";"✗"
"14/08/2021";"Norwich";"Liverpool";"B365";"0,1538";"0,2105";"0,6944";"Visitante";"Visitante";"✓"
"15/08/2021";"Newcastle";"West Ham";"B365";"0,3030";"0,2941";"0,4545";"Visitante";"Visitante";"✓"
"15/08/2021";"Tottenham";"Man City";"B365";"0,1667";"0,2439";"0,6452";"Visitante";"Local";"✗"
"21/08/2021";"Liverpool";"Burnley";"B365";"0,8000";"0,1667";"0,0909";"Local";"Local";"✓"
"21/08/2021";"Aston Villa";"Newcastle";"B365";"0,5556";"0,2632";"0,2309";"Local";"Local";"✓"
"21/08/2021";"Crystal Palace";"Brentford";"B365";"0,3846";"0,3125";"0,3571";"Local";"Empate";"✗"
"21/08/2021";"Leeds";"Everton";"B365";"0,4878";"0,2857";"0,2778";"Local";"Empate";"✗"
"21/08/2021";"Man City";"Norwich";"B365";"0,9091";"0,1053";"0,0435";"Local";"Local";"✓"
"21/08/2021";"Brighton";"Watford";"B365";"0,5882";"0,2778";"0,1905";"Local";"Local";"✓"
"22/08/2021";"Southampton";"Man United";"B365";"0,1905";"0,2309";"0,6250";"Visitante";"Empate";"✗"
"22/08/2021";"Wolves";"Tottenham";"B365";"0,3571";"0,3226";"0,3817";"Visitante";"Visitante";"✓"
"22/08/2021";"Arsenal";"Chelsea";"B365";"0,2222";"0,2857";"0,5405";"Visitante";"Visitante";"✓"
"23/08/2021";"West Ham";"Leicester";"B365";"0,4167";"0,2941";"0,3448";"Local";"Local";"✓"
"28/08/2021";"Man City";"Arsenal";"B365";"0,7519";"0,1905";"0,1111";"Local";"Local";"✓"
"28/08/2021";"Aston Villa";"Brentford";"B365";"0,5000";"0,3077";"0,2500";"Local";"Empate";"✗"
"28/08/2021";"Brighton";"Everton";"B365";"0,4444";"0,3077";"0,3030";"Local";"Visitante";"✗"
"28/08/2021";"Newcastle";"Southampton";"B365";"0,4167";"0,2857";"0,3448";"Local";"Empate";"✗"
"28/08/2021";"Norwich";"Leicester";"B365";"0,2381";"0,2778";"0,5405";"Visitante";"Visitante";"✓"
"28/08/2021";"West Ham";"Crystal Palace";"B365";"0,6536";"0,2500";"0,1538";"Local";"Empate";"✗"
"28/08/2021";"Liverpool";"Chelsea";"B365";"0,4082";"0,3030";"0,3448";"Local";"Empate";"✗"
"29/08/2021";"Burnley";"Leeds";"B365";"0,3125";"0,2857";"0,4545";"Visitante";"Empate";"✗"
"29/08/2021";"Tottenham";"Watford";"B365";"0,7143";"0,2222";"0,1176";"Local";"Local";"✓"
"29/08/2021";"Wolves";"Man United";"B365";"0,2105";"0,2667";"0,5714";"Visitante";"Visitante";"✓"
"11/09/2021";"Crystal Palace";"Tottenham";"B365";"0,2632";"0,2941";"0,4878";"Visitante";"Local";"✗"
"11/09/2021";"Arsenal";"Norwich";"B365";"0,7353";"0,2000";"0,1250";"Local";"Local";"✓"
"11/09/2021";"Brentford";"Brighton";"B365";"0,3226";"0,3333";"0,3922";"Visitante";"Visitante";"✓"
"11/09/2021";"Leicester";"Man City";"B365";"0,1905";"0,2500";"0,6211";"Visitante";"Visitante";"✓"
"11/09/2021";"Man United";"Newcastle";"B365";"0,8475";"0,1429";"0,0667";"Local";"Local";"✓"
"11/09/2021";"Southampton";"West Ham";"B365";"0,3333";"0,2857";"0,4348";"Visitante";"Empate";"✗"
"11/09/2021";"Watford";"Wolves";"B365";"0,2778";"0,3226";"0,4651";"Visitante";"Visitante";"✓"
"11/09/2021";"Chelsea";"Aston Villa";"B365";"0,7519";"0,2000";"0,1111";"Local";"Local";"✓"
"12/09/2021";"Leeds";"Liverpool";"B365";"0,2222";"0,2309";"0,6024";"Visitante";"Visitante";"✓"
"13/09/2021";"Everton";"Burnley";"B365";"0,5714";"0,2857";"0,1905";"Local";"Local";"✓"
"17/09/2021";"Newcastle";"Leeds";"B365";"0,3226";"0,2778";"0,4545";"Visitante";"Empate";"✗"
"18/09/2021";"Wolves";"Brentford";"B365";"0,5556";"0,3077";"0,2000";"Local";"Visitante";"✗"
"18/09/2021";"Burnley";"Arsenal";"B365";"0,2667";"0,2778";"0,5128";"Visitante";"Visitante";"✓"
"18/09/2021";"Liverpool";"Crystal Palace";"B365";"0,7812";"0,1739";"0,1000";"Local";"Local";"✓"
"18/09/2021";"Man City";"Southampton";"B365";"0,8772";"0,1250";"0,0588";"Local";"Empate";"✗"
"18/09/2021";"Norwich";"Watford";"B365";"0,4444";"0,3030";"0,3030";"Local";"Visitante";"✗"
"18/09/2021";"Aston Villa";"Everton";"B365";"0,4762";"0,2941";"0,2857";"Local";"Local";"✓"
"19/09/2021";"Brighton";"Leicester";"B365";"0,4082";"0,3125";"0,3333";"Local";"Local";"✓"
"19/09/2021";"West Ham";"Man United";"B365";"0,2381";"0,2632";"0,5556";"Visitante";"Visitante";"✓"
"19/09/2021";"Tottenham";"Chelsea";"B365";"0,2309";"0,2941";"0,5405";"Visitante";"Visitante";"✓"
"25/09/2021";"Chelsea";"Man City";"B365";"0,3448";"0,3125";"0,4000";"Visitante";"Visitante";"✓"
"25/09/2021";"Man United";"Aston Villa";"B365";"0,7353";"0,2000";"0,1250";"Local";"Visitante";"✗"
"25/09/2021";"Everton";"Norwich";"B365";"0,5882";"0,2667";"0,1905";"Local";"Local";"✓"
"25/09/2021";"Leeds";"West Ham";"B365";"0,3448";"0,2778";"0,4348";"Visitante";"Visitante";"✓"
"25/09/2021";"Leicester";"Burnley";"B365";"0,6061";"0,2632";"0,1905";"Local";"Empate";"✗"
"25/09/2021";"Watford";"Newcastle";"B365";"0,4878";"0,2857";"0,2857";"Local";"Empate";"✗"
"25/09/2021";"Brentford";"Liverpool";"B365";"0,1333";"0,1905";"0,7353";"Visitante";"Empate";"✗"
"26/09/2021";"Southampton";"Wolves";"B365";"0,4762";"0,3030";"0,2778";"Local";"Visitante";"✗"
"26/09/2021";"Arsenal";"Tottenham";"B365";"0,4651";"0,2941";"0,2941";"Local";"Local";"✓"
"27/09/2021";"Crystal Palace";"Brighton";"B365";"0,3571";"0,3226";"0,3704";"Visitante";"Empate";"✗"
"02/10/2021";"Man United";"Everton";"B365";"0,6452";"0,2500";"0,1538";"Local";"Empate";"✗"
"02/10/2021";"Burnley";"Norwich";"B365";"0,5263";"0,2778";"0,2500";"Local";"Empate";"✗"
"02/10/2021";"Chelsea";"Southampton";"B365";"0,7143";"0,2105";"0,1250";"Local";"Local";"✓"
"02/10/2021";"Leeds";"Watford";"B365";"0,5814";"0,2632";"0,2105";"Local";"Local";"✓"
"02/10/2021";"Wolves";"Newcastle";"B365";"0,5882";"0,2667";"0,2000";"Local";"Local";"✓"
"02/10/2021";"Brighton";"Arsenal";"B365";"0,3125";"0,3077";"0,4348";"Visitante";"Empate";"✗"
"03/10/2021";"Crystal Palace";"Leicester";"B365";"0,3571";"0,3077";"0,3817";"Visitante";"Empate";"✗"
"03/10/2021";"Tottenham";"Aston Villa";"B365";"0,4878";"0,2941";"0,2703";"Local";"Local";"✓"
"03/10/2021";"West Ham";"Brentford";"B365";"0,5814";"0,2667";"0,2105";"Local";"Visitante";"✗"
"03/10/2021";"Liverpool";"Man City";"B365";"0,3448";"0,2778";"0,4348";"Visitante";"Empate";"✗"
"16/10/2021";"Watford";"Liverpool";"B365";"0,1111";"0,1739";"0,7692";"Visitante";"Visitante";"✓"
"16/10/2021";"Aston Villa";"Wolves";"B365";"0,5000";"0,3077";"0,2500";"Local";"Visitante";"✗"
"16/10/2021";"Leicester";"Man United";"B365";"0,2778";"0,2667";"0,5128";"Visitante";"Local";"✗"
"16/10/2021";"Man City";"Burnley";"B365";"0,8929";"0,1111";"0,0526";"Local";"Local";"✓"
"16/10/2021";"Norwich";"Brighton";"B365";"0,2564";"0,2857";"0,5128";"Visitante";"Empate";"✗"
"16/10/2021";"Southampton";"Leeds";"B365";"0,4762";"0,2778";"0,3030";"Local";"Local";"✓"
"16/10/2021";"Brentford";"Chelsea";"B365";"0,1739";"0,2564";"0,6250";"Visitante";"Visitante";"✓"
"17/10/2021";"Everton";"West Ham";"B365";"0,3571";"0,3125";"0,3846";"Visitante";"Visitante";"✓"
"17/10/2021";"Newcastle";"Tottenham";"B365";"0,2857";"0,2778";"0,4878";"Visitante";"Visitante";"✓"
"18/10/2021";"Arsenal";"Crystal Palace";"B365";"0,6369";"0,2500";"0,1667";"Local";"Empate";"✗"
"22/10/2021";"Arsenal";"Aston Villa";"B365";"0,5405";"0,2667";"0,2500";"Local";"Local";"✓"
"23/10/2021";"Chelsea";"Norwich";"B365";"0,8197";"0,1667";"0,0667";"Local";"Local";"✓"
"23/10/2021";"Crystal Palace";"Newcastle";"B365";"0,5405";"0,2778";"0,2381";"Local";"Empate";"✗"
"23/10/2021";"Everton";"Watford";"B365";"0,5714";"0,2778";"0,2105";"Local";"Visitante";"✗"
"23/10/2021";"Leeds";"Wolves";"B365";"0,4219";"0,2941";"0,3333";"Local";"Empate";"✗"
"23/10/2021";"Southampton";"Burnley";"B365";"0,5263";"0,2778";"0,2500";"Local";"Empate";"✗"
"23/10/2021";"Brighton";"Man City";"B365";"0,1176";"0,2105";"0,7353";"Visitante";"Visitante";"✓"
"24/10/2021";"Brentford";"Leicester";"B365";"0,3636";"0,2941";"0,3846";"Visitante";"Visitante";"✓"
"24/10/2021";"West Ham";"Tottenham";"B365";"0,4545";"0,2857";"0,3125";"Local";"Local";"✓"
"24/10/2021";"Man United";"Liverpool";"B365";"0,3448";"0,2778";"0,4348";"Visitante";"Visitante";"✓"
"30/10/2021";"Leicester";"Arsenal";"B365";"0,4082";"0,2857";"0,3571";"Local";"Visitante";"✗"
"30/10/2021";"Burnley";"Brentford";"B365";"0,3846";"0,3226";"0,3484";"Local";"Local";"✓"
"30/10/2021";"Liverpool";"Brighton";"B365";"0,8000";"0,1667";"0,0909";"Local";"Empate";"✗"
"30/10/2021";"Man City";"Crystal Palace";"B365";"0,8929";"0,1111";"0,0526";"Local";"Visitante";"✗"
"30/10/2021";"Newcastle";"Chelsea";"B365";"0,1333";"0,2222";"0,6944";"Visitante";"Visitante";"✓"
"30/10/2021";"Watford";"Southampton";"B365";"0,3030";"0,2857";"0,4651";"Visitante";"Visitante";"✓"
"30/10/2021";"Tottenham";"Man United";"B365";"0,3333";"0,2778";"0,4444";"Visitante";"Visitante";"✓"
"31/10/2021";"Norwich";"Leeds";"B365";"0,2778";"0,2667";"0,5128";"Visitante";"Visitante";"✓"
"31/10/2021";"Aston Villa";"West Ham";"B365";"0,3448";"0,2857";"0,4219";"Visitante";"Visitante";"✓"
"01/11/2021";"Wolves";"Everton";"B365";"0,4651";"0,3125";"0,2778";"Local";"Local";"✓"
"05/11/2021";"Southampton";"Aston Villa";"B365";"0,5000";"0,2778";"0,2778";"Local";"Local";"✓"
"06/11/2021";"Man United";"Man City";"B365";"0,2105";"0,2381";"0,6024";"Visitante";"Visitante";"✓"
"06/11/2021";"Brentford";"Norwich";"B365";"0,6250";"0,2500";"0,1818";"Local";"Visitante";"✗"
"06/11/2021";"Chelsea";"Burnley";"B365";"0,7812";"0,1905";"0,0833";"Local";"Empate";"✗"
"06/11/2021";"Crystal Palace";"Wolves";"B365";"0,4348";"0,3226";"0,2941";"Local";"Local";"✓"
"06/11/2021";"Brighton";"Newcastle";"B365";"0,6536";"0,2381";"0,1667";"Local";"Empate";"✗"
"07/11/2021";"Arsenal";"Watford";"B365";"0,6944";"0,2105";"0,1538";"Local";"Local";"✓"
"07/11/2021";"Everton";"Tottenham";"B365";"0,2941";"0,3030";"0,4545";"Visitante";"Empate";"✗"
"07/11/2021";"Leeds";"Leicester";"B365";"0,3846";"0,2857";"0,3817";"Local";"Empate";"✗"
"07/11/2021";"West Ham";"Liverpool";"B365";"0,2381";"0,2439";"0,5714";"Visitante";"Local";"✗"
"20/11/2021";"Leicester";"Chelsea";"B365";"0,2000";"0,2667";"0,5882";"Visitante";"Visitante";"✓"
"20/11/2021";"Aston Villa";"Brighton";"B365";"0,4082";"0,3030";"0,3448";"Local";"Local";"✓"
"20/11/2021";"Burnley";"Crystal Palace";"B365";"0,3571";"0,3125";"0,3817";"Visitante";"Empate";"✗"
"20/11/2021";"Newcastle";"Brentford";"B365";"0,4167";"0,2941";"0,3448";"Local";"Empate";"✗"
"20/11/2021";"Norwich";"Southampton";"B365";"0,2857";"0,2857";"0,4878";"Visitante";"Local";"✗"
"20/11/2021";"Watford";"Man United";"B365";"0,1538";"0,2222";"0,6897";"Visitante";"Local";"✗"
"20/11/2021";"Wolves";"West Ham";"B365";"0,3226";"0,3077";"0,4219";"Visitante";"Local";"✗"
"20/11/2021";"Liverpool";"Arsenal";"B365";"0,6667";"0,2105";"0,1739";"Local";"Local";"✓"
"21/11/2021";"Man City";"Everton";"B365";"0,8333";"0,1538";"0,0667";"Local";"Local";"✓"
"21/11/2021";"Tottenham";"Leeds";"B365";"0,6369";"0,2500";"0,1667";"Local";"Local";"✓"
"27/11/2021";"Arsenal";"Newcastle";"B365";"0,6667";"0,2222";"0,1667";"Local";"Local";"✓"
"27/11/2021";"Crystal Palace";"Aston Villa";"B365";"0,4444";"0,3030";"0,3030";"Local";"Visitante";"✗"
"27/11/2021";"Liverpool";"Southampton";"B365";"0,8000";"0,1667";"0,0909";"Local";"Local";"✓"
"27/11/2021";"Norwich";"Wolves";"B365";"0,2857";"0,3030";"0,4651";"Visitante";"Empate";"✗"
"27/11/2021";"Brighton";"Leeds";"B365";"0,4651";"0,3030";"0,2941";"Local";"Empate";"✗"
"28/11/2021";"Brentford";"Everton";"B365";"0,4651";"0,3077";"0,2857";"Local";"Local";"✓"
"28/11/2021";"Leicester";"Watford";"B365";"0,6061";"0,2632";"0,1905";"Local";"Local";"✓"
"28/11/2021";"Man City";"West Ham";"B365";"0,8000";"0,1667";"0,0909";"Local";"Local";"✓"
"28/11/2021";"Chelsea";"Man United";"B365";"0,6536";"0,2500";"0,1538";"Local";"Empate";"✗"
"30/11/2021";"Newcastle";"Norwich";"B365";"0,5000";"0,2857";"0,2667";"Local";"Empate";"✗"
"30/11/2021";"Leeds";"Crystal Palace";"B365";"0,4545";"0,2941";"0,3077";"Local";"Local";"✓"
"01/12/2021";"Southampton";"Leicester";"B365";"0,4444";"0,2857";"0,3226";"Local";"Empate";"✗"
"01/12/2021";"Watford";"Chelsea";"B365";"0,1111";"0,1905";"0,7519";"Visitante";"Visitante";"✓"
"01/12/2021";"West Ham";"Brighton";"B365";"0,5128";"0,2941";"0,2500";"Local";"Empate";"✗"
"01/12/2021";"Wolves";"Burnley";"B365";"0,5263";"0,2941";"0,2381";"Local";"Empate";"✗"
"01/12/2021";"Aston Villa";"Man City";"B365";"0,1429";"0,2309";"0,6897";"Visitante";"Visitante";"✓"
"01/12/2021";"Everton";"Liverpool";"B365";"0,1250";"0,2000";"0,7353";"Visitante";"Visitante";"✓"
"02/12/2021";"Tottenham";"Brentford";"B365";"0,6211";"0,2564";"0,1818";"Local";"Local";"✓"
"02/12/2021";"Man United";"Arsenal";"B365";"0,4762";"0,2857";"0,2941";"Local";"Local";"✓"
"04/12/2021";"West Ham";"Chelsea";"B365";"0,2105";"0,2667";"0,5714";"Visitante";"Local";"✗"
"04/12/2021";"Newcastle";"Burnley";"B365";"0,4348";"0,2941";"0,3333";"Local";"Local";"✓"
"04/12/2021";"Southampton";"Brighton";"B365";"0,3846";"0,3226";"0,3484";"Local";"Empate";"✗"
"04/12/2021";"Wolves";"Liverpool";"B365";"0,1176";"0,2000";"0,7353";"Visitante";"Visitante";"✓"
"04/12/2021";"Watford";"Man City";"B365";"0,0833";"0,1429";"0,8333";"Visitante";"Visitante";"✓"
"05/12/2021";"Leeds";"Brentford";"B365";"0,5464";"0,2857";"0,2222";"Local";"Empate";"✗"
"05/12/2021";"Man United";"Crystal Palace";"B365";"0,6667";"0,2309";"0,1538";"Local";"Local";"✓"
"05/12/2021";"Tottenham";"Norwich";"B365";"0,6944";"0,2222";"0,1429";"Local";"Local";"✓"
"05/12/2021";"Aston Villa";"Leicester";"B365";"0,4545";"0,2941";"0,3030";"Local";"Local";"✓"
"06/12/2021";"Everton";"Arsenal";"B365";"0,2778";"0,2857";"0,4878";"Visitante";"Local";"✗"
"10/12/2021";"Brentford";"Watford";"B365";"0,4082";"0,3030";"0,3484";"Local";"Local";"✓"
"11/12/2021";"Man City";"Wolves";"B365";"0,8772";"0,1250";"0,0526";"Local";"Local";"✓"
"11/12/2021";"Arsenal";"Southampton";"B365";"0,5714";"0,2667";"0,2222";"Local";"Local";"✓"
"11/12/2021";"Chelsea";"Leeds";"B365";"0,8333";"0,1538";"0,0769";"Local";"Local";"✓"
"11/12/2021";"Liverpool";"Aston Villa";"B365";"0,8197";"0,1538";"0,0833";"Local";"Local";"✓"
"11/12/2021";"Norwich";"Man United";"B365";"0,1429";"0,2222";"0,6944";"Visitante";"Visitante";"✓"
"12/12/2021";"Burnley";"West Ham";"B365";"0,2941";"0,2857";"0,4762";"Visitante";"Empate";"✗"
"12/12/2021";"Leicester";"Newcastle";"B365";"0,5882";"0,2500";"0,2105";"Local";"Local";"✓"
"12/12/2021";"Crystal Palace";"Everton";"B365";"0,4762";"0,3125";"0,2667";"Local";"Local";"✓"
"14/12/2021";"Norwich";"Aston Villa";"B365";"0,2857";"0,2941";"0,4762";"Visitante";"Visitante";"✓"
"14/12/2021";"Man City";"Leeds";"B365";"0,8772";"0,1176";"0,0667";"Local";"Local";"✓"
"15/12/2021";"Brighton";"Wolves";"B365";"0,5000";"0,3226";"0,2222";"Local";"Visitante";"✗"
"15/12/2021";"Crystal Palace";"Southampton";"B365";"0,5128";"0,2941";"0,2500";"Local";"Empate";"✗"
"15/12/2021";"Arsenal";"West Ham";"B365";"0,5000";"0,2778";"0,2778";"Local";"Local";"✓"
"16/12/2021";"Chelsea";"Everton";"B365";"0,8475";"0,1538";"0,0526";"Local";"Empate";"✗"
"16/12/2021";"Liverpool";"Newcastle";"B365";"0,9009";"0,1053";"0,0476";"Local";"Local";"✓"
"18/12/2021";"Leeds";"Arsenal";"B365";"0,1905";"0,2309";"0,6369";"Visitante";"Visitante";"✓"
"19/12/2021";"Newcastle";"Man City";"B365";"0,0476";"0,1111";"0,9009";"Visitante";"Visitante";"✓"
"19/12/2021";"Wolves";"Chelsea";"B365";"0,1818";"0,2941";"0,5814";"Visitante";"Empate";"✗"
"19/12/2021";"Tottenham";"Liverpool";"B365";"0,2105";"0,2439";"0,6024";"Visitante";"Empate";"✗"
"26/12/2021";"Man City";"Leicester";"B365";"0,8929";"0,1000";"0,0588";"Local";"Local";"✓"
"26/12/2021";"Norwich";"Arsenal";"B365";"0,1538";"0,2222";"0,6667";"Visitante";"Visitante";"✓"
"26/12/2021";"Tottenham";"Crystal Palace";"B365";"0,5882";"0,2632";"0,2000";"Local";"Local";"✓"
"26/12/2021";"West Ham";"Southampton";"B365";"0,5263";"0,2667";"0,2632";"Local";"Visitante";"✗"
"26/12/2021";"Aston Villa";"Chelsea";"B365";"0,1905";"0,2632";"0,6061";"Visitante";"Visitante";"✓"
"26/12/2021";"Brighton";"Brentford";"B365";"0,5263";"0,2941";"0,2309";"Local";"Local";"✓"
"27/12/2021";"Newcastle";"Man United";"B365";"0,1538";"0,2105";"0,6897";"Visitante";"Empate";"✗"
"28/12/2021";"Crystal Palace";"Norwich";"B365";"0,5814";"0,2857";"0,1905";"Local";"Local";"✓"
"28/12/2021";"Southampton";"Tottenham";"B365";"0,2667";"0,2857";"0,5000";"Visitante";"Empate";"✗"
"28/12/2021";"Watford";"West Ham";"B365";"0,2778";"0,2667";"0,5128";"Visitante";"Visitante";"✓"
"28/12/2021";"Leicester";"Liverpool";"B365";"0,1111";"0,1667";"0,7812";"Visitante";"Local";"✗"
"29/12/2021";"Chelsea";"Brighton";"B365";"0,7519";"0,2000";"0,1053";"Local";"Empate";"✗"
"29/12/2021";"Brentford";"Man City";"B365";"0,0588";"0,1111";"0,8929";"Visitante";"Visitante";"✓"
"30/12/2021";"Man United";"Burnley";"B365";"0,7353";"0,2000";"0,1250";"Local";"Local";"✓"
"01/01/2022";"Arsenal";"Man City";"B365";"0,1905";"0,2381";"0,6250";"Visitante";"Visitante";"✓"
"01/01/2022";"Watford";"Tottenham";"B365";"0,1818";"0,2500";"0,6250";"Visitante";"Visitante";"✓"
"01/01/2022";"Crystal Palace";"West Ham";"B365";"0,2941";"0,2941";"0,4651";"Visitante";"Visitante";"✓"
"02/01/2022";"Brentford";"Aston Villa";"B365";"0,3571";"0,3077";"0,3922";"Visitante";"Local";"✗"
"02/01/2022";"Everton";"Brighton";"B365";"0,3333";"0,3226";"0,4000";"Visitante";"Visitante";"✓"
"02/01/2022";"Leeds";"Burnley";"B365";"0,5000";"0,2857";"0,2778";"Local";"Local";"✓"
"02/01/2022";"Chelsea";"Liverpool";"B365";"0,4000";"0,2857";"0,3704";"Local";"Empate";"✗"
"03/01/2022";"Man United";"Wolves";"B365";"0,6061";"0,2667";"0,1739";"Local";"Visitante";"✗"
"11/01/2022";"Southampton";"Brentford";"B365";"0,4762";"0,3077";"0,2778";"Local";"Local";"✓"
"12/01/2022";"West Ham";"Norwich";"B365";"0,7353";"0,2000";"0,1250";"Local";"Local";"✓"
"14/01/2022";"Brighton";"Crystal Palace";"B365";"0,4878";"0,3030";"0,2632";"Local";"Empate";"✗"
"15/01/2022";"Man City";"Chelsea";"B365";"0,6250";"0,2381";"0,1905";"Local";"Local";"✓"
"15/01/2022";"Newcastle";"Watford";"B365";"0,5556";"0,2632";"0,2309";"Local";"Empate";"✗"
"15/01/2022";"Norwich";"Everton";"B365";"0,2857";"0,3030";"0,4651";"Visitante";"Local";"✗"
"15/01/2022";"Wolves";"Southampton";"B365";"0,4219";"0,3333";"0,3030";"Local";"Local";"✓"
"15/01/2022";"Aston Villa";"Man United";"B365";"0,4000";"0,2857";"0,3636";"Local";"Empate";"✗"
"16/01/2022";"Liverpool";"Brentford";"B365";"0,8197";"0,1538";"0,0833";"Local";"Local";"✓"
"16/01/2022";"West Ham";"Leeds";"B365";"0,6211";"0,2381";"0,2000";"Local";"Visitante";"✗"
"18/01/2022";"Brighton";"Chelsea";"B365";"0,1905";"0,2778";"0,6024";"Visitante";"Empate";"✗"
"19/01/2022";"Leicester";"Tottenham";"B365";"0,3226";"0,2857";"0,4444";"Visitante";"Visitante";"✓"
"19/01/2022";"Brentford";"Man United";"B365";"0,2174";"0,2632";"0,5714";"Visitante";"Visitante";"✓"
"21/01/2022";"Watford";"Norwich";"B365";"0,5000";"0,2857";"0,2667";"Local";"Visitante";"✗"
"22/01/2022";"Everton";"Aston Villa";"B365";"0,3704";"0,2941";"0,3817";"Visitante";"Visitante";"✓"
"22/01/2022";"Brentford";"Wolves";"B365";"0,4219";"0,3226";"0,3077";"Local";"Visitante";"✗"
"22/01/2022";"Leeds";"Newcastle";"B365";"0,5263";"0,2564";"0,2667";"Local";"Visitante";"✗"
"22/01/2022";"Man United";"West Ham";"B365";"0,4878";"0,2778";"0,2857";"Local";"Local";"✓"
"22/01/2022";"Southampton";"Man City";"B365";"0,0909";"0,1667";"0,8000";"Visitante";"Empate";"✗"
"23/01/2022";"Arsenal";"Burnley";"B365";"0,7812";"0,1905";"0,0909";"Local";"Empate";"✗"
"23/01/2022";"Crystal Palace";"Liverpool";"B365";"0,1739";"0,2381";"0,6452";"Visitante";"Visitante";"✓"
"23/01/2022";"Leicester";"Brighton";"B365";"0,4000";"0,2941";"0,3571";"Local";"Empate";"✗"
"23/01/2022";"Chelsea";"Tottenham";"B365";"0,5882";"0,2667";"0,2000";"Local";"Local";"✓"
"05/02/2022";"Burnley";"Watford";"B365";"0,4651";"0,3077";"0,2778";"Local";"Empate";"✗"
"08/02/2022";"Newcastle";"Everton";"B365";"0,4000";"0,3030";"0,3571";"Local";"Local";"✓"
"08/02/2022";"West Ham";"Watford";"B365";"0,6536";"0,2381";"0,1667";"Local";"Local";"✓"
"08/02/2022";"Burnley";"Man United";"B365";"0,1667";"0,2381";"0,6452";"Visitante";"Empate";"✗"
"09/02/2022";"Man City";"Brentford";"B365";"0,9346";"0,0909";"0,0385";"Local";"Local";"✓"
"09/02/2022";"Norwich";"Crystal Palace";"B365";"0,2778";"0,3030";"0,4651";"Visitante";"Empate";"✗"
"09/02/2022";"Tottenham";"Southampton";"B365";"0,6211";"0,2500";"0,1905";"Local";"Visitante";"✗"
"09/02/2022";"Aston Villa";"Leeds";"B365";"0,5128";"0,2632";"0,2778";"Local";"Empate";"✗"
"10/02/2022";"Liverpool";"Leicester";"B365";"0,8475";"0,1429";"0,0769";"Local";"Local";"✓"
"10/02/2022";"Wolves";"Arsenal";"B365";"0,2500";"0,3125";"0,4878";"Visitante";"Visitante";"✓"
"12/02/2022";"Man United";"Southampton";"B365";"0,6536";"0,2309";"0,1739";"Local";"Empate";"✗"
"12/02/2022";"Brentford";"Crystal Palace";"B365";"0,3333";"0,3226";"0,4000";"Visitante";"Empate";"✗"
"12/02/2022";"Everton";"Leeds";"B365";"0,3922";"0,2778";"0,3846";"Local";"Local";"✓"
"12/02/2022";"Watford";"Brighton";"B365";"0,2500";"0,2941";"0,5128";"Visitante";"Visitante";"✓"
"12/02/2022";"Norwich";"Man City";"B365";"0,0667";"0,1333";"0,8475";"Visitante";"Visitante";"✓"
"13/02/2022";"Burnley";"Liverpool";"B365";"0,0833";"0,1538";"0,8333";"Visitante";"Visitante";"✓"
"13/02/2022";"Newcastle";"Aston Villa";"B365";"0,3636";"0,3030";"0,3922";"Visitante";"Local";"✗"
"13/02/2022";"Tottenham";"Wolves";"B365";"0,6024";"0,2667";"0,1818";"Local";"Visitante";"✗"
"13/02/2022";"Leicester";"West Ham";"B365";"0,3448";"0,2941";"0,4167";"Visitante";"Empate";"✗"
"15/02/2022";"Man United";"Brighton";"B365";"0,5714";"0,2778";"0,2105";"Local";"Local";"✓"
"19/02/2022";"West Ham";"Newcastle";"B365";"0,6211";"0,2500";"0,1818";"Local";"Empate";"✗"
"19/02/2022";"Arsenal";"Brentford";"B365";"0,6667";"0,2667";"0,1250";"Local";"Local";"✓"
"19/02/2022";"Aston Villa";"Watford";"B365";"0,6250";"0,2632";"0,1667";"Local";"Visitante";"✗"
"19/02/2022";"Brighton";"Burnley";"B365";"0,6061";"0,2778";"0,1667";"Local";"Visitante";"✗"
"19/02/2022";"Crystal Palace";"Chelsea";"B365";"0,1818";"0,2667";"0,6061";"Visitante";"Visitante";"✓"
"19/02/2022";"Liverpool";"Norwich";"B365";"0,8929";"0,1053";"0,0588";"Local";"Local";"✓"
"19/02/2022";"Southampton";"Everton";"B365";"0,5000";"0,2778";"0,2778";"Local";"Local";"✓"
"19/02/2022";"Man City";"Tottenham";"B365";"0,7812";"0,1739";"0,1000";"Local";"Visitante";"✗"
"20/02/2022";"Leeds";"Man United";"B365";"0,2105";"0,2381";"0,6024";"Visitante";"Visitante";"✓"
"20/02/2022";"Wolves";"Leicester";"B365";"0,4545";"0,3125";"0,2778";"Local";"Local";"✓"
"23/02/2022";"Burnley";"Tottenham";"B365";"0,2222";"0,2778";"0,5464";"Visitante";"Local";"✗"
"23/02/2022";"Watford";"Crystal Palace";"B365";"0,3484";"0,3226";"0,3846";"Visitante";"Visitante";"✓"
"23/02/2022";"Liverpool";"Leeds";"B365";"0,8475";"0,1333";"0,0769";"Local";"Local";"✓"
"24/02/2022";"Arsenal";"Wolves";"B365";"0,6211";"0,2778";"0,1739";"Local";"Local";"✓"
"25/02/2022";"Southampton";"Norwich";"B365";"0,6897";"0,2222";"0,1429";"Local";"Local";"✓"
"26/02/2022";"Leeds";"Tottenham";"B365";"0,2667";"0,2778";"0,5128";"Visitante";"Visitante";"✓"
"26/02/2022";"Brentford";"Newcastle";"B365";"0,4444";"0,3226";"0,2857";"Local";"Visitante";"✗"
"26/02/2022";"Crystal Palace";"Burnley";"B365";"0,5263";"0,3030";"0,2222";"Local";"Empate";"✗"
"26/02/2022";"Man United";"Watford";"B365";"0,7353";"0,2000";"0,1333";"Local";"Empate";"✗"
"26/02/2022";"Brighton";"Aston Villa";"B365";"0,4651";"0,2941";"0,2941";"Local";"Visitante";"✗"
"26/02/2022";"Everton";"Man City";"B365";"0,0833";"0,1667";"0,8000";"Visitante";"Visitante";"✓"
"27/02/2022";"West Ham";"Wolves";"B365";"0,5128";"0,3030";"0,2309";"Local";"Local";"✓"
"01/03/2022";"Burnley";"Leicester";"B365";"0,3448";"0,3077";"0,4000";"Visitante";"Visitante";"✓"
"05/03/2022";"Leicester";"Leeds";"B365";"0,4878";"0,2778";"0,2778";"Local";"Local";"✓"
"05/03/2022";"Aston Villa";"Southampton";"B365";"0,4651";"0,2778";"0,3226";"Local";"Local";"✓"
"05/03/2022";"Burnley";"Chelsea";"B365";"0,1429";"0,2632";"0,6667";"Visitante";"Visitante";"✓"
"05/03/2022";"Newcastle";"Brighton";"B365";"0,3704";"0,3125";"0,3704";"Local";"Local";"✓"
"05/03/2022";"Norwich";"Brentford";"B365";"0,3226";"0,3226";"0,4167";"Visitante";"Visitante";"✓"
"05/03/2022";"Wolves";"Crystal Palace";"B365";"0,4348";"0,3226";"0,2941";"Local";"Visitante";"✗"
"05/03/2022";"Liverpool";"West Ham";"B365";"0,8197";"0,1429";"0,0833";"Local";"Local";"✓"
"06/03/2022";"Watford";"Arsenal";"B365";"0,1538";"0,2381";"0,6667";"Visitante";"Visitante";"✓"
"06/03/2022";"Man City";"Man United";"B365";"0,7143";"0,2222";"0,1429";"Local";"Local";"✓"
"07/03/2022";"Tottenham";"Everton";"B365";"0,5882";"0,2632";"0,2105";"Local";"Local";"✓"
"10/03/2022";"Norwich";"Chelsea";"B365";"0,1176";"0,2105";"0,7353";"Visitante";"Visitante";"✓"
"10/03/2022";"Southampton";"Newcastle";"B365";"0,5263";"0,2778";"0,2500";"Local";"Visitante";"✗"
"10/03/2022";"Wolves";"Watford";"B365";"0,5263";"0,2941";"0,2381";"Local";"Local";"✓"
"10/03/2022";"Leeds";"Aston Villa";"B365";"0,3571";"0,2857";"0,4167";"Visitante";"Visitante";"✓"
"12/03/2022";"Brighton";"Liverpool";"B365";"0,1429";"0,2222";"0,6897";"Visitante";"Visitante";"✓"
"12/03/2022";"Brentford";"Burnley";"B365";"0,4878";"0,3077";"0,2632";"Local";"Local";"✓"
"12/03/2022";"Man United";"Tottenham";"B365";"0,4444";"0,2857";"0,3226";"Local";"Local";"✓"
"13/03/2022";"Chelsea";"Newcastle";"B365";"0,7143";"0,2105";"0,1333";"Local";"Local";"✓"
"13/03/2022";"Everton";"Wolves";"B365";"0,4444";"0,3333";"0,2778";"Local";"Visitante";"✗"
"13/03/2022";"Leeds";"Norwich";"B365";"0,6061";"0,2500";"0,2000";"Local";"Local";"✓"
"13/03/2022";"Southampton";"Watford";"B365";"0,6024";"0,2381";"0,2105";"Local";"Visitante";"✗"
"13/03/2022";"West Ham";"Aston Villa";"B365";"0,4167";"0,3030";"0,3448";"Local";"Local";"✓"
"13/03/2022";"Arsenal";"Leicester";"B365";"0,7143";"0,2105";"0,1429";"Local";"Local";"✓"
"14/03/2022";"Crystal Palace";"Man City";"B365";"0,1111";"0,1905";"0,7519";"Visitante";"Empate";"✗"
"16/03/2022";"Brighton";"Tottenham";"B365";"0,2857";"0,2941";"0,4762";"Visitante";"Visitante";"✓"
"16/03/2022";"Arsenal";"Liverpool";"B365";"0,2857";"0,2667";"0,5000";"Visitante";"Visitante";"✓"
"17/03/2022";"Everton";"Newcastle";"B365";"0,4167";"0,3077";"0,3226";"Local";"Local";"✓"
"18/03/2022";"Wolves";"Leeds";"B365";"0,4651";"0,2857";"0,3077";"Local";"Visitante";"✗"
"19/03/2022";"Aston Villa";"Arsenal";"B365";"0,3571";"0,2941";"0,4082";"Visitante";"Visitante";"✓"
"20/03/2022";"Leicester";"Brentford";"B365";"0,4762";"0,2941";"0,2778";"Local";"Local";"✓"
"20/03/2022";"Tottenham";"West Ham";"B365";"0,5882";"0,2667";"0,1905";"Local";"Local";"✓"
"02/04/2022";"Liverpool";"Watford";"B365";"0,8772";"0,1176";"0,0667";"Local";"Local";"✓"
"02/04/2022";"Brighton";"Norwich";"B365";"0,6667";"0,2381";"0,1429";"Local";"Empate";"✗"
"02/04/2022";"Burnley";"Man City";"B365";"0,0526";"0,1429";"0,8621";"Visitante";"Visitante";"✓"
"02/04/2022";"Chelsea";"Brentford";"B365";"0,7143";"0,2222";"0,1176";"Local";"Visitante";"✗"
"02/04/2022";"Leeds";"Southampton";"B365";"0,4167";"0,2778";"0,3571";"Local";"Empate";"✗"
"02/04/2022";"Wolves";"Aston Villa";"B365";"0,3333";"0,3226";"0,4000";"Visitante";"Local";"✗"
"02/04/2022";"Man United";"Leicester";"B365";"0,6536";"0,2309";"0,1739";"Local";"Empate";"✗"
"03/04/2022";"West Ham";"Everton";"B365";"0,5714";"0,2667";"0,2105";"Local";"Local";"✓"
"03/04/2022";"Tottenham";"Newcastle";"B365";"0,6536";"0,2381";"0,1667";"Local";"Local";"✓"
"04/04/2022";"Crystal Palace";"Arsenal";"B365";"0,2500";"0,2941";"0,5128";"Visitante";"Local";"✗"
"06/04/2022";"Burnley";"Everton";"B365";"0,4082";"0,3226";"0,3226";"Local";"Local";"✓"
"08/04/2022";"Newcastle";"Wolves";"B365";"0,5128";"0,3125";"0,2309";"Local";"Local";"✓"
"09/04/2022";"Everton";"Man United";"B365";"0,2500";"0,2667";"0,5263";"Visitante";"Local";"✗"
"09/04/2022";"Arsenal";"Brighton";"B365";"0,6369";"0,2667";"0,1667";"Local";"Visitante";"✗"
"09/04/2022";"Southampton";"Chelsea";"B365";"0,2778";"0,2778";"0,5000";"Visitante";"Visitante";"✓"
"09/04/2022";"Watford";"Leeds";"B365";"0,3571";"0,3030";"0,3922";"Visitante";"Visitante";"✓"
"09/04/2022";"Aston Villa";"Tottenham";"B365";"0,3030";"0,2941";"0,4545";"Visitante";"Visitante";"✓"
"10/04/2022";"Brentford";"West Ham";"B365";"0,3817";"0,3077";"0,3846";"Visitante";"Local";"✗"
"10/04/2022";"Leicester";"Crystal Palace";"B365";"0,4167";"0,3125";"0,3333";"Local";"Local";"✓"
"10/04/2022";"Norwich";"Burnley";"B365";"0,3333";"0,2857";"0,4348";"Visitante";"Local";"✗"
"10/04/2022";"Man City";"Liverpool";"B365";"0,5128";"0,2667";"0,2632";"Local";"Empate";"✗"
"16/04/2022";"Tottenham";"Brighton";"B365";"0,6667";"0,2309";"0,1739";"Local";"Visitante";"✗"
"16/04/2022";"Man United";"Norwich";"B365";"0,7812";"0,1667";"0,1000";"Local";"Local";"✓"
"16/04/2022";"Southampton";"Arsenal";"B365";"0,2632";"0,2667";"0,5263";"Visitante";"Local";"✗"
"16/04/2022";"Watford";"Brentford";"B365";"0,3484";"0,3030";"0,4082";"Visitante";"Visitante";"✓"
"17/04/2022";"Newcastle";"Leicester";"B365";"0,5000";"0,2857";"0,2778";"Local";"Local";"✓"
"17/04/2022";"West Ham";"Burnley";"B365";"0,5714";"0,2667";"0,2222";"Local";"Empate";"✗"
"19/04/2022";"Liverpool";"Man United";"B365";"0,7692";"0,1739";"0,1111";"Local";"Local";"✓"
"20/04/2022";"Chelsea";"Arsenal";"B365";"0,5263";"0,2857";"0,2381";"Local";"Visitante";"✗"
"20/04/2022";"Everton";"Leicester";"B365";"0,3846";"0,3030";"0,3704";"Local";"Empate";"✗"
"20/04/2022";"Newcastle";"Crystal Palace";"B365";"0,4545";"0,3030";"0,3030";"Local";"Local";"✓"
"20/04/2022";"Man City";"Brighton";"B365";"0,8197";"0,1538";"0,0769";"Local";"Local";"✓"
"21/04/2022";"Burnley";"Southampton";"B365";"0,3846";"0,3030";"0,3636";"Local";"Local";"✓"
"23/04/2022";"Arsenal";"Man United";"B365";"0,5000";"0,2778";"0,2778";"Local";"Local";"✓"
"23/04/2022";"Leicester";"Aston Villa";"B365";"0,3448";"0,3030";"0,4082";"Visitante";"Empate";"✗"
"23/04/2022";"Man City";"Watford";"B365";"0,9091";"0,1000";"0,0435";"Local";"Local";"✓"
"23/04/2022";"Norwich";"Newcastle";"B365";"0,3030";"0,2941";"0,4545";"Visitante";"Visitante";"✓"
"23/04/2022";"Brentford";"Tottenham";"B365";"0,2105";"0,2632";"0,5882";"Visitante";"Empate";"✗"
"24/04/2022";"Brighton";"Southampton";"B365";"0,4762";"0,3030";"0,2667";"Local";"Empate";"✗"
"24/04/2022";"Burnley";"Wolves";"B365";"0,4082";"0,3226";"0,3226";"Local";"Local";"✓"
"24/04/2022";"Chelsea";"West Ham";"B365";"0,7143";"0,2105";"0,1250";"Local";"Local";"✓"
"24/04/2022";"Liverpool";"Everton";"B365";"0,8475";"0,1429";"0,0667";"Local";"Local";"✓"
"25/04/2022";"Crystal Palace";"Leeds";"B365";"0,4219";"0,2857";"0,3448";"Local";"Empate";"✗"
"28/04/2022";"Man United";"Chelsea";"B365";"0,2857";"0,2778";"0,4878";"Visitante";"Empate";"✗"
"30/04/2022";"Newcastle";"Liverpool";"B365";"0,1667";"0,2309";"0,6536";"Visitante";"Visitante";"✓"
"30/04/2022";"Aston Villa";"Norwich";"B365";"0,7143";"0,2105";"0,1176";"Local";"Local";"✓"
"30/04/2022";"Southampton";"Crystal Palace";"B365";"0,4082";"0,3226";"0,3333";"Local";"Visitante";"✗"
"30/04/2022";"Watford";"Burnley";"B365";"0,3846";"0,3125";"0,3484";"Local";"Visitante";"✗"
"30/04/2022";"Wolves";"Brighton";"B365";"0,3704";"0,3333";"0,3333";"Local";"Visitante";"✗"
"01/05/2022";"West Ham";"Arsenal";"B365";"0,2381";"0,2500";"0,5556";"Visitante";"Visitante";"✓"
"02/05/2022";"Man United";"Brentford";"B365";"0,5814";"0,2632";"0,2222";"Local";"Local";"✓"
"07/05/2022";"Brentford";"Southampton";"B365";"0,4762";"0,2941";"0,2857";"Local";"Local";"✓"
"07/05/2022";"Burnley";"Aston Villa";"B365";"0,3333";"0,3125";"0,4000";"Visitante";"Visitante";"✓"
"07/05/2022";"Chelsea";"Wolves";"B365";"0,7143";"0,2105";"0,1250";"Local";"Empate";"✗"
"07/05/2022";"Crystal Palace";"Watford";"B365";"0,6024";"0,2632";"0,1905";"Local";"Local";"✓"
"07/05/2022";"Brighton";"Man United";"B365";"0,3484";"0,2941";"0,4082";"Visitante";"Local";"✗"
"07/05/2022";"Liverpool";"Tottenham";"B365";"0,7143";"0,1905";"0,1538";"Local";"Empate";"✗"
"08/05/2022";"Arsenal";"Leeds";"B365";"0,6536";"0,2222";"0,1818";"Local";"Local";"✓"
"08/05/2022";"Leicester";"Everton";"B365";"0,3846";"0,3077";"0,3704";"Local";"Visitante";"✗"
"08/05/2022";"Norwich";"West Ham";"B365";"0,2222";"0,2632";"0,5814";"Visitante";"Visitante";"✓"
"08/05/2022";"Man City";"Newcastle";"B365";"0,8621";"0,1333";"0,0667";"Local";"Local";"✓"
"10/05/2022";"Aston Villa";"Liverpool";"B365";"0,1600";"0,2222";"0,6667";"Visitante";"Visitante";"✓"
"11/05/2022";"Leeds";"Chelsea";"B365";"0,2105";"0,2500";"0,5882";"Visitante";"Visitante";"✓"
"11/05/2022";"Leicester";"Norwich";"B365";"0,7519";"0,1818";"0,1176";"Local";"Local";"✓"
"11/05/2022";"Watford";"Everton";"B365";"0,1818";"0,2667";"0,6061";"Visitante";"Empate";"✗"
"11/05/2022";"Wolves";"Man City";"B365";"0,1000";"0,1739";"0,7812";"Visitante";"Visitante";"✓"
"12/05/2022";"Tottenham";"Arsenal";"B365";"0,4545";"0,2857";"0,3125";"Local";"Local";"✓"
"15/05/2022";"Tottenham";"Burnley";"B365";"0,7692";"0,1818";"0,1053";"Local";"Local";"✓"
"15/05/2022";"Aston Villa";"Crystal Palace";"B365";"0,5556";"0,2857";"0,2222";"Local";"Empate";"✗"
"15/05/2022";"Leeds";"Brighton";"B365";"0,3817";"0,2941";"0,3817";"Local";"Empate";"✗"
"15/05/2022";"Watford";"Leicester";"B365";"0,1818";"0,2500";"0,6061";"Visitante";"Visitante";"✓"
"15/05/2022";"West Ham";"Man City";"B365";"0,1333";"0,2000";"0,7143";"Visitante";"Empate";"✗"
"15/05/2022";"Wolves";"Norwich";"B365";"0,6452";"0,2222";"0,1739";"Local";"Empate";"✗"
"15/05/2022";"Everton";"Brentford";"B365";"0,5405";"0,2857";"0,2381";"Local";"Visitante";"✗"
"16/05/2022";"Newcastle";"Arsenal";"B365";"0,2381";"0,2667";"0,5464";"Visitante";"Local";"✗"
"17/05/2022";"Southampton";"Liverpool";"B365";"0,1538";"0,2000";"0,6944";"Visitante";"Visitante";"✓"
"19/05/2022";"Everton";"Crystal Palace";"B365";"0,5405";"0,2857";"0,2309";"Local";"Local";"✓"
"19/05/2022";"Aston Villa";"Burnley";"B365";"0,5128";"0,2857";"0,2632";"Local";"Empate";"✗"
"19/05/2022";"Chelsea";"Leicester";"B365";"0,7143";"0,2105";"0,1250";"Local";"Empate";"✗"
"22/05/2022";"Arsenal";"Everton";"B365";"0,7519";"0,1905";"0,1176";"Local";"Local";"✓"
"22/05/2022";"Brentford";"Leeds";"B365";"0,4348";"0,2632";"0,3571";"Local";"Visitante";"✗"
"22/05/2022";"Brighton";"West Ham";"B365";"0,3846";"0,2941";"0,3817";"Local";"Local";"✓"
"22/05/2022";"Burnley";"Newcastle";"B365";"0,4082";"0,3030";"0,3448";"Local";"Visitante";"✗"
"22/05/2022";"Chelsea";"Watford";"B365";"0,8333";"0,1429";"0,0769";"Local";"Local";"✓"
"22/05/2022";"Crystal Palace";"Man United";"B365";"0,3704";"0,2857";"0,4000";"Visitante";"Local";"✗"
"22/05/2022";"Leicester";"Southampton";"B365";"0,6061";"0,2309";"0,2222";"Local";"Local";"✓"
"22/05/2022";"Liverpool";"Wolves";"B365";"0,8929";"0,1111";"0,0588";"Local";"Local";"✓"
"22/05/2022";"Man City";"Aston Villa";"B365";"0,8475";"0,1333";"0,0769";"Local";"Local";"✓"
"22/05/2022";"Norwich";"Tottenham";"B365";"0,1176";"0,1905";"0,7519";"Visitante";"Visitante";"✓"
"13/08/2021";"Brentford";"Arsenal";"BW";"0,2632";"0,3030";"0,4878";"Visitante";"Local";"✗"
"14/08/2021";"Man United";"Leeds";"BW";"0,6173";"0,2439";"0,1905";"Local";"Local";"✓"
"14/08/2021";"Burnley";"Brighton";"BW";"0,3077";"0,3226";"0,4167";"Visitante";"Visitante";"✓"
"14/08/2021";"Chelsea";"Crystal Palace";"BW";"0,7519";"0,2000";"0,1000";"Local";"Local";"✓"
"14/08/2021";"Everton";"Southampton";"BW";"0,4878";"0,2941";"0,2667";"Local";"Local";"✓"
"14/08/2021";"Leicester";"Wolves";"BW";"0,5814";"0,2703";"0,2000";"Local";"Local";"✓"
"14/08/2021";"Watford";"Aston Villa";"BW";"0,2941";"0,3030";"0,4545";"Visitante";"Local";"✗"
"14/08/2021";"Norwich";"Liverpool";"BW";"0,1481";"0,2105";"0,6897";"Visitante";"Visitante";"✓"
"15/08/2021";"Newcastle";"West Ham";"BW";"0,3030";"0,2941";"0,4545";"Visitante";"Visitante";"✓"
"15/08/2021";"Tottenham";"Man City";"BW";"0,1667";"0,2381";"0,6452";"Visitante";"Local";"✗"
"21/08/2021";"Liverpool";"Burnley";"BW";"0,8000";"0,1600";"0,0870";"Local";"Local";"✓"
"21/08/2021";"Aston Villa";"Newcastle";"BW";"0,5464";"0,2667";"0,2381";"Local";"Local";"✓"
"21/08/2021";"Crystal Palace";"Brentford";"BW";"0,3846";"0,3125";"0,3571";"Local";"Empate";"✗"
"21/08/2021";"Leeds";"Everton";"BW";"0,4762";"0,2857";"0,2857";"Local";"Empate";"✗"
"21/08/2021";"Man City";"Norwich";"BW";"0,8929";"0,1111";"0,0476";"Local";"Local";"✓"
"21/08/2021";"Brighton";"Watford";"BW";"0,5882";"0,2857";"0,1739";"Local";"Local";"✓"
"22/08/2021";"Southampton";"Man United";"BW";"0,2000";"0,2439";"0,6061";"Visitante";"Empate";"✗"
"22/08/2021";"Wolves";"Tottenham";"BW";"0,3448";"0,3226";"0,3846";"Visitante";"Visitante";"✓"
"22/08/2021";"Arsenal";"Chelsea";"BW";"0,2309";"0,2857";"0,5348";"Visitante";"Visitante";"✓"
"23/08/2021";"West Ham";"Leicester";"BW";"0,4082";"0,2941";"0,3509";"Local";"Local";"✓"
"28/08/2021";"Man City";"Arsenal";"BW";"0,7353";"0,2000";"0,1176";"Local";"Local";"✓"
"28/08/2021";"Aston Villa";"Brentford";"BW";"0,4762";"0,3030";"0,2703";"Local";"Empate";"✗"
"28/08/2021";"Brighton";"Everton";"BW";"0,4348";"0,3125";"0,3030";"Local";"Visitante";"✗"
"28/08/2021";"Newcastle";"Southampton";"BW";"0,4167";"0,2857";"0,3509";"Local";"Empate";"✗"
"28/08/2021";"Norwich";"Leicester";"BW";"0,2500";"0,2778";"0,5236";"Visitante";"Visitante";"✓"
"28/08/2021";"West Ham";"Crystal Palace";"BW";"0,6536";"0,2439";"0,1538";"Local";"Empate";"✗"
"28/08/2021";"Liverpool";"Chelsea";"BW";"0,4167";"0,3030";"0,3333";"Local";"Empate";"✗"
"29/08/2021";"Burnley";"Leeds";"BW";"0,3030";"0,2857";"0,4651";"Visitante";"Empate";"✗"
"29/08/2021";"Tottenham";"Watford";"BW";"0,6897";"0,2273";"0,1379";"Local";"Local";"✓"
"29/08/2021";"Wolves";"Man United";"BW";"0,2105";"0,2703";"0,5714";"Visitante";"Visitante";"✓"
"11/09/2021";"Crystal Palace";"Tottenham";"BW";"0,2381";"0,3030";"0,5128";"Visitante";"Local";"✗"
"11/09/2021";"Arsenal";"Norwich";"BW";"0,7042";"0,2105";"0,1333";"Local";"Local";"✓"
"11/09/2021";"Brentford";"Brighton";"BW";"0,3448";"0,3333";"0,3704";"Visitante";"Visitante";"✓"
"11/09/2021";"Leicester";"Man City";"BW";"0,1818";"0,2667";"0,6061";"Visitante";"Visitante";"✓"
"11/09/2021";"Man United";"Newcastle";"BW";"0,8333";"0,1429";"0,0714";"Local";"Local";"✓"
"11/09/2021";"Southampton";"West Ham";"BW";"0,3390";"0,2857";"0,4255";"Visitante";"Empate";"✗"
"11/09/2021";"Watford";"Wolves";"BW";"0,2941";"0,3125";"0,4444";"Visitante";"Visitante";"✓"
"11/09/2021";"Chelsea";"Aston Villa";"BW";"0,7692";"0,1818";"0,1000";"Local";"Local";"✓"
"12/09/2021";"Leeds";"Liverpool";"BW";"0,2105";"0,2381";"0,6061";"Visitante";"Visitante";"✓"
"13/09/2021";"Everton";"Burnley";"BW";"0,5714";"0,2857";"0,1905";"Local";"Local";"✓"
"17/09/2021";"Newcastle";"Leeds";"BW";"0,3333";"0,2703";"0,4444";"Visitante";"Empate";"✗"
"18/09/2021";"Wolves";"Brentford";"BW";"0,5556";"0,3030";"0,1905";"Local";"Visitante";"✗"
"18/09/2021";"Burnley";"Arsenal";"BW";"0,2632";"0,2778";"0,5128";"Visitante";"Visitante";"✓"
"18/09/2021";"Liverpool";"Crystal Palace";"BW";"0,8000";"0,1600";"0,0909";"Local";"Local";"✓"
"18/09/2021";"Man City";"Southampton";"BW";"0,8403";"0,1429";"0,0667";"Local";"Empate";"✗"
"18/09/2021";"Norwich";"Watford";"BW";"0,4651";"0,2941";"0,2941";"Local";"Visitante";"✗"
"18/09/2021";"Aston Villa";"Everton";"BW";"0,4651";"0,3030";"0,2778";"Local";"Local";"✓"
"19/09/2021";"Brighton";"Leicester";"BW";"0,4082";"0,3077";"0,3333";"Local";"Local";"✓"
"19/09/2021";"West Ham";"Man United";"BW";"0,2273";"0,2632";"0,5556";"Visitante";"Visitante";"✓"
"19/09/2021";"Tottenham";"Chelsea";"BW";"0,2273";"0,2941";"0,5263";"Visitante";"Visitante";"✓"
"25/09/2021";"Chelsea";"Man City";"BW";"0,3571";"0,3125";"0,3846";"Visitante";"Visitante";"✓"
"25/09/2021";"Man United";"Aston Villa";"BW";"0,7143";"0,2000";"0,1379";"Local";"Visitante";"✗"
"25/09/2021";"Everton";"Norwich";"BW";"0,5988";"0,2703";"0,1818";"Local";"Local";"✓"
"25/09/2021";"Leeds";"West Ham";"BW";"0,3571";"0,2778";"0,4167";"Visitante";"Visitante";"✓"
"25/09/2021";"Leicester";"Burnley";"BW";"0,5988";"0,2564";"0,1905";"Local";"Empate";"✗"
"25/09/2021";"Watford";"Newcastle";"BW";"0,4762";"0,2857";"0,2857";"Local";"Empate";"✗"
"25/09/2021";"Brentford";"Liverpool";"BW";"0,1379";"0,2000";"0,7143";"Visitante";"Empate";"✗"
"26/09/2021";"Southampton";"Wolves";"BW";"0,4545";"0,3030";"0,2941";"Local";"Visitante";"✗"
"26/09/2021";"Arsenal";"Tottenham";"BW";"0,4762";"0,2941";"0,2778";"Local";"Local";"✓"
"27/09/2021";"Crystal Palace";"Brighton";"BW";"0,3636";"0,3226";"0,3636";"Local";"Empate";"✗"
"02/10/2021";"Man United";"Everton";"BW";"0,6452";"0,2439";"0,1600";"Local";"Empate";"✗"
"02/10/2021";"Burnley";"Norwich";"BW";"0,5236";"0,2778";"0,2500";"Local";"Empate";"✗"
"02/10/2021";"Chelsea";"Southampton";"BW";"0,7042";"0,2222";"0,1250";"Local";"Local";"✓"
"02/10/2021";"Leeds";"Watford";"BW";"0,5814";"0,2500";"0,2222";"Local";"Local";"✓"
"02/10/2021";"Wolves";"Newcastle";"BW";"0,5714";"0,2667";"0,2105";"Local";"Local";"✓"
"02/10/2021";"Brighton";"Arsenal";"BW";"0,3333";"0,3125";"0,4082";"Visitante";"Empate";"✗"
"03/10/2021";"Crystal Palace";"Leicester";"BW";"0,3571";"0,3030";"0,3922";"Visitante";"Empate";"✗"
"03/10/2021";"Tottenham";"Aston Villa";"BW";"0,5000";"0,2857";"0,2667";"Local";"Local";"✓"
"03/10/2021";"West Ham";"Brentford";"BW";"0,5714";"0,2703";"0,2105";"Local";"Visitante";"✗"
"03/10/2021";"Liverpool";"Man City";"BW";"0,3333";"0,2778";"0,4348";"Visitante";"Empate";"✗"
"16/10/2021";"Watford";"Liverpool";"BW";"0,1250";"0,1905";"0,7407";"Visitante";"Visitante";"✓"
"16/10/2021";"Aston Villa";"Wolves";"BW";"0,4651";"0,3030";"0,2857";"Local";"Visitante";"✗"
"16/10/2021";"Leicester";"Man United";"BW";"0,2667";"0,2857";"0,5000";"Visitante";"Local";"✗"
"16/10/2021";"Man City";"Burnley";"BW";"0,8850";"0,1176";"0,0476";"Local";"Local";"✓"
"16/10/2021";"Norwich";"Brighton";"BW";"0,2778";"0,2857";"0,4878";"Visitante";"Empate";"✗"
"16/10/2021";"Southampton";"Leeds";"BW";"0,4167";"0,2857";"0,3448";"Local";"Local";"✓"
"16/10/2021";"Brentford";"Chelsea";"BW";"0,1429";"0,2532";"0,6579";"Visitante";"Visitante";"✓"
"17/10/2021";"Everton";"West Ham";"BW";"0,4082";"0,2857";"0,3636";"Local";"Visitante";"✗"
"17/10/2021";"Newcastle";"Tottenham";"BW";"0,2941";"0,2778";"0,5000";"Visitante";"Visitante";"✓"
"18/10/2021";"Arsenal";"Crystal Palace";"BW";"0,6173";"0,2564";"0,1739";"Local";"Empate";"✗"
"22/10/2021";"Arsenal";"Aston Villa";"BW";"0,5263";"0,2857";"0,2500";"Local";"Local";"✓"
"23/10/2021";"Chelsea";"Norwich";"BW";"0,8772";"0,1212";"0,0435";"Local";"Local";"✓"
"23/10/2021";"Crystal Palace";"Newcastle";"BW";"0,5128";"0,2778";"0,2703";"Local";"Empate";"✗"
"23/10/2021";"Everton";"Watford";"BW";"0,6250";"0,2439";"0,1905";"Local";"Visitante";"✗"
"23/10/2021";"Leeds";"Wolves";"BW";"0,4762";"0,2703";"0,3125";"Local";"Empate";"✗"
"23/10/2021";"Southampton";"Burnley";"BW";"0,5128";"0,2857";"0,2632";"Local";"Empate";"✗"
"23/10/2021";"Brighton";"Man City";"BW";"0,1538";"0,2000";"0,6993";"Visitante";"Visitante";"✓"
"24/10/2021";"Brentford";"Leicester";"BW";"0,3571";"0,3125";"0,3846";"Visitante";"Visitante";"✓"
"24/10/2021";"West Ham";"Tottenham";"BW";"0,4167";"0,2857";"0,3571";"Local";"Local";"✓"
"24/10/2021";"Man United";"Liverpool";"BW";"0,3333";"0,2857";"0,4444";"Visitante";"Visitante";"✓"
"30/10/2021";"Leicester";"Arsenal";"BW";"0,4000";"0,2857";"0,3774";"Local";"Visitante";"✗"
"30/10/2021";"Burnley";"Brentford";"BW";"0,4000";"0,3125";"0,3484";"Local";"Local";"✓"
"30/10/2021";"Liverpool";"Brighton";"BW";"0,7874";"0,1600";"0,1081";"Local";"Empate";"✗"
"30/10/2021";"Man City";"Crystal Palace";"BW";"0,8621";"0,1290";"0,0556";"Local";"Visitante";"✗"
"30/10/2021";"Newcastle";"Chelsea";"BW";"0,1379";"0,2309";"0,6849";"Visitante";"Visitante";"✓"
"30/10/2021";"Watford";"Southampton";"BW";"0,3226";"0,2941";"0,4444";"Visitante";"Visitante";"✓"
"30/10/2021";"Tottenham";"Man United";"BW";"0,3448";"0,2778";"0,4348";"Visitante";"Visitante";"✓"
"31/10/2021";"Norwich";"Leeds";"BW";"0,2778";"0,2857";"0,5000";"Visitante";"Visitante";"✓"
"31/10/2021";"Aston Villa";"West Ham";"BW";"0,3571";"0,2778";"0,4255";"Visitante";"Visitante";"✓"
"01/11/2021";"Wolves";"Everton";"BW";"0,4651";"0,3125";"0,2778";"Local";"Local";"✓"
"05/11/2021";"Southampton";"Aston Villa";"BW";"0,5051";"0,2778";"0,2778";"Local";"Local";"✓"
"06/11/2021";"Man United";"Man City";"BW";"0,2222";"0,2500";"0,5848";"Visitante";"Visitante";"✓"
"06/11/2021";"Brentford";"Norwich";"BW";"0,6135";"0,2632";"0,1818";"Local";"Visitante";"✗"
"06/11/2021";"Chelsea";"Burnley";"BW";"0,8000";"0,1739";"0,0769";"Local";"Empate";"✗"
"06/11/2021";"Crystal Palace";"Wolves";"BW";"0,4348";"0,3125";"0,3125";"Local";"Local";"✓"
"06/11/2021";"Brighton";"Newcastle";"BW";"0,6250";"0,2500";"0,1739";"Local";"Empate";"✗"
"07/11/2021";"Arsenal";"Watford";"BW";"0,6993";"0,2174";"0,1379";"Local";"Local";"✓"
"07/11/2021";"Everton";"Tottenham";"BW";"0,3030";"0,3077";"0,4545";"Visitante";"Empate";"✗"
"07/11/2021";"Leeds";"Leicester";"BW";"0,3922";"0,2941";"0,3774";"Local";"Empate";"✗"
"07/11/2021";"West Ham";"Liverpool";"BW";"0,2309";"0,2500";"0,5814";"Visitante";"Local";"✗"
"20/11/2021";"Leicester";"Chelsea";"BW";"0,2000";"0,2778";"0,5780";"Visitante";"Visitante";"✓"
"20/11/2021";"Aston Villa";"Brighton";"BW";"0,4167";"0,3030";"0,3448";"Local";"Local";"✓"
"20/11/2021";"Burnley";"Crystal Palace";"BW";"0,3704";"0,3077";"0,3846";"Visitante";"Empate";"✗"
"20/11/2021";"Newcastle";"Brentford";"BW";"0,3846";"0,2941";"0,3774";"Local";"Empate";"✗"
"20/11/2021";"Norwich";"Southampton";"BW";"0,2778";"0,2857";"0,5000";"Visitante";"Local";"✗"
"20/11/2021";"Watford";"Man United";"BW";"0,1600";"0,2222";"0,6711";"Visitante";"Local";"✗"
"20/11/2021";"Wolves";"West Ham";"BW";"0,3226";"0,3125";"0,4219";"Visitante";"Local";"✗"
"20/11/2021";"Liverpool";"Arsenal";"BW";"0,6803";"0,2083";"0,1667";"Local";"Local";"✓"
"21/11/2021";"Man City";"Everton";"BW";"0,8403";"0,1429";"0,0645";"Local";"Local";"✓"
"21/11/2021";"Tottenham";"Leeds";"BW";"0,6250";"0,2500";"0,1818";"Local";"Local";"✓"
"27/11/2021";"Arsenal";"Newcastle";"BW";"0,6803";"0,2174";"0,1600";"Local";"Local";"✓"
"27/11/2021";"Crystal Palace";"Aston Villa";"BW";"0,4545";"0,3030";"0,3030";"Local";"Visitante";"✗"
"27/11/2021";"Liverpool";"Southampton";"BW";"0,8065";"0,1481";"0,0909";"Local";"Local";"✓"
"27/11/2021";"Norwich";"Wolves";"BW";"0,2857";"0,3030";"0,4762";"Visitante";"Empate";"✗"
"27/11/2021";"Brighton";"Leeds";"BW";"0,4762";"0,3030";"0,2857";"Local";"Empate";"✗"
"28/11/2021";"Brentford";"Everton";"BW";"0,4651";"0,3030";"0,3030";"Local";"Local";"✓"
"28/11/2021";"Leicester";"Watford";"BW";"0,5848";"0,2632";"0,2083";"Local";"Local";"✓"
"28/11/2021";"Man City";"West Ham";"BW";"0,7812";"0,1667";"0,1000";"Local";"Local";"✓"
"28/11/2021";"Chelsea";"Man United";"BW";"0,6452";"0,2381";"0,1739";"Local";"Empate";"✗"
"30/11/2021";"Newcastle";"Norwich";"BW";"0,4878";"0,2857";"0,2857";"Local";"Empate";"✗"
"30/11/2021";"Leeds";"Crystal Palace";"BW";"0,4651";"0,3030";"0,2941";"Local";"Local";"✓"
"01/12/2021";"Southampton";"Leicester";"BW";"0,4444";"0,3077";"0,3077";"Local";"Empate";"✗"
"01/12/2021";"Watford";"Chelsea";"BW";"0,1053";"0,1905";"0,7576";"Visitante";"Visitante";"✓"
"01/12/2021";"West Ham";"Brighton";"BW";"0,5000";"0,3030";"0,2564";"Local";"Empate";"✗"
"01/12/2021";"Wolves";"Burnley";"BW";"0,5181";"0,3030";"0,2381";"Local";"Empate";"✗"
"01/12/2021";"Aston Villa";"Man City";"BW";"0,1429";"0,2222";"0,6944";"Visitante";"Visitante";"✓"
"01/12/2021";"Everton";"Liverpool";"BW";"0,1176";"0,1905";"0,7407";"Visitante";"Visitante";"✓"
"02/12/2021";"Tottenham";"Brentford";"BW";"0,6135";"0,2564";"0,1905";"Local";"Local";"✓"
"02/12/2021";"Man United";"Arsenal";"BW";"0,4878";"0,2857";"0,2941";"Local";"Local";"✓"
"04/12/2021";"West Ham";"Chelsea";"BW";"0,2174";"0,2703";"0,5650";"Visitante";"Local";"✗"
"04/12/2021";"Newcastle";"Burnley";"BW";"0,4444";"0,2941";"0,3226";"Local";"Local";"✓"
"04/12/2021";"Southampton";"Brighton";"BW";"0,4219";"0,3226";"0,3226";"Local";"Empate";"✗"
"04/12/2021";"Wolves";"Liverpool";"BW";"0,1379";"0,2000";"0,7143";"Visitante";"Visitante";"✓"
"04/12/2021";"Watford";"Man City";"BW";"0,0769";"0,1333";"0,8333";"Visitante";"Visitante";"✓"
"05/12/2021";"Leeds";"Brentford";"BW";"0,5495";"0,2857";"0,2273";"Local";"Empate";"✗"
"05/12/2021";"Man United";"Crystal Palace";"BW";"0,6623";"0,2273";"0,1667";"Local";"Local";"✓"
"05/12/2021";"Tottenham";"Norwich";"BW";"0,6849";"0,2273";"0,1481";"Local";"Local";"✓"
"05/12/2021";"Aston Villa";"Leicester";"BW";"0,4545";"0,3030";"0,3030";"Local";"Local";"✓"
"06/12/2021";"Everton";"Arsenal";"BW";"0,2778";"0,2857";"0,5000";"Visitante";"Local";"✗"
"10/12/2021";"Brentford";"Watford";"BW";"0,4878";"0,2857";"0,2857";"Local";"Local";"✓"
"11/12/2021";"Man City";"Wolves";"BW";"0,8547";"0,1290";"0,0625";"Local";"Local";"✓"
"11/12/2021";"Arsenal";"Southampton";"BW";"0,6061";"0,2500";"0,2000";"Local";"Local";"✓"
"11/12/2021";"Chelsea";"Leeds";"BW";"0,7692";"0,1818";"0,1000";"Local";"Local";"✓"
"11/12/2021";"Liverpool";"Aston Villa";"BW";"0,8000";"0,1600";"0,0952";"Local";"Local";"✓"
"11/12/2021";"Norwich";"Man United";"BW";"0,1538";"0,2174";"0,6849";"Visitante";"Visitante";"✓"
"12/12/2021";"Burnley";"West Ham";"BW";"0,2778";"0,2778";"0,5051";"Visitante";"Empate";"✗"
"12/12/2021";"Leicester";"Newcastle";"BW";"0,5952";"0,2500";"0,2105";"Local";"Local";"✓"
"12/12/2021";"Crystal Palace";"Everton";"BW";"0,4444";"0,3077";"0,3125";"Local";"Local";"✓"
"14/12/2021";"Norwich";"Aston Villa";"BW";"0,2778";"0,3077";"0,4762";"Visitante";"Visitante";"✓"
"14/12/2021";"Man City";"Leeds";"BW";"0,8696";"0,1111";"0,0625";"Local";"Local";"✓"
"15/12/2021";"Brighton";"Wolves";"BW";"0,4762";"0,3226";"0,2632";"Local";"Visitante";"✗"
"15/12/2021";"Crystal Palace";"Southampton";"BW";"0,5051";"0,2941";"0,2632";"Local";"Empate";"✗"
"15/12/2021";"Arsenal";"West Ham";"BW";"0,4878";"0,2778";"0,2941";"Local";"Local";"✓"
"16/12/2021";"Chelsea";"Everton";"BW";"0,8333";"0,1481";"0,0690";"Local";"Empate";"✗"
"16/12/2021";"Liverpool";"Newcastle";"BW";"0,9091";"0,0909";"0,0385";"Local";"Local";"✓"
"18/12/2021";"Leeds";"Arsenal";"BW";"0,1905";"0,2439";"0,6211";"Visitante";"Visitante";"✓"
"19/12/2021";"Newcastle";"Man City";"BW";"0,0556";"0,1026";"0,8850";"Visitante";"Visitante";"✓"
"19/12/2021";"Wolves";"Chelsea";"BW";"0,1905";"0,2857";"0,5814";"Visitante";"Empate";"✗"
"19/12/2021";"Tottenham";"Liverpool";"BW";"0,2174";"0,2439";"0,5952";"Visitante";"Empate";"✗"
"26/12/2021";"Man City";"Leicester";"BW";"0,8772";"0,1026";"0,0645";"Local";"Local";"✓"
"26/12/2021";"Norwich";"Arsenal";"BW";"0,1667";"0,2222";"0,6623";"Visitante";"Visitante";"✓"
"26/12/2021";"Tottenham";"Crystal Palace";"BW";"0,5882";"0,2564";"0,2083";"Local";"Local";"✓"
"26/12/2021";"West Ham";"Southampton";"BW";"0,5051";"0,2857";"0,2632";"Local";"Visitante";"✗"
"26/12/2021";"Aston Villa";"Chelsea";"BW";"0,2000";"0,2703";"0,5882";"Visitante";"Visitante";"✓"
"26/12/2021";"Brighton";"Brentford";"BW";"0,5263";"0,3030";"0,2309";"Local";"Local";"✓"
"27/12/2021";"Newcastle";"Man United";"BW";"0,1600";"0,2105";"0,6803";"Visitante";"Empate";"✗"
"28/12/2021";"Crystal Palace";"Norwich";"BW";"0,5848";"0,2857";"0,1905";"Local";"Local";"✓"
"28/12/2021";"Southampton";"Tottenham";"BW";"0,2703";"0,2941";"0,5000";"Visitante";"Empate";"✗"
"28/12/2021";"Watford";"West Ham";"BW";"0,2857";"0,2778";"0,5000";"Visitante";"Visitante";"✓"
"28/12/2021";"Leicester";"Liverpool";"BW";"0,1212";"0,1600";"0,7692";"Visitante";"Local";"✗"
"29/12/2021";"Chelsea";"Brighton";"BW";"0,7407";"0,2083";"0,1053";"Local";"Empate";"✗"
"29/12/2021";"Brentford";"Man City";"BW";"0,0714";"0,1212";"0,8547";"Visitante";"Visitante";"✓"
"30/12/2021";"Man United";"Burnley";"BW";"0,7407";"0,2000";"0,1111";"Local";"Local";"✓"
"01/01/2022";"Arsenal";"Man City";"BW";"0,1905";"0,2381";"0,6250";"Visitante";"Visitante";"✓"
"01/01/2022";"Watford";"Tottenham";"BW";"0,1739";"0,2500";"0,6329";"Visitante";"Visitante";"✓"
"01/01/2022";"Crystal Palace";"West Ham";"BW";"0,3030";"0,3030";"0,4545";"Visitante";"Visitante";"✓"
"02/01/2022";"Brentford";"Aston Villa";"BW";"0,3636";"0,3030";"0,3922";"Visitante";"Local";"✗"
"02/01/2022";"Everton";"Brighton";"BW";"0,3509";"0,3333";"0,3774";"Visitante";"Visitante";"✓"
"02/01/2022";"Leeds";"Burnley";"BW";"0,5000";"0,2857";"0,2703";"Local";"Local";"✓"
"02/01/2022";"Chelsea";"Liverpool";"BW";"0,3846";"0,2941";"0,3846";"Local";"Empate";"✗"
"03/01/2022";"Man United";"Wolves";"BW";"0,6024";"0,2667";"0,1905";"Local";"Visitante";"✗"
"11/01/2022";"Southampton";"Brentford";"BW";"0,4762";"0,3030";"0,2857";"Local";"Local";"✓"
"12/01/2022";"West Ham";"Norwich";"BW";"0,7092";"0,2083";"0,1333";"Local";"Local";"✓"
"14/01/2022";"Brighton";"Crystal Palace";"BW";"0,5051";"0,3030";"0,2500";"Local";"Empate";"✗"
"15/01/2022";"Man City";"Chelsea";"BW";"0,6211";"0,2381";"0,2000";"Local";"Local";"✓"
"15/01/2022";"Newcastle";"Watford";"BW";"0,5464";"0,2778";"0,2309";"Local";"Empate";"✗"
"15/01/2022";"Norwich";"Everton";"BW";"0,3077";"0,3077";"0,4444";"Visitante";"Local";"✗"
"15/01/2022";"Wolves";"Southampton";"BW";"0,4167";"0,3333";"0,3125";"Local";"Local";"✓"
"15/01/2022";"Aston Villa";"Man United";"BW";"0,4000";"0,2778";"0,3774";"Local";"Empate";"✗"
"16/01/2022";"Liverpool";"Brentford";"BW";"0,8000";"0,1667";"0,0870";"Local";"Local";"✓"
"16/01/2022";"West Ham";"Leeds";"BW";"0,6061";"0,2439";"0,2083";"Local";"Visitante";"✗"
"18/01/2022";"Brighton";"Chelsea";"BW";"0,1905";"0,2703";"0,6024";"Visitante";"Empate";"✗"
"19/01/2022";"Leicester";"Tottenham";"BW";"0,3125";"0,2941";"0,4545";"Visitante";"Visitante";"✓"
"19/01/2022";"Brentford";"Man United";"BW";"0,2222";"0,2778";"0,5556";"Visitante";"Visitante";"✓"
"21/01/2022";"Watford";"Norwich";"BW";"0,5181";"0,2778";"0,2632";"Local";"Visitante";"✗"
"22/01/2022";"Everton";"Aston Villa";"BW";"0,3571";"0,3030";"0,4000";"Visitante";"Visitante";"✓"
"22/01/2022";"Brentford";"Wolves";"BW";"0,4348";"0,3226";"0,3030";"Local";"Visitante";"✗"
"22/01/2022";"Leeds";"Newcastle";"BW";"0,5263";"0,2703";"0,2632";"Local";"Visitante";"✗"
"22/01/2022";"Man United";"West Ham";"BW";"0,5000";"0,2703";"0,2857";"Local";"Local";"✓"
"22/01/2022";"Southampton";"Man City";"BW";"0,0952";"0,1667";"0,7874";"Visitante";"Empate";"✗"
"23/01/2022";"Arsenal";"Burnley";"BW";"0,7576";"0,2000";"0,1000";"Local";"Empate";"✗"
"23/01/2022";"Crystal Palace";"Liverpool";"BW";"0,1667";"0,2439";"0,6452";"Visitante";"Visitante";"✓"
"23/01/2022";"Leicester";"Brighton";"BW";"0,3922";"0,3030";"0,3704";"Local";"Empate";"✗"
"23/01/2022";"Chelsea";"Tottenham";"BW";"0,5848";"0,2632";"0,2105";"Local";"Local";"✓"
"05/02/2022";"Burnley";"Watford";"BW";"0,4651";"0,3125";"0,2857";"Local";"Empate";"✗"
"08/02/2022";"Newcastle";"Everton";"BW";"0,4167";"0,3030";"0,3484";"Local";"Local";"✓"
"08/02/2022";"West Ham";"Watford";"BW";"0,6369";"0,2500";"0,1739";"Local";"Local";"✓"
"08/02/2022";"Burnley";"Man United";"BW";"0,1739";"0,2500";"0,6329";"Visitante";"Empate";"✗"
"09/02/2022";"Man City";"Brentford";"BW";"0,9009";"0,1000";"0,0435";"Local";"Local";"✓"
"09/02/2022";"Norwich";"Crystal Palace";"BW";"0,3030";"0,3125";"0,4444";"Visitante";"Empate";"✗"
"09/02/2022";"Tottenham";"Southampton";"BW";"0,6452";"0,2439";"0,1739";"Local";"Visitante";"✗"
"09/02/2022";"Aston Villa";"Leeds";"BW";"0,5464";"0,2703";"0,2439";"Local";"Empate";"✗"
"10/02/2022";"Liverpool";"Leicester";"BW";"0,8130";"0,1481";"0,0870";"Local";"Local";"✓"
"10/02/2022";"Wolves";"Arsenal";"BW";"0,2778";"0,3226";"0,4651";"Visitante";"Visitante";"✓"
"12/02/2022";"Man United";"Southampton";"BW";"0,6369";"0,2222";"0,2000";"Local";"Empate";"✗"
"12/02/2022";"Brentford";"Crystal Palace";"BW";"0,3509";"0,3226";"0,3846";"Visitante";"Empate";"✗"
"12/02/2022";"Everton";"Leeds";"BW";"0,3922";"0,2857";"0,3774";"Local";"Local";"✓"
"12/02/2022";"Watford";"Brighton";"BW";"0,2632";"0,3077";"0,4878";"Visitante";"Visitante";"✓"
"12/02/2022";"Norwich";"Man City";"BW";"0,0667";"0,1429";"0,8403";"Visitante";"Visitante";"✓"
"13/02/2022";"Burnley";"Liverpool";"BW";"0,0952";"0,1600";"0,7937";"Visitante";"Visitante";"✓"
"13/02/2022";"Newcastle";"Aston Villa";"BW";"0,3636";"0,2941";"0,4000";"Visitante";"Local";"✗"
"13/02/2022";"Tottenham";"Wolves";"BW";"0,5848";"0,2703";"0,2000";"Local";"Visitante";"✗"
"13/02/2022";"Leicester";"West Ham";"BW";"0,3571";"0,2941";"0,4082";"Visitante";"Empate";"✗"
"15/02/2022";"Man United";"Brighton";"BW";"0,5556";"0,2857";"0,2222";"Local";"Local";"✓"
"19/02/2022";"West Ham";"Newcastle";"BW";"0,6250";"0,2564";"0,1739";"Local";"Empate";"✗"
"19/02/2022";"Arsenal";"Brentford";"BW";"0,6536";"0,2564";"0,1481";"Local";"Local";"✓"
"19/02/2022";"Aston Villa";"Watford";"BW";"0,6135";"0,2500";"0,2000";"Local";"Visitante";"✗"
"19/02/2022";"Brighton";"Burnley";"BW";"0,6173";"0,2632";"0,1818";"Local";"Visitante";"✗"
"19/02/2022";"Crystal Palace";"Chelsea";"BW";"0,1905";"0,2703";"0,6024";"Visitante";"Visitante";"✓"
"19/02/2022";"Liverpool";"Norwich";"BW";"0,9009";"0,1053";"0,0385";"Local";"Local";"✓"
"19/02/2022";"Southampton";"Everton";"BW";"0,4762";"0,2941";"0,2941";"Local";"Local";"✓"
"19/02/2022";"Man City";"Tottenham";"BW";"0,7812";"0,1818";"0,0909";"Local";"Visitante";"✗"
"20/02/2022";"Leeds";"Man United";"BW";"0,2273";"0,2500";"0,5848";"Visitante";"Visitante";"✓"
"20/02/2022";"Wolves";"Leicester";"BW";"0,4545";"0,3125";"0,3030";"Local";"Local";"✓"
"23/02/2022";"Burnley";"Tottenham";"BW";"0,2222";"0,2703";"0,5650";"Visitante";"Local";"✗"
"23/02/2022";"Watford";"Crystal Palace";"BW";"0,3448";"0,3226";"0,3922";"Visitante";"Visitante";"✓"
"23/02/2022";"Liverpool";"Leeds";"BW";"0,8475";"0,1290";"0,0714";"Local";"Local";"✓"
"24/02/2022";"Arsenal";"Wolves";"BW";"0,6135";"0,2703";"0,1739";"Local";"Local";"✓"
"25/02/2022";"Southampton";"Norwich";"BW";"0,6667";"0,2222";"0,1667";"Local";"Local";"✓"
"26/02/2022";"Leeds";"Tottenham";"BW";"0,2778";"0,2703";"0,5128";"Visitante";"Visitante";"✓"
"26/02/2022";"Brentford";"Newcastle";"BW";"0,4255";"0,3226";"0,3125";"Local";"Visitante";"✗"
"26/02/2022";"Crystal Palace";"Burnley";"BW";"0,5348";"0,3030";"0,2222";"Local";"Empate";"✗"
"26/02/2022";"Man United";"Watford";"BW";"0,7299";"0,2174";"0,1111";"Local";"Empate";"✗"
"26/02/2022";"Brighton";"Aston Villa";"BW";"0,4545";"0,3030";"0,3030";"Local";"Visitante";"✗"
"26/02/2022";"Everton";"Man City";"BW";"0,0833";"0,1667";"0,8000";"Visitante";"Visitante";"✓"
"27/02/2022";"West Ham";"Wolves";"BW";"0,5405";"0,2941";"0,2273";"Local";"Local";"✓"
"01/03/2022";"Burnley";"Leicester";"BW";"0,3509";"0,3030";"0,4082";"Visitante";"Visitante";"✓"
"05/03/2022";"Leicester";"Leeds";"BW";"0,5000";"0,2703";"0,2941";"Local";"Local";"✓"
"05/03/2022";"Aston Villa";"Southampton";"BW";"0,4545";"0,2857";"0,3125";"Local";"Local";"✓"
"05/03/2022";"Burnley";"Chelsea";"BW";"0,1333";"0,2564";"0,6667";"Visitante";"Visitante";"✓"
"05/03/2022";"Newcastle";"Brighton";"BW";"0,3846";"0,3226";"0,3484";"Local";"Local";"✓"
"05/03/2022";"Norwich";"Brentford";"BW";"0,3333";"0,3226";"0,4082";"Visitante";"Visitante";"✓"
"05/03/2022";"Wolves";"Crystal Palace";"BW";"0,4219";"0,3390";"0,3030";"Local";"Visitante";"✗"
"05/03/2022";"Liverpool";"West Ham";"BW";"0,8065";"0,1481";"0,0952";"Local";"Local";"✓"
"06/03/2022";"Watford";"Arsenal";"BW";"0,1600";"0,2381";"0,6623";"Visitante";"Visitante";"✓"
"06/03/2022";"Man City";"Man United";"BW";"0,7299";"0,2000";"0,1290";"Local";"Local";"✓"
"07/03/2022";"Tottenham";"Everton";"BW";"0,6061";"0,2564";"0,1905";"Local";"Local";"✓"
"10/03/2022";"Norwich";"Chelsea";"BW";"0,1053";"0,2083";"0,7407";"Visitante";"Visitante";"✓"
"10/03/2022";"Southampton";"Newcastle";"BW";"0,5348";"0,2857";"0,2381";"Local";"Visitante";"✗"
"10/03/2022";"Wolves";"Watford";"BW";"0,5263";"0,2941";"0,2381";"Local";"Local";"✓"
"10/03/2022";"Leeds";"Aston Villa";"BW";"0,3704";"0,2857";"0,4082";"Visitante";"Visitante";"✓"
"12/03/2022";"Brighton";"Liverpool";"BW";"0,1538";"0,2174";"0,6849";"Visitante";"Visitante";"✓"
"12/03/2022";"Brentford";"Burnley";"BW";"0,4762";"0,3077";"0,2778";"Local";"Local";"✓"
"12/03/2022";"Man United";"Tottenham";"BW";"0,4348";"0,2857";"0,3390";"Local";"Local";"✓"
"13/03/2022";"Chelsea";"Newcastle";"BW";"0,7246";"0,2083";"0,1176";"Local";"Local";"✓"
"13/03/2022";"Everton";"Wolves";"BW";"0,4545";"0,3226";"0,2857";"Local";"Visitante";"✗"
"13/03/2022";"Leeds";"Norwich";"BW";"0,6329";"0,2500";"0,1739";"Local";"Local";"✓"
"13/03/2022";"Southampton";"Watford";"BW";"0,6369";"0,2381";"0,1818";"Local";"Visitante";"✗"
"13/03/2022";"West Ham";"Aston Villa";"BW";"0,4082";"0,3125";"0,3390";"Local";"Local";"✓"
"13/03/2022";"Arsenal";"Leicester";"BW";"0,6944";"0,2105";"0,1538";"Local";"Local";"✓"
"14/03/2022";"Crystal Palace";"Man City";"BW";"0,1081";"0,1905";"0,7519";"Visitante";"Empate";"✗"
"16/03/2022";"Brighton";"Tottenham";"BW";"0,2857";"0,2941";"0,4762";"Visitante";"Visitante";"✓"
"16/03/2022";"Arsenal";"Liverpool";"BW";"0,2857";"0,2667";"0,5128";"Visitante";"Visitante";"✓"
"17/03/2022";"Everton";"Newcastle";"BW";"0,4000";"0,3333";"0,3333";"Local";"Local";"✓"
"18/03/2022";"Wolves";"Leeds";"BW";"0,4651";"0,2941";"0,3030";"Local";"Visitante";"✗"
"19/03/2022";"Aston Villa";"Arsenal";"BW";"0,3390";"0,2941";"0,4255";"Visitante";"Visitante";"✓"
"20/03/2022";"Leicester";"Brentford";"BW";"0,4762";"0,3030";"0,2857";"Local";"Local";"✓"
"20/03/2022";"Tottenham";"West Ham";"BW";"0,5882";"0,2703";"0,2000";"Local";"Local";"✓"
"02/04/2022";"Liverpool";"Watford";"BW";"0,8621";"0,1333";"0,0476";"Local";"Local";"✓"
"02/04/2022";"Brighton";"Norwich";"BW";"0,6711";"0,2500";"0,1379";"Local";"Empate";"✗"
"02/04/2022";"Burnley";"Man City";"BW";"0,0769";"0,1600";"0,8130";"Visitante";"Visitante";"✓"
"02/04/2022";"Chelsea";"Brentford";"BW";"0,7299";"0,2083";"0,1143";"Local";"Visitante";"✗"
"02/04/2022";"Leeds";"Southampton";"BW";"0,4255";"0,2778";"0,3571";"Local";"Empate";"✗"
"02/04/2022";"Wolves";"Aston Villa";"BW";"0,3448";"0,3333";"0,3846";"Visitante";"Local";"✗"
"02/04/2022";"Man United";"Leicester";"BW";"0,6623";"0,2174";"0,1739";"Local";"Empate";"✗"
"03/04/2022";"West Ham";"Everton";"BW";"0,5618";"0,2703";"0,2273";"Local";"Local";"✓"
"03/04/2022";"Tottenham";"Newcastle";"BW";"0,6536";"0,2381";"0,1667";"Local";"Local";"✓"
"04/04/2022";"Crystal Palace";"Arsenal";"BW";"0,2564";"0,3030";"0,5051";"Visitante";"Local";"✗"
"06/04/2022";"Burnley";"Everton";"BW";"0,4082";"0,3226";"0,3226";"Local";"Local";"✓"
"08/04/2022";"Newcastle";"Wolves";"BW";"0,5051";"0,3077";"0,2500";"Local";"Local";"✓"
"09/04/2022";"Everton";"Man United";"BW";"0,2632";"0,2667";"0,5319";"Visitante";"Local";"✗"
"09/04/2022";"Arsenal";"Brighton";"BW";"0,5952";"0,2857";"0,1739";"Local";"Visitante";"✗"
"09/04/2022";"Southampton";"Chelsea";"BW";"0,2632";"0,2778";"0,5181";"Visitante";"Visitante";"✓"
"09/04/2022";"Watford";"Leeds";"BW";"0,3774";"0,2857";"0,4000";"Visitante";"Visitante";"✓"
"09/04/2022";"Aston Villa";"Tottenham";"BW";"0,3226";"0,2778";"0,4545";"Visitante";"Visitante";"✓"
"10/04/2022";"Brentford";"West Ham";"BW";"0,3846";"0,3226";"0,3571";"Local";"Local";"✓"
"10/04/2022";"Leicester";"Crystal Palace";"BW";"0,4000";"0,3030";"0,3571";"Local";"Local";"✓"
"10/04/2022";"Norwich";"Burnley";"BW";"0,3226";"0,3030";"0,4444";"Visitante";"Local";"✗"
"10/04/2022";"Man City";"Liverpool";"BW";"0,5181";"0,2667";"0,2778";"Local";"Empate";"✗"
"16/04/2022";"Tottenham";"Brighton";"BW";"0,6579";"0,2309";"0,1667";"Local";"Visitante";"✗"
"16/04/2022";"Man United";"Norwich";"BW";"0,7874";"0,1667";"0,1000";"Local";"Local";"✓"
"16/04/2022";"Southampton";"Arsenal";"BW";"0,2564";"0,2778";"0,5263";"Visitante";"Local";"✗"
"16/04/2022";"Watford";"Brentford";"BW";"0,3484";"0,3077";"0,4000";"Visitante";"Visitante";"✓"
"17/04/2022";"Newcastle";"Leicester";"BW";"0,5000";"0,2857";"0,2703";"Local";"Local";"✓"
"17/04/2022";"West Ham";"Burnley";"BW";"0,5650";"0,2667";"0,2273";"Local";"Empate";"✗"
"19/04/2022";"Liverpool";"Man United";"BW";"0,7463";"0,1818";"0,1250";"Local";"Local";"✓"
"20/04/2022";"Chelsea";"Arsenal";"BW";"0,5464";"0,2778";"0,2381";"Local";"Visitante";"✗"
"20/04/2022";"Everton";"Leicester";"BW";"0,4167";"0,3030";"0,3448";"Local";"Empate";"✗"
"20/04/2022";"Newcastle";"Crystal Palace";"BW";"0,4444";"0,3226";"0,2941";"Local";"Local";"✓"
"20/04/2022";"Man City";"Brighton";"BW";"0,8264";"0,1538";"0,0690";"Local";"Local";"✓"
"21/04/2022";"Burnley";"Southampton";"BW";"0,3774";"0,2941";"0,3846";"Visitante";"Local";"✗"
"23/04/2022";"Arsenal";"Man United";"BW";"0,5000";"0,2778";"0,2857";"Local";"Local";"✓"
"23/04/2022";"Leicester";"Aston Villa";"BW";"0,3448";"0,3030";"0,4082";"Visitante";"Empate";"✗"
"23/04/2022";"Man City";"Watford";"BW";"0,8929";"0,1026";"0,0435";"Local";"Local";"✓"
"23/04/2022";"Norwich";"Newcastle";"BW";"0,2941";"0,3077";"0,4651";"Visitante";"Visitante";"✓"
"23/04/2022";"Brentford";"Tottenham";"BW";"0,2105";"0,2703";"0,5780";"Visitante";"Empate";"✗"
"24/04/2022";"Brighton";"Southampton";"BW";"0,5263";"0,2857";"0,2500";"Local";"Empate";"✗"
"24/04/2022";"Burnley";"Wolves";"BW";"0,3774";"0,3333";"0,3509";"Local";"Local";"✓"
"24/04/2022";"Chelsea";"West Ham";"BW";"0,7042";"0,2083";"0,1429";"Local";"Local";"✓"
"24/04/2022";"Liverpool";"Everton";"BW";"0,8403";"0,1379";"0,0714";"Local";"Local";"✓"
"25/04/2022";"Crystal Palace";"Leeds";"BW";"0,4167";"0,2941";"0,3571";"Local";"Empate";"✗"
"28/04/2022";"Man United";"Chelsea";"BW";"0,3030";"0,2778";"0,4878";"Visitante";"Empate";"✗"
"30/04/2022";"Newcastle";"Liverpool";"BW";"0,1667";"0,2309";"0,6579";"Visitante";"Visitante";"✓"
"30/04/2022";"Aston Villa";"Norwich";"BW";"0,6993";"0,2105";"0,1429";"Local";"Local";"✓"
"30/04/2022";"Southampton";"Crystal Palace";"BW";"0,4082";"0,3226";"0,3333";"Local";"Visitante";"✗"
"30/04/2022";"Watford";"Burnley";"BW";"0,3846";"0,3226";"0,3571";"Local";"Visitante";"✗"
"30/04/2022";"Wolves";"Brighton";"BW";"0,3636";"0,3448";"0,3509";"Local";"Visitante";"✗"
"01/05/2022";"West Ham";"Arsenal";"BW";"0,2273";"0,2667";"0,5650";"Visitante";"Visitante";"✓"
"02/05/2022";"Man United";"Brentford";"BW";"0,5882";"0,2500";"0,2105";"Local";"Local";"✓"
"07/05/2022";"Brentford";"Southampton";"BW";"0,4762";"0,2857";"0,2941";"Local";"Local";"✓"
"07/05/2022";"Burnley";"Aston Villa";"BW";"0,3333";"0,3226";"0,4082";"Visitante";"Visitante";"✓"
"07/05/2022";"Chelsea";"Wolves";"BW";"0,7194";"0,2105";"0,1212";"Local";"Empate";"✗"
"07/05/2022";"Crystal Palace";"Watford";"BW";"0,5952";"0,2703";"0,1905";"Local";"Local";"✓"
"07/05/2022";"Brighton";"Man United";"BW";"0,3333";"0,3030";"0,4255";"Visitante";"Local";"✗"
"07/05/2022";"Liverpool";"Tottenham";"BW";"0,6993";"0,2000";"0,1538";"Local";"Empate";"✗"
"08/05/2022";"Arsenal";"Leeds";"BW";"0,6623";"0,2309";"0,1667";"Local";"Local";"✓"
"08/05/2022";"Leicester";"Everton";"BW";"0,3846";"0,3077";"0,3636";"Local";"Visitante";"✗"
"08/05/2022";"Norwich";"West Ham";"BW";"0,2105";"0,2500";"0,5952";"Visitante";"Visitante";"✓"
"08/05/2022";"Man City";"Newcastle";"BW";"0,8475";"0,1333";"0,0667";"Local";"Local";"✓"
"10/05/2022";"Aston Villa";"Liverpool";"BW";"0,1667";"0,2222";"0,6623";"Visitante";"Visitante";"✓"
"11/05/2022";"Leeds";"Chelsea";"BW";"0,2222";"0,2500";"0,5952";"Visitante";"Visitante";"✓"
"11/05/2022";"Leicester";"Norwich";"BW";"0,7407";"0,1905";"0,1212";"Local";"Local";"✓"
"11/05/2022";"Watford";"Everton";"BW";"0,1818";"0,2703";"0,6024";"Visitante";"Empate";"✗"
"11/05/2022";"Wolves";"Man City";"BW";"0,0952";"0,1667";"0,7874";"Visitante";"Visitante";"✓"
"12/05/2022";"Tottenham";"Arsenal";"BW";"0,4444";"0,2941";"0,3125";"Local";"Local";"✓"
"15/05/2022";"Tottenham";"Burnley";"BW";"0,7576";"0,1818";"0,1053";"Local";"Local";"✓"
"15/05/2022";"Aston Villa";"Crystal Palace";"BW";"0,5464";"0,2857";"0,2222";"Local";"Empate";"✗"
"15/05/2022";"Leeds";"Brighton";"BW";"0,3846";"0,2941";"0,3774";"Local";"Empate";"✗"
"15/05/2022";"Watford";"Leicester";"BW";"0,2000";"0,2564";"0,5952";"Visitante";"Visitante";"✓"
"15/05/2022";"West Ham";"Man City";"BW";"0,1379";"0,2000";"0,7194";"Visitante";"Empate";"✗"
"15/05/2022";"Wolves";"Norwich";"BW";"0,6536";"0,2381";"0,1739";"Local";"Empate";"✗"
"15/05/2022";"Everton";"Brentford";"BW";"0,5263";"0,2778";"0,2500";"Local";"Visitante";"✗"
"16/05/2022";"Newcastle";"Arsenal";"BW";"0,2381";"0,2667";"0,5495";"Visitante";"Local";"✗"
"17/05/2022";"Southampton";"Liverpool";"BW";"0,1538";"0,2105";"0,6849";"Visitante";"Visitante";"✓"
"19/05/2022";"Everton";"Crystal Palace";"BW";"0,5348";"0,3030";"0,2222";"Local";"Local";"✓"
"19/05/2022";"Aston Villa";"Burnley";"BW";"0,4878";"0,3030";"0,2703";"Local";"Empate";"✗"
"19/05/2022";"Chelsea";"Leicester";"BW";"0,6944";"0,2105";"0,1481";"Local";"Empate";"✗"
"22/05/2022";"Arsenal";"Everton";"BW";"0,7463";"0,1818";"0,1212";"Local";"Local";"✓"
"22/05/2022";"Brentford";"Leeds";"BW";"0,4348";"0,2703";"0,3571";"Local";"Visitante";"✗"
"22/05/2022";"Brighton";"West Ham";"BW";"0,3846";"0,2941";"0,3846";"Local";"Local";"✓"
"22/05/2022";"Burnley";"Newcastle";"BW";"0,4082";"0,3125";"0,3390";"Local";"Visitante";"✗"
"22/05/2022";"Chelsea";"Watford";"BW";"0,8333";"0,1429";"0,0714";"Local";"Local";"✓"
"22/05/2022";"Crystal Palace";"Man United";"BW";"0,3636";"0,2941";"0,4082";"Visitante";"Local";"✗"
"22/05/2022";"Leicester";"Southampton";"BW";"0,5848";"0,2439";"0,2273";"Local";"Local";"✓"
"22/05/2022";"Liverpool";"Wolves";"BW";"0,8850";"0,1143";"0,0606";"Local";"Local";"✓"
"22/05/2022";"Man City";"Aston Villa";"BW";"0,8475";"0,1250";"0,0714";"Local";"Local";"✓"
"22/05/2022";"Norwich";"Tottenham";"BW";"0,1053";"0,1818";"0,7634";"Visitante";"Visitante";"✓"
"13/08/2021";"Brentford";"Arsenal";"IW";"0,2632";"0,3077";"0,4762";"Visitante";"Local";"✗"
"14/08/2021";"Man United";"Leeds";"IW";"0,6061";"0,2381";"0,2041";"Local";"Local";"✓"
"14/08/2021";"Burnley";"Brighton";"IW";"0,3226";"0,3279";"0,4082";"Visitante";"Visitante";"✓"
"14/08/2021";"Chelsea";"Crystal Palace";"IW";"0,7692";"0,1905";"0,0909";"Local";"Local";"✓"
"14/08/2021";"Everton";"Southampton";"IW";"0,5000";"0,2985";"0,2500";"Local";"Local";"✓"
"14/08/2021";"Leicester";"Wolves";"IW";"0,5780";"0,2703";"0,2041";"Local";"Local";"✓"
"14/08/2021";"Watford";"Aston Villa";"IW";"0,2985";"0,3175";"0,4348";"Visitante";"Local";"✗"
"14/08/2021";"Norwich";"Liverpool";"IW";"0,1538";"0,1905";"0,6993";"Visitante";"Visitante";"✓"
"15/08/2021";"Newcastle";"West Ham";"IW";"0,3030";"0,2899";"0,4545";"Visitante";"Visitante";"✓"
"15/08/2021";"Tottenham";"Man City";"IW";"0,1818";"0,2532";"0,6135";"Visitante";"Local";"✗"
"21/08/2021";"Liverpool";"Burnley";"IW";"0,8000";"0,1538";"0,0909";"Local";"Local";"✓"
"21/08/2021";"Aston Villa";"Newcastle";"IW";"0,5464";"0,2597";"0,2439";"Local";"Local";"✓"
"21/08/2021";"Crystal Palace";"Brentford";"IW";"0,3774";"0,3279";"0,3448";"Local";"Empate";"✗"
"21/08/2021";"Leeds";"Everton";"IW";"0,4878";"0,2857";"0,2817";"Local";"Empate";"✗"
"21/08/2021";"Man City";"Norwich";"IW";"0,8696";"0,1176";"0,0526";"Local";"Local";"✓"
"21/08/2021";"Brighton";"Watford";"IW";"0,5714";"0,2857";"0,1905";"Local";"Local";"✓"
"22/08/2021";"Southampton";"Man United";"IW";"0,1905";"0,2326";"0,6250";"Visitante";"Empate";"✗"
"22/08/2021";"Wolves";"Tottenham";"IW";"0,3509";"0,3333";"0,3704";"Visitante";"Visitante";"✓"
"22/08/2021";"Arsenal";"Chelsea";"IW";"0,2273";"0,2899";"0,5263";"Visitante";"Visitante";"✓"
"23/08/2021";"West Ham";"Leicester";"IW";"0,4082";"0,2899";"0,3509";"Local";"Local";"✓"
"28/08/2021";"Man City";"Arsenal";"IW";"0,7407";"0,2000";"0,1143";"Local";"Local";"✓"
"28/08/2021";"Aston Villa";"Brentford";"IW";"0,4878";"0,3077";"0,2597";"Local";"Empate";"✗"
"28/08/2021";"Brighton";"Everton";"IW";"0,4348";"0,3175";"0,2985";"Local";"Visitante";"✗"
"28/08/2021";"Newcastle";"Southampton";"IW";"0,4082";"0,2857";"0,3571";"Local";"Empate";"✗"
"28/08/2021";"Norwich";"Leicester";"IW";"0,2439";"0,2778";"0,5263";"Visitante";"Visitante";"✓"
"28/08/2021";"West Ham";"Crystal Palace";"IW";"0,6369";"0,2532";"0,1667";"Local";"Empate";"✗"
"28/08/2021";"Liverpool";"Chelsea";"IW";"0,4167";"0,3077";"0,3279";"Local";"Empate";"✗"
"29/08/2021";"Burnley";"Leeds";"IW";"0,3125";"0,2857";"0,4545";"Visitante";"Empate";"✗"
"29/08/2021";"Tottenham";"Watford";"IW";"0,6667";"0,2273";"0,1600";"Local";"Local";"✓"
"29/08/2021";"Wolves";"Man United";"IW";"0,1905";"0,2857";"0,5714";"Visitante";"Visitante";"✓"
"11/09/2021";"Crystal Palace";"Tottenham";"IW";"0,2632";"0,3077";"0,4762";"Visitante";"Local";"✗"
"11/09/2021";"Arsenal";"Norwich";"IW";"0,7143";"0,2041";"0,1290";"Local";"Local";"✓"
"11/09/2021";"Brentford";"Brighton";"IW";"0,3279";"0,3390";"0,3846";"Visitante";"Visitante";"✓"
"11/09/2021";"Leicester";"Man City";"IW";"0,1905";"0,2500";"0,6061";"Visitante";"Visitante";"✓"
"11/09/2021";"Man United";"Newcastle";"IW";"0,8333";"0,1429";"0,0714";"Local";"Local";"✓"
"11/09/2021";"Southampton";"West Ham";"IW";"0,3333";"0,2857";"0,4348";"Visitante";"Empate";"✗"
"11/09/2021";"Watford";"Wolves";"IW";"0,2857";"0,3175";"0,4444";"Visitante";"Visitante";"✓"
"11/09/2021";"Chelsea";"Aston Villa";"IW";"0,7407";"0,1905";"0,1176";"Local";"Local";"✓"
"12/09/2021";"Leeds";"Liverpool";"IW";"0,2128";"0,2326";"0,6061";"Visitante";"Visitante";"✓"
"13/09/2021";"Everton";"Burnley";"IW";"0,5556";"0,2857";"0,2083";"Local";"Local";"✓"
"17/09/2021";"Newcastle";"Leeds";"IW";"0,3279";"0,2740";"0,4444";"Visitante";"Empate";"✗"
"18/09/2021";"Wolves";"Brentford";"IW";"0,5556";"0,2985";"0,2041";"Local";"Visitante";"✗"
"18/09/2021";"Burnley";"Arsenal";"IW";"0,2778";"0,2817";"0,4878";"Visitante";"Visitante";"✓"
"18/09/2021";"Liverpool";"Crystal Palace";"IW";"0,7874";"0,1600";"0,1000";"Local";"Local";"✓"
"18/09/2021";"Man City";"Southampton";"IW";"0,8547";"0,1212";"0,0714";"Local";"Empate";"✗"
"18/09/2021";"Norwich";"Watford";"IW";"0,4348";"0,3077";"0,3077";"Local";"Visitante";"✗"
"18/09/2021";"Aston Villa";"Everton";"IW";"0,4444";"0,3125";"0,2985";"Local";"Local";"✓"
"19/09/2021";"Brighton";"Leicester";"IW";"0,4082";"0,3125";"0,3333";"Local";"Local";"✓"
"19/09/2021";"West Ham";"Man United";"IW";"0,2326";"0,2667";"0,5464";"Visitante";"Visitante";"✓"
"19/09/2021";"Tottenham";"Chelsea";"IW";"0,2439";"0,2941";"0,5128";"Visitante";"Visitante";"✓"
"25/09/2021";"Chelsea";"Man City";"IW";"0,3390";"0,3333";"0,3846";"Visitante";"Visitante";"✓"
"25/09/2021";"Man United";"Aston Villa";"IW";"0,7143";"0,2041";"0,1290";"Local";"Visitante";"✗"
"25/09/2021";"Everton";"Norwich";"IW";"0,5882";"0,2667";"0,1905";"Local";"Local";"✓"
"25/09/2021";"Leeds";"West Ham";"IW";"0,3448";"0,2817";"0,4255";"Visitante";"Visitante";"✓"
"25/09/2021";"Leicester";"Burnley";"IW";"0,5780";"0,2597";"0,2083";"Local";"Empate";"✗"
"25/09/2021";"Watford";"Newcastle";"IW";"0,4651";"0,2941";"0,2857";"Local";"Empate";"✗"
"25/09/2021";"Brentford";"Liverpool";"IW";"0,1290";"0,2041";"0,7143";"Visitante";"Empate";"✗"
"26/09/2021";"Southampton";"Wolves";"IW";"0,4444";"0,3175";"0,2899";"Local";"Visitante";"✗"
"26/09/2021";"Arsenal";"Tottenham";"IW";"0,4651";"0,3077";"0,2817";"Local";"Local";"✓"
"27/09/2021";"Crystal Palace";"Brighton";"IW";"0,3448";"0,3279";"0,3774";"Visitante";"Empate";"✗"
"02/10/2021";"Man United";"Everton";"IW";"0,6250";"0,2532";"0,1739";"Local";"Empate";"✗"
"02/10/2021";"Burnley";"Norwich";"IW";"0,5128";"0,2857";"0,2564";"Local";"Empate";"✗"
"02/10/2021";"Chelsea";"Southampton";"IW";"0,7299";"0,2041";"0,1212";"Local";"Local";"✓"
"02/10/2021";"Leeds";"Watford";"IW";"0,5714";"0,2532";"0,2326";"Local";"Local";"✓"
"02/10/2021";"Wolves";"Newcastle";"IW";"0,5650";"0,2703";"0,2174";"Local";"Local";"✓"
"02/10/2021";"Brighton";"Arsenal";"IW";"0,3077";"0,3077";"0,4348";"Visitante";"Empate";"✗"
"03/10/2021";"Crystal Palace";"Leicester";"IW";"0,3509";"0,3175";"0,3846";"Visitante";"Empate";"✗"
"03/10/2021";"Tottenham";"Aston Villa";"IW";"0,4762";"0,2985";"0,2817";"Local";"Local";"✓"
"03/10/2021";"West Ham";"Brentford";"IW";"0,5556";"0,2703";"0,2222";"Local";"Visitante";"✗"
"03/10/2021";"Liverpool";"Man City";"IW";"0,3448";"0,2941";"0,4082";"Visitante";"Empate";"✗"
"16/10/2021";"Watford";"Liverpool";"IW";"0,1250";"0,1905";"0,7407";"Visitante";"Visitante";"✓"
"16/10/2021";"Aston Villa";"Wolves";"IW";"0,4762";"0,3175";"0,2632";"Local";"Visitante";"✗"
"16/10/2021";"Leicester";"Man United";"IW";"0,2857";"0,2667";"0,5000";"Visitante";"Local";"✗"
"16/10/2021";"Man City";"Burnley";"IW";"0,8696";"0,1143";"0,0556";"Local";"Local";"✓"
"16/10/2021";"Norwich";"Brighton";"IW";"0,2500";"0,2941";"0,5128";"Visitante";"Empate";"✗"
"16/10/2021";"Southampton";"Leeds";"IW";"0,4762";"0,2817";"0,2985";"Local";"Local";"✓"
"16/10/2021";"Brentford";"Chelsea";"IW";"0,1905";"0,2597";"0,6061";"Visitante";"Visitante";"✓"
"17/10/2021";"Everton";"West Ham";"IW";"0,3509";"0,3077";"0,3922";"Visitante";"Visitante";"✓"
"17/10/2021";"Newcastle";"Tottenham";"IW";"0,2857";"0,2817";"0,4878";"Visitante";"Visitante";"✓"
"18/10/2021";"Arsenal";"Crystal Palace";"IW";"0,6135";"0,2532";"0,1818";"Local";"Empate";"✗"
"22/10/2021";"Arsenal";"Aston Villa";"IW";"0,5128";"0,2778";"0,2597";"Local";"Local";"✓"
"23/10/2021";"Chelsea";"Norwich";"IW";"0,8197";"0,1600";"0,0625";"Local";"Local";"✓"
"23/10/2021";"Crystal Palace";"Newcastle";"IW";"0,5263";"0,2857";"0,2381";"Local";"Empate";"✗"
"23/10/2021";"Everton";"Watford";"IW";"0,5556";"0,2778";"0,2174";"Local";"Visitante";"✗"
"23/10/2021";"Leeds";"Wolves";"IW";"0,4167";"0,2985";"0,3333";"Local";"Empate";"✗"
"23/10/2021";"Southampton";"Burnley";"IW";"0,5128";"0,2778";"0,2632";"Local";"Empate";"✗"
"23/10/2021";"Brighton";"Man City";"IW";"0,1250";"0,2128";"0,7143";"Visitante";"Visitante";"✓"
"24/10/2021";"Brentford";"Leicester";"IW";"0,3704";"0,2985";"0,3846";"Visitante";"Visitante";"✓"
"24/10/2021";"West Ham";"Tottenham";"IW";"0,4167";"0,2899";"0,3390";"Local";"Local";"✓"
"24/10/2021";"Man United";"Liverpool";"IW";"0,3390";"0,2857";"0,4255";"Visitante";"Visitante";"✓"
"30/10/2021";"Leicester";"Arsenal";"IW";"0,4000";"0,2899";"0,3571";"Local";"Visitante";"✗"
"30/10/2021";"Burnley";"Brentford";"IW";"0,3846";"0,3279";"0,3390";"Local";"Local";"✓"
"30/10/2021";"Liverpool";"Brighton";"IW";"0,7874";"0,1667";"0,1000";"Local";"Empate";"✗"
"30/10/2021";"Man City";"Crystal Palace";"IW";"0,8696";"0,1212";"0,0526";"Local";"Visitante";"✗"
"30/10/2021";"Newcastle";"Chelsea";"IW";"0,1429";"0,2222";"0,6803";"Visitante";"Visitante";"✓"
"30/10/2021";"Watford";"Southampton";"IW";"0,3175";"0,2857";"0,4444";"Visitante";"Visitante";"✓"
"30/10/2021";"Tottenham";"Man United";"IW";"0,3175";"0,2941";"0,4348";"Visitante";"Visitante";"✓"
"31/10/2021";"Norwich";"Leeds";"IW";"0,2703";"0,2778";"0,5000";"Visitante";"Visitante";"✓"
"31/10/2021";"Aston Villa";"West Ham";"IW";"0,3333";"0,2899";"0,4255";"Visitante";"Visitante";"✓"
"01/11/2021";"Wolves";"Everton";"IW";"0,4545";"0,3226";"0,2778";"Local";"Local";"✓"
"05/11/2021";"Southampton";"Aston Villa";"IW";"0,5000";"0,2817";"0,2740";"Local";"Local";"✓"
"06/11/2021";"Man United";"Man City";"IW";"0,2174";"0,2667";"0,5714";"Visitante";"Visitante";"✓"
"06/11/2021";"Brentford";"Norwich";"IW";"0,5780";"0,2740";"0,2000";"Local";"Visitante";"✗"
"06/11/2021";"Chelsea";"Burnley";"IW";"0,8000";"0,1739";"0,0714";"Local";"Empate";"✗"
"06/11/2021";"Crystal Palace";"Wolves";"IW";"0,4348";"0,3279";"0,2899";"Local";"Local";"✓"
"06/11/2021";"Brighton";"Newcastle";"IW";"0,6061";"0,2632";"0,1818";"Local";"Empate";"✗"
"07/11/2021";"Arsenal";"Watford";"IW";"0,6897";"0,2128";"0,1538";"Local";"Local";"✓"
"07/11/2021";"Everton";"Tottenham";"IW";"0,3077";"0,3030";"0,4444";"Visitante";"Empate";"✗"
"07/11/2021";"Leeds";"Leicester";"IW";"0,3846";"0,2985";"0,3704";"Local";"Empate";"✗"
"07/11/2021";"West Ham";"Liverpool";"IW";"0,2174";"0,2439";"0,5882";"Visitante";"Local";"✗"
"20/11/2021";"Leicester";"Chelsea";"IW";"0,2128";"0,2740";"0,5650";"Visitante";"Visitante";"✓"
"20/11/2021";"Aston Villa";"Brighton";"IW";"0,4082";"0,3030";"0,3333";"Local";"Local";"✓"
"20/11/2021";"Burnley";"Crystal Palace";"IW";"0,3509";"0,3279";"0,3704";"Visitante";"Empate";"✗"
"20/11/2021";"Newcastle";"Brentford";"IW";"0,4082";"0,2985";"0,3448";"Local";"Empate";"✗"
"20/11/2021";"Norwich";"Southampton";"IW";"0,2941";"0,2941";"0,4651";"Visitante";"Local";"✗"
"20/11/2021";"Watford";"Man United";"IW";"0,1739";"0,2273";"0,6452";"Visitante";"Local";"✗"
"20/11/2021";"Wolves";"West Ham";"IW";"0,3226";"0,3175";"0,4167";"Visitante";"Local";"✗"
"20/11/2021";"Liverpool";"Arsenal";"IW";"0,6369";"0,2273";"0,1905";"Local";"Local";"✓"
"21/11/2021";"Man City";"Everton";"IW";"0,8197";"0,1538";"0,0769";"Local";"Local";"✓"
"21/11/2021";"Tottenham";"Leeds";"IW";"0,6250";"0,2500";"0,1818";"Local";"Local";"✓"
"27/11/2021";"Arsenal";"Newcastle";"IW";"0,6667";"0,2222";"0,1600";"Local";"Local";"✓"
"27/11/2021";"Crystal Palace";"Aston Villa";"IW";"0,4348";"0,3175";"0,2985";"Local";"Visitante";"✗"
"27/11/2021";"Liverpool";"Southampton";"IW";"0,7692";"0,1667";"0,1111";"Local";"Local";"✓"
"27/11/2021";"Norwich";"Wolves";"IW";"0,2857";"0,3125";"0,4545";"Visitante";"Empate";"✗"
"27/11/2021";"Brighton";"Leeds";"IW";"0,4651";"0,2985";"0,2899";"Local";"Empate";"✗"
"28/11/2021";"Brentford";"Everton";"IW";"0,4444";"0,3175";"0,2899";"Local";"Local";"✓"
"28/11/2021";"Leicester";"Watford";"IW";"0,5882";"0,2740";"0,1818";"Local";"Local";"✓"
"28/11/2021";"Man City";"West Ham";"IW";"0,7874";"0,1739";"0,0833";"Local";"Local";"✓"
"28/11/2021";"Chelsea";"Man United";"IW";"0,6369";"0,2439";"0,1667";"Local";"Empate";"✗"
"30/11/2021";"Newcastle";"Norwich";"IW";"0,4651";"0,2941";"0,2899";"Local";"Empate";"✗"
"30/11/2021";"Leeds";"Crystal Palace";"IW";"0,4545";"0,3125";"0,2817";"Local";"Local";"✓"
"01/12/2021";"Southampton";"Leicester";"IW";"0,4348";"0,2941";"0,3226";"Local";"Empate";"✗"
"01/12/2021";"Watford";"Chelsea";"IW";"0,1053";"0,1818";"0,7692";"Visitante";"Visitante";"✓"
"01/12/2021";"West Ham";"Brighton";"IW";"0,5000";"0,2985";"0,2597";"Local";"Empate";"✗"
"01/12/2021";"Wolves";"Burnley";"IW";"0,5076";"0,2985";"0,2500";"Local";"Empate";"✗"
"01/12/2021";"Aston Villa";"Man City";"IW";"0,1250";"0,2174";"0,6993";"Visitante";"Visitante";"✓"
"01/12/2021";"Everton";"Liverpool";"IW";"0,1290";"0,2083";"0,7143";"Visitante";"Visitante";"✓"
"02/12/2021";"Tottenham";"Brentford";"IW";"0,5988";"0,2632";"0,1905";"Local";"Local";"✓"
"02/12/2021";"Man United";"Arsenal";"IW";"0,4878";"0,2857";"0,2778";"Local";"Local";"✓"
"04/12/2021";"West Ham";"Chelsea";"IW";"0,2174";"0,2778";"0,5556";"Visitante";"Local";"✗"
"04/12/2021";"Newcastle";"Burnley";"IW";"0,4167";"0,2941";"0,3448";"Local";"Local";"✓"
"04/12/2021";"Southampton";"Brighton";"IW";"0,3846";"0,3175";"0,3509";"Local";"Empate";"✗"
"04/12/2021";"Wolves";"Liverpool";"IW";"0,1250";"0,1905";"0,7299";"Visitante";"Visitante";"✓"
"04/12/2021";"Watford";"Man City";"IW";"0,0833";"0,1481";"0,8197";"Visitante";"Visitante";"✓"
"05/12/2021";"Leeds";"Brentford";"IW";"0,5556";"0,2857";"0,2128";"Local";"Empate";"✗"
"05/12/2021";"Man United";"Crystal Palace";"IW";"0,6536";"0,2273";"0,1667";"Local";"Local";"✓"
"05/12/2021";"Tottenham";"Norwich";"IW";"0,6667";"0,2273";"0,1481";"Local";"Local";"✓"
"05/12/2021";"Aston Villa";"Leicester";"IW";"0,4545";"0,2899";"0,3077";"Local";"Local";"✓"
"06/12/2021";"Everton";"Arsenal";"IW";"0,2817";"0,2941";"0,4762";"Visitante";"Local";"✗"
"10/12/2021";"Brentford";"Watford";"IW";"0,4000";"0,3030";"0,3448";"Local";"Local";"✓"
"11/12/2021";"Man City";"Wolves";"IW";"0,8333";"0,1481";"0,0625";"Local";"Local";"✓"
"11/12/2021";"Arsenal";"Southampton";"IW";"0,5780";"0,2564";"0,2222";"Local";"Local";"✓"
"11/12/2021";"Chelsea";"Leeds";"IW";"0,7692";"0,1818";"0,0909";"Local";"Local";"✓"
"11/12/2021";"Liverpool";"Aston Villa";"IW";"0,8000";"0,1600";"0,0909";"Local";"Local";"✓"
"11/12/2021";"Norwich";"Man United";"IW";"0,1429";"0,2174";"0,6897";"Visitante";"Visitante";"✓"
"12/12/2021";"Burnley";"West Ham";"IW";"0,2985";"0,2899";"0,4651";"Visitante";"Empate";"✗"
"12/12/2021";"Leicester";"Newcastle";"IW";"0,5714";"0,2532";"0,2273";"Local";"Local";"✓"
"12/12/2021";"Crystal Palace";"Everton";"IW";"0,4545";"0,3175";"0,2817";"Local";"Local";"✓"
"14/12/2021";"Norwich";"Aston Villa";"IW";"0,2778";"0,3030";"0,4651";"Visitante";"Visitante";"✓"
"14/12/2021";"Man City";"Leeds";"IW";"0,8696";"0,1143";"0,0588";"Local";"Local";"✓"
"15/12/2021";"Brighton";"Wolves";"IW";"0,4878";"0,3175";"0,2500";"Local";"Visitante";"✗"
"15/12/2021";"Crystal Palace";"Southampton";"IW";"0,4762";"0,3030";"0,2703";"Local";"Empate";"✗"
"15/12/2021";"Arsenal";"West Ham";"IW";"0,4878";"0,2817";"0,2817";"Local";"Local";"✓"
"16/12/2021";"Chelsea";"Everton";"IW";"0,8000";"0,1600";"0,0833";"Local";"Empate";"✗"
"16/12/2021";"Liverpool";"Newcastle";"IW";"0,8696";"0,1212";"0,0556";"Local";"Local";"✓"
"18/12/2021";"Leeds";"Arsenal";"IW";"0,1905";"0,2381";"0,6250";"Visitante";"Visitante";"✓"
"19/12/2021";"Newcastle";"Man City";"IW";"0,0526";"0,1176";"0,8696";"Visitante";"Visitante";"✓"
"19/12/2021";"Wolves";"Chelsea";"IW";"0,1905";"0,2857";"0,5714";"Visitante";"Empate";"✗"
"19/12/2021";"Tottenham";"Liverpool";"IW";"0,2174";"0,2439";"0,5882";"Visitante";"Empate";"✗"
"26/12/2021";"Man City";"Leicester";"IW";"0,8547";"0,1212";"0,0714";"Local";"Local";"✓"
"26/12/2021";"Norwich";"Arsenal";"IW";"0,1667";"0,2222";"0,6536";"Visitante";"Visitante";"✓"
"26/12/2021";"Tottenham";"Crystal Palace";"IW";"0,5882";"0,2667";"0,1905";"Local";"Local";"✓"
"26/12/2021";"West Ham";"Southampton";"IW";"0,5128";"0,2778";"0,2597";"Local";"Visitante";"✗"
"26/12/2021";"Aston Villa";"Chelsea";"IW";"0,2041";"0,2703";"0,5780";"Visitante";"Visitante";"✓"
"26/12/2021";"Brighton";"Brentford";"IW";"0,5128";"0,2941";"0,2439";"Local";"Local";"✓"
"27/12/2021";"Newcastle";"Man United";"IW";"0,1739";"0,2222";"0,6536";"Visitante";"Empate";"✗"
"28/12/2021";"Crystal Palace";"Norwich";"IW";"0,5714";"0,2857";"0,2000";"Local";"Local";"✓"
"28/12/2021";"Southampton";"Tottenham";"IW";"0,2703";"0,2985";"0,4762";"Visitante";"Empate";"✗"
"28/12/2021";"Watford";"West Ham";"IW";"0,2941";"0,2740";"0,4762";"Visitante";"Visitante";"✓"
"28/12/2021";"Leicester";"Liverpool";"IW";"0,1333";"0,1739";"0,7407";"Visitante";"Local";"✗"
"29/12/2021";"Chelsea";"Brighton";"IW";"0,7143";"0,2128";"0,1212";"Local";"Empate";"✗"
"29/12/2021";"Brentford";"Man City";"IW";"0,0667";"0,1333";"0,8547";"Visitante";"Visitante";"✓"
"30/12/2021";"Man United";"Burnley";"IW";"0,7143";"0,2128";"0,1290";"Local";"Local";"✓"
"01/01/2022";"Arsenal";"Man City";"IW";"0,2083";"0,2439";"0,6061";"Visitante";"Visitante";"✓"
"01/01/2022";"Watford";"Tottenham";"IW";"0,1818";"0,2439";"0,6135";"Visitante";"Visitante";"✓"
"01/01/2022";"Crystal Palace";"West Ham";"IW";"0,2985";"0,3077";"0,4444";"Visitante";"Visitante";"✓"
"02/01/2022";"Brentford";"Aston Villa";"IW";"0,3509";"0,3175";"0,3846";"Visitante";"Local";"✗"
"02/01/2022";"Everton";"Brighton";"IW";"0,3509";"0,3279";"0,3704";"Visitante";"Visitante";"✓"
"02/01/2022";"Leeds";"Burnley";"IW";"0,5000";"0,2778";"0,2778";"Local";"Local";"✓"
"02/01/2022";"Chelsea";"Liverpool";"IW";"0,3774";"0,2985";"0,3774";"Local";"Empate";"✗"
"03/01/2022";"Man United";"Wolves";"IW";"0,5882";"0,2740";"0,1818";"Local";"Visitante";"✗"
"11/01/2022";"Southampton";"Brentford";"IW";"0,4545";"0,3125";"0,2778";"Local";"Local";"✓"
"12/01/2022";"West Ham";"Norwich";"IW";"0,6897";"0,2128";"0,1481";"Local";"Local";"✓"
"14/01/2022";"Brighton";"Crystal Palace";"IW";"0,4762";"0,3077";"0,2703";"Local";"Empate";"✗"
"15/01/2022";"Man City";"Chelsea";"IW";"0,5988";"0,2532";"0,1905";"Local";"Local";"✓"
"15/01/2022";"Newcastle";"Watford";"IW";"0,5464";"0,2667";"0,2381";"Local";"Empate";"✗"
"15/01/2022";"Norwich";"Everton";"IW";"0,3030";"0,3030";"0,4444";"Visitante";"Local";"✗"
"15/01/2022";"Wolves";"Southampton";"IW";"0,4082";"0,3279";"0,3125";"Local";"Local";"✓"
"15/01/2022";"Aston Villa";"Man United";"IW";"0,3922";"0,2985";"0,3636";"Local";"Empate";"✗"
"16/01/2022";"Liverpool";"Brentford";"IW";"0,7874";"0,1667";"0,0909";"Local";"Local";"✓"
"16/01/2022";"West Ham";"Leeds";"IW";"0,5988";"0,2381";"0,2174";"Local";"Visitante";"✗"
"18/01/2022";"Brighton";"Chelsea";"IW";"0,1905";"0,2703";"0,5882";"Visitante";"Empate";"✗"
"19/01/2022";"Leicester";"Tottenham";"IW";"0,3175";"0,3030";"0,4348";"Visitante";"Visitante";"✓"
"19/01/2022";"Brentford";"Man United";"IW";"0,2222";"0,2857";"0,5405";"Visitante";"Visitante";"✓"
"21/01/2022";"Watford";"Norwich";"IW";"0,4878";"0,2899";"0,2740";"Local";"Visitante";"✗"
"22/01/2022";"Everton";"Aston Villa";"IW";"0,3704";"0,3030";"0,3774";"Visitante";"Visitante";"✓"
"22/01/2022";"Brentford";"Wolves";"IW";"0,4000";"0,3390";"0,3125";"Local";"Visitante";"✗"
"22/01/2022";"Leeds";"Newcastle";"IW";"0,5263";"0,2597";"0,2564";"Local";"Visitante";"✗"
"22/01/2022";"Man United";"West Ham";"IW";"0,4762";"0,2778";"0,2941";"Local";"Local";"✓"
"22/01/2022";"Southampton";"Man City";"IW";"0,1176";"0,1818";"0,7519";"Visitante";"Empate";"✗"
"23/01/2022";"Arsenal";"Burnley";"IW";"0,7692";"0,1818";"0,1053";"Local";"Empate";"✗"
"23/01/2022";"Crystal Palace";"Liverpool";"IW";"0,1739";"0,2381";"0,6369";"Visitante";"Visitante";"✓"
"23/01/2022";"Leicester";"Brighton";"IW";"0,3846";"0,2899";"0,3774";"Local";"Empate";"✗"
"23/01/2022";"Chelsea";"Tottenham";"IW";"0,5780";"0,2703";"0,2041";"Local";"Local";"✓"
"05/02/2022";"Burnley";"Watford";"IW";"0,4545";"0,3175";"0,2817";"Local";"Empate";"✗"
"08/02/2022";"Newcastle";"Everton";"IW";"0,4082";"0,3077";"0,3390";"Local";"Local";"✓"
"08/02/2022";"West Ham";"Watford";"IW";"0,6452";"0,2381";"0,1667";"Local";"Local";"✓"
"08/02/2022";"Burnley";"Man United";"IW";"0,1739";"0,2439";"0,6369";"Visitante";"Empate";"✗"
"09/02/2022";"Man City";"Brentford";"IW";"0,9091";"0,1053";"0,0370";"Local";"Local";"✓"
"09/02/2022";"Norwich";"Crystal Palace";"IW";"0,2985";"0,3125";"0,4444";"Visitante";"Empate";"✗"
"09/02/2022";"Tottenham";"Southampton";"IW";"0,6250";"0,2439";"0,1818";"Local";"Visitante";"✗"
"09/02/2022";"Aston Villa";"Leeds";"IW";"0,5405";"0,2632";"0,2532";"Local";"Empate";"✗"
"10/02/2022";"Liverpool";"Leicester";"IW";"0,7874";"0,1600";"0,1000";"Local";"Local";"✓"
"10/02/2022";"Wolves";"Arsenal";"IW";"0,2817";"0,3279";"0,4444";"Visitante";"Visitante";"✓"
"12/02/2022";"Man United";"Southampton";"IW";"0,6061";"0,2439";"0,2041";"Local";"Empate";"✗"
"12/02/2022";"Brentford";"Crystal Palace";"IW";"0,3390";"0,3333";"0,3774";"Visitante";"Empate";"✗"
"12/02/2022";"Everton";"Leeds";"IW";"0,4167";"0,2857";"0,3509";"Local";"Local";"✓"
"12/02/2022";"Watford";"Brighton";"IW";"0,2703";"0,3077";"0,4762";"Visitante";"Visitante";"✓"
"12/02/2022";"Norwich";"Man City";"IW";"0,0667";"0,1481";"0,8333";"Visitante";"Visitante";"✓"
"13/02/2022";"Burnley";"Liverpool";"IW";"0,0909";"0,1667";"0,7874";"Visitante";"Visitante";"✓"
"13/02/2022";"Newcastle";"Aston Villa";"IW";"0,3636";"0,2985";"0,3922";"Visitante";"Local";"✗"
"13/02/2022";"Tottenham";"Wolves";"IW";"0,5882";"0,2817";"0,1818";"Local";"Visitante";"✗"
"13/02/2022";"Leicester";"West Ham";"IW";"0,3509";"0,2899";"0,4082";"Visitante";"Empate";"✗"
"15/02/2022";"Man United";"Brighton";"IW";"0,5263";"0,2817";"0,2381";"Local";"Local";"✓"
"19/02/2022";"West Ham";"Newcastle";"IW";"0,5988";"0,2564";"0,1905";"Local";"Empate";"✗"
"19/02/2022";"Arsenal";"Brentford";"IW";"0,6452";"0,2564";"0,1538";"Local";"Local";"✓"
"19/02/2022";"Aston Villa";"Watford";"IW";"0,5988";"0,2532";"0,2000";"Local";"Visitante";"✗"
"19/02/2022";"Brighton";"Burnley";"IW";"0,6135";"0,2597";"0,1667";"Local";"Visitante";"✗"
"19/02/2022";"Crystal Palace";"Chelsea";"IW";"0,1905";"0,2740";"0,5882";"Visitante";"Visitante";"✓"
"19/02/2022";"Liverpool";"Norwich";"IW";"0,8929";"0,1111";"0,0435";"Local";"Local";"✓"
"19/02/2022";"Southampton";"Everton";"IW";"0,4651";"0,2899";"0,2899";"Local";"Local";"✓"
"19/02/2022";"Man City";"Tottenham";"IW";"0,7519";"0,1905";"0,1143";"Local";"Visitante";"✗"
"20/02/2022";"Leeds";"Man United";"IW";"0,2128";"0,2632";"0,5780";"Visitante";"Visitante";"✓"
"20/02/2022";"Wolves";"Leicester";"IW";"0,4545";"0,3175";"0,2817";"Local";"Local";"✓"
"23/02/2022";"Burnley";"Tottenham";"IW";"0,2273";"0,2857";"0,5405";"Visitante";"Local";"✗"
"23/02/2022";"Watford";"Crystal Palace";"IW";"0,3390";"0,3279";"0,3774";"Visitante";"Visitante";"✓"
"23/02/2022";"Liverpool";"Leeds";"IW";"0,8333";"0,1379";"0,0833";"Local";"Local";"✓"
"24/02/2022";"Arsenal";"Wolves";"IW";"0,5780";"0,2899";"0,1818";"Local";"Local";"✓"
"25/02/2022";"Southampton";"Norwich";"IW";"0,6369";"0,2381";"0,1739";"Local";"Local";"✓"
"26/02/2022";"Leeds";"Tottenham";"IW";"0,2778";"0,2667";"0,5076";"Visitante";"Visitante";"✓"
"26/02/2022";"Brentford";"Newcastle";"IW";"0,4082";"0,3279";"0,3125";"Local";"Visitante";"✗"
"26/02/2022";"Crystal Palace";"Burnley";"IW";"0,5263";"0,2985";"0,2174";"Local";"Empate";"✗"
"26/02/2022";"Man United";"Watford";"IW";"0,7407";"0,1905";"0,1212";"Local";"Empate";"✗"
"26/02/2022";"Brighton";"Aston Villa";"IW";"0,4545";"0,3125";"0,2857";"Local";"Visitante";"✗"
"26/02/2022";"Everton";"Man City";"IW";"0,0909";"0,1600";"0,8000";"Visitante";"Visitante";"✓"
"27/02/2022";"West Ham";"Wolves";"IW";"0,5128";"0,2985";"0,2326";"Local";"Local";"✓"
"01/03/2022";"Burnley";"Leicester";"IW";"0,3509";"0,3077";"0,3922";"Visitante";"Visitante";"✓"
"05/03/2022";"Leicester";"Leeds";"IW";"0,5000";"0,2632";"0,2899";"Local";"Local";"✓"
"05/03/2022";"Aston Villa";"Southampton";"IW";"0,4348";"0,2899";"0,3226";"Local";"Local";"✓"
"05/03/2022";"Burnley";"Chelsea";"IW";"0,1429";"0,2381";"0,6667";"Visitante";"Visitante";"✓"
"05/03/2022";"Newcastle";"Brighton";"IW";"0,3846";"0,3279";"0,3448";"Local";"Local";"✓"
"05/03/2022";"Norwich";"Brentford";"IW";"0,3279";"0,3175";"0,4082";"Visitante";"Visitante";"✓"
"05/03/2022";"Wolves";"Crystal Palace";"IW";"0,4255";"0,3390";"0,2899";"Local";"Visitante";"✗"
"05/03/2022";"Liverpool";"West Ham";"IW";"0,7874";"0,1667";"0,1000";"Local";"Local";"✓"
"06/03/2022";"Watford";"Arsenal";"IW";"0,1538";"0,2439";"0,6536";"Visitante";"Visitante";"✓"
"06/03/2022";"Man City";"Man United";"IW";"0,6897";"0,2083";"0,1481";"Local";"Local";"✓"
"07/03/2022";"Tottenham";"Everton";"IW";"0,5780";"0,2564";"0,2174";"Local";"Local";"✓"
"10/03/2022";"Norwich";"Chelsea";"IW";"0,1143";"0,2083";"0,7299";"Visitante";"Visitante";"✓"
"10/03/2022";"Southampton";"Newcastle";"IW";"0,4878";"0,2941";"0,2667";"Local";"Visitante";"✗"
"10/03/2022";"Wolves";"Watford";"IW";"0,5128";"0,2941";"0,2381";"Local";"Local";"✓"
"10/03/2022";"Leeds";"Aston Villa";"IW";"0,3571";"0,2857";"0,4082";"Visitante";"Visitante";"✓"
"12/03/2022";"Brighton";"Liverpool";"IW";"0,1600";"0,2174";"0,6667";"Visitante";"Visitante";"✓"
"12/03/2022";"Brentford";"Burnley";"IW";"0,4762";"0,3125";"0,2667";"Local";"Local";"✓"
"12/03/2022";"Man United";"Tottenham";"IW";"0,4255";"0,2899";"0,3333";"Local";"Local";"✓"
"13/03/2022";"Chelsea";"Newcastle";"IW";"0,6993";"0,2174";"0,1250";"Local";"Local";"✓"
"13/03/2022";"Everton";"Wolves";"IW";"0,4348";"0,3279";"0,2817";"Local";"Visitante";"✗"
"13/03/2022";"Leeds";"Norwich";"IW";"0,6135";"0,2381";"0,1905";"Local";"Local";"✓"
"13/03/2022";"Southampton";"Watford";"IW";"0,5988";"0,2532";"0,2041";"Local";"Visitante";"✗"
"13/03/2022";"West Ham";"Aston Villa";"IW";"0,4000";"0,3125";"0,3448";"Local";"Local";"✓"
"13/03/2022";"Arsenal";"Leicester";"IW";"0,6897";"0,2128";"0,1481";"Local";"Local";"✓"
"14/03/2022";"Crystal Palace";"Man City";"IW";"0,1000";"0,2000";"0,7519";"Visitante";"Empate";"✗"
"16/03/2022";"Brighton";"Tottenham";"IW";"0,2740";"0,3030";"0,4762";"Visitante";"Visitante";"✓"
"16/03/2022";"Arsenal";"Liverpool";"IW";"0,2857";"0,2778";"0,4878";"Visitante";"Visitante";"✓"
"17/03/2022";"Everton";"Newcastle";"IW";"0,4167";"0,3175";"0,3125";"Local";"Local";"✓"
"18/03/2022";"Wolves";"Leeds";"IW";"0,4545";"0,3030";"0,2941";"Local";"Visitante";"✗"
"19/03/2022";"Aston Villa";"Arsenal";"IW";"0,3448";"0,3030";"0,4000";"Visitante";"Visitante";"✓"
"20/03/2022";"Leicester";"Brentford";"IW";"0,4651";"0,3030";"0,2899";"Local";"Local";"✓"
"20/03/2022";"Tottenham";"West Ham";"IW";"0,5780";"0,2667";"0,2041";"Local";"Local";"✓"
"02/04/2022";"Liverpool";"Watford";"IW";"0,8696";"0,1250";"0,0500";"Local";"Local";"✓"
"02/04/2022";"Brighton";"Norwich";"IW";"0,6452";"0,2500";"0,1600";"Local";"Empate";"✗"
"02/04/2022";"Burnley";"Man City";"IW";"0,0667";"0,1538";"0,8333";"Visitante";"Visitante";"✓"
"02/04/2022";"Chelsea";"Brentford";"IW";"0,7143";"0,2174";"0,1176";"Local";"Visitante";"✗"
"02/04/2022";"Leeds";"Southampton";"IW";"0,4167";"0,2817";"0,3571";"Local";"Empate";"✗"
"02/04/2022";"Wolves";"Aston Villa";"IW";"0,3333";"0,3333";"0,3846";"Visitante";"Local";"✗"
"02/04/2022";"Man United";"Leicester";"IW";"0,6135";"0,2439";"0,1905";"Local";"Empate";"✗"
"03/04/2022";"West Ham";"Everton";"IW";"0,5650";"0,2667";"0,2174";"Local";"Local";"✓"
"03/04/2022";"Tottenham";"Newcastle";"IW";"0,6452";"0,2381";"0,1667";"Local";"Local";"✓"
"04/04/2022";"Crystal Palace";"Arsenal";"IW";"0,2597";"0,2985";"0,4878";"Visitante";"Local";"✗"
"06/04/2022";"Burnley";"Everton";"IW";"0,4000";"0,3226";"0,3279";"Local";"Local";"✓"
"08/04/2022";"Newcastle";"Wolves";"IW";"0,5076";"0,3077";"0,2326";"Local";"Local";"✓"
"09/04/2022";"Everton";"Man United";"IW";"0,2564";"0,2667";"0,5263";"Visitante";"Local";"✗"
"09/04/2022";"Arsenal";"Brighton";"IW";"0,6250";"0,2667";"0,1600";"Local";"Visitante";"✗"
"09/04/2022";"Southampton";"Chelsea";"IW";"0,2703";"0,2817";"0,5000";"Visitante";"Visitante";"✓"
"09/04/2022";"Watford";"Leeds";"IW";"0,3636";"0,2985";"0,3922";"Visitante";"Visitante";"✓"
"09/04/2022";"Aston Villa";"Tottenham";"IW";"0,3030";"0,2899";"0,4545";"Visitante";"Visitante";"✓"
"10/04/2022";"Brentford";"West Ham";"IW";"0,3774";"0,3125";"0,3636";"Local";"Local";"✓"
"10/04/2022";"Leicester";"Crystal Palace";"IW";"0,4000";"0,3125";"0,3390";"Local";"Local";"✓"
"10/04/2022";"Norwich";"Burnley";"IW";"0,3226";"0,3030";"0,4255";"Visitante";"Local";"✗"
"10/04/2022";"Man City";"Liverpool";"IW";"0,5000";"0,2778";"0,2778";"Local";"Empate";"✗"
"16/04/2022";"Tottenham";"Brighton";"IW";"0,6667";"0,2273";"0,1600";"Local";"Visitante";"✗"
"16/04/2022";"Man United";"Norwich";"IW";"0,7874";"0,1600";"0,1053";"Local";"Local";"✓"
"16/04/2022";"Southampton";"Arsenal";"IW";"0,2632";"0,2817";"0,5076";"Visitante";"Local";"✗"
"16/04/2022";"Watford";"Brentford";"IW";"0,3390";"0,3077";"0,4000";"Visitante";"Visitante";"✓"
"17/04/2022";"Newcastle";"Leicester";"IW";"0,5000";"0,2857";"0,2703";"Local";"Local";"✓"
"17/04/2022";"West Ham";"Burnley";"IW";"0,5464";"0,2941";"0,2083";"Local";"Empate";"✗"
"19/04/2022";"Liverpool";"Man United";"IW";"0,7143";"0,1905";"0,1379";"Local";"Local";"✓"
"20/04/2022";"Chelsea";"Arsenal";"IW";"0,5263";"0,2899";"0,2326";"Local";"Visitante";"✗"
"20/04/2022";"Everton";"Leicester";"IW";"0,3922";"0,3077";"0,3509";"Local";"Empate";"✗"
"20/04/2022";"Newcastle";"Crystal Palace";"IW";"0,4348";"0,3226";"0,2941";"Local";"Local";"✓"
"20/04/2022";"Man City";"Brighton";"IW";"0,8197";"0,1600";"0,0714";"Local";"Local";"✓"
"21/04/2022";"Burnley";"Southampton";"IW";"0,3774";"0,3030";"0,3636";"Local";"Local";"✓"
"23/04/2022";"Arsenal";"Man United";"IW";"0,5000";"0,2778";"0,2740";"Local";"Local";"✓"
"23/04/2022";"Leicester";"Aston Villa";"IW";"0,3390";"0,3030";"0,4082";"Visitante";"Empate";"✗"
"23/04/2022";"Man City";"Watford";"IW";"0,8929";"0,1053";"0,0455";"Local";"Local";"✓"
"23/04/2022";"Norwich";"Newcastle";"IW";"0,2941";"0,3030";"0,4545";"Visitante";"Visitante";"✓"
"23/04/2022";"Brentford";"Tottenham";"IW";"0,2128";"0,2532";"0,5882";"Visitante";"Empate";"✗"
"24/04/2022";"Brighton";"Southampton";"IW";"0,4762";"0,2941";"0,2740";"Local";"Empate";"✗"
"24/04/2022";"Burnley";"Wolves";"IW";"0,3922";"0,3279";"0,3333";"Local";"Local";"✓"
"24/04/2022";"Chelsea";"West Ham";"IW";"0,7143";"0,2083";"0,1290";"Local";"Local";"✓"
"24/04/2022";"Liverpool";"Everton";"IW";"0,8333";"0,1429";"0,0714";"Local";"Local";"✓"
"25/04/2022";"Crystal Palace";"Leeds";"IW";"0,4167";"0,2985";"0,3390";"Local";"Empate";"✗"
"28/04/2022";"Man United";"Chelsea";"IW";"0,2857";"0,2817";"0,4878";"Visitante";"Empate";"✗"
"30/04/2022";"Newcastle";"Liverpool";"IW";"0,1481";"0,2326";"0,6667";"Visitante";"Visitante";"✓"
"30/04/2022";"Aston Villa";"Norwich";"IW";"0,6993";"0,2083";"0,1379";"Local";"Local";"✓"
"30/04/2022";"Southampton";"Crystal Palace";"IW";"0,4082";"0,3175";"0,3226";"Local";"Visitante";"✗"
"30/04/2022";"Watford";"Burnley";"IW";"0,3846";"0,3226";"0,3509";"Local";"Visitante";"✗"
"30/04/2022";"Wolves";"Brighton";"IW";"0,3774";"0,3333";"0,3390";"Local";"Visitante";"✗"
"01/05/2022";"West Ham";"Arsenal";"IW";"0,2174";"0,2532";"0,5780";"Visitante";"Visitante";"✓"
"02/05/2022";"Man United";"Brentford";"IW";"0,5714";"0,2532";"0,2326";"Local";"Local";"✓"
"07/05/2022";"Brentford";"Southampton";"IW";"0,4651";"0,3125";"0,2740";"Local";"Local";"✓"
"07/05/2022";"Burnley";"Aston Villa";"IW";"0,3279";"0,3226";"0,4000";"Visitante";"Visitante";"✓"
"07/05/2022";"Chelsea";"Wolves";"IW";"0,7143";"0,2128";"0,1212";"Local";"Empate";"✗"
"07/05/2022";"Crystal Palace";"Watford";"IW";"0,5988";"0,2667";"0,1818";"Local";"Local";"✓"
"07/05/2022";"Brighton";"Man United";"IW";"0,3333";"0,3030";"0,4167";"Visitante";"Local";"✗"
"07/05/2022";"Liverpool";"Tottenham";"IW";"0,6993";"0,2000";"0,1481";"Local";"Empate";"✗"
"08/05/2022";"Arsenal";"Leeds";"IW";"0,6536";"0,2273";"0,1667";"Local";"Local";"✓"
"08/05/2022";"Leicester";"Everton";"IW";"0,3774";"0,3077";"0,3704";"Local";"Visitante";"✗"
"08/05/2022";"Norwich";"West Ham";"IW";"0,2083";"0,2532";"0,5882";"Visitante";"Visitante";"✓"
"08/05/2022";"Man City";"Newcastle";"IW";"0,8333";"0,1333";"0,0833";"Local";"Local";"✓"
"10/05/2022";"Aston Villa";"Liverpool";"IW";"0,1667";"0,2222";"0,6667";"Visitante";"Visitante";"✓"
"11/05/2022";"Leeds";"Chelsea";"IW";"0,2083";"0,2439";"0,5988";"Visitante";"Visitante";"✓"
"11/05/2022";"Leicester";"Norwich";"IW";"0,7519";"0,1818";"0,1176";"Local";"Local";"✓"
"11/05/2022";"Watford";"Everton";"IW";"0,1818";"0,2703";"0,5988";"Visitante";"Empate";"✗"
"11/05/2022";"Wolves";"Man City";"IW";"0,0769";"0,1818";"0,7874";"Visitante";"Visitante";"✓"
"12/05/2022";"Tottenham";"Arsenal";"IW";"0,4545";"0,2899";"0,3077";"Local";"Local";"✓"
"15/05/2022";"Tottenham";"Burnley";"IW";"0,7519";"0,1818";"0,1053";"Local";"Local";"✓"
"15/05/2022";"Aston Villa";"Crystal Palace";"IW";"0,5464";"0,2817";"0,2273";"Local";"Empate";"✗"
"15/05/2022";"Leeds";"Brighton";"IW";"0,3922";"0,2941";"0,3571";"Local";"Empate";"✗"
"15/05/2022";"Watford";"Leicester";"IW";"0,2083";"0,2564";"0,5882";"Visitante";"Visitante";"✓"
"15/05/2022";"West Ham";"Man City";"IW";"0,1379";"0,1905";"0,7143";"Visitante";"Empate";"✗"
"15/05/2022";"Wolves";"Norwich";"IW";"0,6536";"0,2273";"0,1739";"Local";"Empate";"✗"
"15/05/2022";"Everton";"Brentford";"IW";"0,5263";"0,2778";"0,2439";"Local";"Visitante";"✗"
"16/05/2022";"Newcastle";"Arsenal";"IW";"0,2128";"0,2667";"0,5714";"Visitante";"Local";"✗"
"17/05/2022";"Southampton";"Liverpool";"IW";"0,1481";"0,2083";"0,6897";"Visitante";"Visitante";"✓"
"19/05/2022";"Everton";"Crystal Palace";"IW";"0,5556";"0,2817";"0,2083";"Local";"Local";"✓"
"19/05/2022";"Aston Villa";"Burnley";"IW";"0,4762";"0,2941";"0,2857";"Local";"Empate";"✗"
"19/05/2022";"Chelsea";"Leicester";"IW";"0,6993";"0,2174";"0,1333";"Local";"Empate";"✗"
"22/05/2022";"Arsenal";"Everton";"IW";"0,7407";"0,1905";"0,1143";"Local";"Local";"✓"
"22/05/2022";"Brentford";"Leeds";"IW";"0,4167";"0,2703";"0,3636";"Local";"Visitante";"✗"
"22/05/2022";"Brighton";"West Ham";"IW";"0,3774";"0,2899";"0,3846";"Visitante";"Local";"✗"
"22/05/2022";"Burnley";"Newcastle";"IW";"0,4255";"0,2941";"0,3279";"Local";"Visitante";"✗"
"22/05/2022";"Chelsea";"Watford";"IW";"0,8197";"0,1481";"0,0769";"Local";"Local";"✓"
"22/05/2022";"Crystal Palace";"Man United";"IW";"0,3390";"0,2899";"0,4167";"Visitante";"Local";"✗"
"22/05/2022";"Leicester";"Southampton";"IW";"0,5780";"0,2381";"0,2326";"Local";"Local";"✓"
"22/05/2022";"Liverpool";"Wolves";"IW";"0,8696";"0,1250";"0,0588";"Local";"Local";"✓"
"22/05/2022";"Man City";"Aston Villa";"IW";"0,8696";"0,1250";"0,0588";"Local";"Local";"✓"
"22/05/2022";"Norwich";"Tottenham";"IW";"0,0833";"0,1600";"0,8000";"Visitante";"Visitante";"✓"
