"Fecha";"Local";"Visitante";"Casa";"Margen_pct";"PL_bruta";"PE_bruta";"PV_bruta";"Suma_bruta";"PL_mult";"PE_mult";"PV_mult";"Suma_mult";"PL_adit";"PE_adit";"PV_adit";"Suma_adit";"Exponente_n";"PL_log";"PE_log";"PV_log";"Suma_log"
"13/08/2021";"Brentford";"Arsenal";"B365";"5,8655";"0,2632";"0,3077";"0,4878";"1,0587";"0,2486";"0,2906";"0,4608";"1";"0,2436";"0,2881";"0,4683";"1";"1,05682";"0,2439";"0,2878";"0,4683";"1"
"14/08/2021";"Man United";"Leeds";"B365";"4,9689";"0,6211";"0,2381";"0,1905";"1,0497";"0,5917";"0,2268";"0,1815";"1";"0,6046";"0,2215";"0,1739";"1";"1,05383";"0,6054";"0,2204";"0,1742";"1"
"14/08/2021";"Burnley";"Brighton";"B365";"5,3325";"0,3226";"0,3226";"0,4082";"1,0533";"0,3062";"0,3062";"0,3875";"1";"0,3048";"0,3048";"0,3904";"1";"1,04996";"0,3049";"0,3049";"0,3903";"1"
"14/08/2021";"Chelsea";"Crystal Palace";"B365";"5,0616";"0,7692";"0,1905";"0,0909";"1,0506";"0,7322";"0,1813";"0,0865";"1";"0,7524";"0,1736";"0,0740";"1";"1,07256";"0,7547";"0,1689";"0,0764";"1"
"14/08/2021";"Everton";"Southampton";"B365";"5,0528";"0,5000";"0,2941";"0,2564";"1,0505";"0,4760";"0,2800";"0,2441";"1";"0,4832";"0,2773";"0,2396";"1";"1,04917";"0,4832";"0,2769";"0,2398";"1"
"14/08/2021";"Leicester";"Wolves";"B365";"5,4902";"0,5882";"0,2667";"0,2000";"1,0549";"0,5576";"0,2528";"0,1896";"1";"0,5699";"0,2484";"0,1817";"1";"1,05753";"0,5705";"0,2471";"0,1823";"1"
"14/08/2021";"Watford";"Aston Villa";"B365";"5,1693";"0,2941";"0,3030";"0,4545";"1,0517";"0,2797";"0,2881";"0,4322";"1";"0,2769";"0,2858";"0,4373";"1";"1,04913";"0,2770";"0,2858";"0,4373";"1"
"14/08/2021";"Norwich";"Liverpool";"B365";"5,8817";"0,1538";"0,2105";"0,6944";"1,0588";"0,1453";"0,1988";"0,6559";"1";"0,1342";"0,1909";"0,6748";"1";"1,07084";"0,1347";"0,1885";"0,6767";"1"
"15/08/2021";"Newcastle";"West Ham";"B365";"5,1693";"0,3030";"0,2941";"0,4545";"1,0517";"0,2881";"0,2797";"0,4322";"1";"0,2858";"0,2769";"0,4373";"1";"1,04913";"0,2858";"0,2770";"0,4373";"1"
"15/08/2021";"Tottenham";"Man City";"B365";"5,5730";"0,1667";"0,2439";"0,6452";"1,0557";"0,1579";"0,2310";"0,6111";"1";"0,1481";"0,2253";"0,6266";"1";"1,06256";"0,1490";"0,2233";"0,6277";"1"
"21/08/2021";"Liverpool";"Burnley";"B365";"5,7576";"0,8000";"0,1667";"0,0909";"1,0576";"0,7564";"0,1576";"0,0860";"1";"0,7808";"0,1475";"0,0717";"1";"1,08868";"0,7843";"0,1422";"0,0735";"1"
"21/08/2021";"Aston Villa";"Newcastle";"B365";"4,9660";"0,5556";"0,2632";"0,2309";"1,0497";"0,5293";"0,2507";"0,2200";"1";"0,5390";"0,2466";"0,2144";"1";"1,05027";"0,5394";"0,2461";"0,2145";"1"
"21/08/2021";"Crystal Palace";"Brentford";"B365";"5,4258";"0,3846";"0,3125";"0,3571";"1,0543";"0,3648";"0,2964";"0,3388";"1";"0,3665";"0,2944";"0,3391";"1";"1,05071";"0,3664";"0,2946";"0,3390";"1"
"21/08/2021";"Leeds";"Everton";"B365";"5,1297";"0,4878";"0,2857";"0,2778";"1,0513";"0,4640";"0,2718";"0,2642";"1";"0,4707";"0,2686";"0,2607";"1";"1,04952";"0,4708";"0,2685";"0,2607";"1"
"21/08/2021";"Man City";"Norwich";"B365";"5,7832";"0,9091";"0,1053";"0,0435";"1,0578";"0,8594";"0,0995";"0,0411";"1";"0,8898";"0,0860";"0,0242";"1";"1,14545";"0,8966";"0,0759";"0,0276";"1"
"21/08/2021";"Brighton";"Watford";"B365";"5,6489";"0,5882";"0,2778";"0,1905";"1,0565";"0,5568";"0,2629";"0,1803";"1";"0,5694";"0,2589";"0,1716";"1";"1,05942";"0,5700";"0,2574";"0,1726";"1"
"22/08/2021";"Southampton";"Man United";"B365";"4,6423";"0,1905";"0,2309";"0,6250";"1,0464";"0,1820";"0,2207";"0,5973";"1";"0,1750";"0,2155";"0,6095";"1";"1,05049";"0,1752";"0,2145";"0,6103";"1"
"22/08/2021";"Wolves";"Tottenham";"B365";"6,1403";"0,3571";"0,3226";"0,3817";"1,0614";"0,3365";"0,3039";"0,3596";"1";"0,3367";"0,3021";"0,3612";"1";"1,05749";"0,3366";"0,3023";"0,3611";"1"
"22/08/2021";"Arsenal";"Chelsea";"B365";"4,8477";"0,2222";"0,2857";"0,5405";"1,0485";"0,2119";"0,2725";"0,5155";"1";"0,2061";"0,2696";"0,5244";"1";"1,04861";"0,2066";"0,2688";"0,5246";"1"
"23/08/2021";"West Ham";"Leicester";"B365";"5,5612";"0,4167";"0,2941";"0,3448";"1,0556";"0,3947";"0,2786";"0,3267";"1";"0,3981";"0,2756";"0,3263";"1";"1,05235";"0,3980";"0,2759";"0,3261";"1"
"28/08/2021";"Man City";"Arsenal";"B365";"5,3467";"0,7519";"0,1905";"0,1111";"1,0535";"0,7137";"0,1808";"0,1055";"1";"0,7341";"0,1727";"0,0933";"1";"1,07270";"0,7365";"0,1688";"0,0947";"1"
"28/08/2021";"Aston Villa";"Brentford";"B365";"5,7692";"0,5000";"0,3077";"0,2500";"1,0577";"0,4727";"0,2909";"0,2364";"1";"0,4808";"0,2885";"0,2308";"1";"1,05633";"0,4809";"0,2879";"0,2312";"1"
"28/08/2021";"Brighton";"Everton";"B365";"5,5167";"0,4444";"0,3077";"0,3030";"1,0552";"0,4212";"0,2916";"0,2872";"1";"0,4261";"0,2893";"0,2846";"1";"1,05227";"0,4260";"0,2893";"0,2847";"1"
"28/08/2021";"Newcastle";"Southampton";"B365";"4,7209";"0,4167";"0,2857";"0,3448";"1,0472";"0,3979";"0,2728";"0,3293";"1";"0,4009";"0,2700";"0,3291";"1";"1,04435";"0,4008";"0,2703";"0,3289";"1"
"28/08/2021";"Norwich";"Leicester";"B365";"5,6414";"0,2381";"0,2778";"0,5405";"1,0564";"0,2254";"0,2629";"0,5117";"1";"0,2193";"0,2590";"0,5217";"1";"1,05651";"0,2195";"0,2584";"0,5221";"1"
"28/08/2021";"West Ham";"Crystal Palace";"B365";"5,7441";"0,6536";"0,2500";"0,1538";"1,0574";"0,6181";"0,2364";"0,1455";"1";"0,6344";"0,2309";"0,1347";"1";"1,06554";"0,6356";"0,2283";"0,1361";"1"
"28/08/2021";"Liverpool";"Chelsea";"B365";"5,6021";"0,4082";"0,3030";"0,3448";"1,0560";"0,3865";"0,2870";"0,3265";"1";"0,3895";"0,2844";"0,3262";"1";"1,05260";"0,3894";"0,2846";"0,3260";"1"
"29/08/2021";"Burnley";"Leeds";"B365";"5,2760";"0,3125";"0,2857";"0,4545";"1,0528";"0,2968";"0,2714";"0,4318";"1";"0,2949";"0,2681";"0,4370";"1";"1,05018";"0,2948";"0,2683";"0,4369";"1"
"29/08/2021";"Tottenham";"Watford";"B365";"5,4155";"0,7143";"0,2222";"0,1176";"1,0542";"0,6776";"0,2108";"0,1116";"1";"0,6962";"0,2042";"0,0996";"1";"1,06861";"0,6980";"0,2004";"0,1016";"1"
"29/08/2021";"Wolves";"Man United";"B365";"4,8622";"0,2105";"0,2667";"0,5714";"1,0486";"0,2008";"0,2543";"0,5449";"1";"0,1943";"0,2505";"0,5552";"1";"1,05002";"0,1947";"0,2496";"0,5557";"1"
"11/09/2021";"Crystal Palace";"Tottenham";"B365";"4,5080";"0,2632";"0,2941";"0,4878";"1,0451";"0,2518";"0,2814";"0,4668";"1";"0,2481";"0,2791";"0,4728";"1";"1,04349";"0,2483";"0,2789";"0,4728";"1"
"11/09/2021";"Arsenal";"Norwich";"B365";"6,0294";"0,7353";"0,2000";"0,1250";"1,0603";"0,6935";"0,1886";"0,1179";"1";"0,7152";"0,1799";"0,1049";"1";"1,07877";"0,7177";"0,1762";"0,1061";"1"
"11/09/2021";"Brentford";"Brighton";"B365";"4,8071";"0,3226";"0,3333";"0,3922";"1,0481";"0,3078";"0,3180";"0,3742";"1";"0,3066";"0,3173";"0,3761";"1";"1,04481";"0,3066";"0,3173";"0,3760";"1"
"11/09/2021";"Leicester";"Man City";"B365";"6,1594";"0,1905";"0,2500";"0,6211";"1,0616";"0,1794";"0,2355";"0,5851";"1";"0,1699";"0,2295";"0,6006";"1";"1,06687";"0,1705";"0,2279";"0,6016";"1"
"11/09/2021";"Man United";"Newcastle";"B365";"5,6981";"0,8475";"0,1429";"0,0667";"1,0570";"0,8018";"0,1352";"0,0631";"1";"0,8285";"0,1239";"0,0477";"1";"1,10396";"0,8330";"0,1167";"0,0503";"1"
"11/09/2021";"Southampton";"West Ham";"B365";"5,3830";"0,3333";"0,2857";"0,4348";"1,0538";"0,3163";"0,2711";"0,4126";"1";"0,3154";"0,2678";"0,4168";"1";"1,05090";"0,3152";"0,2681";"0,4167";"1"
"11/09/2021";"Watford";"Wolves";"B365";"6,5475";"0,2778";"0,3226";"0,4651";"1,0655";"0,2607";"0,3028";"0,4365";"1";"0,2560";"0,3008";"0,4433";"1";"1,06285";"0,2563";"0,3004";"0,4433";"1"
"11/09/2021";"Chelsea";"Aston Villa";"B365";"6,2991";"0,7519";"0,2000";"0,1111";"1,0630";"0,7073";"0,1881";"0,1045";"1";"0,7309";"0,1790";"0,0901";"1";"1,08570";"0,7337";"0,1742";"0,0920";"1"
"12/09/2021";"Leeds";"Liverpool";"B365";"5,5579";"0,2222";"0,2309";"0,6024";"1,0556";"0,2105";"0,2188";"0,5707";"1";"0,2037";"0,2124";"0,5839";"1";"1,05881";"0,2034";"0,2119";"0,5847";"1"
"13/09/2021";"Everton";"Burnley";"B365";"4,7619";"0,5714";"0,2857";"0,1905";"1,0476";"0,5455";"0,2727";"0,1818";"1";"0,5556";"0,2698";"0,1746";"1";"1,04931";"0,5559";"0,2686";"0,1755";"1"
"17/09/2021";"Newcastle";"Leeds";"B365";"5,4904";"0,3226";"0,2778";"0,4545";"1,0549";"0,3058";"0,2633";"0,4309";"1";"0,3043";"0,2595";"0,4362";"1";"1,05231";"0,3040";"0,2598";"0,4362";"1"
"18/09/2021";"Wolves";"Brentford";"B365";"6,3248";"0,5556";"0,3077";"0,2000";"1,0632";"0,5225";"0,2894";"0,1881";"1";"0,5345";"0,2866";"0,1789";"1";"1,06486";"0,5348";"0,2850";"0,1802";"1"
"18/09/2021";"Burnley";"Arsenal";"B365";"5,7265";"0,2667";"0,2778";"0,5128";"1,0573";"0,2522";"0,2627";"0,4850";"1";"0,2476";"0,2587";"0,4937";"1";"1,05619";"0,2476";"0,2585";"0,4939";"1"
"18/09/2021";"Liverpool";"Crystal Palace";"B365";"5,5163";"0,7812";"0,1739";"0,1000";"1,0552";"0,7404";"0,1648";"0,0948";"1";"0,7629";"0,1555";"0,0816";"1";"1,08054";"0,7659";"0,1511";"0,0831";"1"
"18/09/2021";"Man City";"Southampton";"B365";"6,1017";"0,8772";"0,1250";"0,0588";"1,0610";"0,8267";"0,1178";"0,0554";"1";"0,8569";"0,1047";"0,0385";"1";"1,12642";"0,8628";"0,0961";"0,0411";"1"
"18/09/2021";"Norwich";"Watford";"B365";"5,0505";"0,4444";"0,3030";"0,3030";"1,0505";"0,4231";"0,2885";"0,2885";"1";"0,4276";"0,2862";"0,2862";"1";"1,04779";"0,4276";"0,2862";"0,2862";"1"
"18/09/2021";"Aston Villa";"Everton";"B365";"5,6022";"0,4762";"0,2941";"0,2857";"1,0560";"0,4509";"0,2785";"0,2706";"1";"0,4575";"0,2754";"0,2670";"1";"1,05383";"0,4575";"0,2754";"0,2671";"1"
"19/09/2021";"Brighton";"Leicester";"B365";"5,3997";"0,4082";"0,3125";"0,3333";"1,0540";"0,3873";"0,2965";"0,3163";"1";"0,3902";"0,2945";"0,3153";"1";"1,05062";"0,3901";"0,2946";"0,3153";"1"
"19/09/2021";"West Ham";"Man United";"B365";"5,6809";"0,2381";"0,2632";"0,5556";"1,0568";"0,2253";"0,2490";"0,5257";"1";"0,2192";"0,2442";"0,5366";"1";"1,05754";"0,2192";"0,2437";"0,5371";"1"
"19/09/2021";"Tottenham";"Chelsea";"B365";"6,5605";"0,2309";"0,2941";"0,5405";"1,0656";"0,2167";"0,2760";"0,5073";"1";"0,2091";"0,2722";"0,5187";"1";"1,06598";"0,2097";"0,2713";"0,5190";"1"
"25/09/2021";"Chelsea";"Man City";"B365";"5,7328";"0,3448";"0,3125";"0,4000";"1,0573";"0,3261";"0,2956";"0,3783";"1";"0,3257";"0,2934";"0,3809";"1";"1,05374";"0,3257";"0,2936";"0,3808";"1"
"25/09/2021";"Man United";"Aston Villa";"B365";"6,0294";"0,7353";"0,2000";"0,1250";"1,0603";"0,6935";"0,1886";"0,1179";"1";"0,7152";"0,1799";"0,1049";"1";"1,07877";"0,7177";"0,1762";"0,1061";"1"
"25/09/2021";"Everton";"Norwich";"B365";"4,5378";"0,5882";"0,2667";"0,1905";"1,0454";"0,5627";"0,2551";"0,1822";"1";"0,5731";"0,2515";"0,1754";"1";"1,04759";"0,5736";"0,2504";"0,1760";"1"
"25/09/2021";"Leeds";"West Ham";"B365";"5,7388";"0,3448";"0,2778";"0,4348";"1,0574";"0,3261";"0,2627";"0,4112";"1";"0,3257";"0,2586";"0,4157";"1";"1,05442";"0,3254";"0,2591";"0,4155";"1"
"25/09/2021";"Leicester";"Burnley";"B365";"5,9695";"0,6061";"0,2632";"0,1905";"1,0597";"0,5719";"0,2483";"0,1797";"1";"0,5862";"0,2433";"0,1706";"1";"1,06383";"0,5870";"0,2417";"0,1713";"1"
"25/09/2021";"Watford";"Newcastle";"B365";"5,9233";"0,4878";"0,2857";"0,2857";"1,0592";"0,4605";"0,2697";"0,2697";"1";"0,4681";"0,2660";"0,2660";"1";"1,05729";"0,4681";"0,2659";"0,2659";"1"
"25/09/2021";"Brentford";"Liverpool";"B365";"5,9104";"0,1333";"0,1905";"0,7353";"1,0591";"0,1259";"0,1798";"0,6943";"1";"0,1136";"0,1708";"0,7156";"1";"1,07687";"0,1142";"0,1677";"0,7181";"1"
"26/09/2021";"Southampton";"Wolves";"B365";"5,6999";"0,4762";"0,3030";"0,2778";"1,0570";"0,4505";"0,2867";"0,2628";"1";"0,4572";"0,2840";"0,2588";"1";"1,05480";"0,4572";"0,2838";"0,2589";"1"
"26/09/2021";"Arsenal";"Tottenham";"B365";"5,3352";"0,4651";"0,2941";"0,2941";"1,0534";"0,4416";"0,2792";"0,2792";"1";"0,4473";"0,2763";"0,2763";"1";"1,05095";"0,4473";"0,2763";"0,2763";"1"
"27/09/2021";"Crystal Palace";"Brighton";"B365";"5,0094";"0,3571";"0,3226";"0,3704";"1,0501";"0,3401";"0,3072";"0,3527";"1";"0,3404";"0,3059";"0,3537";"1";"1,04664";"0,3404";"0,3060";"0,3536";"1"
"02/10/2021";"Man United";"Everton";"B365";"4,9007";"0,6452";"0,2500";"0,1538";"1,0490";"0,6150";"0,2383";"0,1467";"1";"0,6288";"0,2337";"0,1375";"1";"1,05528";"0,6297";"0,2316";"0,1387";"1"
"02/10/2021";"Burnley";"Norwich";"B365";"5,4094";"0,5263";"0,2778";"0,2500";"1,0541";"0,4993";"0,2635";"0,2372";"1";"0,5083";"0,2597";"0,2320";"1";"1,05356";"0,5085";"0,2594";"0,2321";"1"
"02/10/2021";"Chelsea";"Southampton";"B365";"4,9812";"0,7143";"0,2105";"0,1250";"1,0498";"0,6804";"0,2005";"0,1191";"1";"0,6977";"0,1939";"0,1084";"1";"1,06273";"0,6994";"0,1909";"0,1097";"1"
"02/10/2021";"Leeds";"Watford";"B365";"5,5080";"0,5814";"0,2632";"0,2105";"1,0551";"0,5510";"0,2494";"0,1995";"1";"0,5630";"0,2448";"0,1922";"1";"1,05722";"0,5636";"0,2438";"0,1926";"1"
"02/10/2021";"Wolves";"Newcastle";"B365";"5,4902";"0,5882";"0,2667";"0,2000";"1,0549";"0,5576";"0,2528";"0,1896";"1";"0,5699";"0,2484";"0,1817";"1";"1,05753";"0,5705";"0,2471";"0,1823";"1"
"02/10/2021";"Brighton";"Arsenal";"B365";"5,4975";"0,3125";"0,3077";"0,4348";"1,0550";"0,2962";"0,2917";"0,4121";"1";"0,2942";"0,2894";"0,4165";"1";"1,05192";"0,2942";"0,2894";"0,4164";"1"
"03/10/2021";"Crystal Palace";"Leicester";"B365";"4,6515";"0,3571";"0,3077";"0,3817";"1,0465";"0,3413";"0,2940";"0,3647";"1";"0,3416";"0,2922";"0,3662";"1";"1,04334";"0,3416";"0,2924";"0,3661";"1"
"03/10/2021";"Tottenham";"Aston Villa";"B365";"5,2193";"0,4878";"0,2941";"0,2703";"1,0522";"0,4636";"0,2795";"0,2569";"1";"0,4704";"0,2767";"0,2529";"1";"1,05042";"0,4705";"0,2765";"0,2530";"1"
"03/10/2021";"West Ham";"Brentford";"B365";"5,8588";"0,5814";"0,2667";"0,2105";"1,0586";"0,5492";"0,2519";"0,1989";"1";"0,5619";"0,2471";"0,1910";"1";"1,06092";"0,5625";"0,2460";"0,1915";"1"
"03/10/2021";"Liverpool";"Man City";"B365";"5,7388";"0,3448";"0,2778";"0,4348";"1,0574";"0,3261";"0,2627";"0,4112";"1";"0,3257";"0,2586";"0,4157";"1";"1,05442";"0,3254";"0,2591";"0,4155";"1"
"16/10/2021";"Watford";"Liverpool";"B365";"5,4255";"0,1111";"0,1739";"0,7692";"1,0543";"0,1054";"0,1650";"0,7296";"1";"0,0930";"0,1558";"0,7511";"1";"1,07649";"0,0939";"0,1521";"0,7539";"1"
"16/10/2021";"Aston Villa";"Wolves";"B365";"5,7692";"0,5000";"0,3077";"0,2500";"1,0577";"0,4727";"0,2909";"0,2364";"1";"0,4808";"0,2885";"0,2308";"1";"1,05633";"0,4809";"0,2879";"0,2312";"1"
"16/10/2021";"Leicester";"Man United";"B365";"5,7265";"0,2778";"0,2667";"0,5128";"1,0573";"0,2627";"0,2522";"0,4850";"1";"0,2587";"0,2476";"0,4937";"1";"1,05619";"0,2585";"0,2476";"0,4939";"1"
"16/10/2021";"Man City";"Burnley";"B365";"5,6600";"0,8929";"0,1111";"0,0526";"1,0566";"0,8450";"0,1052";"0,0498";"1";"0,8740";"0,0922";"0,0338";"1";"1,12794";"0,8800";"0,0839";"0,0361";"1"
"16/10/2021";"Norwich";"Brighton";"B365";"5,4945";"0,2564";"0,2857";"0,5128";"1,0549";"0,2431";"0,2708";"0,4861";"1";"0,2381";"0,2674";"0,4945";"1";"1,05392";"0,2383";"0,2671";"0,4947";"1"
"16/10/2021";"Southampton";"Leeds";"B365";"5,6999";"0,4762";"0,2778";"0,3030";"1,0570";"0,4505";"0,2628";"0,2867";"1";"0,4572";"0,2588";"0,2840";"1";"1,05480";"0,4572";"0,2589";"0,2838";"1"
"16/10/2021";"Brentford";"Chelsea";"B365";"5,5323";"0,1739";"0,2564";"0,6250";"1,0553";"0,1648";"0,2430";"0,5922";"1";"0,1555";"0,2380";"0,6066";"1";"1,06058";"0,1564";"0,2361";"0,6075";"1"
"17/10/2021";"Everton";"West Ham";"B365";"5,4258";"0,3571";"0,3125";"0,3846";"1,0543";"0,3388";"0,2964";"0,3648";"1";"0,3391";"0,2944";"0,3665";"1";"1,05071";"0,3390";"0,2946";"0,3664";"1"
"17/10/2021";"Newcastle";"Tottenham";"B365";"5,1297";"0,2857";"0,2778";"0,4878";"1,0513";"0,2718";"0,2642";"0,4640";"1";"0,2686";"0,2607";"0,4707";"1";"1,04952";"0,2685";"0,2607";"0,4708";"1"
"18/10/2021";"Arsenal";"Crystal Palace";"B365";"5,3609";"0,6369";"0,2500";"0,1667";"1,0536";"0,6045";"0,2373";"0,1582";"1";"0,6191";"0,2321";"0,1488";"1";"1,05961";"0,6200";"0,2302";"0,1498";"1"
"22/10/2021";"Arsenal";"Aston Villa";"B365";"5,7207";"0,5405";"0,2667";"0,2500";"1,0572";"0,5113";"0,2522";"0,2365";"1";"0,5215";"0,2476";"0,2309";"1";"1,05724";"0,5218";"0,2472";"0,2309";"1"
"23/10/2021";"Chelsea";"Norwich";"B365";"5,3005";"0,8197";"0,1667";"0,0667";"1,0530";"0,7784";"0,1583";"0,0633";"1";"0,8020";"0,1490";"0,0490";"1";"1,08861";"0,8054";"0,1422";"0,0524";"1"
"23/10/2021";"Crystal Palace";"Newcastle";"B365";"5,6414";"0,5405";"0,2778";"0,2381";"1,0564";"0,5117";"0,2629";"0,2254";"1";"0,5217";"0,2590";"0,2193";"1";"1,05651";"0,5221";"0,2584";"0,2195";"1"
"23/10/2021";"Everton";"Watford";"B365";"5,9733";"0,5714";"0,2778";"0,2105";"1,0597";"0,5392";"0,2621";"0,1987";"1";"0,5515";"0,2579";"0,1906";"1";"1,06163";"0,5521";"0,2567";"0,1913";"1"
"23/10/2021";"Leeds";"Wolves";"B365";"4,9392";"0,4219";"0,2941";"0,3333";"1,0494";"0,4021";"0,2803";"0,3176";"1";"0,4055";"0,2777";"0,3169";"1";"1,04643";"0,4054";"0,2779";"0,3168";"1"
"23/10/2021";"Southampton";"Burnley";"B365";"5,4094";"0,5263";"0,2778";"0,2500";"1,0541";"0,4993";"0,2635";"0,2372";"1";"0,5083";"0,2597";"0,2320";"1";"1,05356";"0,5085";"0,2594";"0,2321";"1"
"23/10/2021";"Brighton";"Man City";"B365";"6,3467";"0,1176";"0,2105";"0,7353";"1,0635";"0,1106";"0,1980";"0,6914";"1";"0,0965";"0,1894";"0,7141";"1";"1,08335";"0,0984";"0,1849";"0,7167";"1"
"24/10/2021";"Brentford";"Leicester";"B365";"4,2369";"0,3636";"0,2941";"0,3846";"1,0424";"0,3489";"0,2822";"0,3690";"1";"0,3495";"0,2800";"0,3705";"1";"1,03950";"0,3494";"0,2802";"0,3704";"1"
"24/10/2021";"West Ham";"Tottenham";"B365";"5,2760";"0,4545";"0,2857";"0,3125";"1,0528";"0,4318";"0,2714";"0,2968";"1";"0,4370";"0,2681";"0,2949";"1";"1,05018";"0,4369";"0,2683";"0,2948";"1"
"24/10/2021";"Man United";"Liverpool";"B365";"5,7388";"0,3448";"0,2778";"0,4348";"1,0574";"0,3261";"0,2627";"0,4112";"1";"0,3257";"0,2586";"0,4157";"1";"1,05442";"0,3254";"0,2591";"0,4155";"1"
"30/10/2021";"Leicester";"Arsenal";"B365";"5,1020";"0,4082";"0,2857";"0,3571";"1,0510";"0,3883";"0,2718";"0,3398";"1";"0,3912";"0,2687";"0,3401";"1";"1,04794";"0,3910";"0,2691";"0,3399";"1"
"30/10/2021";"Burnley";"Brentford";"B365";"5,5628";"0,3846";"0,3226";"0,3484";"1,0556";"0,3643";"0,3056";"0,3301";"1";"0,3661";"0,3040";"0,3299";"1";"1,05197";"0,3660";"0,3042";"0,3299";"1"
"30/10/2021";"Liverpool";"Brighton";"B365";"5,7576";"0,8000";"0,1667";"0,0909";"1,0576";"0,7564";"0,1576";"0,0860";"1";"0,7808";"0,1475";"0,0717";"1";"1,08868";"0,7843";"0,1422";"0,0735";"1"
"30/10/2021";"Man City";"Crystal Palace";"B365";"5,6600";"0,8929";"0,1111";"0,0526";"1,0566";"0,8450";"0,1052";"0,0498";"1";"0,8740";"0,0922";"0,0338";"1";"1,12794";"0,8800";"0,0839";"0,0361";"1"
"30/10/2021";"Newcastle";"Chelsea";"B365";"5,0000";"0,1333";"0,2222";"0,6944";"1,0500";"0,1270";"0,2116";"0,6614";"1";"0,1167";"0,2056";"0,6778";"1";"1,06077";"0,1180";"0,2028";"0,6792";"1"
"30/10/2021";"Watford";"Southampton";"B365";"5,3861";"0,3030";"0,2857";"0,4651";"1,0539";"0,2875";"0,2711";"0,4413";"1";"0,2851";"0,2678";"0,4472";"1";"1,05146";"0,2850";"0,2679";"0,4472";"1"
"30/10/2021";"Tottenham";"Man United";"B365";"5,5556";"0,3333";"0,2778";"0,4444";"1,0556";"0,3158";"0,2632";"0,4211";"1";"0,3148";"0,2593";"0,4259";"1";"1,05278";"0,3146";"0,2596";"0,4258";"1"
"31/10/2021";"Norwich";"Leeds";"B365";"5,7265";"0,2778";"0,2667";"0,5128";"1,0573";"0,2627";"0,2522";"0,4850";"1";"0,2587";"0,2476";"0,4937";"1";"1,05619";"0,2585";"0,2476";"0,4939";"1"
"31/10/2021";"Aston Villa";"West Ham";"B365";"5,2483";"0,3448";"0,2857";"0,4219";"1,0525";"0,3276";"0,2715";"0,4009";"1";"0,3273";"0,2682";"0,4044";"1";"1,04946";"0,3271";"0,2685";"0,4043";"1"
"01/11/2021";"Wolves";"Everton";"B365";"5,5394";"0,4651";"0,3125";"0,2778";"1,0554";"0,4407";"0,2961";"0,2632";"1";"0,4467";"0,2940";"0,2593";"1";"1,05299";"0,4466";"0,2938";"0,2595";"1"
"05/11/2021";"Southampton";"Aston Villa";"B365";"5,5556";"0,5000";"0,2778";"0,2778";"1,0556";"0,4737";"0,2632";"0,2632";"1";"0,4815";"0,2593";"0,2593";"1";"1,05406";"0,4816";"0,2592";"0,2592";"1"
"06/11/2021";"Man United";"Man City";"B365";"5,1031";"0,2105";"0,2381";"0,6024";"1,0510";"0,2003";"0,2265";"0,5732";"1";"0,1935";"0,2211";"0,5854";"1";"1,05403";"0,1935";"0,2203";"0,5861";"1"
"06/11/2021";"Brentford";"Norwich";"B365";"5,6818";"0,6250";"0,2500";"0,1818";"1,0568";"0,5914";"0,2366";"0,1720";"1";"0,6061";"0,2311";"0,1629";"1";"1,06205";"0,6070";"0,2294";"0,1636";"1"
"06/11/2021";"Chelsea";"Burnley";"B365";"5,5060";"0,7812";"0,1905";"0,0833";"1,0551";"0,7405";"0,1805";"0,0790";"1";"0,7629";"0,1721";"0,0650";"1";"1,08173";"0,7656";"0,1663";"0,0680";"1"
"06/11/2021";"Crystal Palace";"Wolves";"B365";"5,1481";"0,4348";"0,3226";"0,2941";"1,0515";"0,4135";"0,3068";"0,2797";"1";"0,4176";"0,3054";"0,2770";"1";"1,04859";"0,4175";"0,3053";"0,2771";"1"
"06/11/2021";"Brighton";"Newcastle";"B365";"5,8357";"0,6536";"0,2381";"0,1667";"1,0584";"0,6176";"0,2250";"0,1575";"1";"0,6341";"0,2186";"0,1472";"1";"1,06619";"0,6355";"0,2165";"0,1480";"1"
"07/11/2021";"Arsenal";"Watford";"B365";"5,8817";"0,6944";"0,2105";"0,1538";"1,0588";"0,6559";"0,1988";"0,1453";"1";"0,6748";"0,1909";"0,1342";"1";"1,07084";"0,6767";"0,1885";"0,1347";"1"
"07/11/2021";"Everton";"Tottenham";"B365";"5,1693";"0,2941";"0,3030";"0,4545";"1,0517";"0,2797";"0,2881";"0,4322";"1";"0,2769";"0,2858";"0,4373";"1";"1,04913";"0,2770";"0,2858";"0,4373";"1"
"07/11/2021";"Leeds";"Leicester";"B365";"5,2009";"0,3846";"0,2857";"0,3817";"1,0520";"0,3656";"0,2716";"0,3628";"1";"0,3673";"0,2684";"0,3643";"1";"1,04882";"0,3671";"0,2688";"0,3641";"1"
"07/11/2021";"West Ham";"Liverpool";"B365";"5,3426";"0,2381";"0,2439";"0,5714";"1,0534";"0,2260";"0,2315";"0,5424";"1";"0,2203";"0,2261";"0,5536";"1";"1,05481";"0,2201";"0,2257";"0,5542";"1"
"20/11/2021";"Leicester";"Chelsea";"B365";"5,4902";"0,2000";"0,2667";"0,5882";"1,0549";"0,1896";"0,2528";"0,5576";"1";"0,1817";"0,2484";"0,5699";"1";"1,05753";"0,1823";"0,2471";"0,5705";"1"
"20/11/2021";"Aston Villa";"Brighton";"B365";"5,6021";"0,4082";"0,3030";"0,3448";"1,0560";"0,3865";"0,2870";"0,3265";"1";"0,3895";"0,2844";"0,3262";"1";"1,05260";"0,3894";"0,2846";"0,3260";"1"
"20/11/2021";"Burnley";"Crystal Palace";"B365";"5,1322";"0,3571";"0,3125";"0,3817";"1,0513";"0,3397";"0,2972";"0,3630";"1";"0,3400";"0,2954";"0,3646";"1";"1,04789";"0,3400";"0,2956";"0,3645";"1"
"20/11/2021";"Newcastle";"Brentford";"B365";"5,5612";"0,4167";"0,2941";"0,3448";"1,0556";"0,3947";"0,2786";"0,3267";"1";"0,3981";"0,2756";"0,3263";"1";"1,05235";"0,3980";"0,2759";"0,3261";"1"
"20/11/2021";"Norwich";"Southampton";"B365";"5,9233";"0,2857";"0,2857";"0,4878";"1,0592";"0,2697";"0,2697";"0,4605";"1";"0,2660";"0,2660";"0,4681";"1";"1,05729";"0,2659";"0,2659";"0,4681";"1"
"20/11/2021";"Watford";"Man United";"B365";"6,5724";"0,1538";"0,2222";"0,6897";"1,0657";"0,1444";"0,2085";"0,6471";"1";"0,1319";"0,2003";"0,6677";"1";"1,07866";"0,1328";"0,1974";"0,6698";"1"
"20/11/2021";"Wolves";"West Ham";"B365";"5,2214";"0,3226";"0,3077";"0,4219";"1,0522";"0,3066";"0,2924";"0,4010";"1";"0,3052";"0,2903";"0,4045";"1";"1,04908";"0,3052";"0,2904";"0,4044";"1"
"20/11/2021";"Liverpool";"Arsenal";"B365";"5,1106";"0,6667";"0,2105";"0,1739";"1,0511";"0,6343";"0,2003";"0,1655";"1";"0,6496";"0,1935";"0,1569";"1";"1,05876";"0,6510";"0,1921";"0,1569";"1"
"21/11/2021";"Man City";"Everton";"B365";"5,3846";"0,8333";"0,1538";"0,0667";"1,0538";"0,7908";"0,1460";"0,0633";"1";"0,8154";"0,1359";"0,0487";"1";"1,09378";"0,8192";"0,1291";"0,0517";"1"
"21/11/2021";"Tottenham";"Leeds";"B365";"5,3609";"0,6369";"0,2500";"0,1667";"1,0536";"0,6045";"0,2373";"0,1582";"1";"0,6191";"0,2321";"0,1488";"1";"1,05961";"0,6200";"0,2302";"0,1498";"1"
"27/11/2021";"Arsenal";"Newcastle";"B365";"5,5556";"0,6667";"0,2222";"0,1667";"1,0556";"0,6316";"0,2105";"0,1579";"1";"0,6481";"0,2037";"0,1481";"1";"1,06403";"0,6496";"0,2018";"0,1486";"1"
"27/11/2021";"Crystal Palace";"Aston Villa";"B365";"5,0505";"0,4444";"0,3030";"0,3030";"1,0505";"0,4231";"0,2885";"0,2885";"1";"0,4276";"0,2862";"0,2862";"1";"1,04779";"0,4276";"0,2862";"0,2862";"1"
"27/11/2021";"Liverpool";"Southampton";"B365";"5,7576";"0,8000";"0,1667";"0,0909";"1,0576";"0,7564";"0,1576";"0,0860";"1";"0,7808";"0,1475";"0,0717";"1";"1,08868";"0,7843";"0,1422";"0,0735";"1"
"27/11/2021";"Norwich";"Wolves";"B365";"5,3861";"0,2857";"0,3030";"0,4651";"1,0539";"0,2711";"0,2875";"0,4413";"1";"0,2678";"0,2851";"0,4472";"1";"1,05146";"0,2679";"0,2850";"0,4472";"1"
"27/11/2021";"Brighton";"Leeds";"B365";"6,2264";"0,4651";"0,3030";"0,2941";"1,0623";"0,4379";"0,2853";"0,2769";"1";"0,4444";"0,2823";"0,2734";"1";"1,05962";"0,4444";"0,2822";"0,2734";"1"
"28/11/2021";"Brentford";"Everton";"B365";"5,8523";"0,4651";"0,3077";"0,2857";"1,0585";"0,4394";"0,2907";"0,2699";"1";"0,4456";"0,2882";"0,2662";"1";"1,05600";"0,4456";"0,2880";"0,2664";"1"
"28/11/2021";"Leicester";"Watford";"B365";"5,9695";"0,6061";"0,2632";"0,1905";"1,0597";"0,5719";"0,2483";"0,1797";"1";"0,5862";"0,2433";"0,1706";"1";"1,06383";"0,5870";"0,2417";"0,1713";"1"
"28/11/2021";"Man City";"West Ham";"B365";"5,7576";"0,8000";"0,1667";"0,0909";"1,0576";"0,7564";"0,1576";"0,0860";"1";"0,7808";"0,1475";"0,0717";"1";"1,08868";"0,7843";"0,1422";"0,0735";"1"
"28/11/2021";"Chelsea";"Man United";"B365";"5,7441";"0,6536";"0,2500";"0,1538";"1,0574";"0,6181";"0,2364";"0,1455";"1";"0,6344";"0,2309";"0,1347";"1";"1,06554";"0,6356";"0,2283";"0,1361";"1"
"30/11/2021";"Newcastle";"Norwich";"B365";"5,2381";"0,5000";"0,2857";"0,2667";"1,0524";"0,4751";"0,2715";"0,2534";"1";"0,4825";"0,2683";"0,2492";"1";"1,05095";"0,4827";"0,2680";"0,2493";"1"
"30/11/2021";"Leeds";"Crystal Palace";"B365";"5,6355";"0,4545";"0,2941";"0,3077";"1,0564";"0,4303";"0,2784";"0,2913";"1";"0,4358";"0,2753";"0,2889";"1";"1,05363";"0,4357";"0,2754";"0,2888";"1"
"01/12/2021";"Southampton";"Leicester";"B365";"5,2739";"0,4444";"0,2857";"0,3226";"1,0527";"0,4222";"0,2714";"0,3064";"1";"0,4269";"0,2681";"0,3050";"1";"1,04999";"0,4268";"0,2684";"0,3048";"1"
"01/12/2021";"Watford";"Chelsea";"B365";"5,3467";"0,1111";"0,1905";"0,7519";"1,0535";"0,1055";"0,1808";"0,7137";"1";"0,0933";"0,1727";"0,7341";"1";"1,07270";"0,0947";"0,1688";"0,7365";"1"
"01/12/2021";"West Ham";"Brighton";"B365";"5,6938";"0,5128";"0,2941";"0,2500";"1,0569";"0,4852";"0,2783";"0,2365";"1";"0,4938";"0,2751";"0,2310";"1";"1,05596";"0,4940";"0,2747";"0,2313";"1"
"01/12/2021";"Wolves";"Burnley";"B365";"5,8529";"0,5263";"0,2941";"0,2381";"1,0585";"0,4972";"0,2779";"0,2249";"1";"0,5068";"0,2746";"0,2186";"1";"1,05813";"0,5070";"0,2739";"0,2190";"1"
"01/12/2021";"Aston Villa";"Man City";"B365";"6,3459";"0,1429";"0,2309";"0,6897";"1,0635";"0,1343";"0,2172";"0,6485";"1";"0,1217";"0,2098";"0,6685";"1";"1,07635";"0,1231";"0,2065";"0,6704";"1"
"01/12/2021";"Everton";"Liverpool";"B365";"6,0294";"0,1250";"0,2000";"0,7353";"1,0603";"0,1179";"0,1886";"0,6935";"1";"0,1049";"0,1799";"0,7152";"1";"1,07877";"0,1061";"0,1762";"0,7177";"1"
"02/12/2021";"Tottenham";"Brentford";"B365";"5,9346";"0,6211";"0,2564";"0,1818";"1,0593";"0,5863";"0,2420";"0,1716";"1";"0,6013";"0,2366";"0,1620";"1";"1,06459";"0,6023";"0,2348";"0,1629";"1"
"02/12/2021";"Man United";"Arsenal";"B365";"5,6022";"0,4762";"0,2857";"0,2941";"1,0560";"0,4509";"0,2706";"0,2785";"1";"0,4575";"0,2670";"0,2754";"1";"1,05383";"0,4575";"0,2671";"0,2754";"1"
"04/12/2021";"West Ham";"Chelsea";"B365";"4,8622";"0,2105";"0,2667";"0,5714";"1,0486";"0,2008";"0,2543";"0,5449";"1";"0,1943";"0,2505";"0,5552";"1";"1,05002";"0,1947";"0,2496";"0,5557";"1"
"04/12/2021";"Newcastle";"Burnley";"B365";"6,2234";"0,4348";"0,2941";"0,3333";"1,0622";"0,4093";"0,2769";"0,3138";"1";"0,4140";"0,2734";"0,3126";"1";"1,05898";"0,4139";"0,2736";"0,3124";"1"
"04/12/2021";"Southampton";"Brighton";"B365";"5,5628";"0,3846";"0,3226";"0,3484";"1,0556";"0,3643";"0,3056";"0,3301";"1";"0,3661";"0,3040";"0,3299";"1";"1,05197";"0,3660";"0,3042";"0,3299";"1"
"04/12/2021";"Wolves";"Liverpool";"B365";"5,2941";"0,1176";"0,2000";"0,7353";"1,0529";"0,1117";"0,1899";"0,6983";"1";"0,1000";"0,1824";"0,7176";"1";"1,06946";"0,1014";"0,1788";"0,7198";"1"
"04/12/2021";"Watford";"Man City";"B365";"5,9524";"0,0833";"0,1429";"0,8333";"1,0595";"0,0787";"0,1348";"0,7865";"1";"0,0635";"0,1230";"0,8135";"1";"1,10162";"0,0647";"0,1172";"0,8180";"1"
"05/12/2021";"Leeds";"Brentford";"B365";"5,4385";"0,5464";"0,2857";"0,2222";"1,0544";"0,5183";"0,2710";"0,2108";"1";"0,5283";"0,2676";"0,2041";"1";"1,05485";"0,5286";"0,2667";"0,2046";"1"
"05/12/2021";"Man United";"Crystal Palace";"B365";"5,1460";"0,6667";"0,2309";"0,1538";"1,0515";"0,6340";"0,2196";"0,1463";"1";"0,6495";"0,2138";"0,1367";"1";"1,05958";"0,6508";"0,2116";"0,1376";"1"
"05/12/2021";"Tottenham";"Norwich";"B365";"5,9524";"0,6944";"0,2222";"0,1429";"1,0595";"0,6554";"0,2097";"0,1348";"1";"0,6746";"0,2024";"0,1230";"1";"1,07206";"0,6764";"0,1994";"0,1242";"1"
"05/12/2021";"Aston Villa";"Leicester";"B365";"5,1693";"0,4545";"0,2941";"0,3030";"1,0517";"0,4322";"0,2797";"0,2881";"1";"0,4373";"0,2769";"0,2858";"1";"1,04913";"0,4373";"0,2770";"0,2858";"1"
"06/12/2021";"Everton";"Arsenal";"B365";"5,1297";"0,2778";"0,2857";"0,4878";"1,0513";"0,2642";"0,2718";"0,4640";"1";"0,2607";"0,2686";"0,4707";"1";"1,04952";"0,2607";"0,2685";"0,4708";"1"
"10/12/2021";"Brentford";"Watford";"B365";"5,9626";"0,4082";"0,3030";"0,3484";"1,0596";"0,3852";"0,2860";"0,3288";"1";"0,3883";"0,2832";"0,3286";"1";"1,05607";"0,3882";"0,2834";"0,3284";"1"
"11/12/2021";"Man City";"Wolves";"B365";"5,4825";"0,8772";"0,1250";"0,0526";"1,0548";"0,8316";"0,1185";"0,0499";"1";"0,8589";"0,1067";"0,0344";"1";"1,11500";"0,8641";"0,0984";"0,0375";"1"
"11/12/2021";"Arsenal";"Southampton";"B365";"6,0317";"0,5714";"0,2667";"0,2222";"1,0603";"0,5389";"0,2515";"0,2096";"1";"0,5513";"0,2466";"0,2021";"1";"1,06207";"0,5519";"0,2457";"0,2024";"1"
"11/12/2021";"Chelsea";"Leeds";"B365";"6,4103";"0,8333";"0,1538";"0,0769";"1,0641";"0,7831";"0,1446";"0,0723";"1";"0,8120";"0,1325";"0,0556";"1";"1,11003";"0,8168";"0,1252";"0,0580";"1"
"11/12/2021";"Liverpool";"Aston Villa";"B365";"5,6852";"0,8197";"0,1538";"0,0833";"1,0569";"0,7756";"0,1456";"0,0789";"1";"0,8007";"0,1349";"0,0644";"1";"1,09310";"0,8046";"0,1292";"0,0661";"1"
"11/12/2021";"Norwich";"Man United";"B365";"5,9524";"0,1429";"0,2222";"0,6944";"1,0595";"0,1348";"0,2097";"0,6554";"1";"0,1230";"0,2024";"0,6746";"1";"1,07206";"0,1242";"0,1994";"0,6764";"1"
"12/12/2021";"Burnley";"West Ham";"B365";"5,6022";"0,2941";"0,2857";"0,4762";"1,0560";"0,2785";"0,2706";"0,4509";"1";"0,2754";"0,2670";"0,4575";"1";"1,05383";"0,2754";"0,2671";"0,4575";"1"
"12/12/2021";"Leicester";"Newcastle";"B365";"4,8762";"0,5882";"0,2500";"0,2105";"1,0488";"0,5609";"0,2384";"0,2007";"1";"0,5720";"0,2337";"0,1943";"1";"1,05090";"0,5726";"0,2330";"0,1945";"1"
"12/12/2021";"Crystal Palace";"Everton";"B365";"5,5357";"0,4762";"0,3125";"0,2667";"1,0554";"0,4512";"0,2961";"0,2527";"1";"0,4577";"0,2940";"0,2482";"1";"1,05327";"0,4577";"0,2937";"0,2485";"1"
"14/12/2021";"Norwich";"Aston Villa";"B365";"5,6022";"0,2857";"0,2941";"0,4762";"1,0560";"0,2706";"0,2785";"0,4509";"1";"0,2670";"0,2754";"0,4575";"1";"1,05383";"0,2671";"0,2754";"0,4575";"1"
"14/12/2021";"Man City";"Leeds";"B365";"6,1507";"0,8772";"0,1176";"0,0667";"1,0615";"0,8264";"0,1108";"0,0628";"1";"0,8567";"0,0971";"0,0462";"1";"1,12615";"0,8628";"0,0898";"0,0474";"1"
"15/12/2021";"Brighton";"Wolves";"B365";"4,4803";"0,5000";"0,3226";"0,2222";"1,0448";"0,4786";"0,3087";"0,2127";"1";"0,4851";"0,3076";"0,2073";"1";"1,04389";"0,4850";"0,3070";"0,2080";"1"
"15/12/2021";"Crystal Palace";"Southampton";"B365";"5,6938";"0,5128";"0,2941";"0,2500";"1,0569";"0,4852";"0,2783";"0,2365";"1";"0,4938";"0,2751";"0,2310";"1";"1,05596";"0,4940";"0,2747";"0,2313";"1"
"15/12/2021";"Arsenal";"West Ham";"B365";"5,5556";"0,5000";"0,2778";"0,2778";"1,0556";"0,4737";"0,2632";"0,2632";"1";"0,4815";"0,2593";"0,2593";"1";"1,05406";"0,4816";"0,2592";"0,2592";"1"
"16/12/2021";"Chelsea";"Everton";"B365";"5,3935";"0,8475";"0,1538";"0,0526";"1,0539";"0,8041";"0,1460";"0,0499";"1";"0,8295";"0,1359";"0,0347";"1";"1,10069";"0,8335";"0,1274";"0,0391";"1"
"16/12/2021";"Liverpool";"Newcastle";"B365";"5,3783";"0,9009";"0,1053";"0,0476";"1,0538";"0,8549";"0,0999";"0,0452";"1";"0,8830";"0,0873";"0,0297";"1";"1,12829";"0,8889";"0,0789";"0,0322";"1"
"18/12/2021";"Leeds";"Arsenal";"B365";"5,8366";"0,1905";"0,2309";"0,6369";"1,0584";"0,1800";"0,2182";"0,6018";"1";"0,1710";"0,2115";"0,6175";"1";"1,06444";"0,1712";"0,2101";"0,6187";"1"
"19/12/2021";"Newcastle";"Man City";"B365";"5,9631";"0,0476";"0,1111";"0,9009";"1,0596";"0,0449";"0,1049";"0,8502";"1";"0,0277";"0,0912";"0,8810";"1";"1,14168";"0,0309";"0,0814";"0,8877";"1"
"19/12/2021";"Wolves";"Chelsea";"B365";"5,7331";"0,1818";"0,2941";"0,5814";"1,0573";"0,1720";"0,2782";"0,5499";"1";"0,1627";"0,2750";"0,5623";"1";"1,06024";"0,1641";"0,2732";"0,5627";"1"
"19/12/2021";"Tottenham";"Liverpool";"B365";"5,6838";"0,2105";"0,2439";"0,6024";"1,0568";"0,1992";"0,2308";"0,5700";"1";"0,1916";"0,2250";"0,5835";"1";"1,06023";"0,1917";"0,2240";"0,5843";"1"
"26/12/2021";"Man City";"Leicester";"B365";"5,1681";"0,8929";"0,1000";"0,0588";"1,0517";"0,8490";"0,0951";"0,0559";"1";"0,8756";"0,0828";"0,0416";"1";"1,11626";"0,8812";"0,0765";"0,0423";"1"
"26/12/2021";"Norwich";"Arsenal";"B365";"4,2735";"0,1538";"0,2222";"0,6667";"1,0427";"0,1475";"0,2131";"0,6393";"1";"0,1396";"0,2080";"0,6524";"1";"1,04942";"0,1403";"0,2063";"0,6534";"1"
"26/12/2021";"Tottenham";"Crystal Palace";"B365";"5,1393";"0,5882";"0,2632";"0,2000";"1,0514";"0,5595";"0,2503";"0,1902";"1";"0,5711";"0,2460";"0,1829";"1";"1,05381";"0,5717";"0,2449";"0,1834";"1"
"26/12/2021";"West Ham";"Southampton";"B365";"5,6140";"0,5263";"0,2667";"0,2632";"1,0561";"0,4983";"0,2525";"0,2492";"1";"0,5076";"0,2480";"0,2444";"1";"1,05557";"0,5079";"0,2478";"0,2443";"1"
"26/12/2021";"Aston Villa";"Chelsea";"B365";"5,9695";"0,1905";"0,2632";"0,6061";"1,0597";"0,1797";"0,2483";"0,5719";"1";"0,1706";"0,2433";"0,5862";"1";"1,06383";"0,1713";"0,2417";"0,5870";"1"
"26/12/2021";"Brighton";"Brentford";"B365";"5,1380";"0,5263";"0,2941";"0,2309";"1,0514";"0,5006";"0,2797";"0,2197";"1";"0,5092";"0,2770";"0,2138";"1";"1,05100";"0,5094";"0,2763";"0,2143";"1"
"27/12/2021";"Newcastle";"Man United";"B365";"5,4028";"0,1538";"0,2105";"0,6897";"1,0540";"0,1460";"0,1997";"0,6543";"1";"0,1358";"0,1925";"0,6716";"1";"1,06459";"0,1363";"0,1904";"0,6733";"1"
"28/12/2021";"Crystal Palace";"Norwich";"B365";"5,7586";"0,5814";"0,2857";"0,1905";"1,0576";"0,5497";"0,2702";"0,1801";"1";"0,5622";"0,2665";"0,1713";"1";"1,06026";"0,5627";"0,2649";"0,1724";"1"
"28/12/2021";"Southampton";"Tottenham";"B365";"5,2381";"0,2667";"0,2857";"0,5000";"1,0524";"0,2534";"0,2715";"0,4751";"1";"0,2492";"0,2683";"0,4825";"1";"1,05095";"0,2493";"0,2680";"0,4827";"1"
"28/12/2021";"Watford";"West Ham";"B365";"5,7265";"0,2778";"0,2667";"0,5128";"1,0573";"0,2627";"0,2522";"0,4850";"1";"0,2587";"0,2476";"0,4937";"1";"1,05619";"0,2585";"0,2476";"0,4939";"1"
"28/12/2021";"Leicester";"Liverpool";"B365";"5,9028";"0,1111";"0,1667";"0,7812";"1,0590";"0,1049";"0,1574";"0,7377";"1";"0,0914";"0,1470";"0,7616";"1";"1,08551";"0,0921";"0,1430";"0,7649";"1"
"29/12/2021";"Chelsea";"Brighton";"B365";"5,7143";"0,7519";"0,2000";"0,1053";"1,0571";"0,7112";"0,1892";"0,0996";"1";"0,7328";"0,1810";"0,0862";"1";"1,07808";"0,7353";"0,1764";"0,0883";"1"
"29/12/2021";"Brentford";"Man City";"B365";"6,2792";"0,0588";"0,1111";"0,8929";"1,0628";"0,0553";"0,1045";"0,8401";"1";"0,0379";"0,0902";"0,8719";"1";"1,14014";"0,0395";"0,0817";"0,8788";"1"
"30/12/2021";"Man United";"Burnley";"B365";"6,0294";"0,7353";"0,2000";"0,1250";"1,0603";"0,6935";"0,1886";"0,1179";"1";"0,7152";"0,1799";"0,1049";"1";"1,07877";"0,7177";"0,1762";"0,1061";"1"
"01/01/2022";"Arsenal";"Man City";"B365";"5,3571";"0,1905";"0,2381";"0,6250";"1,0536";"0,1808";"0,2260";"0,5932";"1";"0,1726";"0,2202";"0,6071";"1";"1,05832";"0,1729";"0,2190";"0,6081";"1"
"01/01/2022";"Watford";"Tottenham";"B365";"5,6818";"0,1818";"0,2500";"0,6250";"1,0568";"0,1720";"0,2366";"0,5914";"1";"0,1629";"0,2311";"0,6061";"1";"1,06205";"0,1636";"0,2294";"0,6070";"1"
"01/01/2022";"Crystal Palace";"West Ham";"B365";"5,3352";"0,2941";"0,2941";"0,4651";"1,0534";"0,2792";"0,2792";"0,4416";"1";"0,2763";"0,2763";"0,4473";"1";"1,05095";"0,2763";"0,2763";"0,4473";"1"
"02/01/2022";"Brentford";"Aston Villa";"B365";"5,6992";"0,3571";"0,3077";"0,3922";"1,0570";"0,3379";"0,2911";"0,3710";"1";"0,3381";"0,2887";"0,3732";"1";"1,05340";"0,3380";"0,2889";"0,3730";"1"
"02/01/2022";"Everton";"Brighton";"B365";"5,5914";"0,3333";"0,3226";"0,4000";"1,0559";"0,3157";"0,3055";"0,3788";"1";"0,3147";"0,3039";"0,3814";"1";"1,05235";"0,3147";"0,3040";"0,3813";"1"
"02/01/2022";"Leeds";"Burnley";"B365";"6,3492";"0,5000";"0,2857";"0,2778";"1,0635";"0,4701";"0,2687";"0,2612";"1";"0,4788";"0,2646";"0,2566";"1";"1,06190";"0,4790";"0,2644";"0,2566";"1"
"02/01/2022";"Chelsea";"Liverpool";"B365";"5,6085";"0,4000";"0,2857";"0,3704";"1,0561";"0,3788";"0,2705";"0,3507";"1";"0,3813";"0,2670";"0,3517";"1";"1,05278";"0,3811";"0,2674";"0,3515";"1"
"03/01/2022";"Man United";"Wolves";"B365";"4,6640";"0,6061";"0,2667";"0,1739";"1,0466";"0,5791";"0,2548";"0,1662";"1";"0,5905";"0,2511";"0,1584";"1";"1,05004";"0,5911";"0,2496";"0,1593";"1"
"11/01/2022";"Southampton";"Brentford";"B365";"6,1661";"0,4762";"0,3077";"0,2778";"1,0617";"0,4485";"0,2898";"0,2616";"1";"0,4556";"0,2871";"0,2572";"1";"1,05937";"0,4557";"0,2869";"0,2574";"1"
"12/01/2022";"West Ham";"Norwich";"B365";"6,0294";"0,7353";"0,2000";"0,1250";"1,0603";"0,6935";"0,1886";"0,1179";"1";"0,7152";"0,1799";"0,1049";"1";"1,07877";"0,7177";"0,1762";"0,1061";"1"
"14/01/2022";"Brighton";"Crystal Palace";"B365";"5,3993";"0,4878";"0,3030";"0,2632";"1,0540";"0,4628";"0,2875";"0,2497";"1";"0,4698";"0,2850";"0,2452";"1";"1,05223";"0,4699";"0,2847";"0,2454";"1"
"15/01/2022";"Man City";"Chelsea";"B365";"5,3571";"0,6250";"0,2381";"0,1905";"1,0536";"0,5932";"0,2260";"0,1808";"1";"0,6071";"0,2202";"0,1726";"1";"1,05832";"0,6081";"0,2190";"0,1729";"1"
"15/01/2022";"Newcastle";"Watford";"B365";"4,9660";"0,5556";"0,2632";"0,2309";"1,0497";"0,5293";"0,2507";"0,2200";"1";"0,5390";"0,2466";"0,2144";"1";"1,05027";"0,5394";"0,2461";"0,2145";"1"
"15/01/2022";"Norwich";"Everton";"B365";"5,3861";"0,2857";"0,3030";"0,4651";"1,0539";"0,2711";"0,2875";"0,4413";"1";"0,2678";"0,2851";"0,4472";"1";"1,05146";"0,2679";"0,2850";"0,4472";"1"
"15/01/2022";"Wolves";"Southampton";"B365";"5,8305";"0,4219";"0,3333";"0,3030";"1,0583";"0,3987";"0,3150";"0,2863";"1";"0,4025";"0,3139";"0,2836";"1";"1,05494";"0,4024";"0,3138";"0,2838";"1"
"15/01/2022";"Aston Villa";"Man United";"B365";"4,9351";"0,4000";"0,2857";"0,3636";"1,0494";"0,3812";"0,2723";"0,3465";"1";"0,3835";"0,2693";"0,3472";"1";"1,04630";"0,3834";"0,2696";"0,3470";"1"
"16/01/2022";"Liverpool";"Brentford";"B365";"5,6852";"0,8197";"0,1538";"0,0833";"1,0569";"0,7756";"0,1456";"0,0789";"1";"0,8007";"0,1349";"0,0644";"1";"1,09310";"0,8046";"0,1292";"0,0661";"1"
"16/01/2022";"West Ham";"Leeds";"B365";"5,9213";"0,6211";"0,2381";"0,2000";"1,0592";"0,5864";"0,2248";"0,1888";"1";"0,6014";"0,2184";"0,1803";"1";"1,06411";"0,6024";"0,2172";"0,1804";"1"
"18/01/2022";"Brighton";"Chelsea";"B365";"7,0664";"0,1905";"0,2778";"0,6024";"1,0707";"0,1779";"0,2594";"0,5627";"1";"0,1669";"0,2542";"0,5789";"1";"1,07553";"0,1681";"0,2522";"0,5798";"1"
"19/01/2022";"Leicester";"Tottenham";"B365";"5,2739";"0,3226";"0,2857";"0,4444";"1,0527";"0,3064";"0,2714";"0,4222";"1";"0,3050";"0,2681";"0,4269";"1";"1,04999";"0,3048";"0,2684";"0,4268";"1"
"19/01/2022";"Brentford";"Man United";"B365";"5,1978";"0,2174";"0,2632";"0,5714";"1,0520";"0,2067";"0,2502";"0,5432";"1";"0,2001";"0,2458";"0,5541";"1";"1,05344";"0,2004";"0,2450";"0,5546";"1"
"21/01/2022";"Watford";"Norwich";"B365";"5,2381";"0,5000";"0,2857";"0,2667";"1,0524";"0,4751";"0,2715";"0,2534";"1";"0,4825";"0,2683";"0,2492";"1";"1,05095";"0,4827";"0,2680";"0,2493";"1"
"22/01/2022";"Everton";"Aston Villa";"B365";"4,6167";"0,3704";"0,2941";"0,3817";"1,0462";"0,3540";"0,2811";"0,3648";"1";"0,3550";"0,2787";"0,3663";"1";"1,04311";"0,3548";"0,2790";"0,3662";"1"
"22/01/2022";"Brentford";"Wolves";"B365";"5,2214";"0,4219";"0,3226";"0,3077";"1,0522";"0,4010";"0,3066";"0,2924";"1";"0,4045";"0,3052";"0,2903";"1";"1,04908";"0,4044";"0,3052";"0,2904";"1"
"22/01/2022";"Leeds";"Newcastle";"B365";"4,9393";"0,5263";"0,2564";"0,2667";"1,0494";"0,5015";"0,2443";"0,2541";"1";"0,5099";"0,2399";"0,2502";"1";"1,04883";"0,5101";"0,2399";"0,2500";"1"
"22/01/2022";"Man United";"West Ham";"B365";"5,1297";"0,4878";"0,2778";"0,2857";"1,0513";"0,4640";"0,2642";"0,2718";"1";"0,4707";"0,2607";"0,2686";"1";"1,04952";"0,4708";"0,2607";"0,2685";"1"
"22/01/2022";"Southampton";"Man City";"B365";"5,7576";"0,0909";"0,1667";"0,8000";"1,0576";"0,0860";"0,1576";"0,7564";"1";"0,0717";"0,1475";"0,7808";"1";"1,08868";"0,0735";"0,1422";"0,7843";"1"
"23/01/2022";"Arsenal";"Burnley";"B365";"6,2635";"0,7812";"0,1905";"0,0909";"1,0626";"0,7352";"0,1792";"0,0856";"1";"0,7604";"0,1696";"0,0700";"1";"1,09223";"0,7637";"0,1635";"0,0729";"1"
"23/01/2022";"Crystal Palace";"Liverpool";"B365";"5,7170";"0,1739";"0,2381";"0,6452";"1,0572";"0,1645";"0,2252";"0,6103";"1";"0,1549";"0,2190";"0,6261";"1";"1,06401";"0,1555";"0,2172";"0,6273";"1"
"23/01/2022";"Leicester";"Brighton";"B365";"5,1261";"0,4000";"0,2941";"0,3571";"1,0513";"0,3805";"0,2798";"0,3397";"1";"0,3829";"0,2770";"0,3401";"1";"1,04805";"0,3828";"0,2773";"0,3399";"1"
"23/01/2022";"Chelsea";"Tottenham";"B365";"5,4902";"0,5882";"0,2667";"0,2000";"1,0549";"0,5576";"0,2528";"0,1896";"1";"0,5699";"0,2484";"0,1817";"1";"1,05753";"0,5705";"0,2471";"0,1823";"1"
"05/02/2022";"Burnley";"Watford";"B365";"5,0586";"0,4651";"0,3077";"0,2778";"1,0506";"0,4427";"0,2929";"0,2644";"1";"0,4483";"0,2908";"0,2609";"1";"1,04831";"0,4482";"0,2907";"0,2611";"1"
"08/02/2022";"Newcastle";"Everton";"B365";"6,0173";"0,4000";"0,3030";"0,3571";"1,0602";"0,3773";"0,2858";"0,3369";"1";"0,3799";"0,2830";"0,3371";"1";"1,05654";"0,3798";"0,2832";"0,3369";"1"
"08/02/2022";"West Ham";"Watford";"B365";"5,8357";"0,6536";"0,2381";"0,1667";"1,0584";"0,6176";"0,2250";"0,1575";"1";"0,6341";"0,2186";"0,1472";"1";"1,06619";"0,6355";"0,2165";"0,1480";"1"
"08/02/2022";"Burnley";"Man United";"B365";"4,9923";"0,1667";"0,2381";"0,6452";"1,0499";"0,1587";"0,2268";"0,6145";"1";"0,1500";"0,2215";"0,6285";"1";"1,05598";"0,1508";"0,2197";"0,6295";"1"
"09/02/2022";"Man City";"Brentford";"B365";"6,3950";"0,9346";"0,0909";"0,0385";"1,0640";"0,8784";"0,0854";"0,0361";"1";"0,9133";"0,0696";"0,0171";"1";"1,19372";"0,9224";"0,0571";"0,0205";"1"
"09/02/2022";"Norwich";"Crystal Palace";"B365";"4,5924";"0,2778";"0,3030";"0,4651";"1,0459";"0,2656";"0,2897";"0,4447";"1";"0,2625";"0,2877";"0,4498";"1";"1,04379";"0,2626";"0,2876";"0,4498";"1"
"09/02/2022";"Tottenham";"Southampton";"B365";"6,1594";"0,6211";"0,2500";"0,1905";"1,0616";"0,5851";"0,2355";"0,1794";"1";"0,6006";"0,2295";"0,1699";"1";"1,06687";"0,6016";"0,2279";"0,1705";"1"
"09/02/2022";"Aston Villa";"Leeds";"B365";"5,3756";"0,5128";"0,2632";"0,2778";"1,0538";"0,4867";"0,2497";"0,2636";"1";"0,4949";"0,2452";"0,2599";"1";"1,05271";"0,4951";"0,2453";"0,2596";"1"
"10/02/2022";"Liverpool";"Leicester";"B365";"6,7238";"0,8475";"0,1429";"0,0769";"1,0672";"0,7941";"0,1339";"0,0721";"1";"0,8250";"0,1204";"0,0545";"1";"1,12088";"0,8307";"0,1129";"0,0564";"1"
"10/02/2022";"Wolves";"Arsenal";"B365";"5,0305";"0,2500";"0,3125";"0,4878";"1,0503";"0,2380";"0,2975";"0,4644";"1";"0,2332";"0,2957";"0,4710";"1";"1,04872";"0,2337";"0,2953";"0,4710";"1"
"12/02/2022";"Man United";"Southampton";"B365";"5,8455";"0,6536";"0,2309";"0,1739";"1,0585";"0,6175";"0,2182";"0,1643";"1";"0,6341";"0,2115";"0,1544";"1";"1,06613";"0,6355";"0,2096";"0,1549";"1"
"12/02/2022";"Brentford";"Crystal Palace";"B365";"5,5914";"0,3333";"0,3226";"0,4000";"1,0559";"0,3157";"0,3055";"0,3788";"1";"0,3147";"0,3039";"0,3814";"1";"1,05235";"0,3147";"0,3040";"0,3813";"1"
"12/02/2022";"Everton";"Leeds";"B365";"5,4550";"0,3922";"0,2778";"0,3846";"1,0546";"0,3719";"0,2634";"0,3647";"1";"0,3740";"0,2596";"0,3664";"1";"1,05140";"0,3737";"0,2601";"0,3662";"1"
"12/02/2022";"Watford";"Brighton";"B365";"5,6938";"0,2500";"0,2941";"0,5128";"1,0569";"0,2365";"0,2783";"0,4852";"1";"0,2310";"0,2751";"0,4938";"1";"1,05596";"0,2313";"0,2747";"0,4940";"1"
"12/02/2022";"Norwich";"Man City";"B365";"4,7458";"0,0667";"0,1333";"0,8475";"1,0475";"0,0636";"0,1273";"0,8091";"1";"0,0508";"0,1175";"0,8316";"1";"1,08682";"0,0527";"0,1119";"0,8354";"1"
"13/02/2022";"Burnley";"Liverpool";"B365";"7,0513";"0,0833";"0,1538";"0,8333";"1,0705";"0,0778";"0,1437";"0,7784";"1";"0,0598";"0,1303";"0,8098";"1";"1,12008";"0,0618";"0,1229";"0,8153";"1"
"13/02/2022";"Newcastle";"Aston Villa";"B365";"5,8824";"0,3636";"0,3030";"0,3922";"1,0588";"0,3434";"0,2862";"0,3704";"1";"0,3440";"0,2834";"0,3725";"1";"1,05520";"0,3439";"0,2837";"0,3724";"1"
"13/02/2022";"Tottenham";"Wolves";"B365";"5,0894";"0,6024";"0,2667";"0,1818";"1,0509";"0,5732";"0,2538";"0,1730";"1";"0,5854";"0,2497";"0,1649";"1";"1,05430";"0,5861";"0,2482";"0,1657";"1"
"13/02/2022";"Leicester";"West Ham";"B365";"5,5612";"0,3448";"0,2941";"0,4167";"1,0556";"0,3267";"0,2786";"0,3947";"1";"0,3263";"0,2756";"0,3981";"1";"1,05235";"0,3261";"0,2759";"0,3980";"1"
"15/02/2022";"Man United";"Brighton";"B365";"5,9733";"0,5714";"0,2778";"0,2105";"1,0597";"0,5392";"0,2621";"0,1987";"1";"0,5515";"0,2579";"0,1906";"1";"1,06163";"0,5521";"0,2567";"0,1913";"1"
"19/02/2022";"West Ham";"Newcastle";"B365";"5,2936";"0,6211";"0,2500";"0,1818";"1,0529";"0,5899";"0,2374";"0,1727";"1";"0,6035";"0,2324";"0,1642";"1";"1,05753";"0,6043";"0,2308";"0,1648";"1"
"19/02/2022";"Arsenal";"Brentford";"B365";"5,8333";"0,6667";"0,2667";"0,1250";"1,0583";"0,6299";"0,2520";"0,1181";"1";"0,6472";"0,2472";"0,1056";"1";"1,06899";"0,6483";"0,2434";"0,1083";"1"
"19/02/2022";"Aston Villa";"Watford";"B365";"5,4825";"0,6250";"0,2632";"0,1667";"1,0548";"0,5925";"0,2495";"0,1580";"1";"0,6067";"0,2449";"0,1484";"1";"1,06023";"0,6076";"0,2428";"0,1496";"1"
"19/02/2022";"Brighton";"Burnley";"B365";"5,0505";"0,6061";"0,2778";"0,1667";"1,0505";"0,5769";"0,2644";"0,1587";"1";"0,5892";"0,2609";"0,1498";"1";"1,05445";"0,5898";"0,2591";"0,1512";"1"
"19/02/2022";"Crystal Palace";"Chelsea";"B365";"5,4545";"0,1818";"0,2667";"0,6061";"1,0545";"0,1724";"0,2529";"0,5747";"1";"0,1636";"0,2485";"0,5879";"1";"1,05844";"0,1646";"0,2468";"0,5886";"1"
"19/02/2022";"Liverpool";"Norwich";"B365";"5,6944";"0,8929";"0,1053";"0,0588";"1,0569";"0,8448";"0,0996";"0,0557";"1";"0,8739";"0,0863";"0,0398";"1";"1,12759";"0,8800";"0,0790";"0,0410";"1"
"19/02/2022";"Southampton";"Everton";"B365";"5,5556";"0,5000";"0,2778";"0,2778";"1,0556";"0,4737";"0,2632";"0,2632";"1";"0,4815";"0,2593";"0,2593";"1";"1,05406";"0,4816";"0,2592";"0,2592";"1"
"19/02/2022";"Man City";"Tottenham";"B365";"5,5163";"0,7812";"0,1739";"0,1000";"1,0552";"0,7404";"0,1648";"0,0948";"1";"0,7629";"0,1555";"0,0816";"1";"1,08054";"0,7659";"0,1511";"0,0831";"1"
"20/02/2022";"Leeds";"Man United";"B365";"5,1031";"0,2105";"0,2381";"0,6024";"1,0510";"0,2003";"0,2265";"0,5732";"1";"0,1935";"0,2211";"0,5854";"1";"1,05403";"0,1935";"0,2203";"0,5861";"1"
"20/02/2022";"Wolves";"Leicester";"B365";"4,4823";"0,4545";"0,3125";"0,2778";"1,0448";"0,4350";"0,2991";"0,2659";"1";"0,4396";"0,2976";"0,2628";"1";"1,04255";"0,4395";"0,2974";"0,2630";"1"
"23/02/2022";"Burnley";"Tottenham";"B365";"4,6448";"0,2222";"0,2778";"0,5464";"1,0464";"0,2124";"0,2654";"0,5222";"1";"0,2067";"0,2623";"0,5310";"1";"1,04674";"0,2071";"0,2616";"0,5312";"1"
"23/02/2022";"Watford";"Crystal Palace";"B365";"5,5628";"0,3484";"0,3226";"0,3846";"1,0556";"0,3301";"0,3056";"0,3643";"1";"0,3299";"0,3040";"0,3661";"1";"1,05197";"0,3299";"0,3042";"0,3660";"1"
"23/02/2022";"Liverpool";"Leeds";"B365";"5,7714";"0,8475";"0,1333";"0,0769";"1,0577";"0,8012";"0,1261";"0,0727";"1";"0,8282";"0,1141";"0,0577";"1";"1,10407";"0,8330";"0,1081";"0,0589";"1"
"24/02/2022";"Arsenal";"Wolves";"B365";"7,2809";"0,6211";"0,2778";"0,1739";"1,0728";"0,5790";"0,2589";"0,1621";"1";"0,5968";"0,2535";"0,1496";"1";"1,07980";"0,5980";"0,2508";"0,1513";"1"
"25/02/2022";"Southampton";"Norwich";"B365";"5,4735";"0,6897";"0,2222";"0,1429";"1,0547";"0,6539";"0,2107";"0,1354";"1";"0,6714";"0,2040";"0,1246";"1";"1,06576";"0,6730";"0,2013";"0,1257";"1"
"26/02/2022";"Leeds";"Tottenham";"B365";"5,7265";"0,2667";"0,2778";"0,5128";"1,0573";"0,2522";"0,2627";"0,4850";"1";"0,2476";"0,2587";"0,4937";"1";"1,05619";"0,2476";"0,2585";"0,4939";"1"
"26/02/2022";"Brentford";"Newcastle";"B365";"5,2739";"0,4444";"0,3226";"0,2857";"1,0527";"0,4222";"0,3064";"0,2714";"1";"0,4269";"0,3050";"0,2681";"1";"1,04999";"0,4268";"0,3048";"0,2684";"1"
"26/02/2022";"Crystal Palace";"Burnley";"B365";"5,1568";"0,5263";"0,3030";"0,2222";"1,0516";"0,5005";"0,2882";"0,2113";"1";"0,5091";"0,2858";"0,2050";"1";"1,05132";"0,5093";"0,2850";"0,2057";"1"
"26/02/2022";"Man United";"Watford";"B365";"6,8627";"0,7353";"0,2000";"0,1333";"1,0686";"0,6881";"0,1872";"0,1248";"1";"0,7124";"0,1771";"0,1105";"1";"1,08927";"0,7154";"0,1732";"0,1114";"1"
"26/02/2022";"Brighton";"Aston Villa";"B365";"5,3352";"0,4651";"0,2941";"0,2941";"1,0534";"0,4416";"0,2792";"0,2792";"1";"0,4473";"0,2763";"0,2763";"1";"1,05095";"0,4473";"0,2763";"0,2763";"1"
"26/02/2022";"Everton";"Man City";"B365";"5,0000";"0,0833";"0,1667";"0,8000";"1,0500";"0,0794";"0,1587";"0,7619";"1";"0,0667";"0,1500";"0,7833";"1";"1,07763";"0,0687";"0,1450";"0,7863";"1"
"27/02/2022";"West Ham";"Wolves";"B365";"4,6798";"0,5128";"0,3030";"0,2309";"1,0468";"0,4899";"0,2895";"0,2206";"1";"0,4972";"0,2874";"0,2153";"1";"1,04603";"0,4973";"0,2868";"0,2159";"1"
"01/03/2022";"Burnley";"Leicester";"B365";"5,2520";"0,3448";"0,3077";"0,4000";"1,0525";"0,3276";"0,2923";"0,3800";"1";"0,3273";"0,2902";"0,3825";"1";"1,04916";"0,3272";"0,2904";"0,3824";"1"
"05/03/2022";"Leicester";"Leeds";"B365";"4,3360";"0,4878";"0,2778";"0,2778";"1,0434";"0,4675";"0,2662";"0,2662";"1";"0,4734";"0,2633";"0,2633";"1";"1,04178";"0,4734";"0,2633";"0,2633";"1"
"05/03/2022";"Aston Villa";"Southampton";"B365";"6,5475";"0,4651";"0,2778";"0,3226";"1,0655";"0,4365";"0,2607";"0,3028";"1";"0,4433";"0,2560";"0,3008";"1";"1,06285";"0,4433";"0,2563";"0,3004";"1"
"05/03/2022";"Burnley";"Chelsea";"B365";"7,2682";"0,1429";"0,2632";"0,6667";"1,0727";"0,1332";"0,2453";"0,6215";"1";"0,1186";"0,2389";"0,6424";"1";"1,08511";"0,1211";"0,2349";"0,6441";"1"
"05/03/2022";"Newcastle";"Brighton";"B365";"5,3241";"0,3704";"0,3125";"0,3704";"1,0532";"0,3516";"0,2967";"0,3516";"1";"0,3526";"0,2948";"0,3526";"1";"1,04971";"0,3525";"0,2949";"0,3525";"1"
"05/03/2022";"Norwich";"Brentford";"B365";"6,1828";"0,3226";"0,3226";"0,4167";"1,0618";"0,3038";"0,3038";"0,3924";"1";"0,3020";"0,3020";"0,3961";"1";"1,05822";"0,3020";"0,3020";"0,3960";"1"
"05/03/2022";"Wolves";"Crystal Palace";"B365";"5,1481";"0,4348";"0,3226";"0,2941";"1,0515";"0,4135";"0,3068";"0,2797";"1";"0,4176";"0,3054";"0,2770";"1";"1,04859";"0,4175";"0,3053";"0,2771";"1"
"05/03/2022";"Liverpool";"West Ham";"B365";"4,5863";"0,8197";"0,1429";"0,0833";"1,0459";"0,7837";"0,1366";"0,0797";"1";"0,8044";"0,1276";"0,0680";"1";"1,07528";"0,8075";"0,1234";"0,0691";"1"
"06/03/2022";"Watford";"Arsenal";"B365";"5,8608";"0,1538";"0,2381";"0,6667";"1,0586";"0,1453";"0,2249";"0,6298";"1";"0,1343";"0,2186";"0,6471";"1";"1,06794";"0,1355";"0,2160";"0,6486";"1"
"06/03/2022";"Man City";"Man United";"B365";"7,9365";"0,7143";"0,2222";"0,1429";"1,0794";"0,6618";"0,2059";"0,1324";"1";"0,6878";"0,1958";"0,1164";"1";"1,09925";"0,6908";"0,1914";"0,1178";"1"
"07/03/2022";"Tottenham";"Everton";"B365";"6,1920";"0,5882";"0,2632";"0,2105";"1,0619";"0,5539";"0,2478";"0,1983";"1";"0,5676";"0,2425";"0,1899";"1";"1,06481";"0,5683";"0,2413";"0,1903";"1"
"10/03/2022";"Norwich";"Chelsea";"B365";"6,3467";"0,1176";"0,2105";"0,7353";"1,0635";"0,1106";"0,1980";"0,6914";"1";"0,0965";"0,1894";"0,7141";"1";"1,08335";"0,0984";"0,1849";"0,7167";"1"
"10/03/2022";"Southampton";"Newcastle";"B365";"5,4094";"0,5263";"0,2778";"0,2500";"1,0541";"0,4993";"0,2635";"0,2372";"1";"0,5083";"0,2597";"0,2320";"1";"1,05356";"0,5085";"0,2594";"0,2321";"1"
"10/03/2022";"Wolves";"Watford";"B365";"5,8529";"0,5263";"0,2941";"0,2381";"1,0585";"0,4972";"0,2779";"0,2249";"1";"0,5068";"0,2746";"0,2186";"1";"1,05813";"0,5070";"0,2739";"0,2190";"1"
"10/03/2022";"Leeds";"Aston Villa";"B365";"5,9524";"0,3571";"0,2857";"0,4167";"1,0595";"0,3371";"0,2697";"0,3933";"1";"0,3373";"0,2659";"0,3968";"1";"1,05622";"0,3371";"0,2663";"0,3967";"1"
"12/03/2022";"Brighton";"Liverpool";"B365";"5,4735";"0,1429";"0,2222";"0,6897";"1,0547";"0,1354";"0,2107";"0,6539";"1";"0,1246";"0,2040";"0,6714";"1";"1,06576";"0,1257";"0,2013";"0,6730";"1"
"12/03/2022";"Brentford";"Burnley";"B365";"5,8655";"0,4878";"0,3077";"0,2632";"1,0587";"0,4608";"0,2906";"0,2486";"1";"0,4683";"0,2881";"0,2436";"1";"1,05682";"0,4683";"0,2878";"0,2439";"1"
"12/03/2022";"Man United";"Tottenham";"B365";"5,2739";"0,4444";"0,2857";"0,3226";"1,0527";"0,4222";"0,2714";"0,3064";"1";"0,4269";"0,2681";"0,3050";"1";"1,04999";"0,4268";"0,2684";"0,3048";"1"
"13/03/2022";"Chelsea";"Newcastle";"B365";"5,8145";"0,7143";"0,2105";"0,1333";"1,0581";"0,6750";"0,1990";"0,1260";"1";"0,6949";"0,1911";"0,1140";"1";"1,07292";"0,6970";"0,1879";"0,1151";"1"
"13/03/2022";"Everton";"Wolves";"B365";"5,5556";"0,4444";"0,3333";"0,2778";"1,0556";"0,4211";"0,3158";"0,2632";"1";"0,4259";"0,3148";"0,2593";"1";"1,05278";"0,4258";"0,3146";"0,2596";"1"
"13/03/2022";"Leeds";"Norwich";"B365";"5,6061";"0,6061";"0,2500";"0,2000";"1,0561";"0,5739";"0,2367";"0,1894";"1";"0,5874";"0,2313";"0,1813";"1";"1,05973";"0,5882";"0,2301";"0,1817";"1"
"13/03/2022";"Southampton";"Watford";"B365";"5,1031";"0,6024";"0,2381";"0,2105";"1,0510";"0,5732";"0,2265";"0,2003";"1";"0,5854";"0,2211";"0,1935";"1";"1,05403";"0,5861";"0,2203";"0,1935";"1"
"13/03/2022";"West Ham";"Aston Villa";"B365";"6,4525";"0,4167";"0,3030";"0,3448";"1,0645";"0,3914";"0,2847";"0,3239";"1";"0,3952";"0,2815";"0,3233";"1";"1,06089";"0,3950";"0,2818";"0,3232";"1"
"13/03/2022";"Arsenal";"Leicester";"B365";"6,7669";"0,7143";"0,2105";"0,1429";"1,0677";"0,6690";"0,1972";"0,1338";"1";"0,6917";"0,1880";"0,1203";"1";"1,08452";"0,6943";"0,1845";"0,1212";"1"
"14/03/2022";"Crystal Palace";"Man City";"B365";"5,3467";"0,1111";"0,1905";"0,7519";"1,0535";"0,1055";"0,1808";"0,7137";"1";"0,0933";"0,1727";"0,7341";"1";"1,07270";"0,0947";"0,1688";"0,7365";"1"
"16/03/2022";"Brighton";"Tottenham";"B365";"5,6022";"0,2857";"0,2941";"0,4762";"1,0560";"0,2706";"0,2785";"0,4509";"1";"0,2670";"0,2754";"0,4575";"1";"1,05383";"0,2671";"0,2754";"0,4575";"1"
"16/03/2022";"Arsenal";"Liverpool";"B365";"5,2381";"0,2857";"0,2667";"0,5000";"1,0524";"0,2715";"0,2534";"0,4751";"1";"0,2683";"0,2492";"0,4825";"1";"1,05095";"0,2680";"0,2493";"0,4827";"1"
"17/03/2022";"Everton";"Newcastle";"B365";"4,6940";"0,4167";"0,3077";"0,3226";"1,0469";"0,3980";"0,2939";"0,3081";"1";"0,4010";"0,2920";"0,3069";"1";"1,04398";"0,4009";"0,2921";"0,3069";"1"
"18/03/2022";"Wolves";"Leeds";"B365";"5,8523";"0,4651";"0,2857";"0,3077";"1,0585";"0,4394";"0,2699";"0,2907";"1";"0,4456";"0,2662";"0,2882";"1";"1,05600";"0,4456";"0,2664";"0,2880";"1"
"19/03/2022";"Aston Villa";"Arsenal";"B365";"5,9424";"0,3571";"0,2941";"0,4082";"1,0594";"0,3371";"0,2776";"0,3853";"1";"0,3373";"0,2743";"0,3884";"1";"1,05596";"0,3371";"0,2747";"0,3882";"1"
"20/03/2022";"Leicester";"Brentford";"B365";"4,8086";"0,4762";"0,2941";"0,2778";"1,0481";"0,4543";"0,2806";"0,2650";"1";"0,4602";"0,2781";"0,2617";"1";"1,04611";"0,4602";"0,2780";"0,2618";"1"
"20/03/2022";"Tottenham";"West Ham";"B365";"4,5378";"0,5882";"0,2667";"0,1905";"1,0454";"0,5627";"0,2551";"0,1822";"1";"0,5731";"0,2515";"0,1754";"1";"1,04759";"0,5736";"0,2504";"0,1760";"1"
"02/04/2022";"Liverpool";"Watford";"B365";"6,1507";"0,8772";"0,1176";"0,0667";"1,0615";"0,8264";"0,1108";"0,0628";"1";"0,8567";"0,0971";"0,0462";"1";"1,12615";"0,8628";"0,0898";"0,0474";"1"
"02/04/2022";"Brighton";"Norwich";"B365";"4,7619";"0,6667";"0,2381";"0,1429";"1,0476";"0,6364";"0,2273";"0,1364";"1";"0,6508";"0,2222";"0,1270";"1";"1,05542";"0,6519";"0,2199";"0,1283";"1"
"02/04/2022";"Burnley";"Man City";"B365";"5,7558";"0,0526";"0,1429";"0,8621";"1,0576";"0,0498";"0,1351";"0,8152";"1";"0,0334";"0,1237";"0,8429";"1";"1,11327";"0,0377";"0,1146";"0,8477";"1"
"02/04/2022";"Chelsea";"Brentford";"B365";"5,4155";"0,7143";"0,2222";"0,1176";"1,0542";"0,6776";"0,2108";"0,1116";"1";"0,6962";"0,2042";"0,0996";"1";"1,06861";"0,6980";"0,2004";"0,1016";"1"
"02/04/2022";"Leeds";"Southampton";"B365";"5,1587";"0,4167";"0,2778";"0,3571";"1,0516";"0,3962";"0,2642";"0,3396";"1";"0,3995";"0,2606";"0,3399";"1";"1,04863";"0,3993";"0,2610";"0,3397";"1"
"02/04/2022";"Wolves";"Aston Villa";"B365";"5,5914";"0,3333";"0,3226";"0,4000";"1,0559";"0,3157";"0,3055";"0,3788";"1";"0,3147";"0,3039";"0,3814";"1";"1,05235";"0,3147";"0,3040";"0,3813";"1"
"02/04/2022";"Man United";"Leicester";"B365";"5,8455";"0,6536";"0,2309";"0,1739";"1,0585";"0,6175";"0,2182";"0,1643";"1";"0,6341";"0,2115";"0,1544";"1";"1,06613";"0,6355";"0,2096";"0,1549";"1"
"03/04/2022";"West Ham";"Everton";"B365";"4,8622";"0,5714";"0,2667";"0,2105";"1,0486";"0,5449";"0,2543";"0,2008";"1";"0,5552";"0,2505";"0,1943";"1";"1,05002";"0,5557";"0,2496";"0,1947";"1"
"03/04/2022";"Tottenham";"Newcastle";"B365";"5,8357";"0,6536";"0,2381";"0,1667";"1,0584";"0,6176";"0,2250";"0,1575";"1";"0,6341";"0,2186";"0,1472";"1";"1,06619";"0,6355";"0,2165";"0,1480";"1"
"04/04/2022";"Crystal Palace";"Arsenal";"B365";"5,6938";"0,2500";"0,2941";"0,5128";"1,0569";"0,2365";"0,2783";"0,4852";"1";"0,2310";"0,2751";"0,4938";"1";"1,05596";"0,2313";"0,2747";"0,4940";"1"
"06/04/2022";"Burnley";"Everton";"B365";"5,3325";"0,4082";"0,3226";"0,3226";"1,0533";"0,3875";"0,3062";"0,3062";"1";"0,3904";"0,3048";"0,3048";"1";"1,04996";"0,3903";"0,3049";"0,3049";"1"
"08/04/2022";"Newcastle";"Wolves";"B365";"5,6267";"0,5128";"0,3125";"0,2309";"1,0563";"0,4855";"0,2959";"0,2186";"1";"0,4941";"0,2937";"0,2122";"1";"1,05553";"0,4942";"0,2930";"0,2129";"1"
"09/04/2022";"Everton";"Man United";"B365";"4,2982";"0,2500";"0,2667";"0,5263";"1,0430";"0,2397";"0,2557";"0,5046";"1";"0,2357";"0,2523";"0,5120";"1";"1,04245";"0,2357";"0,2521";"0,5122";"1"
"09/04/2022";"Arsenal";"Brighton";"B365";"7,0276";"0,6369";"0,2667";"0,1667";"1,0703";"0,5951";"0,2492";"0,1557";"1";"0,6135";"0,2432";"0,1432";"1";"1,07846";"0,6148";"0,2404";"0,1448";"1"
"09/04/2022";"Southampton";"Chelsea";"B365";"5,5556";"0,2778";"0,2778";"0,5000";"1,0556";"0,2632";"0,2632";"0,4737";"1";"0,2593";"0,2593";"0,4815";"1";"1,05406";"0,2592";"0,2592";"0,4816";"1"
"09/04/2022";"Watford";"Leeds";"B365";"5,2330";"0,3571";"0,3030";"0,3922";"1,0523";"0,3394";"0,2880";"0,3727";"1";"0,3397";"0,2856";"0,3747";"1";"1,04896";"0,3396";"0,2858";"0,3746";"1"
"09/04/2022";"Aston Villa";"Tottenham";"B365";"5,1693";"0,3030";"0,2941";"0,4545";"1,0517";"0,2881";"0,2797";"0,4322";"1";"0,2858";"0,2769";"0,4373";"1";"1,04913";"0,2858";"0,2770";"0,4373";"1"
"10/04/2022";"Brentford";"West Ham";"B365";"7,3987";"0,3817";"0,3077";"0,3846";"1,0740";"0,3554";"0,2865";"0,3581";"1";"0,3570";"0,2830";"0,3600";"1";"1,06985";"0,3568";"0,2834";"0,3598";"1"
"10/04/2022";"Leicester";"Crystal Palace";"B365";"6,2500";"0,4167";"0,3125";"0,3333";"1,0625";"0,3922";"0,2941";"0,3137";"1";"0,3958";"0,2917";"0,3125";"1";"1,05888";"0,3957";"0,2918";"0,3125";"1"
"10/04/2022";"Norwich";"Burnley";"B365";"5,3830";"0,3333";"0,2857";"0,4348";"1,0538";"0,3163";"0,2711";"0,4126";"1";"0,3154";"0,2678";"0,4168";"1";"1,05090";"0,3152";"0,2681";"0,4167";"1"
"10/04/2022";"Man City";"Liverpool";"B365";"4,2645";"0,5128";"0,2667";"0,2632";"1,0426";"0,4918";"0,2558";"0,2524";"1";"0,4986";"0,2525";"0,2489";"1";"1,04171";"0,4987";"0,2524";"0,2489";"1"
"16/04/2022";"Tottenham";"Brighton";"B365";"7,1527";"0,6667";"0,2309";"0,1739";"1,0715";"0,6222";"0,2155";"0,1623";"1";"0,6428";"0,2071";"0,1501";"1";"1,08241";"0,6448";"0,2047";"0,1506";"1"
"16/04/2022";"Man United";"Norwich";"B365";"4,7917";"0,7812";"0,1667";"0,1000";"1,0479";"0,7455";"0,1590";"0,0954";"1";"0,7653";"0,1507";"0,0840";"1";"1,07000";"0,7679";"0,1470";"0,0851";"1"
"16/04/2022";"Southampton";"Arsenal";"B365";"5,6140";"0,2632";"0,2667";"0,5263";"1,0561";"0,2492";"0,2525";"0,4983";"1";"0,2444";"0,2480";"0,5076";"1";"1,05557";"0,2443";"0,2478";"0,5079";"1"
"16/04/2022";"Watford";"Brentford";"B365";"5,9626";"0,3484";"0,3030";"0,4082";"1,0596";"0,3288";"0,2860";"0,3852";"1";"0,3286";"0,2832";"0,3883";"1";"1,05607";"0,3284";"0,2834";"0,3882";"1"
"17/04/2022";"Newcastle";"Leicester";"B365";"6,3492";"0,5000";"0,2857";"0,2778";"1,0635";"0,4701";"0,2687";"0,2612";"1";"0,4788";"0,2646";"0,2566";"1";"1,06190";"0,4790";"0,2644";"0,2566";"1"
"17/04/2022";"West Ham";"Burnley";"B365";"6,0317";"0,5714";"0,2667";"0,2222";"1,0603";"0,5389";"0,2515";"0,2096";"1";"0,5513";"0,2466";"0,2021";"1";"1,06207";"0,5519";"0,2457";"0,2024";"1"
"19/04/2022";"Liverpool";"Man United";"B365";"5,4255";"0,7692";"0,1739";"0,1111";"1,0543";"0,7296";"0,1650";"0,1054";"1";"0,7511";"0,1558";"0,0930";"1";"1,07649";"0,7539";"0,1521";"0,0939";"1"
"20/04/2022";"Chelsea";"Arsenal";"B365";"5,0125";"0,5263";"0,2857";"0,2381";"1,0501";"0,5012";"0,2721";"0,2267";"1";"0,5096";"0,2690";"0,2214";"1";"1,04966";"0,5098";"0,2685";"0,2217";"1"
"20/04/2022";"Everton";"Leicester";"B365";"5,8016";"0,3846";"0,3030";"0,3704";"1,0580";"0,3635";"0,2864";"0,3501";"1";"0,3653";"0,2837";"0,3510";"1";"1,05440";"0,3651";"0,2840";"0,3509";"1"
"20/04/2022";"Newcastle";"Crystal Palace";"B365";"6,0606";"0,4545";"0,3030";"0,3030";"1,0606";"0,4286";"0,2857";"0,2857";"1";"0,4343";"0,2828";"0,2828";"1";"1,05774";"0,4343";"0,2828";"0,2828";"1"
"20/04/2022";"Man City";"Brighton";"B365";"5,0441";"0,8197";"0,1538";"0,0769";"1,0504";"0,7803";"0,1465";"0,0732";"1";"0,8029";"0,1370";"0,0601";"1";"1,08324";"0,8062";"0,1316";"0,0621";"1"
"21/04/2022";"Burnley";"Southampton";"B365";"5,1282";"0,3846";"0,3030";"0,3636";"1,0513";"0,3659";"0,2882";"0,3459";"1";"0,3675";"0,2859";"0,3465";"1";"1,04793";"0,3674";"0,2862";"0,3464";"1"
"23/04/2022";"Arsenal";"Man United";"B365";"5,5556";"0,5000";"0,2778";"0,2778";"1,0556";"0,4737";"0,2632";"0,2632";"1";"0,4815";"0,2593";"0,2593";"1";"1,05406";"0,4816";"0,2592";"0,2592";"1"
"23/04/2022";"Leicester";"Aston Villa";"B365";"5,6021";"0,3448";"0,3030";"0,4082";"1,0560";"0,3265";"0,2870";"0,3865";"1";"0,3262";"0,2844";"0,3895";"1";"1,05260";"0,3260";"0,2846";"0,3894";"1"
"23/04/2022";"Man City";"Watford";"B365";"5,2569";"0,9091";"0,1000";"0,0435";"1,0526";"0,8637";"0,0950";"0,0413";"1";"0,8916";"0,0825";"0,0260";"1";"1,13275";"0,8977";"0,0737";"0,0287";"1"
"23/04/2022";"Norwich";"Newcastle";"B365";"5,1693";"0,3030";"0,2941";"0,4545";"1,0517";"0,2881";"0,2797";"0,4322";"1";"0,2858";"0,2769";"0,4373";"1";"1,04913";"0,2858";"0,2770";"0,4373";"1"
"23/04/2022";"Brentford";"Tottenham";"B365";"6,1920";"0,2105";"0,2632";"0,5882";"1,0619";"0,1983";"0,2478";"0,5539";"1";"0,1899";"0,2425";"0,5676";"1";"1,06481";"0,1903";"0,2413";"0,5683";"1"
"24/04/2022";"Brighton";"Southampton";"B365";"4,5887";"0,4762";"0,3030";"0,2667";"1,0459";"0,4553";"0,2897";"0,2550";"1";"0,4609";"0,2877";"0,2514";"1";"1,04402";"0,4609";"0,2875";"0,2516";"1"
"24/04/2022";"Burnley";"Wolves";"B365";"5,3325";"0,4082";"0,3226";"0,3226";"1,0533";"0,3875";"0,3062";"0,3062";"1";"0,3904";"0,3048";"0,3048";"1";"1,04996";"0,3903";"0,3049";"0,3049";"1"
"24/04/2022";"Chelsea";"West Ham";"B365";"4,9812";"0,7143";"0,2105";"0,1250";"1,0498";"0,6804";"0,2005";"0,1191";"1";"0,6977";"0,1939";"0,1084";"1";"1,06273";"0,6994";"0,1909";"0,1097";"1"
"24/04/2022";"Liverpool";"Everton";"B365";"5,6981";"0,8475";"0,1429";"0,0667";"1,0570";"0,8018";"0,1352";"0,0631";"1";"0,8285";"0,1239";"0,0477";"1";"1,10396";"0,8330";"0,1167";"0,0503";"1"
"25/04/2022";"Crystal Palace";"Leeds";"B365";"5,2483";"0,4219";"0,2857";"0,3448";"1,0525";"0,4009";"0,2715";"0,3276";"1";"0,4044";"0,2682";"0,3273";"1";"1,04946";"0,4043";"0,2685";"0,3271";"1"
"28/04/2022";"Man United";"Chelsea";"B365";"5,1297";"0,2857";"0,2778";"0,4878";"1,0513";"0,2718";"0,2642";"0,4640";"1";"0,2686";"0,2607";"0,4707";"1";"1,04952";"0,2685";"0,2607";"0,4708";"1"
"30/04/2022";"Newcastle";"Liverpool";"B365";"5,1208";"0,1667";"0,2309";"0,6536";"1,0512";"0,1585";"0,2197";"0,6218";"1";"0,1496";"0,2139";"0,6365";"1";"1,05802";"0,1502";"0,2121";"0,6377";"1"
"30/04/2022";"Aston Villa";"Norwich";"B365";"4,2459";"0,7143";"0,2105";"0,1176";"1,0425";"0,6852";"0,2020";"0,1129";"1";"0,7001";"0,1964";"0,1035";"1";"1,05370";"0,7015";"0,1936";"0,1049";"1"
"30/04/2022";"Southampton";"Crystal Palace";"B365";"6,4077";"0,4082";"0,3226";"0,3333";"1,0641";"0,3836";"0,3032";"0,3133";"1";"0,3868";"0,3012";"0,3120";"1";"1,06027";"0,3867";"0,3013";"0,3120";"1"
"30/04/2022";"Watford";"Burnley";"B365";"4,5547";"0,3846";"0,3125";"0,3484";"1,0455";"0,3679";"0,2989";"0,3333";"1";"0,3694";"0,2973";"0,3332";"1";"1,04241";"0,3693";"0,2975";"0,3332";"1"
"30/04/2022";"Wolves";"Brighton";"B365";"3,7037";"0,3704";"0,3333";"0,3333";"1,0370";"0,3571";"0,3214";"0,3214";"1";"0,3580";"0,3210";"0,3210";"1";"1,03428";"0,3580";"0,3210";"0,3210";"1"
"01/05/2022";"West Ham";"Arsenal";"B365";"4,3651";"0,2381";"0,2500";"0,5556";"1,0437";"0,2281";"0,2395";"0,5323";"1";"0,2235";"0,2354";"0,5410";"1";"1,04411";"0,2235";"0,2352";"0,5413";"1"
"02/05/2022";"Man United";"Brentford";"B365";"6,6775";"0,5814";"0,2632";"0,2222";"1,0668";"0,5450";"0,2467";"0,2083";"1";"0,5591";"0,2409";"0,2000";"1";"1,06939";"0,5599";"0,2399";"0,2002";"1"
"07/05/2022";"Brentford";"Southampton";"B365";"5,6022";"0,4762";"0,2941";"0,2857";"1,0560";"0,4509";"0,2785";"0,2706";"1";"0,4575";"0,2754";"0,2670";"1";"1,05383";"0,4575";"0,2754";"0,2671";"1"
"07/05/2022";"Burnley";"Aston Villa";"B365";"4,5833";"0,3333";"0,3125";"0,4000";"1,0458";"0,3187";"0,2988";"0,3825";"1";"0,3181";"0,2972";"0,3847";"1";"1,04276";"0,3180";"0,2973";"0,3846";"1"
"07/05/2022";"Chelsea";"Wolves";"B365";"4,9812";"0,7143";"0,2105";"0,1250";"1,0498";"0,6804";"0,2005";"0,1191";"1";"0,6977";"0,1939";"0,1084";"1";"1,06273";"0,6994";"0,1909";"0,1097";"1"
"07/05/2022";"Crystal Palace";"Watford";"B365";"5,6044";"0,6024";"0,2632";"0,1905";"1,0560";"0,5704";"0,2492";"0,1804";"1";"0,5837";"0,2445";"0,1718";"1";"1,05967";"0,5845";"0,2430";"0,1725";"1"
"07/05/2022";"Brighton";"Man United";"B365";"5,0713";"0,3484";"0,2941";"0,4082";"1,0507";"0,3316";"0,2799";"0,3885";"1";"0,3315";"0,2772";"0,3913";"1";"1,04757";"0,3314";"0,2775";"0,3911";"1"
"07/05/2022";"Liverpool";"Tottenham";"B365";"5,8608";"0,7143";"0,1905";"0,1538";"1,0586";"0,6747";"0,1799";"0,1453";"1";"0,6947";"0,1709";"0,1343";"1";"1,07289";"0,6970";"0,1688";"0,1342";"1"
"08/05/2022";"Arsenal";"Leeds";"B365";"5,7635";"0,6536";"0,2222";"0,1818";"1,0576";"0,6180";"0,2101";"0,1719";"1";"0,6344";"0,2030";"0,1626";"1";"1,06506";"0,6358";"0,2015";"0,1627";"1"
"08/05/2022";"Leicester";"Everton";"B365";"6,2678";"0,3846";"0,3077";"0,3704";"1,0627";"0,3619";"0,2895";"0,3485";"1";"0,3637";"0,2868";"0,3495";"1";"1,05885";"0,3636";"0,2871";"0,3493";"1"
"08/05/2022";"Norwich";"West Ham";"B365";"6,6775";"0,2222";"0,2632";"0,5814";"1,0668";"0,2083";"0,2467";"0,5450";"1";"0,2000";"0,2409";"0,5591";"1";"1,06939";"0,2002";"0,2399";"0,5599";"1"
"08/05/2022";"Man City";"Newcastle";"B365";"6,2069";"0,8621";"0,1333";"0,0667";"1,0621";"0,8117";"0,1255";"0,0628";"1";"0,8414";"0,1126";"0,0460";"1";"1,11940";"0,8469";"0,1048";"0,0482";"1"
"10/05/2022";"Aston Villa";"Liverpool";"B365";"4,8889";"0,1600";"0,2222";"0,6667";"1,0489";"0,1525";"0,2119";"0,6356";"1";"0,1437";"0,2059";"0,6504";"1";"1,05644";"0,1443";"0,2041";"0,6516";"1"
"11/05/2022";"Leeds";"Chelsea";"B365";"4,8762";"0,2105";"0,2500";"0,5882";"1,0488";"0,2007";"0,2384";"0,5609";"1";"0,1943";"0,2337";"0,5720";"1";"1,05090";"0,1945";"0,2330";"0,5726";"1"
"11/05/2022";"Leicester";"Norwich";"B365";"5,1345";"0,7519";"0,1818";"0,1176";"1,0513";"0,7152";"0,1729";"0,1119";"1";"0,7348";"0,1647";"0,1005";"1";"1,06952";"0,7371";"0,1615";"0,1014";"1"
"11/05/2022";"Watford";"Everton";"B365";"5,4545";"0,1818";"0,2667";"0,6061";"1,0545";"0,1724";"0,2529";"0,5747";"1";"0,1636";"0,2485";"0,5879";"1";"1,05844";"0,1646";"0,2468";"0,5886";"1"
"11/05/2022";"Wolves";"Man City";"B365";"5,5163";"0,1000";"0,1739";"0,7812";"1,0552";"0,0948";"0,1648";"0,7404";"1";"0,0816";"0,1555";"0,7629";"1";"1,08054";"0,0831";"0,1511";"0,7659";"1"
"12/05/2022";"Tottenham";"Arsenal";"B365";"5,2760";"0,4545";"0,2857";"0,3125";"1,0528";"0,4318";"0,2714";"0,2968";"1";"0,4370";"0,2681";"0,2949";"1";"1,05018";"0,4369";"0,2683";"0,2948";"1"
"15/05/2022";"Tottenham";"Burnley";"B365";"5,6312";"0,7692";"0,1818";"0,1053";"1,0563";"0,7282";"0,1721";"0,0997";"1";"0,7505";"0,1630";"0,0865";"1";"1,07971";"0,7533";"0,1587";"0,0880";"1"
"15/05/2022";"Aston Villa";"Crystal Palace";"B365";"6,3492";"0,5556";"0,2857";"0,2222";"1,0635";"0,5224";"0,2687";"0,2090";"1";"0,5344";"0,2646";"0,2011";"1";"1,06461";"0,5349";"0,2635";"0,2016";"1"
"15/05/2022";"Leeds";"Brighton";"B365";"5,7476";"0,3817";"0,2941";"0,3817";"1,0575";"0,3609";"0,2781";"0,3609";"1";"0,3625";"0,2750";"0,3625";"1";"1,05398";"0,3623";"0,2753";"0,3623";"1"
"15/05/2022";"Watford";"Leicester";"B365";"3,7879";"0,1818";"0,2500";"0,6061";"1,0379";"0,1752";"0,2409";"0,5839";"1";"0,1692";"0,2374";"0,5934";"1";"1,04043";"0,1697";"0,2364";"0,5939";"1"
"15/05/2022";"West Ham";"Man City";"B365";"4,7619";"0,1333";"0,2000";"0,7143";"1,0476";"0,1273";"0,1909";"0,6818";"1";"0,1175";"0,1841";"0,6984";"1";"1,05967";"0,1182";"0,1817";"0,7001";"1"
"15/05/2022";"Wolves";"Norwich";"B365";"4,1297";"0,6452";"0,2222";"0,1739";"1,0413";"0,6196";"0,2134";"0,1670";"1";"0,6314";"0,2085";"0,1601";"1";"1,04614";"0,6322";"0,2073";"0,1604";"1"
"15/05/2022";"Everton";"Brentford";"B365";"6,4350";"0,5405";"0,2857";"0,2381";"1,0644";"0,5079";"0,2684";"0,2237";"1";"0,5191";"0,2643";"0,2166";"1";"1,06460";"0,5195";"0,2635";"0,2170";"1"
"16/05/2022";"Newcastle";"Arsenal";"B365";"5,1210";"0,2381";"0,2667";"0,5464";"1,0512";"0,2265";"0,2537";"0,5198";"1";"0,2210";"0,2496";"0,5294";"1";"1,05145";"0,2211";"0,2491";"0,5297";"1"
"17/05/2022";"Southampton";"Liverpool";"B365";"4,8291";"0,1538";"0,2000";"0,6944";"1,0483";"0,1468";"0,1908";"0,6625";"1";"0,1377";"0,1839";"0,6783";"1";"1,05813";"0,1380";"0,1821";"0,6799";"1"
"19/05/2022";"Everton";"Crystal Palace";"B365";"5,7202";"0,5405";"0,2857";"0,2309";"1,0572";"0,5113";"0,2703";"0,2185";"1";"0,5215";"0,2666";"0,2119";"1";"1,05739";"0,5218";"0,2659";"0,2123";"1"
"19/05/2022";"Aston Villa";"Burnley";"B365";"6,1693";"0,5128";"0,2857";"0,2632";"1,0617";"0,4830";"0,2691";"0,2479";"1";"0,4923";"0,2652";"0,2426";"1";"1,06061";"0,4925";"0,2648";"0,2427";"1"
"19/05/2022";"Chelsea";"Leicester";"B365";"4,9812";"0,7143";"0,2105";"0,1250";"1,0498";"0,6804";"0,2005";"0,1191";"1";"0,6977";"0,1939";"0,1084";"1";"1,06273";"0,6994";"0,1909";"0,1097";"1"
"22/05/2022";"Arsenal";"Everton";"B365";"6,0003";"0,7519";"0,1905";"0,1176";"1,0600";"0,7093";"0,1797";"0,1110";"1";"0,7319";"0,1705";"0,0976";"1";"1,08124";"0,7347";"0,1665";"0,0989";"1"
"22/05/2022";"Brentford";"Leeds";"B365";"5,5083";"0,4348";"0,2632";"0,3571";"1,0551";"0,4121";"0,2494";"0,3385";"1";"0,4164";"0,2448";"0,3388";"1";"1,05238";"0,4162";"0,2454";"0,3384";"1"
"22/05/2022";"Brighton";"West Ham";"B365";"6,0412";"0,3846";"0,2941";"0,3817";"1,0604";"0,3627";"0,2774";"0,3599";"1";"0,3645";"0,2740";"0,3615";"1";"1,05682";"0,3643";"0,2744";"0,3614";"1"
"22/05/2022";"Burnley";"Newcastle";"B365";"5,6021";"0,4082";"0,3030";"0,3448";"1,0560";"0,3865";"0,2870";"0,3265";"1";"0,3895";"0,2844";"0,3262";"1";"1,05260";"0,3894";"0,2846";"0,3260";"1"
"22/05/2022";"Chelsea";"Watford";"B365";"5,3114";"0,8333";"0,1429";"0,0769";"1,0531";"0,7913";"0,1357";"0,0730";"1";"0,8156";"0,1252";"0,0592";"1";"1,09138";"0,8196";"0,1196";"0,0609";"1"
"22/05/2022";"Crystal Palace";"Man United";"B365";"5,6085";"0,3704";"0,2857";"0,4000";"1,0561";"0,3507";"0,2705";"0,3788";"1";"0,3517";"0,2670";"0,3813";"1";"1,05278";"0,3515";"0,2674";"0,3811";"1"
"22/05/2022";"Leicester";"Southampton";"B365";"5,9230";"0,6061";"0,2309";"0,2222";"1,0592";"0,5722";"0,2180";"0,2098";"1";"0,5863";"0,2112";"0,2025";"1";"1,06294";"0,5873";"0,2106";"0,2021";"1"
"22/05/2022";"Liverpool";"Wolves";"B365";"6,2792";"0,8929";"0,1111";"0,0588";"1,0628";"0,8401";"0,1045";"0,0553";"1";"0,8719";"0,0902";"0,0379";"1";"1,14014";"0,8788";"0,0817";"0,0395";"1"
"22/05/2022";"Man City";"Aston Villa";"B365";"5,7714";"0,8475";"0,1333";"0,0769";"1,0577";"0,8012";"0,1261";"0,0727";"1";"0,8282";"0,1141";"0,0577";"1";"1,10407";"0,8330";"0,1081";"0,0589";"1"
"22/05/2022";"Norwich";"Tottenham";"B365";"6,0003";"0,1176";"0,1905";"0,7519";"1,0600";"0,1110";"0,1797";"0,7093";"1";"0,0976";"0,1705";"0,7319";"1";"1,08124";"0,0989";"0,1665";"0,7347";"1"
"13/08/2021";"Brentford";"Arsenal";"BW";"5,3993";"0,2632";"0,3030";"0,4878";"1,0540";"0,2497";"0,2875";"0,4628";"1";"0,2452";"0,2850";"0,4698";"1";"1,05223";"0,2454";"0,2847";"0,4699";"1"
"14/08/2021";"Man United";"Leeds";"BW";"5,1663";"0,6173";"0,2439";"0,1905";"1,0517";"0,5870";"0,2319";"0,1811";"1";"0,6001";"0,2267";"0,1733";"1";"1,05576";"0,6009";"0,2254";"0,1737";"1"
"14/08/2021";"Burnley";"Brighton";"BW";"4,6940";"0,3077";"0,3226";"0,4167";"1,0469";"0,2939";"0,3081";"0,3980";"1";"0,2920";"0,3069";"0,4010";"1";"1,04398";"0,2921";"0,3069";"0,4009";"1"
"14/08/2021";"Chelsea";"Crystal Palace";"BW";"5,1880";"0,7519";"0,2000";"0,1000";"1,0519";"0,7148";"0,1901";"0,0951";"1";"0,7346";"0,1827";"0,0827";"1";"1,07119";"0,7368";"0,1783";"0,0849";"1"
"14/08/2021";"Everton";"Southampton";"BW";"4,8589";"0,4878";"0,2941";"0,2667";"1,0486";"0,4652";"0,2805";"0,2543";"1";"0,4716";"0,2779";"0,2505";"1";"1,04691";"0,4717";"0,2777";"0,2506";"1"
"14/08/2021";"Leicester";"Wolves";"BW";"5,1666";"0,5814";"0,2703";"0,2000";"1,0517";"0,5528";"0,2570";"0,1902";"1";"0,5642";"0,2530";"0,1828";"1";"1,05379";"0,5647";"0,2519";"0,1834";"1"
"14/08/2021";"Watford";"Aston Villa";"BW";"5,1693";"0,2941";"0,3030";"0,4545";"1,0517";"0,2797";"0,2881";"0,4322";"1";"0,2769";"0,2858";"0,4373";"1";"1,04913";"0,2770";"0,2858";"0,4373";"1"
"14/08/2021";"Norwich";"Liverpool";"BW";"4,8330";"0,1481";"0,2105";"0,6897";"1,0483";"0,1413";"0,2008";"0,6579";"1";"0,1320";"0,1944";"0,6735";"1";"1,05788";"0,1326";"0,1924";"0,6750";"1"
"15/08/2021";"Newcastle";"West Ham";"BW";"5,1693";"0,3030";"0,2941";"0,4545";"1,0517";"0,2881";"0,2797";"0,4322";"1";"0,2858";"0,2769";"0,4373";"1";"1,04913";"0,2858";"0,2770";"0,4373";"1"
"15/08/2021";"Tottenham";"Man City";"BW";"4,9923";"0,1667";"0,2381";"0,6452";"1,0499";"0,1587";"0,2268";"0,6145";"1";"0,1500";"0,2215";"0,6285";"1";"1,05598";"0,1508";"0,2197";"0,6295";"1"
"21/08/2021";"Liverpool";"Burnley";"BW";"4,6957";"0,8000";"0,1600";"0,0870";"1,0470";"0,7641";"0,1528";"0,0831";"1";"0,7843";"0,1443";"0,0713";"1";"1,07267";"0,7871";"0,1401";"0,0728";"1"
"21/08/2021";"Aston Villa";"Newcastle";"BW";"5,1210";"0,5464";"0,2667";"0,2381";"1,0512";"0,5198";"0,2537";"0,2265";"1";"0,5294";"0,2496";"0,2210";"1";"1,05145";"0,5297";"0,2491";"0,2211";"1"
"21/08/2021";"Crystal Palace";"Brentford";"BW";"5,4258";"0,3846";"0,3125";"0,3571";"1,0543";"0,3648";"0,2964";"0,3388";"1";"0,3665";"0,2944";"0,3391";"1";"1,05071";"0,3664";"0,2946";"0,3390";"1"
"21/08/2021";"Leeds";"Everton";"BW";"4,7619";"0,4762";"0,2857";"0,2857";"1,0476";"0,4545";"0,2727";"0,2727";"1";"0,4603";"0,2698";"0,2698";"1";"1,04565";"0,4603";"0,2698";"0,2698";"1"
"21/08/2021";"Man City";"Norwich";"BW";"5,1587";"0,8929";"0,1111";"0,0476";"1,0516";"0,8491";"0,1057";"0,0453";"1";"0,8757";"0,0939";"0,0304";"1";"1,11795";"0,8810";"0,0857";"0,0333";"1"
"21/08/2021";"Brighton";"Watford";"BW";"4,7863";"0,5882";"0,2857";"0,1739";"1,0479";"0,5614";"0,2727";"0,1660";"1";"0,5723";"0,2698";"0,1580";"1";"1,05060";"0,5727";"0,2682";"0,1592";"1"
"22/08/2021";"Southampton";"Man United";"BW";"4,9963";"0,2000";"0,2439";"0,6061";"1,0500";"0,1905";"0,2323";"0,5772";"1";"0,1833";"0,2272";"0,5894";"1";"1,05318";"0,1836";"0,2263";"0,5901";"1"
"22/08/2021";"Wolves";"Tottenham";"BW";"5,2024";"0,3448";"0,3226";"0,3846";"1,0520";"0,3278";"0,3066";"0,3656";"1";"0,3275";"0,3052";"0,3673";"1";"1,04853";"0,3275";"0,3053";"0,3672";"1"
"22/08/2021";"Arsenal";"Chelsea";"BW";"5,1421";"0,2309";"0,2857";"0,5348";"1,0514";"0,2197";"0,2717";"0,5086";"1";"0,2138";"0,2686";"0,5176";"1";"1,05131";"0,2142";"0,2679";"0,5179";"1"
"23/08/2021";"West Ham";"Leicester";"BW";"5,3158";"0,4082";"0,2941";"0,3509";"1,0532";"0,3876";"0,2793";"0,3332";"1";"0,3904";"0,2764";"0,3332";"1";"1,04992";"0,3903";"0,2767";"0,3330";"1"
"28/08/2021";"Man City";"Arsenal";"BW";"5,2941";"0,7353";"0,2000";"0,1176";"1,0529";"0,6983";"0,1899";"0,1117";"1";"0,7176";"0,1824";"0,1000";"1";"1,06946";"0,7198";"0,1788";"0,1014";"1"
"28/08/2021";"Aston Villa";"Brentford";"BW";"4,9491";"0,4762";"0,3030";"0,2703";"1,0495";"0,4537";"0,2887";"0,2575";"1";"0,4597";"0,2865";"0,2538";"1";"1,04751";"0,4597";"0,2863";"0,2540";"1"
"28/08/2021";"Brighton";"Everton";"BW";"5,0313";"0,4348";"0,3125";"0,3030";"1,0503";"0,4140";"0,2975";"0,2885";"1";"0,4180";"0,2957";"0,2863";"1";"1,04744";"0,4179";"0,2957";"0,2863";"1"
"28/08/2021";"Newcastle";"Southampton";"BW";"5,3258";"0,4167";"0,2857";"0,3509";"1,0533";"0,3956";"0,2713";"0,3331";"1";"0,3989";"0,2680";"0,3331";"1";"1,05016";"0,3988";"0,2683";"0,3329";"1"
"28/08/2021";"Norwich";"Leicester";"BW";"5,1338";"0,2500";"0,2778";"0,5236";"1,0513";"0,2378";"0,2642";"0,4980";"1";"0,2329";"0,2607";"0,5064";"1";"1,05071";"0,2330";"0,2603";"0,5067";"1"
"28/08/2021";"West Ham";"Crystal Palace";"BW";"5,1343";"0,6536";"0,2439";"0,1538";"1,0513";"0,6217";"0,2320";"0,1463";"1";"0,6365";"0,2268";"0,1367";"1";"1,05850";"0,6375";"0,2246";"0,1379";"1"
"28/08/2021";"Liverpool";"Chelsea";"BW";"5,3030";"0,4167";"0,3030";"0,3333";"1,0530";"0,3957";"0,2878";"0,3165";"1";"0,3990";"0,2854";"0,3157";"1";"1,04981";"0,3989";"0,2855";"0,3156";"1"
"29/08/2021";"Burnley";"Leeds";"BW";"5,3861";"0,3030";"0,2857";"0,4651";"1,0539";"0,2875";"0,2711";"0,4413";"1";"0,2851";"0,2678";"0,4472";"1";"1,05146";"0,2850";"0,2679";"0,4472";"1"
"29/08/2021";"Tottenham";"Watford";"BW";"5,4859";"0,6897";"0,2273";"0,1379";"1,0549";"0,6538";"0,2155";"0,1308";"1";"0,6714";"0,2090";"0,1196";"1";"1,06609";"0,6729";"0,2061";"0,1210";"1"
"29/08/2021";"Wolves";"Man United";"BW";"5,2225";"0,2105";"0,2703";"0,5714";"1,0522";"0,2001";"0,2569";"0,5431";"1";"0,1931";"0,2529";"0,5540";"1";"1,05378";"0,1936";"0,2519";"0,5545";"1"
"11/09/2021";"Crystal Palace";"Tottenham";"BW";"5,3946";"0,2381";"0,3030";"0,5128";"1,0539";"0,2259";"0,2875";"0,4866";"1";"0,2201";"0,2850";"0,4948";"1";"1,05309";"0,2206";"0,2844";"0,4950";"1"
"11/09/2021";"Arsenal";"Norwich";"BW";"4,8085";"0,7042";"0,2105";"0,1333";"1,0481";"0,6719";"0,2009";"0,1272";"1";"0,6882";"0,1945";"0,1173";"1";"1,05929";"0,6897";"0,1919";"0,1183";"1"
"11/09/2021";"Brentford";"Brighton";"BW";"4,8531";"0,3448";"0,3333";"0,3704";"1,0485";"0,3289";"0,3179";"0,3532";"1";"0,3287";"0,3172";"0,3542";"1";"1,04513";"0,3287";"0,3172";"0,3541";"1"
"11/09/2021";"Leicester";"Man City";"BW";"5,4545";"0,1818";"0,2667";"0,6061";"1,0545";"0,1724";"0,2529";"0,5747";"1";"0,1636";"0,2485";"0,5879";"1";"1,05844";"0,1646";"0,2468";"0,5886";"1"
"11/09/2021";"Man United";"Newcastle";"BW";"4,7619";"0,8333";"0,1429";"0,0714";"1,0476";"0,7955";"0,1364";"0,0682";"1";"0,8175";"0,1270";"0,0556";"1";"1,08253";"0,8209";"0,1217";"0,0574";"1"
"11/09/2021";"Southampton";"West Ham";"BW";"5,0229";"0,3390";"0,2857";"0,4255";"1,0502";"0,3228";"0,2720";"0,4052";"1";"0,3222";"0,2690";"0,4088";"1";"1,04733";"0,3221";"0,2693";"0,4087";"1"
"11/09/2021";"Watford";"Wolves";"BW";"5,1062";"0,2941";"0,3125";"0,4444";"1,0511";"0,2798";"0,2973";"0,4229";"1";"0,2771";"0,2955";"0,4274";"1";"1,04834";"0,2772";"0,2954";"0,4274";"1"
"11/09/2021";"Chelsea";"Aston Villa";"BW";"5,1049";"0,7692";"0,1818";"0,1000";"1,0510";"0,7319";"0,1730";"0,0951";"1";"0,7522";"0,1648";"0,0830";"1";"1,07256";"0,7547";"0,1607";"0,0846";"1"
"12/09/2021";"Leeds";"Liverpool";"BW";"5,4682";"0,2105";"0,2381";"0,6061";"1,0547";"0,1996";"0,2258";"0,5746";"1";"0,1923";"0,2199";"0,5878";"1";"1,05814";"0,1923";"0,2190";"0,5887";"1"
"13/09/2021";"Everton";"Burnley";"BW";"4,7619";"0,5714";"0,2857";"0,1905";"1,0476";"0,5455";"0,2727";"0,1818";"1";"0,5556";"0,2698";"0,1746";"1";"1,04931";"0,5559";"0,2686";"0,1755";"1"
"17/09/2021";"Newcastle";"Leeds";"BW";"4,8048";"0,3333";"0,2703";"0,4444";"1,0480";"0,3181";"0,2579";"0,4241";"1";"0,3173";"0,2543";"0,4284";"1";"1,04557";"0,3171";"0,2546";"0,4283";"1"
"18/09/2021";"Wolves";"Brentford";"BW";"4,9062";"0,5556";"0,3030";"0,1905";"1,0491";"0,5296";"0,2889";"0,1816";"1";"0,5392";"0,2867";"0,1741";"1";"1,05027";"0,5394";"0,2854";"0,1752";"1"
"18/09/2021";"Burnley";"Arsenal";"BW";"5,3756";"0,2632";"0,2778";"0,5128";"1,0538";"0,2497";"0,2636";"0,4867";"1";"0,2452";"0,2599";"0,4949";"1";"1,05271";"0,2453";"0,2596";"0,4951";"1"
"18/09/2021";"Liverpool";"Crystal Palace";"BW";"5,0909";"0,8000";"0,1600";"0,0909";"1,0509";"0,7612";"0,1522";"0,0865";"1";"0,7830";"0,1430";"0,0739";"1";"1,07847";"0,7861";"0,1386";"0,0753";"1"
"18/09/2021";"Man City";"Southampton";"BW";"4,9860";"0,8403";"0,1429";"0,0667";"1,0499";"0,8004";"0,1361";"0,0635";"1";"0,8237";"0,1262";"0,0500";"1";"1,08891";"0,8274";"0,1202";"0,0524";"1"
"18/09/2021";"Norwich";"Watford";"BW";"5,3352";"0,4651";"0,2941";"0,2941";"1,0534";"0,4416";"0,2792";"0,2792";"1";"0,4473";"0,2763";"0,2763";"1";"1,05095";"0,4473";"0,2763";"0,2763";"1"
"18/09/2021";"Aston Villa";"Everton";"BW";"4,5924";"0,4651";"0,3030";"0,2778";"1,0459";"0,4447";"0,2897";"0,2656";"1";"0,4498";"0,2877";"0,2625";"1";"1,04379";"0,4498";"0,2876";"0,2626";"1"
"19/09/2021";"Brighton";"Leicester";"BW";"4,9189";"0,4082";"0,3077";"0,3333";"1,0492";"0,3890";"0,2933";"0,3177";"1";"0,3918";"0,2913";"0,3169";"1";"1,04604";"0,3917";"0,2914";"0,3169";"1"
"19/09/2021";"West Ham";"Man United";"BW";"4,5986";"0,2273";"0,2632";"0,5556";"1,0460";"0,2173";"0,2516";"0,5311";"1";"0,2119";"0,2478";"0,5402";"1";"1,04654";"0,2121";"0,2473";"0,5406";"1"
"19/09/2021";"Tottenham";"Chelsea";"BW";"4,7706";"0,2273";"0,2941";"0,5263";"1,0477";"0,2169";"0,2807";"0,5024";"1";"0,2114";"0,2782";"0,5104";"1";"1,04734";"0,2119";"0,2776";"0,5106";"1"
"25/09/2021";"Chelsea";"Man City";"BW";"5,4258";"0,3571";"0,3125";"0,3846";"1,0543";"0,3388";"0,2964";"0,3648";"1";"0,3391";"0,2944";"0,3665";"1";"1,05071";"0,3390";"0,2946";"0,3664";"1"
"25/09/2021";"Man United";"Aston Villa";"BW";"5,2217";"0,7143";"0,2000";"0,1379";"1,0522";"0,6788";"0,1901";"0,1311";"1";"0,6969";"0,1826";"0,1205";"1";"1,06531";"0,6988";"0,1800";"0,1212";"1"
"25/09/2021";"Everton";"Norwich";"BW";"5,0891";"0,5988";"0,2703";"0,1818";"1,0509";"0,5698";"0,2572";"0,1730";"1";"0,5818";"0,2533";"0,1649";"1";"1,05412";"0,5824";"0,2518";"0,1658";"1"
"25/09/2021";"Leeds";"West Ham";"BW";"5,1587";"0,3571";"0,2778";"0,4167";"1,0516";"0,3396";"0,2642";"0,3962";"1";"0,3399";"0,2606";"0,3995";"1";"1,04863";"0,3397";"0,2610";"0,3993";"1"
"25/09/2021";"Leicester";"Burnley";"BW";"4,5689";"0,5988";"0,2564";"0,1905";"1,0457";"0,5726";"0,2452";"0,1822";"1";"0,5836";"0,2412";"0,1752";"1";"1,04837";"0,5841";"0,2401";"0,1758";"1"
"25/09/2021";"Watford";"Newcastle";"BW";"4,7619";"0,4762";"0,2857";"0,2857";"1,0476";"0,4545";"0,2727";"0,2727";"1";"0,4603";"0,2698";"0,2698";"1";"1,04565";"0,4603";"0,2698";"0,2698";"1"
"25/09/2021";"Brentford";"Liverpool";"BW";"5,2217";"0,1379";"0,2000";"0,7143";"1,0522";"0,1311";"0,1901";"0,6788";"1";"0,1205";"0,1826";"0,6969";"1";"1,06531";"0,1212";"0,1800";"0,6988";"1"
"26/09/2021";"Southampton";"Wolves";"BW";"5,1693";"0,4545";"0,3030";"0,2941";"1,0517";"0,4322";"0,2881";"0,2797";"1";"0,4373";"0,2858";"0,2769";"1";"1,04913";"0,4373";"0,2858";"0,2770";"1"
"26/09/2021";"Arsenal";"Tottenham";"BW";"4,8086";"0,4762";"0,2941";"0,2778";"1,0481";"0,4543";"0,2806";"0,2650";"1";"0,4602";"0,2781";"0,2617";"1";"1,04611";"0,4602";"0,2780";"0,2618";"1"
"27/09/2021";"Crystal Palace";"Brighton";"BW";"4,9853";"0,3636";"0,3226";"0,3636";"1,0499";"0,3464";"0,3073";"0,3464";"1";"0,3470";"0,3060";"0,3470";"1";"1,04641";"0,3470";"0,3061";"0,3470";"1"
"02/10/2021";"Man United";"Everton";"BW";"4,9064";"0,6452";"0,2439";"0,1600";"1,0491";"0,6150";"0,2325";"0,1525";"1";"0,6288";"0,2275";"0,1436";"1";"1,05517";"0,6297";"0,2256";"0,1446";"1"
"02/10/2021";"Burnley";"Norwich";"BW";"5,1338";"0,5236";"0,2778";"0,2500";"1,0513";"0,4980";"0,2642";"0,2378";"1";"0,5064";"0,2607";"0,2329";"1";"1,05071";"0,5067";"0,2603";"0,2330";"1"
"02/10/2021";"Chelsea";"Southampton";"BW";"5,1448";"0,7042";"0,2222";"0,1250";"1,0514";"0,6698";"0,2113";"0,1189";"1";"0,6871";"0,2051";"0,1079";"1";"1,06380";"0,6886";"0,2019";"0,1095";"1"
"02/10/2021";"Leeds";"Watford";"BW";"5,3618";"0,5814";"0,2500";"0,2222";"1,0536";"0,5518";"0,2373";"0,2109";"1";"0,5635";"0,2321";"0,2043";"1";"1,05557";"0,5641";"0,2315";"0,2044";"1"
"02/10/2021";"Wolves";"Newcastle";"BW";"4,8622";"0,5714";"0,2667";"0,2105";"1,0486";"0,5449";"0,2543";"0,2008";"1";"0,5552";"0,2505";"0,1943";"1";"1,05002";"0,5557";"0,2496";"0,1947";"1"
"02/10/2021";"Brighton";"Arsenal";"BW";"5,3997";"0,3333";"0,3125";"0,4082";"1,0540";"0,3163";"0,2965";"0,3873";"1";"0,3153";"0,2945";"0,3902";"1";"1,05062";"0,3153";"0,2946";"0,3901";"1"
"03/10/2021";"Crystal Palace";"Leicester";"BW";"5,2330";"0,3571";"0,3030";"0,3922";"1,0523";"0,3394";"0,2880";"0,3727";"1";"0,3397";"0,2856";"0,3747";"1";"1,04896";"0,3396";"0,2858";"0,3746";"1"
"03/10/2021";"Tottenham";"Aston Villa";"BW";"5,2381";"0,5000";"0,2857";"0,2667";"1,0524";"0,4751";"0,2715";"0,2534";"1";"0,4825";"0,2683";"0,2492";"1";"1,05095";"0,4827";"0,2680";"0,2493";"1"
"03/10/2021";"West Ham";"Brentford";"BW";"5,2225";"0,5714";"0,2703";"0,2105";"1,0522";"0,5431";"0,2569";"0,2001";"1";"0,5540";"0,2529";"0,1931";"1";"1,05378";"0,5545";"0,2519";"0,1936";"1"
"03/10/2021";"Liverpool";"Man City";"BW";"4,5894";"0,3333";"0,2778";"0,4348";"1,0459";"0,3187";"0,2656";"0,4157";"1";"0,3180";"0,2625";"0,4195";"1";"1,04332";"0,3178";"0,2628";"0,4194";"1"
"16/10/2021";"Watford";"Liverpool";"BW";"5,6217";"0,1250";"0,1905";"0,7407";"1,0562";"0,1183";"0,1803";"0,7013";"1";"0,1063";"0,1717";"0,7220";"1";"1,07417";"0,1071";"0,1684";"0,7244";"1"
"16/10/2021";"Aston Villa";"Wolves";"BW";"5,3861";"0,4651";"0,3030";"0,2857";"1,0539";"0,4413";"0,2875";"0,2711";"1";"0,4472";"0,2851";"0,2678";"1";"1,05146";"0,4472";"0,2850";"0,2679";"1"
"16/10/2021";"Leicester";"Man United";"BW";"5,2381";"0,2667";"0,2857";"0,5000";"1,0524";"0,2534";"0,2715";"0,4751";"1";"0,2492";"0,2683";"0,4825";"1";"1,05095";"0,2493";"0,2680";"0,4827";"1"
"16/10/2021";"Man City";"Burnley";"BW";"5,0222";"0,8850";"0,1176";"0,0476";"1,0502";"0,8426";"0,1120";"0,0453";"1";"0,8682";"0,1009";"0,0309";"1";"1,11043";"0,8731";"0,0929";"0,0340";"1"
"16/10/2021";"Norwich";"Brighton";"BW";"5,1297";"0,2778";"0,2857";"0,4878";"1,0513";"0,2642";"0,2718";"0,4640";"1";"0,2607";"0,2686";"0,4707";"1";"1,04952";"0,2607";"0,2685";"0,4708";"1"
"16/10/2021";"Southampton";"Leeds";"BW";"4,7209";"0,4167";"0,2857";"0,3448";"1,0472";"0,3979";"0,2728";"0,3293";"1";"0,4009";"0,2700";"0,3291";"1";"1,04435";"0,4008";"0,2703";"0,3289";"1"
"16/10/2021";"Brentford";"Chelsea";"BW";"5,3916";"0,1429";"0,2532";"0,6579";"1,0539";"0,1355";"0,2402";"0,6242";"1";"0,1249";"0,2352";"0,6399";"1";"1,06218";"0,1266";"0,2324";"0,6410";"1"
"17/10/2021";"Everton";"West Ham";"BW";"5,7514";"0,4082";"0,2857";"0,3636";"1,0575";"0,3860";"0,2702";"0,3439";"1";"0,3890";"0,2665";"0,3445";"1";"1,05421";"0,3888";"0,2670";"0,3442";"1"
"17/10/2021";"Newcastle";"Tottenham";"BW";"7,1895";"0,2941";"0,2778";"0,5000";"1,0719";"0,2744";"0,2591";"0,4665";"1";"0,2702";"0,2538";"0,4760";"1";"1,07025";"0,2699";"0,2539";"0,4762";"1"
"18/10/2021";"Arsenal";"Crystal Palace";"BW";"4,7607";"0,6173";"0,2564";"0,1739";"1,0476";"0,5892";"0,2448";"0,1660";"1";"0,6014";"0,2405";"0,1580";"1";"1,05164";"0,6021";"0,2390";"0,1589";"1"
"22/10/2021";"Arsenal";"Aston Villa";"BW";"6,2030";"0,5263";"0,2857";"0,2500";"1,0620";"0,4956";"0,2690";"0,2354";"1";"0,5056";"0,2650";"0,2293";"1";"1,06154";"0,5059";"0,2645";"0,2296";"1"
"23/10/2021";"Chelsea";"Norwich";"BW";"4,1883";"0,8772";"0,1212";"0,0435";"1,0419";"0,8419";"0,1163";"0,0417";"1";"0,8632";"0,1073";"0,0295";"1";"1,08987";"0,8669";"0,1003";"0,0328";"1"
"23/10/2021";"Crystal Palace";"Newcastle";"BW";"6,0869";"0,5128";"0,2778";"0,2703";"1,0609";"0,4834";"0,2618";"0,2548";"1";"0,4925";"0,2575";"0,2500";"1";"1,05977";"0,4928";"0,2573";"0,2499";"1"
"23/10/2021";"Everton";"Watford";"BW";"5,9379";"0,6250";"0,2439";"0,1905";"1,0594";"0,5900";"0,2302";"0,1798";"1";"0,6052";"0,2241";"0,1707";"1";"1,06470";"0,6063";"0,2226";"0,1711";"1"
"23/10/2021";"Leeds";"Wolves";"BW";"5,8961";"0,4762";"0,2703";"0,3125";"1,0590";"0,4497";"0,2552";"0,2951";"1";"0,4565";"0,2506";"0,2928";"1";"1,05678";"0,4565";"0,2509";"0,2925";"1"
"23/10/2021";"Southampton";"Burnley";"BW";"6,1693";"0,5128";"0,2857";"0,2632";"1,0617";"0,4830";"0,2691";"0,2479";"1";"0,4923";"0,2652";"0,2426";"1";"1,06061";"0,4925";"0,2648";"0,2427";"1"
"23/10/2021";"Brighton";"Man City";"BW";"5,3147";"0,1538";"0,2000";"0,6993";"1,0531";"0,1461";"0,1899";"0,6640";"1";"0,1361";"0,1823";"0,6816";"1";"1,06448";"0,1364";"0,1803";"0,6834";"1"
"24/10/2021";"Brentford";"Leicester";"BW";"5,4258";"0,3571";"0,3125";"0,3846";"1,0543";"0,3388";"0,2964";"0,3648";"1";"0,3391";"0,2944";"0,3665";"1";"1,05071";"0,3390";"0,2946";"0,3664";"1"
"24/10/2021";"West Ham";"Tottenham";"BW";"5,9524";"0,4167";"0,2857";"0,3571";"1,0595";"0,3933";"0,2697";"0,3371";"1";"0,3968";"0,2659";"0,3373";"1";"1,05622";"0,3967";"0,2663";"0,3371";"1"
"24/10/2021";"Man United";"Liverpool";"BW";"6,3492";"0,3333";"0,2857";"0,4444";"1,0635";"0,3134";"0,2687";"0,4179";"1";"0,3122";"0,2646";"0,4233";"1";"1,06042";"0,3119";"0,2649";"0,4232";"1"
"30/10/2021";"Leicester";"Arsenal";"BW";"6,3073";"0,4000";"0,2857";"0,3774";"1,0631";"0,3763";"0,2688";"0,3550";"1";"0,3790";"0,2647";"0,3563";"1";"1,05957";"0,3788";"0,2652";"0,3561";"1"
"30/10/2021";"Burnley";"Brentford";"BW";"6,0932";"0,4000";"0,3125";"0,3484";"1,0609";"0,3770";"0,2946";"0,3284";"1";"0,3797";"0,2922";"0,3281";"1";"1,05720";"0,3796";"0,2924";"0,3280";"1"
"30/10/2021";"Liverpool";"Brighton";"BW";"5,5510";"0,7874";"0,1600";"0,1081";"1,0555";"0,7460";"0,1516";"0,1024";"1";"0,7689";"0,1415";"0,0896";"1";"1,08181";"0,7722";"0,1377";"0,0901";"1"
"30/10/2021";"Man City";"Crystal Palace";"BW";"4,6657";"0,8621";"0,1290";"0,0556";"1,0467";"0,8236";"0,1233";"0,0531";"1";"0,8465";"0,1135";"0,0400";"1";"1,09165";"0,8504";"0,1070";"0,0426";"1"
"30/10/2021";"Newcastle";"Chelsea";"BW";"5,3809";"0,1379";"0,2309";"0,6849";"1,0538";"0,1309";"0,2192";"0,6500";"1";"0,1200";"0,2130";"0,6670";"1";"1,06440";"0,1214";"0,2101";"0,6684";"1"
"30/10/2021";"Watford";"Southampton";"BW";"6,1143";"0,3226";"0,2941";"0,4444";"1,0611";"0,3040";"0,2772";"0,4188";"1";"0,3022";"0,2737";"0,4241";"1";"1,05808";"0,3021";"0,2739";"0,4240";"1"
"30/10/2021";"Tottenham";"Man United";"BW";"5,7388";"0,3448";"0,2778";"0,4348";"1,0574";"0,3261";"0,2627";"0,4112";"1";"0,3257";"0,2586";"0,4157";"1";"1,05442";"0,3254";"0,2591";"0,4155";"1"
"31/10/2021";"Norwich";"Leeds";"BW";"6,3492";"0,2778";"0,2857";"0,5000";"1,0635";"0,2612";"0,2687";"0,4701";"1";"0,2566";"0,2646";"0,4788";"1";"1,06190";"0,2566";"0,2644";"0,4790";"1"
"31/10/2021";"Aston Villa";"West Ham";"BW";"6,0453";"0,3571";"0,2778";"0,4255";"1,0605";"0,3368";"0,2619";"0,4013";"1";"0,3370";"0,2576";"0,4054";"1";"1,05730";"0,3367";"0,2581";"0,4052";"1"
"01/11/2021";"Wolves";"Everton";"BW";"5,5394";"0,4651";"0,3125";"0,2778";"1,0554";"0,4407";"0,2961";"0,2632";"1";"0,4467";"0,2940";"0,2593";"1";"1,05299";"0,4466";"0,2938";"0,2595";"1"
"05/11/2021";"Southampton";"Aston Villa";"BW";"6,0606";"0,5051";"0,2778";"0,2778";"1,0606";"0,4762";"0,2619";"0,2619";"1";"0,4848";"0,2576";"0,2576";"1";"1,05922";"0,4850";"0,2575";"0,2575";"1"
"06/11/2021";"Man United";"Man City";"BW";"5,7018";"0,2222";"0,2500";"0,5848";"1,0570";"0,2102";"0,2365";"0,5533";"1";"0,2032";"0,2310";"0,5658";"1";"1,05931";"0,2033";"0,2303";"0,5665";"1"
"06/11/2021";"Brentford";"Norwich";"BW";"5,8473";"0,6135";"0,2632";"0,1818";"1,0585";"0,5796";"0,2486";"0,1718";"1";"0,5940";"0,2437";"0,1623";"1";"1,06315";"0,5949";"0,2419";"0,1633";"1"
"06/11/2021";"Chelsea";"Burnley";"BW";"5,0836";"0,8000";"0,1739";"0,0769";"1,0508";"0,7613";"0,1655";"0,0732";"1";"0,7831";"0,1570";"0,0600";"1";"1,07950";"0,7859";"0,1513";"0,0627";"1"
"06/11/2021";"Crystal Palace";"Wolves";"BW";"5,9783";"0,4348";"0,3125";"0,3125";"1,0598";"0,4103";"0,2949";"0,2949";"1";"0,4149";"0,2926";"0,2926";"1";"1,05654";"0,4148";"0,2926";"0,2926";"1"
"06/11/2021";"Brighton";"Newcastle";"BW";"4,8913";"0,6250";"0,2500";"0,1739";"1,0489";"0,5959";"0,2383";"0,1658";"1";"0,6087";"0,2337";"0,1576";"1";"1,05348";"0,6095";"0,2321";"0,1584";"1"
"07/11/2021";"Arsenal";"Watford";"BW";"5,4623";"0,6993";"0,2174";"0,1379";"1,0546";"0,6631";"0,2061";"0,1308";"1";"0,6811";"0,1992";"0,1197";"1";"1,06673";"0,6828";"0,1963";"0,1209";"1"
"07/11/2021";"Everton";"Tottenham";"BW";"6,5268";"0,3030";"0,3077";"0,4545";"1,0653";"0,2845";"0,2888";"0,4267";"1";"0,2813";"0,2859";"0,4328";"1";"1,06227";"0,2813";"0,2859";"0,4328";"1"
"07/11/2021";"Leeds";"Leicester";"BW";"6,3633";"0,3922";"0,2941";"0,3774";"1,0636";"0,3687";"0,2765";"0,3548";"1";"0,3709";"0,2729";"0,3561";"1";"1,05996";"0,3708";"0,2733";"0,3559";"1"
"07/11/2021";"West Ham";"Liverpool";"BW";"6,2342";"0,2309";"0,2500";"0,5814";"1,0623";"0,2174";"0,2353";"0,5473";"1";"0,2102";"0,2292";"0,5606";"1";"1,06465";"0,2101";"0,2286";"0,5614";"1"
"20/11/2021";"Leicester";"Chelsea";"BW";"5,5812";"0,2000";"0,2778";"0,5780";"1,0558";"0,1894";"0,2631";"0,5475";"1";"0,1814";"0,2592";"0,5594";"1";"1,05801";"0,1822";"0,2579";"0,5599";"1"
"20/11/2021";"Aston Villa";"Brighton";"BW";"6,4525";"0,4167";"0,3030";"0,3448";"1,0645";"0,3914";"0,2847";"0,3239";"1";"0,3952";"0,2815";"0,3233";"1";"1,06089";"0,3950";"0,2818";"0,3232";"1"
"20/11/2021";"Burnley";"Crystal Palace";"BW";"6,2678";"0,3704";"0,3077";"0,3846";"1,0627";"0,3485";"0,2895";"0,3619";"1";"0,3495";"0,2868";"0,3637";"1";"1,05885";"0,3493";"0,2871";"0,3636";"1"
"20/11/2021";"Newcastle";"Brentford";"BW";"5,6092";"0,3846";"0,2941";"0,3774";"1,0561";"0,3642";"0,2785";"0,3573";"1";"0,3659";"0,2754";"0,3587";"1";"1,05264";"0,3657";"0,2758";"0,3585";"1"
"20/11/2021";"Norwich";"Southampton";"BW";"6,3492";"0,2778";"0,2857";"0,5000";"1,0635";"0,2612";"0,2687";"0,4701";"1";"0,2566";"0,2646";"0,4788";"1";"1,06190";"0,2566";"0,2644";"0,4790";"1"
"20/11/2021";"Watford";"Man United";"BW";"5,3363";"0,1600";"0,2222";"0,6711";"1,0534";"0,1519";"0,2110";"0,6371";"1";"0,1422";"0,2044";"0,6534";"1";"1,06200";"0,1428";"0,2024";"0,6548";"1"
"20/11/2021";"Wolves";"West Ham";"BW";"5,7022";"0,3226";"0,3125";"0,4219";"1,0570";"0,3052";"0,2956";"0,3992";"1";"0,3036";"0,2935";"0,4029";"1";"1,05368";"0,3036";"0,2936";"0,4028";"1"
"20/11/2021";"Liverpool";"Arsenal";"BW";"5,5272";"0,6803";"0,2083";"0,1667";"1,0553";"0,6446";"0,1974";"0,1579";"1";"0,6618";"0,1899";"0,1482";"1";"1,06491";"0,6635";"0,1882";"0,1484";"1"
"21/11/2021";"Man City";"Everton";"BW";"4,7709";"0,8403";"0,1429";"0,0645";"1,0477";"0,8021";"0,1364";"0,0616";"1";"0,8244";"0,1270";"0,0486";"1";"1,08536";"0,8279";"0,1210";"0,0511";"1"
"21/11/2021";"Tottenham";"Leeds";"BW";"5,6818";"0,6250";"0,2500";"0,1818";"1,0568";"0,5914";"0,2366";"0,1720";"1";"0,6061";"0,2311";"0,1629";"1";"1,06205";"0,6070";"0,2294";"0,1636";"1"
"27/11/2021";"Arsenal";"Newcastle";"BW";"5,7663";"0,6803";"0,2174";"0,1600";"1,0577";"0,6432";"0,2055";"0,1513";"1";"0,6611";"0,1982";"0,1408";"1";"1,06788";"0,6627";"0,1960";"0,1413";"1"
"27/11/2021";"Crystal Palace";"Aston Villa";"BW";"6,0606";"0,4545";"0,3030";"0,3030";"1,0606";"0,4286";"0,2857";"0,2857";"1";"0,4343";"0,2828";"0,2828";"1";"1,05774";"0,4343";"0,2828";"0,2828";"1"
"27/11/2021";"Liverpool";"Southampton";"BW";"4,5509";"0,8065";"0,1481";"0,0909";"1,0455";"0,7713";"0,1417";"0,0870";"1";"0,7913";"0,1330";"0,0757";"1";"1,07145";"0,7942";"0,1293";"0,0766";"1"
"27/11/2021";"Norwich";"Wolves";"BW";"6,4935";"0,2857";"0,3030";"0,4762";"1,0649";"0,2683";"0,2846";"0,4472";"1";"0,2641";"0,2814";"0,4545";"1";"1,06255";"0,2642";"0,2812";"0,4546";"1"
"27/11/2021";"Brighton";"Leeds";"BW";"6,4935";"0,4762";"0,3030";"0,2857";"1,0649";"0,4472";"0,2846";"0,2683";"1";"0,4545";"0,2814";"0,2641";"1";"1,06255";"0,4546";"0,2812";"0,2642";"1"
"28/11/2021";"Brentford";"Everton";"BW";"7,1177";"0,4651";"0,3030";"0,3030";"1,0712";"0,4342";"0,2829";"0,2829";"1";"0,4414";"0,2793";"0,2793";"1";"1,06832";"0,4414";"0,2793";"0,2793";"1"
"28/11/2021";"Leicester";"Watford";"BW";"5,6287";"0,5848";"0,2632";"0,2083";"1,0563";"0,5536";"0,2491";"0,1972";"1";"0,5660";"0,2444";"0,1896";"1";"1,05870";"0,5667";"0,2433";"0,1900";"1"
"28/11/2021";"Man City";"West Ham";"BW";"4,7917";"0,7812";"0,1667";"0,1000";"1,0479";"0,7455";"0,1590";"0,0954";"1";"0,7653";"0,1507";"0,0840";"1";"1,07000";"0,7679";"0,1470";"0,0851";"1"
"28/11/2021";"Chelsea";"Man United";"BW";"5,7170";"0,6452";"0,2381";"0,1739";"1,0572";"0,6103";"0,2252";"0,1645";"1";"0,6261";"0,2190";"0,1549";"1";"1,06401";"0,6273";"0,2172";"0,1555";"1"
"30/11/2021";"Newcastle";"Norwich";"BW";"5,9233";"0,4878";"0,2857";"0,2857";"1,0592";"0,4605";"0,2697";"0,2697";"1";"0,4681";"0,2660";"0,2660";"1";"1,05729";"0,4681";"0,2659";"0,2659";"1"
"30/11/2021";"Leeds";"Crystal Palace";"BW";"6,2264";"0,4651";"0,3030";"0,2941";"1,0623";"0,4379";"0,2853";"0,2769";"1";"0,4444";"0,2823";"0,2734";"1";"1,05962";"0,4444";"0,2822";"0,2734";"1"
"01/12/2021";"Southampton";"Leicester";"BW";"5,9829";"0,4444";"0,3077";"0,3077";"1,0598";"0,4194";"0,2903";"0,2903";"1";"0,4245";"0,2877";"0,2877";"1";"1,05677";"0,4244";"0,2878";"0,2878";"1"
"01/12/2021";"Watford";"Chelsea";"BW";"5,3315";"0,1053";"0,1905";"0,7576";"1,0533";"0,0999";"0,1808";"0,7192";"1";"0,0875";"0,1727";"0,7398";"1";"1,07365";"0,0892";"0,1686";"0,7422";"1"
"01/12/2021";"West Ham";"Brighton";"BW";"5,9441";"0,5000";"0,3030";"0,2564";"1,0594";"0,4719";"0,2860";"0,2420";"1";"0,4802";"0,2832";"0,2366";"1";"1,05800";"0,4803";"0,2828";"0,2369";"1"
"01/12/2021";"Wolves";"Burnley";"BW";"5,9260";"0,5181";"0,3030";"0,2381";"1,0593";"0,4891";"0,2861";"0,2248";"1";"0,4984";"0,2833";"0,2183";"1";"1,05860";"0,4986";"0,2826";"0,2189";"1"
"01/12/2021";"Aston Villa";"Man City";"BW";"5,9524";"0,1429";"0,2222";"0,6944";"1,0595";"0,1348";"0,2097";"0,6554";"1";"0,1230";"0,2024";"0,6746";"1";"1,07206";"0,1242";"0,1994";"0,6764";"1"
"01/12/2021";"Everton";"Liverpool";"BW";"4,8864";"0,1176";"0,1905";"0,7407";"1,0489";"0,1122";"0,1816";"0,7062";"1";"0,1014";"0,1742";"0,7245";"1";"1,06474";"0,1024";"0,1711";"0,7265";"1"
"02/12/2021";"Tottenham";"Brentford";"BW";"6,0383";"0,6135";"0,2564";"0,1905";"1,0604";"0,5786";"0,2418";"0,1796";"1";"0,5934";"0,2363";"0,1703";"1";"1,06504";"0,5943";"0,2347";"0,1710";"1"
"02/12/2021";"Man United";"Arsenal";"BW";"6,7637";"0,4878";"0,2857";"0,2941";"1,0676";"0,4569";"0,2676";"0,2755";"1";"0,4653";"0,2632";"0,2716";"1";"1,06557";"0,4654";"0,2632";"0,2714";"1"
"04/12/2021";"West Ham";"Chelsea";"BW";"5,2633";"0,2174";"0,2703";"0,5650";"1,0526";"0,2065";"0,2568";"0,5367";"1";"0,1998";"0,2527";"0,5474";"1";"1,05384";"0,2002";"0,2519";"0,5479";"1"
"04/12/2021";"Newcastle";"Burnley";"BW";"6,1143";"0,4444";"0,2941";"0,3226";"1,0611";"0,4188";"0,2772";"0,3040";"1";"0,4241";"0,2737";"0,3022";"1";"1,05808";"0,4240";"0,2739";"0,3021";"1"
"04/12/2021";"Southampton";"Brighton";"BW";"6,7102";"0,4219";"0,3226";"0,3226";"1,0671";"0,3954";"0,3023";"0,3023";"1";"0,3996";"0,3002";"0,3002";"1";"1,06338";"0,3995";"0,3003";"0,3003";"1"
"04/12/2021";"Wolves";"Liverpool";"BW";"5,2217";"0,1379";"0,2000";"0,7143";"1,0522";"0,1311";"0,1901";"0,6788";"1";"0,1205";"0,1826";"0,6969";"1";"1,06531";"0,1212";"0,1800";"0,6988";"1"
"04/12/2021";"Watford";"Man City";"BW";"4,3590";"0,0769";"0,1333";"0,8333";"1,0436";"0,0737";"0,1278";"0,7985";"1";"0,0624";"0,1188";"0,8188";"1";"1,07520";"0,0634";"0,1146";"0,8220";"1"
"05/12/2021";"Leeds";"Brentford";"BW";"6,2438";"0,5495";"0,2857";"0,2273";"1,0624";"0,5172";"0,2689";"0,2139";"1";"0,5286";"0,2649";"0,2065";"1";"1,06317";"0,5291";"0,2640";"0,2070";"1"
"05/12/2021";"Man United";"Crystal Palace";"BW";"5,6191";"0,6623";"0,2273";"0,1667";"1,0562";"0,6270";"0,2152";"0,1578";"1";"0,6435";"0,2085";"0,1479";"1";"1,06440";"0,6449";"0,2066";"0,1485";"1"
"05/12/2021";"Tottenham";"Norwich";"BW";"6,0352";"0,6849";"0,2273";"0,1481";"1,0604";"0,6459";"0,2143";"0,1397";"1";"0,6648";"0,2072";"0,1280";"1";"1,07189";"0,6665";"0,2043";"0,1291";"1"
"05/12/2021";"Aston Villa";"Leicester";"BW";"6,0606";"0,4545";"0,3030";"0,3030";"1,0606";"0,4286";"0,2857";"0,2857";"1";"0,4343";"0,2828";"0,2828";"1";"1,05774";"0,4343";"0,2828";"0,2828";"1"
"06/12/2021";"Everton";"Arsenal";"BW";"6,3492";"0,2778";"0,2857";"0,5000";"1,0635";"0,2612";"0,2687";"0,4701";"1";"0,2566";"0,2646";"0,4788";"1";"1,06190";"0,2566";"0,2644";"0,4790";"1"
"10/12/2021";"Brentford";"Watford";"BW";"5,9233";"0,4878";"0,2857";"0,2857";"1,0592";"0,4605";"0,2697";"0,2697";"1";"0,4681";"0,2660";"0,2660";"1";"1,05729";"0,4681";"0,2659";"0,2659";"1"
"11/12/2021";"Man City";"Wolves";"BW";"4,6233";"0,8547";"0,1290";"0,0625";"1,0462";"0,8169";"0,1233";"0,0597";"1";"0,8393";"0,1136";"0,0471";"1";"1,08738";"0,8431";"0,1079";"0,0491";"1"
"11/12/2021";"Arsenal";"Southampton";"BW";"5,6061";"0,6061";"0,2500";"0,2000";"1,0561";"0,5739";"0,2367";"0,1894";"1";"0,5874";"0,2313";"0,1813";"1";"1,05973";"0,5882";"0,2301";"0,1817";"1"
"11/12/2021";"Chelsea";"Leeds";"BW";"5,1049";"0,7692";"0,1818";"0,1000";"1,0510";"0,7319";"0,1730";"0,0951";"1";"0,7522";"0,1648";"0,0830";"1";"1,07256";"0,7547";"0,1607";"0,0846";"1"
"11/12/2021";"Liverpool";"Aston Villa";"BW";"5,5238";"0,8000";"0,1600";"0,0952";"1,0552";"0,7581";"0,1516";"0,0903";"1";"0,7816";"0,1416";"0,0768";"1";"1,08479";"0,7850";"0,1370";"0,0780";"1"
"11/12/2021";"Norwich";"Man United";"BW";"5,6169";"0,1538";"0,2174";"0,6849";"1,0562";"0,1457";"0,2058";"0,6485";"1";"0,1351";"0,1987";"0,6662";"1";"1,06670";"0,1358";"0,1964";"0,6679";"1"
"12/12/2021";"Burnley";"West Ham";"BW";"6,0606";"0,2778";"0,2778";"0,5051";"1,0606";"0,2619";"0,2619";"0,4762";"1";"0,2576";"0,2576";"0,4848";"1";"1,05922";"0,2575";"0,2575";"0,4850";"1"
"12/12/2021";"Leicester";"Newcastle";"BW";"5,5764";"0,5952";"0,2500";"0,2105";"1,0558";"0,5638";"0,2368";"0,1994";"1";"0,5766";"0,2314";"0,1919";"1";"1,05867";"0,5774";"0,2305";"0,1921";"1"
"12/12/2021";"Crystal Palace";"Everton";"BW";"6,4637";"0,4444";"0,3077";"0,3125";"1,0646";"0,4175";"0,2890";"0,2935";"1";"0,4229";"0,2861";"0,2910";"1";"1,06143";"0,4228";"0,2862";"0,2910";"1"
"14/12/2021";"Norwich";"Aston Villa";"BW";"6,1661";"0,2778";"0,3077";"0,4762";"1,0617";"0,2616";"0,2898";"0,4485";"1";"0,2572";"0,2871";"0,4556";"1";"1,05937";"0,2574";"0,2869";"0,4557";"1"
"14/12/2021";"Man City";"Leeds";"BW";"4,3176";"0,8696";"0,1111";"0,0625";"1,0432";"0,8336";"0,1065";"0,0599";"1";"0,8552";"0,0967";"0,0481";"1";"1,08687";"0,8591";"0,0918";"0,0491";"1"
"15/12/2021";"Brighton";"Wolves";"BW";"6,1929";"0,4762";"0,3226";"0,2632";"1,0619";"0,4484";"0,3038";"0,2478";"1";"0,4555";"0,3019";"0,2425";"1";"1,05977";"0,4555";"0,3015";"0,2430";"1"
"15/12/2021";"Crystal Palace";"Southampton";"BW";"6,2326";"0,5051";"0,2941";"0,2632";"1,0623";"0,4754";"0,2769";"0,2477";"1";"0,4843";"0,2733";"0,2424";"1";"1,06098";"0,4844";"0,2730";"0,2426";"1"
"15/12/2021";"Arsenal";"West Ham";"BW";"5,9700";"0,4878";"0,2778";"0,2941";"1,0597";"0,4603";"0,2621";"0,2775";"1";"0,4679";"0,2579";"0,2742";"1";"1,05777";"0,4680";"0,2580";"0,2740";"1"
"16/12/2021";"Chelsea";"Everton";"BW";"5,0447";"0,8333";"0,1481";"0,0690";"1,0504";"0,7933";"0,1410";"0,0657";"1";"0,8165";"0,1313";"0,0521";"1";"1,08764";"0,8201";"0,1253";"0,0546";"1"
"16/12/2021";"Liverpool";"Newcastle";"BW";"3,8462";"0,9091";"0,0909";"0,0385";"1,0385";"0,8754";"0,0875";"0,0370";"1";"0,8963";"0,0781";"0,0256";"1";"1,09931";"0,9005";"0,0716";"0,0278";"1"
"18/12/2021";"Leeds";"Arsenal";"BW";"5,5497";"0,1905";"0,2439";"0,6211";"1,0555";"0,1805";"0,2311";"0,5885";"1";"0,1720";"0,2254";"0,6026";"1";"1,06018";"0,1724";"0,2240";"0,6036";"1"
"19/12/2021";"Newcastle";"Man City";"BW";"4,3075";"0,0556";"0,1026";"0,8850";"1,0431";"0,0533";"0,0983";"0,8484";"1";"0,0412";"0,0882";"0,8706";"1";"1,09396";"0,0423";"0,0828";"0,8749";"1"
"19/12/2021";"Wolves";"Chelsea";"BW";"5,7586";"0,1905";"0,2857";"0,5814";"1,0576";"0,1801";"0,2702";"0,5497";"1";"0,1713";"0,2665";"0,5622";"1";"1,06026";"0,1724";"0,2649";"0,5627";"1"
"19/12/2021";"Tottenham";"Liverpool";"BW";"5,6532";"0,2174";"0,2439";"0,5952";"1,0565";"0,2058";"0,2309";"0,5634";"1";"0,1985";"0,2251";"0,5764";"1";"1,05942";"0,1985";"0,2243";"0,5772";"1"
"26/12/2021";"Man City";"Leicester";"BW";"4,4273";"0,8772";"0,1026";"0,0645";"1,0443";"0,8400";"0,0982";"0,0618";"1";"0,8624";"0,0878";"0,0498";"1";"1,09199";"0,8667";"0,0832";"0,0501";"1"
"26/12/2021";"Norwich";"Arsenal";"BW";"5,1141";"0,1667";"0,2222";"0,6623";"1,0511";"0,1586";"0,2114";"0,6300";"1";"0,1496";"0,2052";"0,6452";"1";"1,05857";"0,1501";"0,2035";"0,6465";"1"
"26/12/2021";"Tottenham";"Crystal Palace";"BW";"5,2979";"0,5882";"0,2564";"0,2083";"1,0530";"0,5586";"0,2435";"0,1979";"1";"0,5706";"0,2388";"0,1907";"1";"1,05537";"0,5712";"0,2378";"0,1910";"1"
"26/12/2021";"West Ham";"Southampton";"BW";"5,3923";"0,5051";"0,2857";"0,2632";"1,0539";"0,4792";"0,2711";"0,2497";"1";"0,4871";"0,2677";"0,2452";"1";"1,05263";"0,4872";"0,2675";"0,2453";"1"
"26/12/2021";"Aston Villa";"Chelsea";"BW";"5,8506";"0,2000";"0,2703";"0,5882";"1,0585";"0,1889";"0,2553";"0,5557";"1";"0,1805";"0,2508";"0,5687";"1";"1,06137";"0,1812";"0,2494";"0,5694";"1"
"26/12/2021";"Brighton";"Brentford";"BW";"6,0293";"0,5263";"0,3030";"0,2309";"1,0603";"0,4964";"0,2858";"0,2178";"1";"0,5062";"0,2829";"0,2108";"1";"1,06002";"0,5064";"0,2821";"0,2115";"1"
"27/12/2021";"Newcastle";"Man United";"BW";"5,0798";"0,1600";"0,2105";"0,6803";"1,0508";"0,1523";"0,2003";"0,6474";"1";"0,1431";"0,1936";"0,6633";"1";"1,05976";"0,1434";"0,1918";"0,6648";"1"
"28/12/2021";"Crystal Palace";"Norwich";"BW";"6,0986";"0,5848";"0,2857";"0,1905";"1,0610";"0,5512";"0,2693";"0,1795";"1";"0,5645";"0,2654";"0,1701";"1";"1,06406";"0,5650";"0,2637";"0,1713";"1"
"28/12/2021";"Southampton";"Tottenham";"BW";"6,4388";"0,2703";"0,2941";"0,5000";"1,0644";"0,2539";"0,2763";"0,4698";"1";"0,2488";"0,2727";"0,4785";"1";"1,06281";"0,2489";"0,2724";"0,4787";"1"
"28/12/2021";"Watford";"West Ham";"BW";"6,3492";"0,2857";"0,2778";"0,5000";"1,0635";"0,2687";"0,2612";"0,4701";"1";"0,2646";"0,2566";"0,4788";"1";"1,06190";"0,2644";"0,2566";"0,4790";"1"
"28/12/2021";"Leicester";"Liverpool";"BW";"5,0443";"0,1212";"0,1600";"0,7692";"1,0504";"0,1154";"0,1523";"0,7323";"1";"0,1044";"0,1432";"0,7524";"1";"1,07079";"0,1044";"0,1405";"0,7551";"1"
"29/12/2021";"Chelsea";"Brighton";"BW";"5,4337";"0,7407";"0,2083";"0,1053";"1,0543";"0,7026";"0,1976";"0,0998";"1";"0,7226";"0,1902";"0,0872";"1";"1,07271";"0,7248";"0,1859";"0,0894";"1"
"29/12/2021";"Brentford";"Man City";"BW";"4,7342";"0,0714";"0,1212";"0,8547";"1,0473";"0,0682";"0,1157";"0,8161";"1";"0,0556";"0,1054";"0,8389";"1";"1,08854";"0,0565";"0,1006";"0,8429";"1"
"30/12/2021";"Man United";"Burnley";"BW";"5,1852";"0,7407";"0,2000";"0,1111";"1,0519";"0,7042";"0,1901";"0,1056";"1";"0,7235";"0,1827";"0,0938";"1";"1,06903";"0,7256";"0,1790";"0,0955";"1"
"01/01/2022";"Arsenal";"Man City";"BW";"5,3571";"0,1905";"0,2381";"0,6250";"1,0536";"0,1808";"0,2260";"0,5932";"1";"0,1726";"0,2202";"0,6071";"1";"1,05832";"0,1729";"0,2190";"0,6081";"1"
"01/01/2022";"Watford";"Tottenham";"BW";"5,6824";"0,1739";"0,2500";"0,6329";"1,0568";"0,1646";"0,2366";"0,5989";"1";"0,1550";"0,2311";"0,6140";"1";"1,06276";"0,1558";"0,2292";"0,6150";"1"
"01/01/2022";"Crystal Palace";"West Ham";"BW";"6,0606";"0,3030";"0,3030";"0,4545";"1,0606";"0,2857";"0,2857";"0,4286";"1";"0,2828";"0,2828";"0,4343";"1";"1,05774";"0,2828";"0,2828";"0,4343";"1"
"02/01/2022";"Brentford";"Aston Villa";"BW";"5,8824";"0,3636";"0,3030";"0,3922";"1,0588";"0,3434";"0,2862";"0,3704";"1";"0,3440";"0,2834";"0,3725";"1";"1,05520";"0,3439";"0,2837";"0,3724";"1"
"02/01/2022";"Everton";"Brighton";"BW";"6,1569";"0,3509";"0,3333";"0,3774";"1,0616";"0,3305";"0,3140";"0,3555";"1";"0,3304";"0,3128";"0,3568";"1";"1,05759";"0,3303";"0,3129";"0,3568";"1"
"02/01/2022";"Leeds";"Burnley";"BW";"5,5985";"0,5000";"0,2857";"0,2703";"1,0560";"0,4735";"0,2706";"0,2559";"1";"0,4813";"0,2671";"0,2516";"1";"1,05449";"0,4815";"0,2669";"0,2517";"1"
"02/01/2022";"Chelsea";"Liverpool";"BW";"6,3348";"0,3846";"0,2941";"0,3846";"1,0633";"0,3617";"0,2766";"0,3617";"1";"0,3635";"0,2730";"0,3635";"1";"1,05968";"0,3633";"0,2734";"0,3633";"1"
"03/01/2022";"Man United";"Wolves";"BW";"5,9552";"0,6024";"0,2667";"0,1905";"1,0596";"0,5686";"0,2517";"0,1798";"1";"0,5826";"0,2468";"0,1706";"1";"1,06347";"0,5833";"0,2452";"0,1714";"1"
"11/01/2022";"Southampton";"Brentford";"BW";"6,4935";"0,4762";"0,3030";"0,2857";"1,0649";"0,4472";"0,2846";"0,2683";"1";"0,4545";"0,2814";"0,2641";"1";"1,06255";"0,4546";"0,2812";"0,2642";"1"
"12/01/2022";"West Ham";"Norwich";"BW";"5,0887";"0,7092";"0,2083";"0,1333";"1,0509";"0,6749";"0,1982";"0,1269";"1";"0,6923";"0,1914";"0,1164";"1";"1,06326";"0,6940";"0,1887";"0,1174";"1"
"14/01/2022";"Brighton";"Crystal Palace";"BW";"5,8081";"0,5051";"0,3030";"0,2500";"1,0581";"0,4773";"0,2864";"0,2363";"1";"0,4857";"0,2837";"0,2306";"1";"1,05686";"0,4858";"0,2831";"0,2310";"1"
"15/01/2022";"Man City";"Chelsea";"BW";"5,9213";"0,6211";"0,2381";"0,2000";"1,0592";"0,5864";"0,2248";"0,1888";"1";"0,6014";"0,2184";"0,1803";"1";"1,06411";"0,6024";"0,2172";"0,1804";"1"
"15/01/2022";"Newcastle";"Watford";"BW";"5,5173";"0,5464";"0,2778";"0,2309";"1,0552";"0,5179";"0,2633";"0,2189";"1";"0,5281";"0,2594";"0,2126";"1";"1,05555";"0,5284";"0,2587";"0,2129";"1"
"15/01/2022";"Norwich";"Everton";"BW";"5,9829";"0,3077";"0,3077";"0,4444";"1,0598";"0,2903";"0,2903";"0,4194";"1";"0,2877";"0,2877";"0,4245";"1";"1,05677";"0,2878";"0,2878";"0,4244";"1"
"15/01/2022";"Wolves";"Southampton";"BW";"6,2500";"0,4167";"0,3333";"0,3125";"1,0625";"0,3922";"0,3137";"0,2941";"1";"0,3958";"0,3125";"0,2917";"1";"1,05888";"0,3957";"0,3125";"0,2918";"1"
"15/01/2022";"Aston Villa";"Man United";"BW";"5,5136";"0,4000";"0,2778";"0,3774";"1,0551";"0,3791";"0,2633";"0,3576";"1";"0,3816";"0,2594";"0,3590";"1";"1,05198";"0,3814";"0,2599";"0,3587";"1"
"16/01/2022";"Liverpool";"Brentford";"BW";"5,3623";"0,8000";"0,1667";"0,0870";"1,0536";"0,7593";"0,1582";"0,0825";"1";"0,7821";"0,1488";"0,0691";"1";"1,08293";"0,7853";"0,1437";"0,0710";"1"
"16/01/2022";"West Ham";"Leeds";"BW";"5,8296";"0,6061";"0,2439";"0,2083";"1,0583";"0,5727";"0,2305";"0,1969";"1";"0,5866";"0,2245";"0,1889";"1";"1,06203";"0,5875";"0,2235";"0,1890";"1"
"18/01/2022";"Brighton";"Chelsea";"BW";"6,3156";"0,1905";"0,2703";"0,6024";"1,0632";"0,1792";"0,2542";"0,5666";"1";"0,1694";"0,2492";"0,5814";"1";"1,06737";"0,1703";"0,2475";"0,5822";"1"
"19/01/2022";"Leicester";"Tottenham";"BW";"6,1163";"0,3125";"0,2941";"0,4545";"1,0612";"0,2945";"0,2772";"0,4283";"1";"0,2921";"0,2737";"0,4342";"1";"1,05830";"0,2920";"0,2739";"0,4341";"1"
"19/01/2022";"Brentford";"Man United";"BW";"5,5556";"0,2222";"0,2778";"0,5556";"1,0556";"0,2105";"0,2632";"0,5263";"1";"0,2037";"0,2593";"0,5370";"1";"1,05641";"0,2041";"0,2584";"0,5374";"1"
"21/01/2022";"Watford";"Norwich";"BW";"5,9070";"0,5181";"0,2778";"0,2632";"1,0591";"0,4892";"0,2623";"0,2485";"1";"0,4984";"0,2581";"0,2435";"1";"1,05819";"0,4987";"0,2578";"0,2435";"1"
"22/01/2022";"Everton";"Aston Villa";"BW";"6,0173";"0,3571";"0,3030";"0,4000";"1,0602";"0,3369";"0,2858";"0,3773";"1";"0,3371";"0,2830";"0,3799";"1";"1,05654";"0,3369";"0,2832";"0,3798";"1"
"22/01/2022";"Brentford";"Wolves";"BW";"6,0394";"0,4348";"0,3226";"0,3030";"1,0604";"0,4100";"0,3042";"0,2858";"1";"0,4147";"0,3024";"0,2829";"1";"1,05715";"0,4146";"0,3024";"0,2830";"1"
"22/01/2022";"Leeds";"Newcastle";"BW";"5,9744";"0,5263";"0,2703";"0,2632";"1,0597";"0,4966";"0,2550";"0,2483";"1";"0,5064";"0,2504";"0,2432";"1";"1,05918";"0,5067";"0,2501";"0,2432";"1"
"22/01/2022";"Man United";"West Ham";"BW";"5,5985";"0,5000";"0,2703";"0,2857";"1,0560";"0,4735";"0,2559";"0,2706";"1";"0,4813";"0,2516";"0,2671";"1";"1,05449";"0,4815";"0,2517";"0,2669";"1"
"22/01/2022";"Southampton";"Man City";"BW";"4,9306";"0,0952";"0,1667";"0,7874";"1,0493";"0,0908";"0,1588";"0,7504";"1";"0,0788";"0,1502";"0,7710";"1";"1,07336";"0,0801";"0,1461";"0,7737";"1"
"23/01/2022";"Arsenal";"Burnley";"BW";"5,7576";"0,7576";"0,2000";"0,1000";"1,0576";"0,7163";"0,1891";"0,0946";"1";"0,7384";"0,1808";"0,0808";"1";"1,07993";"0,7410";"0,1759";"0,0832";"1"
"23/01/2022";"Crystal Palace";"Liverpool";"BW";"5,5730";"0,1667";"0,2439";"0,6452";"1,0557";"0,1579";"0,2310";"0,6111";"1";"0,1481";"0,2253";"0,6266";"1";"1,06256";"0,1490";"0,2233";"0,6277";"1"
"23/01/2022";"Leicester";"Brighton";"BW";"6,5558";"0,3922";"0,3030";"0,3704";"1,0656";"0,3680";"0,2844";"0,3476";"1";"0,3703";"0,2812";"0,3485";"1";"1,06171";"0,3701";"0,2815";"0,3483";"1"
"23/01/2022";"Chelsea";"Tottenham";"BW";"5,8480";"0,5848";"0,2632";"0,2105";"1,0585";"0,5525";"0,2486";"0,1989";"1";"0,5653";"0,2437";"0,1910";"1";"1,06098";"0,5660";"0,2426";"0,1914";"1"
"05/02/2022";"Burnley";"Watford";"BW";"6,3331";"0,4651";"0,3125";"0,2857";"1,0633";"0,4374";"0,2939";"0,2687";"1";"0,4440";"0,2914";"0,2646";"1";"1,06069";"0,4440";"0,2912";"0,2648";"1"
"08/02/2022";"Newcastle";"Everton";"BW";"6,8129";"0,4167";"0,3030";"0,3484";"1,0681";"0,3901";"0,2837";"0,3262";"1";"0,3940";"0,2803";"0,3257";"1";"1,06439";"0,3938";"0,2806";"0,3256";"1"
"08/02/2022";"West Ham";"Watford";"BW";"6,0856";"0,6369";"0,2500";"0,1739";"1,0609";"0,6004";"0,2357";"0,1639";"1";"0,6167";"0,2297";"0,1536";"1";"1,06756";"0,6178";"0,2276";"0,1545";"1"
"08/02/2022";"Burnley";"Man United";"BW";"5,6824";"0,1739";"0,2500";"0,6329";"1,0568";"0,1646";"0,2366";"0,5989";"1";"0,1550";"0,2311";"0,6140";"1";"1,06276";"0,1558";"0,2292";"0,6150";"1"
"09/02/2022";"Man City";"Brentford";"BW";"4,4379";"0,9009";"0,1000";"0,0435";"1,0444";"0,8626";"0,0958";"0,0416";"1";"0,8861";"0,0852";"0,0287";"1";"1,10739";"0,8909";"0,0781";"0,0310";"1"
"09/02/2022";"Norwich";"Crystal Palace";"BW";"5,9975";"0,3030";"0,3125";"0,4444";"1,0600";"0,2859";"0,2948";"0,4193";"1";"0,2830";"0,2925";"0,4245";"1";"1,05692";"0,2831";"0,2925";"0,4244";"1"
"09/02/2022";"Tottenham";"Southampton";"BW";"6,2977";"0,6452";"0,2439";"0,1739";"1,0630";"0,6069";"0,2295";"0,1636";"1";"0,6242";"0,2229";"0,1529";"1";"1,07059";"0,6255";"0,2208";"0,1537";"1"
"09/02/2022";"Aston Villa";"Leeds";"BW";"6,0621";"0,5464";"0,2703";"0,2439";"1,0606";"0,5152";"0,2548";"0,2300";"1";"0,5262";"0,2501";"0,2237";"1";"1,06100";"0,5267";"0,2495";"0,2238";"1"
"10/02/2022";"Liverpool";"Leicester";"BW";"4,8113";"0,8130";"0,1481";"0,0870";"1,0481";"0,7757";"0,1413";"0,0830";"1";"0,7970";"0,1321";"0,0709";"1";"1,07716";"0,8001";"0,1279";"0,0720";"1"
"10/02/2022";"Wolves";"Arsenal";"BW";"6,5475";"0,2778";"0,3226";"0,4651";"1,0655";"0,2607";"0,3028";"0,4365";"1";"0,2560";"0,3008";"0,4433";"1";"1,06285";"0,2563";"0,3004";"0,4433";"1"
"12/02/2022";"Man United";"Southampton";"BW";"5,9165";"0,6369";"0,2222";"0,2000";"1,0592";"0,6014";"0,2098";"0,1888";"1";"0,6172";"0,2025";"0,1803";"1";"1,06523";"0,6185";"0,2015";"0,1801";"1"
"12/02/2022";"Brentford";"Crystal Palace";"BW";"5,8073";"0,3509";"0,3226";"0,3846";"1,0581";"0,3316";"0,3049";"0,3635";"1";"0,3315";"0,3032";"0,3653";"1";"1,05431";"0,3315";"0,3034";"0,3652";"1"
"12/02/2022";"Everton";"Leeds";"BW";"5,5230";"0,3922";"0,2857";"0,3774";"1,0552";"0,3716";"0,2708";"0,3576";"1";"0,3737";"0,2673";"0,3589";"1";"1,05193";"0,3735";"0,2677";"0,3587";"1"
"12/02/2022";"Watford";"Brighton";"BW";"5,8655";"0,2632";"0,3077";"0,4878";"1,0587";"0,2486";"0,2906";"0,4608";"1";"0,2436";"0,2881";"0,4683";"1";"1,05682";"0,2439";"0,2878";"0,4683";"1"
"12/02/2022";"Norwich";"Man City";"BW";"4,9860";"0,0667";"0,1429";"0,8403";"1,0499";"0,0635";"0,1361";"0,8004";"1";"0,0500";"0,1262";"0,8237";"1";"1,08891";"0,0524";"0,1202";"0,8274";"1"
"13/02/2022";"Burnley";"Liverpool";"BW";"4,8889";"0,0952";"0,1600";"0,7937";"1,0489";"0,0908";"0,1525";"0,7567";"1";"0,0789";"0,1437";"0,7774";"1";"1,07389";"0,0800";"0,1397";"0,7802";"1"
"13/02/2022";"Newcastle";"Aston Villa";"BW";"5,7754";"0,3636";"0,2941";"0,4000";"1,0578";"0,3438";"0,2781";"0,3782";"1";"0,3444";"0,2749";"0,3807";"1";"1,05429";"0,3442";"0,2752";"0,3806";"1"
"13/02/2022";"Tottenham";"Wolves";"BW";"5,5066";"0,5848";"0,2703";"0,2000";"1,0551";"0,5543";"0,2562";"0,1896";"1";"0,5664";"0,2519";"0,1816";"1";"1,05754";"0,5670";"0,2507";"0,1823";"1"
"13/02/2022";"Leicester";"West Ham";"BW";"5,9424";"0,3571";"0,2941";"0,4082";"1,0594";"0,3371";"0,2776";"0,3853";"1";"0,3373";"0,2743";"0,3884";"1";"1,05596";"0,3371";"0,2747";"0,3882";"1"
"15/02/2022";"Man United";"Brighton";"BW";"6,3492";"0,5556";"0,2857";"0,2222";"1,0635";"0,5224";"0,2687";"0,2090";"1";"0,5344";"0,2646";"0,2011";"1";"1,06461";"0,5349";"0,2635";"0,2016";"1"
"19/02/2022";"West Ham";"Newcastle";"BW";"5,5323";"0,6250";"0,2564";"0,1739";"1,0553";"0,5922";"0,2430";"0,1648";"1";"0,6066";"0,2380";"0,1555";"1";"1,06058";"0,6075";"0,2361";"0,1564";"1"
"19/02/2022";"Arsenal";"Brentford";"BW";"5,8153";"0,6536";"0,2564";"0,1481";"1,0582";"0,6177";"0,2423";"0,1400";"1";"0,6342";"0,2370";"0,1288";"1";"1,06659";"0,6353";"0,2342";"0,1305";"1"
"19/02/2022";"Aston Villa";"Watford";"BW";"6,3497";"0,6135";"0,2500";"0,2000";"1,0635";"0,5769";"0,2351";"0,1881";"1";"0,5923";"0,2288";"0,1788";"1";"1,06825";"0,5934";"0,2274";"0,1792";"1"
"19/02/2022";"Brighton";"Burnley";"BW";"6,2260";"0,6173";"0,2632";"0,1818";"1,0623";"0,5811";"0,2477";"0,1712";"1";"0,5965";"0,2424";"0,1611";"1";"1,06755";"0,5975";"0,2405";"0,1620";"1"
"19/02/2022";"Crystal Palace";"Chelsea";"BW";"6,3156";"0,1905";"0,2703";"0,6024";"1,0632";"0,1792";"0,2542";"0,5666";"1";"0,1694";"0,2492";"0,5814";"1";"1,06737";"0,1703";"0,2475";"0,5822";"1"
"19/02/2022";"Liverpool";"Norwich";"BW";"4,4626";"0,9009";"0,1053";"0,0385";"1,0446";"0,8624";"0,1008";"0,0368";"1";"0,8860";"0,0904";"0,0236";"1";"1,10909";"0,8907";"0,0823";"0,0270";"1"
"19/02/2022";"Southampton";"Everton";"BW";"6,4426";"0,4762";"0,2941";"0,2941";"1,0644";"0,4474";"0,2763";"0,2763";"1";"0,4547";"0,2726";"0,2726";"1";"1,06204";"0,4548";"0,2726";"0,2726";"1"
"19/02/2022";"Man City";"Tottenham";"BW";"5,3977";"0,7812";"0,1818";"0,0909";"1,0540";"0,7412";"0,1725";"0,0863";"1";"0,7633";"0,1638";"0,0729";"1";"1,07946";"0,7661";"0,1588";"0,0751";"1"
"20/02/2022";"Leeds";"Man United";"BW";"6,2068";"0,2273";"0,2500";"0,5848";"1,0621";"0,2140";"0,2354";"0,5506";"1";"0,2066";"0,2293";"0,5641";"1";"1,06459";"0,2065";"0,2286";"0,5649";"1"
"20/02/2022";"Wolves";"Leicester";"BW";"7,0076";"0,4545";"0,3125";"0,3030";"1,0701";"0,4248";"0,2920";"0,2832";"1";"0,4312";"0,2891";"0,2797";"1";"1,06696";"0,4312";"0,2891";"0,2797";"1"
"23/02/2022";"Burnley";"Tottenham";"BW";"5,7464";"0,2222";"0,2703";"0,5650";"1,0575";"0,2101";"0,2556";"0,5343";"1";"0,2031";"0,2511";"0,5458";"1";"1,05879";"0,2034";"0,2503";"0,5463";"1"
"23/02/2022";"Watford";"Crystal Palace";"BW";"5,9565";"0,3448";"0,3226";"0,3922";"1,0596";"0,3254";"0,3044";"0,3701";"1";"0,3250";"0,3027";"0,3723";"1";"1,05578";"0,3249";"0,3029";"0,3722";"1"
"23/02/2022";"Liverpool";"Leeds";"BW";"4,7918";"0,8475";"0,1290";"0,0714";"1,0479";"0,8087";"0,1231";"0,0682";"1";"0,8315";"0,1131";"0,0555";"1";"1,08718";"0,8353";"0,1079";"0,0567";"1"
"24/02/2022";"Arsenal";"Wolves";"BW";"5,7680";"0,6135";"0,2703";"0,1739";"1,0577";"0,5800";"0,2555";"0,1644";"1";"0,5943";"0,2510";"0,1547";"1";"1,06250";"0,5950";"0,2491";"0,1559";"1"
"25/02/2022";"Southampton";"Norwich";"BW";"5,5556";"0,6667";"0,2222";"0,1667";"1,0556";"0,6316";"0,2105";"0,1579";"1";"0,6481";"0,2037";"0,1481";"1";"1,06403";"0,6496";"0,2018";"0,1486";"1"
"26/02/2022";"Leeds";"Tottenham";"BW";"6,0869";"0,2778";"0,2703";"0,5128";"1,0609";"0,2618";"0,2548";"0,4834";"1";"0,2575";"0,2500";"0,4925";"1";"1,05977";"0,2573";"0,2499";"0,4928";"1"
"26/02/2022";"Brentford";"Newcastle";"BW";"6,0613";"0,4255";"0,3226";"0,3125";"1,0606";"0,4012";"0,3041";"0,2946";"1";"0,4053";"0,3024";"0,2923";"1";"1,05719";"0,4052";"0,3024";"0,2924";"1"
"26/02/2022";"Crystal Palace";"Burnley";"BW";"6,0012";"0,5348";"0,3030";"0,2222";"1,0600";"0,5045";"0,2859";"0,2096";"1";"0,5148";"0,2830";"0,2022";"1";"1,06018";"0,5150";"0,2820";"0,2030";"1"
"26/02/2022";"Man United";"Watford";"BW";"5,8429";"0,7299";"0,2174";"0,1111";"1,0584";"0,6896";"0,2054";"0,1050";"1";"0,7105";"0,1979";"0,0916";"1";"1,07638";"0,7126";"0,1935";"0,0939";"1"
"26/02/2022";"Brighton";"Aston Villa";"BW";"6,0606";"0,4545";"0,3030";"0,3030";"1,0606";"0,4286";"0,2857";"0,2857";"1";"0,4343";"0,2828";"0,2828";"1";"1,05774";"0,4343";"0,2828";"0,2828";"1"
"26/02/2022";"Everton";"Man City";"BW";"5,0000";"0,0833";"0,1667";"0,8000";"1,0500";"0,0794";"0,1587";"0,7619";"1";"0,0667";"0,1500";"0,7833";"1";"1,07763";"0,0687";"0,1450";"0,7863";"1"
"27/02/2022";"West Ham";"Wolves";"BW";"6,1931";"0,5405";"0,2941";"0,2273";"1,0619";"0,5090";"0,2770";"0,2140";"1";"0,5199";"0,2735";"0,2066";"1";"1,06228";"0,5202";"0,2725";"0,2072";"1"
"01/03/2022";"Burnley";"Leicester";"BW";"6,2071";"0,3509";"0,3030";"0,4082";"1,0621";"0,3304";"0,2853";"0,3843";"1";"0,3302";"0,2823";"0,3875";"1";"1,05843";"0,3300";"0,2826";"0,3873";"1"
"05/03/2022";"Leicester";"Leeds";"BW";"6,4388";"0,5000";"0,2703";"0,2941";"1,0644";"0,4698";"0,2539";"0,2763";"1";"0,4785";"0,2488";"0,2727";"1";"1,06281";"0,4787";"0,2489";"0,2724";"1"
"05/03/2022";"Aston Villa";"Southampton";"BW";"5,2760";"0,4545";"0,2857";"0,3125";"1,0528";"0,4318";"0,2714";"0,2968";"1";"0,4370";"0,2681";"0,2949";"1";"1,05018";"0,4369";"0,2683";"0,2948";"1"
"05/03/2022";"Burnley";"Chelsea";"BW";"5,6410";"0,1333";"0,2564";"0,6667";"1,0564";"0,1262";"0,2427";"0,6311";"1";"0,1145";"0,2376";"0,6479";"1";"1,06622";"0,1167";"0,2343";"0,6490";"1"
"05/03/2022";"Newcastle";"Brighton";"BW";"5,5628";"0,3846";"0,3226";"0,3484";"1,0556";"0,3643";"0,3056";"0,3301";"1";"0,3661";"0,3040";"0,3299";"1";"1,05197";"0,3660";"0,3042";"0,3299";"1"
"05/03/2022";"Norwich";"Brentford";"BW";"6,4077";"0,3333";"0,3226";"0,4082";"1,0641";"0,3133";"0,3032";"0,3836";"1";"0,3120";"0,3012";"0,3868";"1";"1,06027";"0,3120";"0,3013";"0,3867";"1"
"05/03/2022";"Wolves";"Crystal Palace";"BW";"6,3954";"0,4219";"0,3390";"0,3030";"1,0640";"0,3966";"0,3186";"0,2848";"1";"0,4006";"0,3177";"0,2817";"1";"1,06040";"0,4005";"0,3175";"0,2819";"1"
"05/03/2022";"Liverpool";"West Ham";"BW";"4,9838";"0,8065";"0,1481";"0,0952";"1,0498";"0,7682";"0,1411";"0,0907";"1";"0,7898";"0,1315";"0,0786";"1";"1,07793";"0,7930";"0,1277";"0,0793";"1"
"06/03/2022";"Watford";"Arsenal";"BW";"6,0347";"0,1600";"0,2381";"0,6623";"1,0603";"0,1509";"0,2245";"0,6246";"1";"0,1399";"0,2180";"0,6421";"1";"1,06940";"0,1409";"0,2155";"0,6436";"1"
"06/03/2022";"Man City";"Man United";"BW";"5,8959";"0,7299";"0,2000";"0,1290";"1,0590";"0,6893";"0,1889";"0,1218";"1";"0,7103";"0,1803";"0,1094";"1";"1,07611";"0,7126";"0,1769";"0,1104";"1"
"07/03/2022";"Tottenham";"Everton";"BW";"5,2947";"0,6061";"0,2564";"0,1905";"1,0529";"0,5756";"0,2435";"0,1809";"1";"0,5884";"0,2388";"0,1728";"1";"1,05653";"0,5891";"0,2374";"0,1734";"1"
"10/03/2022";"Norwich";"Chelsea";"BW";"5,4337";"0,1053";"0,2083";"0,7407";"1,0543";"0,0998";"0,1976";"0,7026";"1";"0,0872";"0,1902";"0,7226";"1";"1,07271";"0,0894";"0,1859";"0,7248";"1"
"10/03/2022";"Southampton";"Newcastle";"BW";"5,8569";"0,5348";"0,2857";"0,2381";"1,0586";"0,5052";"0,2699";"0,2249";"1";"0,5152";"0,2662";"0,2186";"1";"1,05848";"0,5155";"0,2655";"0,2189";"1"
"10/03/2022";"Wolves";"Watford";"BW";"5,8529";"0,5263";"0,2941";"0,2381";"1,0585";"0,4972";"0,2779";"0,2249";"1";"0,5068";"0,2746";"0,2186";"1";"1,05813";"0,5070";"0,2739";"0,2190";"1"
"10/03/2022";"Leeds";"Aston Villa";"BW";"6,4248";"0,3704";"0,2857";"0,4082";"1,0642";"0,3480";"0,2685";"0,3835";"1";"0,3490";"0,2643";"0,3867";"1";"1,06075";"0,3487";"0,2648";"0,3865";"1"
"12/03/2022";"Brighton";"Liverpool";"BW";"5,6169";"0,1538";"0,2174";"0,6849";"1,0562";"0,1457";"0,2058";"0,6485";"1";"0,1351";"0,1987";"0,6662";"1";"1,06670";"0,1358";"0,1964";"0,6679";"1"
"12/03/2022";"Brentford";"Burnley";"BW";"6,1661";"0,4762";"0,3077";"0,2778";"1,0617";"0,4485";"0,2898";"0,2616";"1";"0,4556";"0,2871";"0,2572";"1";"1,05937";"0,4557";"0,2869";"0,2574";"1"
"12/03/2022";"Man United";"Tottenham";"BW";"5,9480";"0,4348";"0,2857";"0,3390";"1,0595";"0,4104";"0,2697";"0,3200";"1";"0,4150";"0,2659";"0,3192";"1";"1,05637";"0,4148";"0,2662";"0,3189";"1"
"13/03/2022";"Chelsea";"Newcastle";"BW";"5,0618";"0,7246";"0,2083";"0,1176";"1,0506";"0,6897";"0,1983";"0,1120";"1";"0,7078";"0,1915";"0,1008";"1";"1,06518";"0,7096";"0,1881";"0,1023";"1"
"13/03/2022";"Everton";"Wolves";"BW";"6,2840";"0,4545";"0,3226";"0,2857";"1,0628";"0,4277";"0,3035";"0,2688";"1";"0,4336";"0,3016";"0,2648";"1";"1,05998";"0,4336";"0,3014";"0,2650";"1"
"13/03/2022";"Leeds";"Norwich";"BW";"5,6824";"0,6329";"0,2500";"0,1739";"1,0568";"0,5989";"0,2366";"0,1646";"1";"0,6140";"0,2311";"0,1550";"1";"1,06276";"0,6150";"0,2292";"0,1558";"1"
"13/03/2022";"Southampton";"Watford";"BW";"5,6856";"0,6369";"0,2381";"0,1818";"1,0569";"0,6027";"0,2253";"0,1720";"1";"0,6180";"0,2191";"0,1629";"1";"1,06290";"0,6191";"0,2175";"0,1633";"1"
"13/03/2022";"West Ham";"Aston Villa";"BW";"5,9646";"0,4082";"0,3125";"0,3390";"1,0596";"0,3852";"0,2949";"0,3199";"1";"0,3883";"0,2926";"0,3191";"1";"1,05604";"0,3882";"0,2928";"0,3190";"1"
"13/03/2022";"Arsenal";"Leicester";"BW";"5,8817";"0,6944";"0,2105";"0,1538";"1,0588";"0,6559";"0,1988";"0,1453";"1";"0,6748";"0,1909";"0,1342";"1";"1,07084";"0,6767";"0,1885";"0,1347";"1"
"14/03/2022";"Crystal Palace";"Man City";"BW";"5,0464";"0,1081";"0,1905";"0,7519";"1,0505";"0,1029";"0,1813";"0,7158";"1";"0,0913";"0,1737";"0,7351";"1";"1,06877";"0,0928";"0,1699";"0,7373";"1"
"16/03/2022";"Brighton";"Tottenham";"BW";"5,6022";"0,2857";"0,2941";"0,4762";"1,0560";"0,2706";"0,2785";"0,4509";"1";"0,2670";"0,2754";"0,4575";"1";"1,05383";"0,2671";"0,2754";"0,4575";"1"
"16/03/2022";"Arsenal";"Liverpool";"BW";"6,5201";"0,2857";"0,2667";"0,5128";"1,0652";"0,2682";"0,2503";"0,4814";"1";"0,2640";"0,2449";"0,4911";"1";"1,06410";"0,2637";"0,2450";"0,4913";"1"
"17/03/2022";"Everton";"Newcastle";"BW";"6,6667";"0,4000";"0,3333";"0,3333";"1,0667";"0,3750";"0,3125";"0,3125";"1";"0,3778";"0,3111";"0,3111";"1";"1,06266";"0,3777";"0,3112";"0,3112";"1"
"18/03/2022";"Wolves";"Leeds";"BW";"6,2264";"0,4651";"0,2941";"0,3030";"1,0623";"0,4379";"0,2769";"0,2853";"1";"0,4444";"0,2734";"0,2823";"1";"1,05962";"0,4444";"0,2734";"0,2822";"1"
"19/03/2022";"Aston Villa";"Arsenal";"BW";"5,8633";"0,3390";"0,2941";"0,4255";"1,0586";"0,3202";"0,2778";"0,4020";"1";"0,3194";"0,2746";"0,4060";"1";"1,05536";"0,3193";"0,2749";"0,4059";"1"
"20/03/2022";"Leicester";"Brentford";"BW";"6,4935";"0,4762";"0,3030";"0,2857";"1,0649";"0,4472";"0,2846";"0,2683";"1";"0,4545";"0,2814";"0,2641";"1";"1,06255";"0,4546";"0,2812";"0,2642";"1"
"20/03/2022";"Tottenham";"West Ham";"BW";"5,8506";"0,5882";"0,2703";"0,2000";"1,0585";"0,5557";"0,2553";"0,1889";"1";"0,5687";"0,2508";"0,1805";"1";"1,06137";"0,5694";"0,2494";"0,1812";"1"
"02/04/2022";"Liverpool";"Watford";"BW";"4,3021";"0,8621";"0,1333";"0,0476";"1,0430";"0,8265";"0,1278";"0,0457";"1";"0,8477";"0,1190";"0,0333";"1";"1,08580";"0,8512";"0,1122";"0,0367";"1"
"02/04/2022";"Brighton";"Norwich";"BW";"5,9072";"0,6711";"0,2500";"0,1379";"1,0591";"0,6337";"0,2361";"0,1302";"1";"0,6515";"0,2303";"0,1182";"1";"1,06953";"0,6528";"0,2270";"0,1202";"1"
"02/04/2022";"Burnley";"Man City";"BW";"4,9931";"0,0769";"0,1600";"0,8130";"1,0499";"0,0733";"0,1524";"0,7743";"1";"0,0603";"0,1434";"0,7964";"1";"1,08084";"0,0625";"0,1380";"0,7995";"1"
"02/04/2022";"Chelsea";"Brentford";"BW";"5,2546";"0,7299";"0,2083";"0,1143";"1,0525";"0,6935";"0,1979";"0,1086";"1";"0,7124";"0,1908";"0,0968";"1";"1,06846";"0,7144";"0,1871";"0,0985";"1"
"02/04/2022";"Leeds";"Southampton";"BW";"6,0453";"0,4255";"0,2778";"0,3571";"1,0605";"0,4013";"0,2619";"0,3368";"1";"0,4054";"0,2576";"0,3370";"1";"1,05730";"0,4052";"0,2581";"0,3367";"1"
"02/04/2022";"Wolves";"Aston Villa";"BW";"6,2776";"0,3448";"0,3333";"0,3846";"1,0628";"0,3245";"0,3136";"0,3619";"1";"0,3239";"0,3124";"0,3637";"1";"1,05879";"0,3239";"0,3125";"0,3636";"1"
"02/04/2022";"Man United";"Leicester";"BW";"5,3556";"0,6623";"0,2174";"0,1739";"1,0536";"0,6286";"0,2063";"0,1651";"1";"0,6444";"0,1995";"0,1561";"1";"1,06123";"0,6458";"0,1980";"0,1563";"1"
"03/04/2022";"West Ham";"Everton";"BW";"5,9341";"0,5618";"0,2703";"0,2273";"1,0593";"0,5303";"0,2551";"0,2145";"1";"0,5420";"0,2505";"0,2075";"1";"1,06053";"0,5425";"0,2497";"0,2078";"1"
"03/04/2022";"Tottenham";"Newcastle";"BW";"5,8357";"0,6536";"0,2381";"0,1667";"1,0584";"0,6176";"0,2250";"0,1575";"1";"0,6341";"0,2186";"0,1472";"1";"1,06619";"0,6355";"0,2165";"0,1480";"1"
"04/04/2022";"Crystal Palace";"Arsenal";"BW";"6,4491";"0,2564";"0,3030";"0,5051";"1,0645";"0,2409";"0,2847";"0,4745";"1";"0,2349";"0,2815";"0,4836";"1";"1,06319";"0,2353";"0,2810";"0,4837";"1"
"06/04/2022";"Burnley";"Everton";"BW";"5,3325";"0,4082";"0,3226";"0,3226";"1,0533";"0,3875";"0,3062";"0,3062";"1";"0,3904";"0,3048";"0,3048";"1";"1,04996";"0,3903";"0,3049";"0,3049";"1"
"08/04/2022";"Newcastle";"Wolves";"BW";"6,2743";"0,5051";"0,3077";"0,2500";"1,0627";"0,4752";"0,2895";"0,2352";"1";"0,4841";"0,2868";"0,2291";"1";"1,06152";"0,4843";"0,2862";"0,2296";"1"
"09/04/2022";"Everton";"Man United";"BW";"6,1739";"0,2632";"0,2667";"0,5319";"1,0617";"0,2479";"0,2512";"0,5010";"1";"0,2426";"0,2461";"0,5113";"1";"1,06142";"0,2424";"0,2459";"0,5117";"1"
"09/04/2022";"Arsenal";"Brighton";"BW";"5,4865";"0,5952";"0,2857";"0,1739";"1,0549";"0,5643";"0,2709";"0,1649";"1";"0,5769";"0,2674";"0,1556";"1";"1,05846";"0,5775";"0,2655";"0,1570";"1"
"09/04/2022";"Southampton";"Chelsea";"BW";"5,9070";"0,2632";"0,2778";"0,5181";"1,0591";"0,2485";"0,2623";"0,4892";"1";"0,2435";"0,2581";"0,4984";"1";"1,05819";"0,2435";"0,2578";"0,4987";"1"
"09/04/2022";"Watford";"Leeds";"BW";"6,3073";"0,3774";"0,2857";"0,4000";"1,0631";"0,3550";"0,2688";"0,3763";"1";"0,3563";"0,2647";"0,3790";"1";"1,05957";"0,3561";"0,2652";"0,3788";"1"
"09/04/2022";"Aston Villa";"Tottenham";"BW";"5,4904";"0,3226";"0,2778";"0,4545";"1,0549";"0,3058";"0,2633";"0,4309";"1";"0,3043";"0,2595";"0,4362";"1";"1,05231";"0,3040";"0,2598";"0,4362";"1"
"10/04/2022";"Brentford";"West Ham";"BW";"6,4339";"0,3846";"0,3226";"0,3571";"1,0643";"0,3614";"0,3031";"0,3356";"1";"0,3632";"0,3011";"0,3357";"1";"1,06033";"0,3631";"0,3013";"0,3356";"1"
"10/04/2022";"Leicester";"Crystal Palace";"BW";"6,0173";"0,4000";"0,3030";"0,3571";"1,0602";"0,3773";"0,2858";"0,3369";"1";"0,3799";"0,2830";"0,3371";"1";"1,05654";"0,3798";"0,2832";"0,3369";"1"
"10/04/2022";"Norwich";"Burnley";"BW";"7,0055";"0,3226";"0,3030";"0,4444";"1,0701";"0,3015";"0,2832";"0,4153";"1";"0,2992";"0,2797";"0,4211";"1";"1,06671";"0,2991";"0,2798";"0,4210";"1"
"10/04/2022";"Man City";"Liverpool";"BW";"6,2579";"0,5181";"0,2667";"0,2778";"1,0626";"0,4876";"0,2510";"0,2614";"1";"0,4973";"0,2458";"0,2569";"1";"1,06169";"0,4975";"0,2458";"0,2567";"1"
"16/04/2022";"Tottenham";"Brighton";"BW";"5,5508";"0,6579";"0,2309";"0,1667";"1,0555";"0,6233";"0,2188";"0,1579";"1";"0,6394";"0,2124";"0,1482";"1";"1,06326";"0,6407";"0,2105";"0,1488";"1"
"16/04/2022";"Man United";"Norwich";"BW";"5,4068";"0,7874";"0,1667";"0,1000";"1,0541";"0,7470";"0,1581";"0,0949";"1";"0,7694";"0,1486";"0,0820";"1";"1,08012";"0,7725";"0,1444";"0,0832";"1"
"16/04/2022";"Southampton";"Arsenal";"BW";"6,0504";"0,2564";"0,2778";"0,5263";"1,0605";"0,2418";"0,2619";"0,4963";"1";"0,2362";"0,2576";"0,5061";"1";"1,05996";"0,2363";"0,2572";"0,5064";"1"
"16/04/2022";"Watford";"Brentford";"BW";"5,6124";"0,3484";"0,3077";"0,4000";"1,0561";"0,3299";"0,2913";"0,3787";"1";"0,3297";"0,2890";"0,3813";"1";"1,05261";"0,3296";"0,2892";"0,3812";"1"
"17/04/2022";"Newcastle";"Leicester";"BW";"5,5985";"0,5000";"0,2857";"0,2703";"1,0560";"0,4735";"0,2706";"0,2559";"1";"0,4813";"0,2671";"0,2516";"1";"1,05449";"0,4815";"0,2669";"0,2517";"1"
"17/04/2022";"West Ham";"Burnley";"BW";"5,8911";"0,5650";"0,2667";"0,2273";"1,0589";"0,5335";"0,2518";"0,2146";"1";"0,5453";"0,2470";"0,2076";"1";"1,06023";"0,5459";"0,2463";"0,2079";"1"
"19/04/2022";"Liverpool";"Man United";"BW";"5,3087";"0,7463";"0,1818";"0,1250";"1,0531";"0,7086";"0,1727";"0,1187";"1";"0,7286";"0,1641";"0,1073";"1";"1,07080";"0,7310";"0,1611";"0,1079";"1"
"20/04/2022";"Chelsea";"Arsenal";"BW";"6,2321";"0,5464";"0,2778";"0,2381";"1,0623";"0,5144";"0,2615";"0,2241";"1";"0,5257";"0,2570";"0,2173";"1";"1,06278";"0,5261";"0,2563";"0,2176";"1"
"20/04/2022";"Everton";"Leicester";"BW";"6,4525";"0,4167";"0,3030";"0,3448";"1,0645";"0,3914";"0,2847";"0,3239";"1";"0,3952";"0,2815";"0,3233";"1";"1,06089";"0,3950";"0,2818";"0,3232";"1"
"20/04/2022";"Newcastle";"Crystal Palace";"BW";"6,1143";"0,4444";"0,3226";"0,2941";"1,0611";"0,4188";"0,3040";"0,2772";"1";"0,4241";"0,3022";"0,2737";"1";"1,05808";"0,4240";"0,3021";"0,2739";"1"
"20/04/2022";"Man City";"Brighton";"BW";"4,9258";"0,8264";"0,1538";"0,0690";"1,0493";"0,7876";"0,1466";"0,0657";"1";"0,8100";"0,1374";"0,0525";"1";"1,08377";"0,8134";"0,1315";"0,0551";"1"
"21/04/2022";"Burnley";"Southampton";"BW";"5,6092";"0,3774";"0,2941";"0,3846";"1,0561";"0,3573";"0,2785";"0,3642";"1";"0,3587";"0,2754";"0,3659";"1";"1,05264";"0,3585";"0,2758";"0,3657";"1"
"23/04/2022";"Arsenal";"Man United";"BW";"6,3492";"0,5000";"0,2778";"0,2857";"1,0635";"0,4701";"0,2612";"0,2687";"1";"0,4788";"0,2566";"0,2646";"1";"1,06190";"0,4790";"0,2566";"0,2644";"1"
"23/04/2022";"Leicester";"Aston Villa";"BW";"5,6021";"0,3448";"0,3030";"0,4082";"1,0560";"0,3265";"0,2870";"0,3865";"1";"0,3262";"0,2844";"0,3895";"1";"1,05260";"0,3260";"0,2846";"0,3894";"1"
"23/04/2022";"Man City";"Watford";"BW";"3,8900";"0,8929";"0,1026";"0,0435";"1,0389";"0,8594";"0,0987";"0,0419";"1";"0,8799";"0,0896";"0,0305";"1";"1,09036";"0,8838";"0,0835";"0,0328";"1"
"23/04/2022";"Norwich";"Newcastle";"BW";"6,6926";"0,2941";"0,3077";"0,4651";"1,0669";"0,2757";"0,2884";"0,4359";"1";"0,2718";"0,2854";"0,4428";"1";"1,06417";"0,2719";"0,2853";"0,4428";"1"
"23/04/2022";"Brentford";"Tottenham";"BW";"5,8831";"0,2105";"0,2703";"0,5780";"1,0588";"0,1988";"0,2553";"0,5459";"1";"0,1909";"0,2507";"0,5584";"1";"1,06100";"0,1914";"0,2495";"0,5590";"1"
"24/04/2022";"Brighton";"Southampton";"BW";"6,2030";"0,5263";"0,2857";"0,2500";"1,0620";"0,4956";"0,2690";"0,2354";"1";"0,5056";"0,2650";"0,2293";"1";"1,06154";"0,5059";"0,2645";"0,2296";"1"
"24/04/2022";"Burnley";"Wolves";"BW";"6,1569";"0,3774";"0,3333";"0,3509";"1,0616";"0,3555";"0,3140";"0,3305";"1";"0,3568";"0,3128";"0,3304";"1";"1,05759";"0,3568";"0,3129";"0,3303";"1"
"24/04/2022";"Chelsea";"West Ham";"BW";"5,5416";"0,7042";"0,2083";"0,1429";"1,0554";"0,6672";"0,1974";"0,1354";"1";"0,6858";"0,1899";"0,1244";"1";"1,06805";"0,6876";"0,1872";"0,1251";"1"
"24/04/2022";"Liverpool";"Everton";"BW";"4,9696";"0,8403";"0,1379";"0,0714";"1,0497";"0,8006";"0,1314";"0,0680";"1";"0,8238";"0,1214";"0,0549";"1";"1,08812";"0,8276";"0,1158";"0,0566";"1"
"25/04/2022";"Crystal Palace";"Leeds";"BW";"6,7927";"0,4167";"0,2941";"0,3571";"1,0679";"0,3902";"0,2754";"0,3344";"1";"0,3940";"0,2715";"0,3345";"1";"1,06428";"0,3939";"0,2719";"0,3343";"1"
"28/04/2022";"Man United";"Chelsea";"BW";"6,8613";"0,3030";"0,2778";"0,4878";"1,0686";"0,2836";"0,2599";"0,4565";"1";"0,2802";"0,2549";"0,4649";"1";"1,06656";"0,2799";"0,2551";"0,4650";"1"
"30/04/2022";"Newcastle";"Liverpool";"BW";"5,5508";"0,1667";"0,2309";"0,6579";"1,0555";"0,1579";"0,2188";"0,6233";"1";"0,1482";"0,2124";"0,6394";"1";"1,06326";"0,1488";"0,2105";"0,6407";"1"
"30/04/2022";"Aston Villa";"Norwich";"BW";"5,2684";"0,6993";"0,2105";"0,1429";"1,0527";"0,6643";"0,2000";"0,1357";"1";"0,6817";"0,1930";"0,1253";"1";"1,06419";"0,6834";"0,1905";"0,1261";"1"
"30/04/2022";"Southampton";"Crystal Palace";"BW";"6,4077";"0,4082";"0,3226";"0,3333";"1,0641";"0,3836";"0,3032";"0,3133";"1";"0,3868";"0,3012";"0,3120";"1";"1,06027";"0,3867";"0,3013";"0,3120";"1"
"30/04/2022";"Watford";"Burnley";"BW";"6,4339";"0,3846";"0,3226";"0,3571";"1,0643";"0,3614";"0,3031";"0,3356";"1";"0,3632";"0,3011";"0,3357";"1";"1,06033";"0,3631";"0,3013";"0,3356";"1"
"30/04/2022";"Wolves";"Brighton";"BW";"5,9341";"0,3636";"0,3448";"0,3509";"1,0593";"0,3433";"0,3255";"0,3312";"1";"0,3439";"0,3250";"0,3311";"1";"1,05539";"0,3438";"0,3251";"0,3311";"1"
"01/05/2022";"West Ham";"Arsenal";"BW";"5,8911";"0,2273";"0,2667";"0,5650";"1,0589";"0,2146";"0,2518";"0,5335";"1";"0,2076";"0,2470";"0,5453";"1";"1,06023";"0,2079";"0,2463";"0,5459";"1"
"02/05/2022";"Man United";"Brentford";"BW";"4,8762";"0,5882";"0,2500";"0,2105";"1,0488";"0,5609";"0,2384";"0,2007";"1";"0,5720";"0,2337";"0,1943";"1";"1,05090";"0,5726";"0,2330";"0,1945";"1"
"07/05/2022";"Brentford";"Southampton";"BW";"5,6022";"0,4762";"0,2857";"0,2941";"1,0560";"0,4509";"0,2706";"0,2785";"1";"0,4575";"0,2670";"0,2754";"1";"1,05383";"0,4575";"0,2671";"0,2754";"1"
"07/05/2022";"Burnley";"Aston Villa";"BW";"6,4077";"0,3333";"0,3226";"0,4082";"1,0641";"0,3133";"0,3032";"0,3836";"1";"0,3120";"0,3012";"0,3868";"1";"1,06027";"0,3120";"0,3013";"0,3867";"1"
"07/05/2022";"Chelsea";"Wolves";"BW";"5,1163";"0,7194";"0,2105";"0,1212";"1,0512";"0,6844";"0,2003";"0,1153";"1";"0,7024";"0,1935";"0,1042";"1";"1,06515";"0,7042";"0,1902";"0,1056";"1"
"07/05/2022";"Crystal Palace";"Watford";"BW";"5,5985";"0,5952";"0,2703";"0,1905";"1,0560";"0,5637";"0,2559";"0,1804";"1";"0,5766";"0,2516";"0,1718";"1";"1,05923";"0,5772";"0,2501";"0,1727";"1"
"07/05/2022";"Brighton";"Man United";"BW";"6,1896";"0,3333";"0,3030";"0,4255";"1,0619";"0,3139";"0,2854";"0,4007";"1";"0,3127";"0,2824";"0,4049";"1";"1,05846";"0,3126";"0,2826";"0,4048";"1"
"07/05/2022";"Liverpool";"Tottenham";"BW";"5,3147";"0,6993";"0,2000";"0,1538";"1,0531";"0,6640";"0,1899";"0,1461";"1";"0,6816";"0,1823";"0,1361";"1";"1,06448";"0,6834";"0,1803";"0,1364";"1"
"08/05/2022";"Arsenal";"Leeds";"BW";"5,9865";"0,6623";"0,2309";"0,1667";"1,0599";"0,6248";"0,2179";"0,1573";"1";"0,6423";"0,2110";"0,1467";"1";"1,06865";"0,6438";"0,2088";"0,1474";"1"
"08/05/2022";"Leicester";"Everton";"BW";"5,5944";"0,3846";"0,3077";"0,3636";"1,0559";"0,3642";"0,2914";"0,3444";"1";"0,3660";"0,2890";"0,3450";"1";"1,05236";"0,3658";"0,2893";"0,3449";"1"
"08/05/2022";"Norwich";"West Ham";"BW";"5,5764";"0,2105";"0,2500";"0,5952";"1,0558";"0,1994";"0,2368";"0,5638";"1";"0,1919";"0,2314";"0,5766";"1";"1,05867";"0,1921";"0,2305";"0,5774";"1"
"08/05/2022";"Man City";"Newcastle";"BW";"4,7458";"0,8475";"0,1333";"0,0667";"1,0475";"0,8091";"0,1273";"0,0636";"1";"0,8316";"0,1175";"0,0508";"1";"1,08682";"0,8354";"0,1119";"0,0527";"1"
"10/05/2022";"Aston Villa";"Liverpool";"BW";"5,1141";"0,1667";"0,2222";"0,6623";"1,0511";"0,1586";"0,2114";"0,6300";"1";"0,1496";"0,2052";"0,6452";"1";"1,05857";"0,1501";"0,2035";"0,6465";"1"
"11/05/2022";"Leeds";"Chelsea";"BW";"6,7460";"0,2222";"0,2500";"0,5952";"1,0675";"0,2082";"0,2342";"0,5576";"1";"0,1997";"0,2275";"0,5728";"1";"1,07099";"0,1997";"0,2266";"0,5737";"1"
"11/05/2022";"Leicester";"Norwich";"BW";"5,2429";"0,7407";"0,1905";"0,1212";"1,0524";"0,7038";"0,1810";"0,1152";"1";"0,7233";"0,1730";"0,1037";"1";"1,06932";"0,7255";"0,1698";"0,1047";"1"
"11/05/2022";"Watford";"Everton";"BW";"5,4498";"0,1818";"0,2703";"0,6024";"1,0545";"0,1724";"0,2563";"0,5713";"1";"0,1637";"0,2521";"0,5842";"1";"1,05820";"0,1646";"0,2505";"0,5849";"1"
"11/05/2022";"Wolves";"Man City";"BW";"4,9306";"0,0952";"0,1667";"0,7874";"1,0493";"0,0908";"0,1588";"0,7504";"1";"0,0788";"0,1502";"0,7710";"1";"1,07336";"0,0801";"0,1461";"0,7737";"1"
"12/05/2022";"Tottenham";"Arsenal";"BW";"5,1062";"0,4444";"0,2941";"0,3125";"1,0511";"0,4229";"0,2798";"0,2973";"1";"0,4274";"0,2771";"0,2955";"1";"1,04834";"0,4274";"0,2772";"0,2954";"1"
"15/05/2022";"Tottenham";"Burnley";"BW";"4,4657";"0,7576";"0,1818";"0,1053";"1,0447";"0,7252";"0,1740";"0,1008";"1";"0,7427";"0,1669";"0,0904";"1";"1,06168";"0,7447";"0,1637";"0,0916";"1"
"15/05/2022";"Aston Villa";"Crystal Palace";"BW";"5,4385";"0,5464";"0,2857";"0,2222";"1,0544";"0,5183";"0,2710";"0,2108";"1";"0,5283";"0,2676";"0,2041";"1";"1,05485";"0,5286";"0,2667";"0,2046";"1"
"15/05/2022";"Leeds";"Brighton";"BW";"5,6092";"0,3846";"0,2941";"0,3774";"1,0561";"0,3642";"0,2785";"0,3573";"1";"0,3659";"0,2754";"0,3587";"1";"1,05264";"0,3657";"0,2758";"0,3585";"1"
"15/05/2022";"Watford";"Leicester";"BW";"5,1648";"0,2000";"0,2564";"0,5952";"1,0516";"0,1902";"0,2438";"0,5660";"1";"0,1828";"0,2392";"0,5780";"1";"1,05442";"0,1832";"0,2381";"0,5787";"1"
"15/05/2022";"West Ham";"Man City";"BW";"5,7355";"0,1379";"0,2000";"0,7194";"1,0574";"0,1304";"0,1892";"0,6804";"1";"0,1188";"0,1809";"0,7003";"1";"1,07237";"0,1195";"0,1780";"0,7025";"1"
"15/05/2022";"Wolves";"Norwich";"BW";"6,5603";"0,6536";"0,2381";"0,1739";"1,0656";"0,6134";"0,2234";"0,1632";"1";"0,6317";"0,2162";"0,1520";"1";"1,07430";"0,6333";"0,2140";"0,1527";"1"
"15/05/2022";"Everton";"Brentford";"BW";"5,4094";"0,5263";"0,2778";"0,2500";"1,0541";"0,4993";"0,2635";"0,2372";"1";"0,5083";"0,2597";"0,2320";"1";"1,05356";"0,5085";"0,2594";"0,2321";"1"
"16/05/2022";"Newcastle";"Arsenal";"BW";"5,4212";"0,2381";"0,2667";"0,5495";"1,0542";"0,2259";"0,2530";"0,5212";"1";"0,2200";"0,2486";"0,5314";"1";"1,05463";"0,2201";"0,2481";"0,5318";"1"
"17/05/2022";"Southampton";"Liverpool";"BW";"4,9304";"0,1538";"0,2105";"0,6849";"1,0493";"0,1466";"0,2006";"0,6527";"1";"0,1374";"0,1941";"0,6685";"1";"1,05851";"0,1379";"0,1922";"0,6699";"1"
"19/05/2022";"Everton";"Crystal Palace";"BW";"6,0012";"0,5348";"0,3030";"0,2222";"1,0600";"0,5045";"0,2859";"0,2096";"1";"0,5148";"0,2830";"0,2022";"1";"1,06018";"0,5150";"0,2820";"0,2030";"1"
"19/05/2022";"Aston Villa";"Burnley";"BW";"6,1105";"0,4878";"0,3030";"0,2703";"1,0611";"0,4597";"0,2856";"0,2547";"1";"0,4674";"0,2827";"0,2499";"1";"1,05919";"0,4675";"0,2824";"0,2501";"1"
"19/05/2022";"Chelsea";"Leicester";"BW";"5,3119";"0,6944";"0,2105";"0,1481";"1,0531";"0,6594";"0,1999";"0,1407";"1";"0,6767";"0,1928";"0,1304";"1";"1,06410";"0,6784";"0,1905";"0,1311";"1"
"22/05/2022";"Arsenal";"Everton";"BW";"4,9299";"0,7463";"0,1818";"0,1212";"1,0493";"0,7112";"0,1733";"0,1155";"1";"0,7298";"0,1654";"0,1048";"1";"1,06588";"0,7320";"0,1625";"0,1055";"1"
"22/05/2022";"Brentford";"Leeds";"BW";"6,2196";"0,4348";"0,2703";"0,3571";"1,0622";"0,4093";"0,2544";"0,3362";"1";"0,4141";"0,2495";"0,3364";"1";"1,05921";"0,4139";"0,2501";"0,3360";"1"
"22/05/2022";"Brighton";"West Ham";"BW";"6,3348";"0,3846";"0,2941";"0,3846";"1,0633";"0,3617";"0,2766";"0,3617";"1";"0,3635";"0,2730";"0,3635";"1";"1,05968";"0,3633";"0,2734";"0,3633";"1"
"22/05/2022";"Burnley";"Newcastle";"BW";"5,9646";"0,4082";"0,3125";"0,3390";"1,0596";"0,3852";"0,2949";"0,3199";"1";"0,3883";"0,2926";"0,3191";"1";"1,05604";"0,3882";"0,2928";"0,3190";"1"
"22/05/2022";"Chelsea";"Watford";"BW";"4,7619";"0,8333";"0,1429";"0,0714";"1,0476";"0,7955";"0,1364";"0,0682";"1";"0,8175";"0,1270";"0,0556";"1";"1,08253";"0,8209";"0,1217";"0,0574";"1"
"22/05/2022";"Crystal Palace";"Man United";"BW";"6,5917";"0,3636";"0,2941";"0,4082";"1,0659";"0,3411";"0,2759";"0,3829";"1";"0,3417";"0,2721";"0,3862";"1";"1,06226";"0,3414";"0,2725";"0,3860";"1"
"22/05/2022";"Leicester";"Southampton";"BW";"5,5970";"0,5848";"0,2439";"0,2273";"1,0560";"0,5538";"0,2310";"0,2152";"1";"0,5661";"0,2252";"0,2086";"1";"1,05819";"0,5668";"0,2247";"0,2085";"1"
"22/05/2022";"Liverpool";"Wolves";"BW";"5,9848";"0,8850";"0,1143";"0,0606";"1,0598";"0,8350";"0,1078";"0,0572";"1";"0,8650";"0,0943";"0,0407";"1";"1,12832";"0,8712";"0,0865";"0,0423";"1"
"22/05/2022";"Man City";"Aston Villa";"BW";"4,3886";"0,8475";"0,1250";"0,0714";"1,0439";"0,8118";"0,1197";"0,0684";"1";"0,8328";"0,1104";"0,0568";"1";"1,07998";"0,8363";"0,1058";"0,0578";"1"
"22/05/2022";"Norwich";"Tottenham";"BW";"5,0440";"0,1053";"0,1818";"0,7634";"1,0504";"0,1002";"0,1731";"0,7267";"1";"0,0884";"0,1650";"0,7465";"1";"1,07051";"0,0898";"0,1612";"0,7490";"1"
"13/08/2021";"Brentford";"Arsenal";"IW";"4,7041";"0,2632";"0,3077";"0,4762";"1,0470";"0,2513";"0,2939";"0,4548";"1";"0,2475";"0,2920";"0,4605";"1";"1,04516";"0,2478";"0,2917";"0,4605";"1"
"14/08/2021";"Man United";"Leeds";"IW";"4,8237";"0,6061";"0,2381";"0,2041";"1,0482";"0,5782";"0,2271";"0,1947";"1";"0,5900";"0,2220";"0,1880";"1";"1,05129";"0,5907";"0,2212";"0,1881";"1"
"14/08/2021";"Burnley";"Brighton";"IW";"5,8613";"0,3226";"0,3279";"0,4082";"1,0586";"0,3047";"0,3097";"0,3856";"1";"0,3030";"0,3083";"0,3886";"1";"1,05502";"0,3031";"0,3084";"0,3885";"1"
"14/08/2021";"Chelsea";"Crystal Palace";"IW";"5,0616";"0,7692";"0,1905";"0,0909";"1,0506";"0,7322";"0,1813";"0,0865";"1";"0,7524";"0,1736";"0,0740";"1";"1,07256";"0,7547";"0,1689";"0,0764";"1"
"14/08/2021";"Everton";"Southampton";"IW";"4,8507";"0,5000";"0,2985";"0,2500";"1,0485";"0,4769";"0,2847";"0,2384";"1";"0,4838";"0,2823";"0,2338";"1";"1,04722";"0,4839";"0,2819";"0,2342";"1"
"14/08/2021";"Leicester";"Wolves";"IW";"5,2387";"0,5780";"0,2703";"0,2041";"1,0524";"0,5493";"0,2568";"0,1939";"1";"0,5606";"0,2528";"0,1866";"1";"1,05433";"0,5611";"0,2517";"0,1872";"1"
"14/08/2021";"Watford";"Aston Villa";"IW";"5,0750";"0,2985";"0,3175";"0,4348";"1,0508";"0,2841";"0,3021";"0,4138";"1";"0,2816";"0,3005";"0,4179";"1";"1,04787";"0,2817";"0,3005";"0,4178";"1"
"14/08/2021";"Norwich";"Liverpool";"IW";"4,3623";"0,1538";"0,1905";"0,6993";"1,0436";"0,1474";"0,1825";"0,6701";"1";"0,1393";"0,1759";"0,6848";"1";"1,05292";"0,1393";"0,1745";"0,6862";"1"
"15/08/2021";"Newcastle";"West Ham";"IW";"4,7431";"0,3030";"0,2899";"0,4545";"1,0474";"0,2893";"0,2767";"0,4340";"1";"0,2872";"0,2740";"0,4387";"1";"1,04502";"0,2872";"0,2741";"0,4387";"1"
"15/08/2021";"Tottenham";"Man City";"IW";"4,8480";"0,1818";"0,2532";"0,6135";"1,0485";"0,1734";"0,2415";"0,5851";"1";"0,1657";"0,2370";"0,5973";"1";"1,05224";"0,1663";"0,2356";"0,5980";"1"
"21/08/2021";"Liverpool";"Burnley";"IW";"4,4755";"0,8000";"0,1538";"0,0909";"1,0448";"0,7657";"0,1473";"0,0870";"1";"0,7851";"0,1389";"0,0760";"1";"1,06905";"0,7878";"0,1352";"0,0770";"1"
"21/08/2021";"Aston Villa";"Newcastle";"IW";"5,0091";"0,5464";"0,2597";"0,2439";"1,0501";"0,5204";"0,2474";"0,2323";"1";"0,5298";"0,2430";"0,2272";"1";"1,05029";"0,5301";"0,2427";"0,2272";"1"
"21/08/2021";"Crystal Palace";"Brentford";"IW";"5,0055";"0,3774";"0,3279";"0,3448";"1,0501";"0,3594";"0,3122";"0,3284";"1";"0,3607";"0,3112";"0,3281";"1";"1,04661";"0,3606";"0,3113";"0,3281";"1"
"21/08/2021";"Leeds";"Everton";"IW";"5,5209";"0,4878";"0,2857";"0,2817";"1,0552";"0,4623";"0,2708";"0,2670";"1";"0,4694";"0,2673";"0,2633";"1";"1,05335";"0,4695";"0,2672";"0,2633";"1"
"21/08/2021";"Man City";"Norwich";"IW";"3,9844";"0,8696";"0,1176";"0,0526";"1,0398";"0,8362";"0,1131";"0,0506";"1";"0,8563";"0,1044";"0,0394";"1";"1,08136";"0,8597";"0,0988";"0,0414";"1"
"21/08/2021";"Brighton";"Watford";"IW";"4,7619";"0,5714";"0,2857";"0,1905";"1,0476";"0,5455";"0,2727";"0,1818";"1";"0,5556";"0,2698";"0,1746";"1";"1,04931";"0,5559";"0,2686";"0,1755";"1"
"22/08/2021";"Southampton";"Man United";"IW";"4,8034";"0,1905";"0,2326";"0,6250";"1,0480";"0,1817";"0,2219";"0,5964";"1";"0,1745";"0,2165";"0,6090";"1";"1,05225";"0,1747";"0,2155";"0,6098";"1"
"22/08/2021";"Wolves";"Tottenham";"IW";"5,4581";"0,3509";"0,3333";"0,3704";"1,0546";"0,3327";"0,3161";"0,3512";"1";"0,3327";"0,3151";"0,3522";"1";"1,05088";"0,3327";"0,3152";"0,3521";"1"
"22/08/2021";"Arsenal";"Chelsea";"IW";"4,3444";"0,2273";"0,2899";"0,5263";"1,0434";"0,2178";"0,2778";"0,5044";"1";"0,2128";"0,2754";"0,5118";"1";"1,04306";"0,2132";"0,2748";"0,5120";"1"
"23/08/2021";"West Ham";"Leicester";"IW";"4,8896";"0,4082";"0,2899";"0,3509";"1,0489";"0,3891";"0,2763";"0,3345";"1";"0,3919";"0,2736";"0,3346";"1";"1,04586";"0,3917";"0,2739";"0,3344";"1"
"28/08/2021";"Man City";"Arsenal";"IW";"5,5026";"0,7407";"0,2000";"0,1143";"1,0550";"0,7021";"0,1896";"0,1083";"1";"0,7224";"0,1817";"0,0959";"1";"1,07310";"0,7247";"0,1778";"0,0975";"1"
"28/08/2021";"Aston Villa";"Brentford";"IW";"5,5237";"0,4878";"0,3077";"0,2597";"1,0552";"0,4623";"0,2916";"0,2461";"1";"0,4694";"0,2893";"0,2413";"1";"1,05348";"0,4694";"0,2889";"0,2417";"1"
"28/08/2021";"Brighton";"Everton";"IW";"5,0750";"0,4348";"0,3175";"0,2985";"1,0508";"0,4138";"0,3021";"0,2841";"1";"0,4179";"0,3005";"0,2816";"1";"1,04787";"0,4178";"0,3005";"0,2817";"1"
"28/08/2021";"Newcastle";"Southampton";"IW";"5,1020";"0,4082";"0,2857";"0,3571";"1,0510";"0,3883";"0,2718";"0,3398";"1";"0,3912";"0,2687";"0,3401";"1";"1,04794";"0,3910";"0,2691";"0,3399";"1"
"28/08/2021";"Norwich";"Leicester";"IW";"4,7996";"0,2439";"0,2778";"0,5263";"1,0480";"0,2327";"0,2651";"0,5022";"1";"0,2279";"0,2618";"0,5103";"1";"1,04748";"0,2281";"0,2614";"0,5105";"1"
"28/08/2021";"West Ham";"Crystal Palace";"IW";"5,6774";"0,6369";"0,2532";"0,1667";"1,0568";"0,6027";"0,2396";"0,1577";"1";"0,6180";"0,2342";"0,1477";"1";"1,06317";"0,6190";"0,2321";"0,1488";"1"
"28/08/2021";"Liverpool";"Chelsea";"IW";"5,2228";"0,4167";"0,3077";"0,3279";"1,0522";"0,3960";"0,2924";"0,3116";"1";"0,3993";"0,2903";"0,3105";"1";"1,04903";"0,3992";"0,2904";"0,3104";"1"
"29/08/2021";"Burnley";"Leeds";"IW";"5,2760";"0,3125";"0,2857";"0,4545";"1,0528";"0,2968";"0,2714";"0,4318";"1";"0,2949";"0,2681";"0,4370";"1";"1,05018";"0,2948";"0,2683";"0,4369";"1"
"29/08/2021";"Tottenham";"Watford";"IW";"5,3939";"0,6667";"0,2273";"0,1600";"1,0539";"0,6325";"0,2156";"0,1518";"1";"0,6487";"0,2093";"0,1420";"1";"1,06231";"0,6500";"0,2072";"0,1427";"1"
"29/08/2021";"Wolves";"Man United";"IW";"4,7619";"0,1905";"0,2857";"0,5714";"1,0476";"0,1818";"0,2727";"0,5455";"1";"0,1746";"0,2698";"0,5556";"1";"1,04931";"0,1755";"0,2686";"0,5559";"1"
"11/09/2021";"Crystal Palace";"Tottenham";"IW";"4,7041";"0,2632";"0,3077";"0,4762";"1,0470";"0,2513";"0,2939";"0,4548";"1";"0,2475";"0,2920";"0,4605";"1";"1,04516";"0,2478";"0,2917";"0,4605";"1"
"11/09/2021";"Arsenal";"Norwich";"IW";"4,7400";"0,7143";"0,2041";"0,1290";"1,0474";"0,6820";"0,1948";"0,1232";"1";"0,6985";"0,1883";"0,1132";"1";"1,05954";"0,7001";"0,1857";"0,1142";"1"
"11/09/2021";"Brentford";"Brighton";"IW";"5,1467";"0,3279";"0,3390";"0,3846";"1,0515";"0,3118";"0,3224";"0,3658";"1";"0,3107";"0,3218";"0,3675";"1";"1,04798";"0,3108";"0,3218";"0,3674";"1"
"11/09/2021";"Leicester";"Man City";"IW";"4,6537";"0,1905";"0,2500";"0,6061";"1,0465";"0,1820";"0,2389";"0,5791";"1";"0,1750";"0,2345";"0,5905";"1";"1,04962";"0,1754";"0,2334";"0,5912";"1"
"11/09/2021";"Man United";"Newcastle";"IW";"4,7619";"0,8333";"0,1429";"0,0714";"1,0476";"0,7955";"0,1364";"0,0682";"1";"0,8175";"0,1270";"0,0556";"1";"1,08253";"0,8209";"0,1217";"0,0574";"1"
"11/09/2021";"Southampton";"West Ham";"IW";"5,3830";"0,3333";"0,2857";"0,4348";"1,0538";"0,3163";"0,2711";"0,4126";"1";"0,3154";"0,2678";"0,4168";"1";"1,05090";"0,3152";"0,2681";"0,4167";"1"
"11/09/2021";"Watford";"Wolves";"IW";"4,7619";"0,2857";"0,3175";"0,4444";"1,0476";"0,2727";"0,3030";"0,4242";"1";"0,2698";"0,3016";"0,4286";"1";"1,04505";"0,2700";"0,3015";"0,4285";"1"
"11/09/2021";"Chelsea";"Aston Villa";"IW";"4,8864";"0,7407";"0,1905";"0,1176";"1,0489";"0,7062";"0,1816";"0,1122";"1";"0,7245";"0,1742";"0,1014";"1";"1,06474";"0,7265";"0,1711";"0,1024";"1"
"12/09/2021";"Leeds";"Liverpool";"IW";"5,1385";"0,2128";"0,2326";"0,6061";"1,0514";"0,2024";"0,2212";"0,5764";"1";"0,1956";"0,2154";"0,5889";"1";"1,05460";"0,1955";"0,2148";"0,5897";"1"
"13/09/2021";"Everton";"Burnley";"IW";"4,9603";"0,5556";"0,2857";"0,2083";"1,0496";"0,5293";"0,2722";"0,1985";"1";"0,5390";"0,2692";"0,1918";"1";"1,05047";"0,5393";"0,2682";"0,1925";"1"
"17/09/2021";"Newcastle";"Leeds";"IW";"4,6286";"0,3279";"0,2740";"0,4444";"1,0463";"0,3134";"0,2619";"0,4248";"1";"0,3124";"0,2585";"0,4290";"1";"1,04384";"0,3122";"0,2589";"0,4289";"1"
"18/09/2021";"Wolves";"Brentford";"IW";"5,8145";"0,5556";"0,2985";"0,2041";"1,0581";"0,5250";"0,2821";"0,1929";"1";"0,5362";"0,2791";"0,1847";"1";"1,05941";"0,5365";"0,2778";"0,1857";"1"
"18/09/2021";"Burnley";"Arsenal";"IW";"4,7273";"0,2778";"0,2817";"0,4878";"1,0473";"0,2652";"0,2690";"0,4658";"1";"0,2620";"0,2659";"0,4720";"1";"1,04559";"0,2620";"0,2659";"0,4721";"1"
"18/09/2021";"Liverpool";"Crystal Palace";"IW";"4,7402";"0,7874";"0,1600";"0,1000";"1,0474";"0,7518";"0,1528";"0,0955";"1";"0,7716";"0,1442";"0,0842";"1";"1,07029";"0,7743";"0,1407";"0,0851";"1"
"18/09/2021";"Man City";"Southampton";"IW";"4,7342";"0,8547";"0,1212";"0,0714";"1,0473";"0,8161";"0,1157";"0,0682";"1";"0,8389";"0,1054";"0,0556";"1";"1,08854";"0,8429";"0,1006";"0,0565";"1"
"18/09/2021";"Norwich";"Watford";"IW";"5,0167";"0,4348";"0,3077";"0,3077";"1,0502";"0,4140";"0,2930";"0,2930";"1";"0,4181";"0,2910";"0,2910";"1";"1,04730";"0,4180";"0,2910";"0,2910";"1"
"18/09/2021";"Aston Villa";"Everton";"IW";"5,5452";"0,4444";"0,3125";"0,2985";"1,0555";"0,4211";"0,2961";"0,2828";"1";"0,4260";"0,2940";"0,2800";"1";"1,05256";"0,4259";"0,2940";"0,2801";"1"
"19/09/2021";"Brighton";"Leicester";"IW";"5,3997";"0,4082";"0,3125";"0,3333";"1,0540";"0,3873";"0,2965";"0,3163";"1";"0,3902";"0,2945";"0,3153";"1";"1,05062";"0,3901";"0,2946";"0,3153";"1"
"19/09/2021";"West Ham";"Man United";"IW";"4,5673";"0,2326";"0,2667";"0,5464";"1,0457";"0,2224";"0,2550";"0,5226";"1";"0,2173";"0,2514";"0,5312";"1";"1,04587";"0,2175";"0,2510";"0,5315";"1"
"19/09/2021";"Tottenham";"Chelsea";"IW";"5,0841";"0,2439";"0,2941";"0,5128";"1,0508";"0,2321";"0,2799";"0,4880";"1";"0,2270";"0,2772";"0,4959";"1";"1,04993";"0,2273";"0,2767";"0,4960";"1"
"25/09/2021";"Chelsea";"Man City";"IW";"5,6932";"0,3390";"0,3333";"0,3846";"1,0569";"0,3207";"0,3154";"0,3639";"1";"0,3200";"0,3144";"0,3656";"1";"1,05319";"0,3200";"0,3144";"0,3656";"1"
"25/09/2021";"Man United";"Aston Villa";"IW";"4,7400";"0,7143";"0,2041";"0,1290";"1,0474";"0,6820";"0,1948";"0,1232";"1";"0,6985";"0,1883";"0,1132";"1";"1,05954";"0,7001";"0,1857";"0,1142";"1"
"25/09/2021";"Everton";"Norwich";"IW";"4,5378";"0,5882";"0,2667";"0,1905";"1,0454";"0,5627";"0,2551";"0,1822";"1";"0,5731";"0,2515";"0,1754";"1";"1,04759";"0,5736";"0,2504";"0,1760";"1"
"25/09/2021";"Leeds";"West Ham";"IW";"5,2050";"0,3448";"0,2817";"0,4255";"1,0520";"0,3278";"0,2678";"0,4045";"1";"0,3275";"0,2643";"0,4082";"1";"1,04911";"0,3273";"0,2647";"0,4080";"1"
"25/09/2021";"Leicester";"Burnley";"IW";"4,6108";"0,5780";"0,2597";"0,2083";"1,0461";"0,5526";"0,2483";"0,1992";"1";"0,5627";"0,2444";"0,1930";"1";"1,04770";"0,5631";"0,2436";"0,1933";"1"
"25/09/2021";"Watford";"Newcastle";"IW";"4,4948";"0,4651";"0,2941";"0,2857";"1,0449";"0,4451";"0,2815";"0,2734";"1";"0,4501";"0,2791";"0,2707";"1";"1,04283";"0,4501";"0,2791";"0,2708";"1"
"25/09/2021";"Brentford";"Liverpool";"IW";"4,7400";"0,1290";"0,2041";"0,7143";"1,0474";"0,1232";"0,1948";"0,6820";"1";"0,1132";"0,1883";"0,6985";"1";"1,05954";"0,1142";"0,1857";"0,7001";"1"
"26/09/2021";"Southampton";"Wolves";"IW";"5,1760";"0,4444";"0,3175";"0,2899";"1,0518";"0,4226";"0,3018";"0,2756";"1";"0,4272";"0,3002";"0,2726";"1";"1,04902";"0,4271";"0,3001";"0,2728";"1"
"26/09/2021";"Arsenal";"Tottenham";"IW";"5,4499";"0,4651";"0,3077";"0,2817";"1,0545";"0,4411";"0,2918";"0,2671";"1";"0,4470";"0,2895";"0,2635";"1";"1,05209";"0,4469";"0,2894";"0,2637";"1"
"27/09/2021";"Crystal Palace";"Brighton";"IW";"5,0055";"0,3448";"0,3279";"0,3774";"1,0501";"0,3284";"0,3122";"0,3594";"1";"0,3281";"0,3112";"0,3607";"1";"1,04661";"0,3281";"0,3113";"0,3606";"1"
"02/10/2021";"Man United";"Everton";"IW";"5,2078";"0,6250";"0,2532";"0,1739";"1,0521";"0,5941";"0,2406";"0,1653";"1";"0,6076";"0,2358";"0,1566";"1";"1,05698";"0,6085";"0,2341";"0,1574";"1"
"02/10/2021";"Burnley";"Norwich";"IW";"5,4945";"0,5128";"0,2857";"0,2564";"1,0549";"0,4861";"0,2708";"0,2431";"1";"0,4945";"0,2674";"0,2381";"1";"1,05392";"0,4947";"0,2671";"0,2383";"1"
"02/10/2021";"Chelsea";"Southampton";"IW";"5,5221";"0,7299";"0,2041";"0,1212";"1,0552";"0,6917";"0,1934";"0,1149";"1";"0,7115";"0,1857";"0,1028";"1";"1,07161";"0,7137";"0,1821";"0,1042";"1"
"02/10/2021";"Leeds";"Watford";"IW";"5,7151";"0,5714";"0,2532";"0,2326";"1,0572";"0,5405";"0,2395";"0,2200";"1";"0,5524";"0,2341";"0,2135";"1";"1,05869";"0,5530";"0,2336";"0,2135";"1"
"02/10/2021";"Wolves";"Newcastle";"IW";"5,2633";"0,5650";"0,2703";"0,2174";"1,0526";"0,5367";"0,2568";"0,2065";"1";"0,5474";"0,2527";"0,1998";"1";"1,05384";"0,5479";"0,2519";"0,2002";"1"
"02/10/2021";"Brighton";"Arsenal";"IW";"5,0167";"0,3077";"0,3077";"0,4348";"1,0502";"0,2930";"0,2930";"0,4140";"1";"0,2910";"0,2910";"0,4181";"1";"1,04730";"0,2910";"0,2910";"0,4180";"1"
"03/10/2021";"Crystal Palace";"Leicester";"IW";"5,2953";"0,3509";"0,3175";"0,3846";"1,0530";"0,3332";"0,3015";"0,3653";"1";"0,3332";"0,2998";"0,3670";"1";"1,04943";"0,3332";"0,3000";"0,3669";"1"
"03/10/2021";"Tottenham";"Aston Villa";"IW";"5,6388";"0,4762";"0,2985";"0,2817";"1,0564";"0,4508";"0,2826";"0,2667";"1";"0,4574";"0,2797";"0,2629";"1";"1,05419";"0,4574";"0,2796";"0,2630";"1"
"03/10/2021";"West Ham";"Brentford";"IW";"4,8048";"0,5556";"0,2703";"0,2222";"1,0480";"0,5301";"0,2579";"0,2120";"1";"0,5395";"0,2543";"0,2062";"1";"1,04869";"0,5399";"0,2536";"0,2065";"1"
"03/10/2021";"Liverpool";"Man City";"IW";"4,7108";"0,3448";"0,2941";"0,4082";"1,0471";"0,3293";"0,2809";"0,3898";"1";"0,3291";"0,2784";"0,3925";"1";"1,04412";"0,3290";"0,2787";"0,3923";"1"
"16/10/2021";"Watford";"Liverpool";"IW";"5,6217";"0,1250";"0,1905";"0,7407";"1,0562";"0,1183";"0,1803";"0,7013";"1";"0,1063";"0,1717";"0,7220";"1";"1,07417";"0,1071";"0,1684";"0,7244";"1"
"16/10/2021";"Aston Villa";"Wolves";"IW";"5,6809";"0,4762";"0,3175";"0,2632";"1,0568";"0,4506";"0,3004";"0,2490";"1";"0,4573";"0,2985";"0,2442";"1";"1,05473";"0,4572";"0,2981";"0,2446";"1"
"16/10/2021";"Leicester";"Man United";"IW";"5,2381";"0,2857";"0,2667";"0,5000";"1,0524";"0,2715";"0,2534";"0,4751";"1";"0,2683";"0,2492";"0,4825";"1";"1,05095";"0,2680";"0,2493";"0,4827";"1"
"16/10/2021";"Man City";"Burnley";"IW";"3,9406";"0,8696";"0,1143";"0,0556";"1,0394";"0,8366";"0,1100";"0,0534";"1";"0,8564";"0,1012";"0,0424";"1";"1,08014";"0,8599";"0,0961";"0,0441";"1"
"16/10/2021";"Norwich";"Brighton";"IW";"5,6938";"0,2500";"0,2941";"0,5128";"1,0569";"0,2365";"0,2783";"0,4852";"1";"0,2310";"0,2751";"0,4938";"1";"1,05596";"0,2313";"0,2747";"0,4940";"1"
"16/10/2021";"Southampton";"Leeds";"IW";"5,6388";"0,4762";"0,2817";"0,2985";"1,0564";"0,4508";"0,2667";"0,2826";"1";"0,4574";"0,2629";"0,2797";"1";"1,05419";"0,4574";"0,2630";"0,2796";"1"
"16/10/2021";"Brentford";"Chelsea";"IW";"5,6277";"0,1905";"0,2597";"0,6061";"1,0563";"0,1803";"0,2459";"0,5738";"1";"0,1717";"0,2410";"0,5873";"1";"1,06013";"0,1724";"0,2395";"0,5881";"1"
"17/10/2021";"Everton";"West Ham";"IW";"5,0726";"0,3509";"0,3077";"0,3922";"1,0507";"0,3339";"0,2928";"0,3732";"1";"0,3340";"0,2908";"0,3752";"1";"1,04739";"0,3339";"0,2910";"0,3751";"1"
"17/10/2021";"Newcastle";"Tottenham";"IW";"5,5209";"0,2857";"0,2817";"0,4878";"1,0552";"0,2708";"0,2670";"0,4623";"1";"0,2673";"0,2633";"0,4694";"1";"1,05335";"0,2672";"0,2633";"0,4695";"1"
"18/10/2021";"Arsenal";"Crystal Palace";"IW";"4,8480";"0,6135";"0,2532";"0,1818";"1,0485";"0,5851";"0,2415";"0,1734";"1";"0,5973";"0,2370";"0,1657";"1";"1,05224";"0,5980";"0,2356";"0,1663";"1"
"22/10/2021";"Arsenal";"Aston Villa";"IW";"5,0339";"0,5128";"0,2778";"0,2597";"1,0503";"0,4882";"0,2645";"0,2473";"1";"0,4960";"0,2610";"0,2430";"1";"1,04933";"0,4962";"0,2608";"0,2430";"1"
"23/10/2021";"Chelsea";"Norwich";"IW";"4,2172";"0,8197";"0,1600";"0,0625";"1,0422";"0,7865";"0,1535";"0,0600";"1";"0,8056";"0,1459";"0,0484";"1";"1,07099";"0,8082";"0,1405";"0,0513";"1"
"23/10/2021";"Crystal Palace";"Newcastle";"IW";"5,0125";"0,5263";"0,2857";"0,2381";"1,0501";"0,5012";"0,2721";"0,2267";"1";"0,5096";"0,2690";"0,2214";"1";"1,04966";"0,5098";"0,2685";"0,2217";"1"
"23/10/2021";"Everton";"Watford";"IW";"5,0725";"0,5556";"0,2778";"0,2174";"1,0507";"0,5287";"0,2644";"0,2069";"1";"0,5386";"0,2609";"0,2005";"1";"1,05149";"0,5390";"0,2600";"0,2010";"1"
"23/10/2021";"Leeds";"Wolves";"IW";"4,8507";"0,4167";"0,2985";"0,3333";"1,0485";"0,3974";"0,2847";"0,3179";"1";"0,4005";"0,2823";"0,3172";"1";"1,04551";"0,4004";"0,2825";"0,3171";"1"
"23/10/2021";"Southampton";"Burnley";"IW";"5,3756";"0,5128";"0,2778";"0,2632";"1,0538";"0,4867";"0,2636";"0,2497";"1";"0,4949";"0,2599";"0,2452";"1";"1,05271";"0,4951";"0,2596";"0,2453";"1"
"23/10/2021";"Brighton";"Man City";"IW";"5,2052";"0,1250";"0,2128";"0,7143";"1,0521";"0,1188";"0,2022";"0,6789";"1";"0,1076";"0,1954";"0,6969";"1";"1,06557";"0,1091";"0,1922";"0,6987";"1"
"24/10/2021";"Brentford";"Leicester";"IW";"5,3493";"0,3704";"0,2985";"0,3846";"1,0535";"0,3516";"0,2834";"0,3651";"1";"0,3525";"0,2807";"0,3668";"1";"1,05009";"0,3524";"0,2810";"0,3666";"1"
"24/10/2021";"West Ham";"Tottenham";"IW";"4,5505";"0,4167";"0,2899";"0,3390";"1,0455";"0,3985";"0,2772";"0,3242";"1";"0,4015";"0,2747";"0,3238";"1";"1,04269";"0,4014";"0,2749";"0,3237";"1"
"24/10/2021";"Man United";"Liverpool";"IW";"5,0229";"0,3390";"0,2857";"0,4255";"1,0502";"0,3228";"0,2720";"0,4052";"1";"0,3222";"0,2690";"0,4088";"1";"1,04733";"0,3221";"0,2693";"0,4087";"1"
"30/10/2021";"Leicester";"Arsenal";"IW";"4,6998";"0,4000";"0,2899";"0,3571";"1,0470";"0,3820";"0,2768";"0,3411";"1";"0,3843";"0,2742";"0,3415";"1";"1,04400";"0,3842";"0,2745";"0,3413";"1"
"30/10/2021";"Burnley";"Brentford";"IW";"5,1467";"0,3846";"0,3279";"0,3390";"1,0515";"0,3658";"0,3118";"0,3224";"1";"0,3675";"0,3107";"0,3218";"1";"1,04798";"0,3674";"0,3108";"0,3218";"1"
"30/10/2021";"Liverpool";"Brighton";"IW";"5,4068";"0,7874";"0,1667";"0,1000";"1,0541";"0,7470";"0,1581";"0,0949";"1";"0,7694";"0,1486";"0,0820";"1";"1,08012";"0,7725";"0,1444";"0,0832";"1"
"30/10/2021";"Man City";"Crystal Palace";"IW";"4,3409";"0,8696";"0,1212";"0,0526";"1,0434";"0,8334";"0,1162";"0,0504";"1";"0,8551";"0,1067";"0,0382";"1";"1,08849";"0,8589";"0,1006";"0,0406";"1"
"30/10/2021";"Newcastle";"Chelsea";"IW";"4,5351";"0,1429";"0,2222";"0,6803";"1,0454";"0,1367";"0,2126";"0,6508";"1";"0,1277";"0,2071";"0,6652";"1";"1,05371";"0,1287";"0,2050";"0,6663";"1"
"30/10/2021";"Watford";"Southampton";"IW";"4,7619";"0,3175";"0,2857";"0,4444";"1,0476";"0,3030";"0,2727";"0,4242";"1";"0,3016";"0,2698";"0,4286";"1";"1,04505";"0,3015";"0,2700";"0,4285";"1"
"30/10/2021";"Tottenham";"Man United";"IW";"4,6361";"0,3175";"0,2941";"0,4348";"1,0464";"0,3034";"0,2811";"0,4155";"1";"0,3020";"0,2787";"0,4193";"1";"1,04368";"0,3019";"0,2788";"0,4192";"1"
"31/10/2021";"Norwich";"Leeds";"IW";"4,8048";"0,2703";"0,2778";"0,5000";"1,0480";"0,2579";"0,2650";"0,4771";"1";"0,2543";"0,2618";"0,4840";"1";"1,04667";"0,2543";"0,2617";"0,4841";"1"
"31/10/2021";"Aston Villa";"West Ham";"IW";"4,8720";"0,3333";"0,2899";"0,4255";"1,0487";"0,3178";"0,2764";"0,4058";"1";"0,3171";"0,2736";"0,4093";"1";"1,04585";"0,3170";"0,2739";"0,4092";"1"
"01/11/2021";"Wolves";"Everton";"IW";"5,4904";"0,4545";"0,3226";"0,2778";"1,0549";"0,4309";"0,3058";"0,2633";"1";"0,4362";"0,3043";"0,2595";"1";"1,05231";"0,4362";"0,3040";"0,2598";"1"
"05/11/2021";"Southampton";"Aston Villa";"IW";"5,5663";"0,5000";"0,2817";"0,2740";"1,0557";"0,4736";"0,2668";"0,2595";"1";"0,4814";"0,2631";"0,2554";"1";"1,05417";"0,4816";"0,2630";"0,2554";"1"
"06/11/2021";"Man United";"Man City";"IW";"5,5487";"0,2174";"0,2667";"0,5714";"1,0555";"0,2060";"0,2526";"0,5414";"1";"0,1989";"0,2482";"0,5529";"1";"1,05709";"0,1993";"0,2473";"0,5535";"1"
"06/11/2021";"Brentford";"Norwich";"IW";"5,2007";"0,5780";"0,2740";"0,2000";"1,0520";"0,5495";"0,2604";"0,1901";"1";"0,5607";"0,2566";"0,1827";"1";"1,05400";"0,5612";"0,2555";"0,1834";"1"
"06/11/2021";"Chelsea";"Burnley";"IW";"4,5342";"0,8000";"0,1739";"0,0714";"1,0453";"0,7653";"0,1664";"0,0683";"1";"0,7849";"0,1588";"0,0563";"1";"1,07142";"0,7874";"0,1535";"0,0592";"1"
"06/11/2021";"Crystal Palace";"Wolves";"IW";"5,2507";"0,4348";"0,3279";"0,2899";"1,0525";"0,4131";"0,3115";"0,2754";"1";"0,4173";"0,3104";"0,2724";"1";"1,04960";"0,4172";"0,3102";"0,2726";"1"
"06/11/2021";"Brighton";"Newcastle";"IW";"5,1037";"0,6061";"0,2632";"0,1818";"1,0510";"0,5766";"0,2504";"0,1730";"1";"0,5890";"0,2461";"0,1648";"1";"1,05463";"0,5897";"0,2446";"0,1656";"1"
"07/11/2021";"Arsenal";"Watford";"IW";"5,6267";"0,6897";"0,2128";"0,1538";"1,0563";"0,6529";"0,2014";"0,1457";"1";"0,6709";"0,1940";"0,1351";"1";"1,06728";"0,6726";"0,1917";"0,1356";"1"
"07/11/2021";"Everton";"Tottenham";"IW";"5,5167";"0,3077";"0,3030";"0,4444";"1,0552";"0,2916";"0,2872";"0,4212";"1";"0,2893";"0,2846";"0,4261";"1";"1,05227";"0,2893";"0,2847";"0,4260";"1"
"07/11/2021";"Leeds";"Leicester";"IW";"5,3493";"0,3846";"0,2985";"0,3704";"1,0535";"0,3651";"0,2834";"0,3516";"1";"0,3668";"0,2807";"0,3525";"1";"1,05009";"0,3666";"0,2810";"0,3524";"1"
"07/11/2021";"West Ham";"Liverpool";"IW";"4,9529";"0,2174";"0,2439";"0,5882";"1,0495";"0,2071";"0,2324";"0,5605";"1";"0,2009";"0,2274";"0,5717";"1";"1,05166";"0,2009";"0,2268";"0,5723";"1"
"20/11/2021";"Leicester";"Chelsea";"IW";"5,1710";"0,2128";"0,2740";"0,5650";"1,0517";"0,2023";"0,2605";"0,5372";"1";"0,1955";"0,2567";"0,5477";"1";"1,05294";"0,1960";"0,2558";"0,5481";"1"
"20/11/2021";"Aston Villa";"Brighton";"IW";"4,4527";"0,4082";"0,3030";"0,3333";"1,0445";"0,3908";"0,2901";"0,3191";"1";"0,3933";"0,2882";"0,3185";"1";"1,04162";"0,3932";"0,2883";"0,3184";"1"
"20/11/2021";"Burnley";"Crystal Palace";"IW";"4,9116";"0,3509";"0,3279";"0,3704";"1,0491";"0,3345";"0,3125";"0,3530";"1";"0,3345";"0,3115";"0,3540";"1";"1,04569";"0,3345";"0,3116";"0,3539";"1"
"20/11/2021";"Newcastle";"Brentford";"IW";"5,1498";"0,4082";"0,2985";"0,3448";"1,0515";"0,3882";"0,2839";"0,3279";"1";"0,3910";"0,2813";"0,3277";"1";"1,04829";"0,3909";"0,2816";"0,3275";"1"
"20/11/2021";"Norwich";"Southampton";"IW";"5,3352";"0,2941";"0,2941";"0,4651";"1,0534";"0,2792";"0,2792";"0,4416";"1";"0,2763";"0,2763";"0,4473";"1";"1,05095";"0,2763";"0,2763";"0,4473";"1"
"20/11/2021";"Watford";"Man United";"IW";"4,6347";"0,1739";"0,2273";"0,6452";"1,0463";"0,1662";"0,2172";"0,6166";"1";"0,1585";"0,2118";"0,6297";"1";"1,05181";"0,1588";"0,2105";"0,6307";"1"
"20/11/2021";"Wolves";"West Ham";"IW";"5,6708";"0,3226";"0,3175";"0,4167";"1,0567";"0,3053";"0,3004";"0,3943";"1";"0,3037";"0,2986";"0,3978";"1";"1,05330";"0,3037";"0,2986";"0,3977";"1"
"20/11/2021";"Liverpool";"Arsenal";"IW";"5,4692";"0,6369";"0,2273";"0,1905";"1,0547";"0,6039";"0,2155";"0,1806";"1";"0,6187";"0,2090";"0,1722";"1";"1,06036";"0,6198";"0,2078";"0,1723";"1"
"21/11/2021";"Man City";"Everton";"IW";"5,0441";"0,8197";"0,1538";"0,0769";"1,0504";"0,7803";"0,1465";"0,0732";"1";"0,8029";"0,1370";"0,0601";"1";"1,08324";"0,8062";"0,1316";"0,0621";"1"
"21/11/2021";"Tottenham";"Leeds";"IW";"5,6818";"0,6250";"0,2500";"0,1818";"1,0568";"0,5914";"0,2366";"0,1720";"1";"0,6061";"0,2311";"0,1629";"1";"1,06205";"0,6070";"0,2294";"0,1636";"1"
"27/11/2021";"Arsenal";"Newcastle";"IW";"4,8889";"0,6667";"0,2222";"0,1600";"1,0489";"0,6356";"0,2119";"0,1525";"1";"0,6504";"0,2059";"0,1437";"1";"1,05644";"0,6516";"0,2041";"0,1443";"1"
"27/11/2021";"Crystal Palace";"Aston Villa";"IW";"5,0750";"0,4348";"0,3175";"0,2985";"1,0508";"0,4138";"0,3021";"0,2841";"1";"0,4179";"0,3005";"0,2816";"1";"1,04787";"0,4178";"0,3005";"0,2817";"1"
"27/11/2021";"Liverpool";"Southampton";"IW";"4,7009";"0,7692";"0,1667";"0,1111";"1,0470";"0,7347";"0,1592";"0,1061";"1";"0,7536";"0,1510";"0,0954";"1";"1,06632";"0,7560";"0,1480";"0,0960";"1"
"27/11/2021";"Norwich";"Wolves";"IW";"5,2760";"0,2857";"0,3125";"0,4545";"1,0528";"0,2714";"0,2968";"0,4318";"1";"0,2681";"0,2949";"0,4370";"1";"1,05018";"0,2683";"0,2948";"0,4369";"1"
"27/11/2021";"Brighton";"Leeds";"IW";"5,3479";"0,4651";"0,2985";"0,2899";"1,0535";"0,4415";"0,2834";"0,2751";"1";"0,4473";"0,2807";"0,2720";"1";"1,05108";"0,4473";"0,2806";"0,2721";"1"
"28/11/2021";"Brentford";"Everton";"IW";"5,1760";"0,4444";"0,3175";"0,2899";"1,0518";"0,4226";"0,3018";"0,2756";"1";"0,4272";"0,3002";"0,2726";"1";"1,04902";"0,4271";"0,3001";"0,2728";"1"
"28/11/2021";"Leicester";"Watford";"IW";"4,4026";"0,5882";"0,2740";"0,1818";"1,0440";"0,5634";"0,2624";"0,1742";"1";"0,5736";"0,2593";"0,1671";"1";"1,04631";"0,5740";"0,2580";"0,1680";"1"
"28/11/2021";"Man City";"West Ham";"IW";"4,4648";"0,7874";"0,1739";"0,0833";"1,0446";"0,7537";"0,1665";"0,0798";"1";"0,7725";"0,1590";"0,0685";"1";"1,06720";"0,7749";"0,1546";"0,0705";"1"
"28/11/2021";"Chelsea";"Man United";"IW";"4,7512";"0,6369";"0,2439";"0,1667";"1,0475";"0,6081";"0,2328";"0,1591";"1";"0,6211";"0,2281";"0,1508";"1";"1,05276";"0,6220";"0,2264";"0,1516";"1"
"30/11/2021";"Newcastle";"Norwich";"IW";"4,9089";"0,4651";"0,2941";"0,2899";"1,0491";"0,4434";"0,2804";"0,2763";"1";"0,4488";"0,2778";"0,2735";"1";"1,04683";"0,4487";"0,2777";"0,2735";"1"
"30/11/2021";"Leeds";"Crystal Palace";"IW";"4,8736";"0,4545";"0,3125";"0,2817";"1,0487";"0,4334";"0,2980";"0,2686";"1";"0,4383";"0,2963";"0,2654";"1";"1,04631";"0,4382";"0,2961";"0,2656";"1"
"01/12/2021";"Southampton";"Leicester";"IW";"5,1481";"0,4348";"0,2941";"0,3226";"1,0515";"0,4135";"0,2797";"0,3068";"1";"0,4176";"0,2770";"0,3054";"1";"1,04859";"0,4175";"0,2771";"0,3053";"1"
"01/12/2021";"Watford";"Chelsea";"IW";"5,6312";"0,1053";"0,1818";"0,7692";"1,0563";"0,0997";"0,1721";"0,7282";"1";"0,0865";"0,1630";"0,7505";"1";"1,07971";"0,0880";"0,1587";"0,7533";"1"
"01/12/2021";"West Ham";"Brighton";"IW";"5,8248";"0,5000";"0,2985";"0,2597";"1,0582";"0,4725";"0,2821";"0,2454";"1";"0,4806";"0,2791";"0,2403";"1";"1,05679";"0,4807";"0,2787";"0,2406";"1"
"01/12/2021";"Wolves";"Burnley";"IW";"5,6122";"0,5076";"0,2985";"0,2500";"1,0561";"0,4806";"0,2826";"0,2367";"1";"0,4889";"0,2798";"0,2313";"1";"1,05498";"0,4890";"0,2793";"0,2317";"1"
"01/12/2021";"Aston Villa";"Man City";"IW";"4,1692";"0,1250";"0,2174";"0,6993";"1,0417";"0,1200";"0,2087";"0,6713";"1";"0,1111";"0,2035";"0,6854";"1";"1,05125";"0,1124";"0,2010";"0,6866";"1"
"01/12/2021";"Everton";"Liverpool";"IW";"5,1651";"0,1290";"0,2083";"0,7143";"1,0517";"0,1227";"0,1981";"0,6792";"1";"0,1118";"0,1911";"0,6971";"1";"1,06490";"0,1130";"0,1882";"0,6989";"1"
"02/12/2021";"Tottenham";"Brentford";"IW";"5,2436";"0,5988";"0,2632";"0,1905";"1,0524";"0,5690";"0,2500";"0,1810";"1";"0,5813";"0,2457";"0,1730";"1";"1,05560";"0,5820";"0,2443";"0,1737";"1"
"02/12/2021";"Man United";"Arsenal";"IW";"5,1297";"0,4878";"0,2857";"0,2778";"1,0513";"0,4640";"0,2718";"0,2642";"1";"0,4707";"0,2686";"0,2607";"1";"1,04952";"0,4708";"0,2685";"0,2607";"1"
"04/12/2021";"West Ham";"Chelsea";"IW";"5,0725";"0,2174";"0,2778";"0,5556";"1,0507";"0,2069";"0,2644";"0,5287";"1";"0,2005";"0,2609";"0,5386";"1";"1,05149";"0,2010";"0,2600";"0,5390";"1"
"04/12/2021";"Newcastle";"Burnley";"IW";"5,5612";"0,4167";"0,2941";"0,3448";"1,0556";"0,3947";"0,2786";"0,3267";"1";"0,3981";"0,2756";"0,3263";"1";"1,05235";"0,3980";"0,2759";"0,3261";"1"
"04/12/2021";"Southampton";"Brighton";"IW";"5,2953";"0,3846";"0,3175";"0,3509";"1,0530";"0,3653";"0,3015";"0,3332";"1";"0,3670";"0,2998";"0,3332";"1";"1,04943";"0,3669";"0,3000";"0,3332";"1"
"04/12/2021";"Wolves";"Liverpool";"IW";"4,5403";"0,1250";"0,1905";"0,7299";"1,0454";"0,1196";"0,1822";"0,6982";"1";"0,1099";"0,1753";"0,7148";"1";"1,05871";"0,1106";"0,1728";"0,7166";"1"
"04/12/2021";"Watford";"Man City";"IW";"5,1154";"0,0833";"0,1481";"0,8197";"1,0512";"0,0793";"0,1409";"0,7798";"1";"0,0663";"0,1311";"0,8026";"1";"1,08386";"0,0677";"0,1262";"0,8061";"1"
"05/12/2021";"Leeds";"Brentford";"IW";"5,4036";"0,5556";"0,2857";"0,2128";"1,0540";"0,5271";"0,2711";"0,2019";"1";"0,5375";"0,2677";"0,1948";"1";"1,05498";"0,5379";"0,2667";"0,1954";"1"
"05/12/2021";"Man United";"Crystal Palace";"IW";"4,7534";"0,6536";"0,2273";"0,1667";"1,0475";"0,6239";"0,2170";"0,1591";"1";"0,6378";"0,2114";"0,1508";"1";"1,05382";"0,6388";"0,2099";"0,1513";"1"
"05/12/2021";"Tottenham";"Norwich";"IW";"4,2088";"0,6667";"0,2273";"0,1481";"1,0421";"0,6397";"0,2181";"0,1422";"1";"0,6526";"0,2132";"0,1341";"1";"1,04879";"0,6536";"0,2114";"0,1350";"1"
"05/12/2021";"Aston Villa";"Leicester";"IW";"5,2093";"0,4545";"0,2899";"0,3077";"1,0521";"0,4320";"0,2755";"0,2925";"1";"0,4372";"0,2725";"0,2903";"1";"1,04952";"0,4371";"0,2726";"0,2902";"1"
"06/12/2021";"Everton";"Arsenal";"IW";"5,1998";"0,2817";"0,2941";"0,4762";"1,0520";"0,2678";"0,2796";"0,4527";"1";"0,2644";"0,2768";"0,4589";"1";"1,04991";"0,2644";"0,2767";"0,4589";"1"
"10/12/2021";"Brentford";"Watford";"IW";"4,7858";"0,4000";"0,3030";"0,3448";"1,0479";"0,3817";"0,2892";"0,3291";"1";"0,3840";"0,2871";"0,3289";"1";"1,04473";"0,3839";"0,2873";"0,3288";"1"
"11/12/2021";"Man City";"Wolves";"IW";"4,3981";"0,8333";"0,1481";"0,0625";"1,0440";"0,7982";"0,1419";"0,0599";"1";"0,8187";"0,1335";"0,0478";"1";"1,07717";"0,8217";"0,1278";"0,0505";"1"
"11/12/2021";"Arsenal";"Southampton";"IW";"5,6667";"0,5780";"0,2564";"0,2222";"1,0567";"0,5470";"0,2427";"0,2103";"1";"0,5591";"0,2375";"0,2033";"1";"1,05859";"0,5598";"0,2368";"0,2035";"1"
"11/12/2021";"Chelsea";"Leeds";"IW";"4,1958";"0,7692";"0,1818";"0,0909";"1,0420";"0,7383";"0,1745";"0,0872";"1";"0,7552";"0,1678";"0,0769";"1";"1,06013";"0,7572";"0,1641";"0,0787";"1"
"11/12/2021";"Liverpool";"Aston Villa";"IW";"5,0909";"0,8000";"0,1600";"0,0909";"1,0509";"0,7612";"0,1522";"0,0865";"1";"0,7830";"0,1430";"0,0739";"1";"1,07847";"0,7861";"0,1386";"0,0753";"1"
"11/12/2021";"Norwich";"Man United";"IW";"4,9904";"0,1429";"0,2174";"0,6897";"1,0499";"0,1361";"0,2071";"0,6569";"1";"0,1262";"0,2008";"0,6730";"1";"1,05992";"0,1271";"0,1984";"0,6745";"1"
"12/12/2021";"Burnley";"West Ham";"IW";"5,3479";"0,2985";"0,2899";"0,4651";"1,0535";"0,2834";"0,2751";"0,4415";"1";"0,2807";"0,2720";"0,4473";"1";"1,05108";"0,2806";"0,2721";"0,4473";"1"
"12/12/2021";"Leicester";"Newcastle";"IW";"5,1866";"0,5714";"0,2532";"0,2273";"1,0519";"0,5433";"0,2407";"0,2161";"1";"0,5541";"0,2359";"0,2100";"1";"1,05324";"0,5547";"0,2353";"0,2100";"1"
"12/12/2021";"Crystal Palace";"Everton";"IW";"5,3696";"0,4545";"0,3175";"0,2817";"1,0537";"0,4314";"0,3013";"0,2673";"1";"0,4366";"0,2996";"0,2638";"1";"1,05111";"0,4366";"0,2994";"0,2640";"1"
"14/12/2021";"Norwich";"Aston Villa";"IW";"4,5924";"0,2778";"0,3030";"0,4651";"1,0459";"0,2656";"0,2897";"0,4447";"1";"0,2625";"0,2877";"0,4498";"1";"1,04379";"0,2626";"0,2876";"0,4498";"1"
"14/12/2021";"Man City";"Leeds";"IW";"4,2674";"0,8696";"0,1143";"0,0588";"1,0427";"0,8340";"0,1096";"0,0564";"1";"0,8553";"0,1001";"0,0446";"1";"1,08626";"0,8591";"0,0948";"0,0461";"1"
"15/12/2021";"Brighton";"Wolves";"IW";"5,5265";"0,4878";"0,3175";"0,2500";"1,0553";"0,4623";"0,3008";"0,2369";"1";"0,4694";"0,2990";"0,2316";"1";"1,05361";"0,4694";"0,2985";"0,2321";"1"
"15/12/2021";"Crystal Palace";"Southampton";"IW";"4,9491";"0,4762";"0,3030";"0,2703";"1,0495";"0,4537";"0,2887";"0,2575";"1";"0,4597";"0,2865";"0,2538";"1";"1,04751";"0,4597";"0,2863";"0,2540";"1"
"15/12/2021";"Arsenal";"West Ham";"IW";"5,1185";"0,4878";"0,2817";"0,2817";"1,0512";"0,4641";"0,2680";"0,2680";"1";"0,4707";"0,2646";"0,2646";"1";"1,04941";"0,4708";"0,2646";"0,2646";"1"
"16/12/2021";"Chelsea";"Everton";"IW";"4,3333";"0,8000";"0,1600";"0,0833";"1,0433";"0,7668";"0,1534";"0,0799";"1";"0,7856";"0,1456";"0,0689";"1";"1,06732";"0,7881";"0,1414";"0,0705";"1"
"16/12/2021";"Liverpool";"Newcastle";"IW";"4,6333";"0,8696";"0,1212";"0,0556";"1,0463";"0,8311";"0,1158";"0,0531";"1";"0,8541";"0,1058";"0,0401";"1";"1,09390";"0,8582";"0,0994";"0,0423";"1"
"18/12/2021";"Leeds";"Arsenal";"IW";"5,3571";"0,1905";"0,2381";"0,6250";"1,0536";"0,1808";"0,2260";"0,5932";"1";"0,1726";"0,2202";"0,6071";"1";"1,05832";"0,1729";"0,2190";"0,6081";"1"
"19/12/2021";"Newcastle";"Man City";"IW";"3,9844";"0,0526";"0,1176";"0,8696";"1,0398";"0,0506";"0,1131";"0,8362";"1";"0,0394";"0,1044";"0,8563";"1";"1,08136";"0,0414";"0,0988";"0,8597";"1"
"19/12/2021";"Wolves";"Chelsea";"IW";"4,7619";"0,1905";"0,2857";"0,5714";"1,0476";"0,1818";"0,2727";"0,5455";"1";"0,1746";"0,2698";"0,5556";"1";"1,04931";"0,1755";"0,2686";"0,5559";"1"
"19/12/2021";"Tottenham";"Liverpool";"IW";"4,9529";"0,2174";"0,2439";"0,5882";"1,0495";"0,2071";"0,2324";"0,5605";"1";"0,2009";"0,2274";"0,5717";"1";"1,05166";"0,2009";"0,2268";"0,5723";"1"
"26/12/2021";"Man City";"Leicester";"IW";"4,7342";"0,8547";"0,1212";"0,0714";"1,0473";"0,8161";"0,1157";"0,0682";"1";"0,8389";"0,1054";"0,0556";"1";"1,08854";"0,8429";"0,1006";"0,0565";"1"
"26/12/2021";"Norwich";"Arsenal";"IW";"4,2484";"0,1667";"0,2222";"0,6536";"1,0425";"0,1599";"0,2132";"0,6270";"1";"0,1525";"0,2081";"0,6394";"1";"1,04807";"0,1529";"0,2067";"0,6404";"1"
"26/12/2021";"Tottenham";"Crystal Palace";"IW";"4,5378";"0,5882";"0,2667";"0,1905";"1,0454";"0,5627";"0,2551";"0,1822";"1";"0,5731";"0,2515";"0,1754";"1";"1,04759";"0,5736";"0,2504";"0,1760";"1"
"26/12/2021";"West Ham";"Southampton";"IW";"5,0339";"0,5128";"0,2778";"0,2597";"1,0503";"0,4882";"0,2645";"0,2473";"1";"0,4960";"0,2610";"0,2430";"1";"1,04933";"0,4962";"0,2608";"0,2430";"1"
"26/12/2021";"Aston Villa";"Chelsea";"IW";"5,2387";"0,2041";"0,2703";"0,5780";"1,0524";"0,1939";"0,2568";"0,5493";"1";"0,1866";"0,2528";"0,5606";"1";"1,05433";"0,1872";"0,2517";"0,5611";"1"
"26/12/2021";"Brighton";"Brentford";"IW";"5,0841";"0,5128";"0,2941";"0,2439";"1,0508";"0,4880";"0,2799";"0,2321";"1";"0,4959";"0,2772";"0,2270";"1";"1,04993";"0,4960";"0,2767";"0,2273";"1"
"27/12/2021";"Newcastle";"Man United";"IW";"4,9730";"0,1739";"0,2222";"0,6536";"1,0497";"0,1657";"0,2117";"0,6226";"1";"0,1573";"0,2056";"0,6370";"1";"1,05620";"0,1576";"0,2042";"0,6382";"1"
"28/12/2021";"Crystal Palace";"Norwich";"IW";"5,7143";"0,5714";"0,2857";"0,2000";"1,0571";"0,5405";"0,2703";"0,1892";"1";"0,5524";"0,2667";"0,1810";"1";"1,05912";"0,5528";"0,2653";"0,1818";"1"
"28/12/2021";"Southampton";"Tottenham";"IW";"4,4968";"0,2703";"0,2985";"0,4762";"1,0450";"0,2586";"0,2857";"0,4557";"1";"0,2553";"0,2835";"0,4612";"1";"1,04311";"0,2554";"0,2833";"0,4612";"1"
"28/12/2021";"Watford";"West Ham";"IW";"4,4281";"0,2941";"0,2740";"0,4762";"1,0443";"0,2816";"0,2624";"0,4560";"1";"0,2794";"0,2592";"0,4614";"1";"1,04243";"0,2792";"0,2593";"0,4614";"1"
"28/12/2021";"Leicester";"Liverpool";"IW";"4,7987";"0,1333";"0,1739";"0,7407";"1,0480";"0,1272";"0,1659";"0,7068";"1";"0,1173";"0,1579";"0,7247";"1";"1,06310";"0,1174";"0,1557";"0,7268";"1"
"29/12/2021";"Chelsea";"Brighton";"IW";"4,8264";"0,7143";"0,2128";"0,1212";"1,0483";"0,6814";"0,2030";"0,1156";"1";"0,6982";"0,1967";"0,1051";"1";"1,06093";"0,6998";"0,1936";"0,1066";"1"
"29/12/2021";"Brentford";"Man City";"IW";"5,4701";"0,0667";"0,1333";"0,8547";"1,0547";"0,0632";"0,1264";"0,8104";"1";"0,0484";"0,1151";"0,8365";"1";"1,10254";"0,0505";"0,1084";"0,8411";"1"
"30/12/2021";"Man United";"Burnley";"IW";"5,6084";"0,7143";"0,2128";"0,1290";"1,0561";"0,6764";"0,2015";"0,1222";"1";"0,6956";"0,1941";"0,1103";"1";"1,07050";"0,6975";"0,1908";"0,1117";"1"
"01/01/2022";"Arsenal";"Man City";"IW";"5,8296";"0,2083";"0,2439";"0,6061";"1,0583";"0,1969";"0,2305";"0,5727";"1";"0,1889";"0,2245";"0,5866";"1";"1,06203";"0,1890";"0,2235";"0,5875";"1"
"01/01/2022";"Watford";"Tottenham";"IW";"3,9218";"0,1818";"0,2439";"0,6135";"1,0392";"0,1750";"0,2347";"0,5903";"1";"0,1687";"0,2308";"0,6004";"1";"1,04218";"0,1692";"0,2298";"0,6010";"1"
"01/01/2022";"Crystal Palace";"West Ham";"IW";"5,0644";"0,2985";"0,3077";"0,4444";"1,0506";"0,2841";"0,2929";"0,4230";"1";"0,2816";"0,2908";"0,4276";"1";"1,04793";"0,2817";"0,2908";"0,4275";"1"
"02/01/2022";"Brentford";"Aston Villa";"IW";"5,2953";"0,3509";"0,3175";"0,3846";"1,0530";"0,3332";"0,3015";"0,3653";"1";"0,3332";"0,2998";"0,3670";"1";"1,04943";"0,3332";"0,3000";"0,3669";"1"
"02/01/2022";"Everton";"Brighton";"IW";"4,9116";"0,3509";"0,3279";"0,3704";"1,0491";"0,3345";"0,3125";"0,3530";"1";"0,3345";"0,3115";"0,3540";"1";"1,04569";"0,3345";"0,3116";"0,3539";"1"
"02/01/2022";"Leeds";"Burnley";"IW";"5,5556";"0,5000";"0,2778";"0,2778";"1,0556";"0,4737";"0,2632";"0,2632";"1";"0,4815";"0,2593";"0,2593";"1";"1,05406";"0,4816";"0,2592";"0,2592";"1"
"02/01/2022";"Chelsea";"Liverpool";"IW";"5,3224";"0,3774";"0,2985";"0,3774";"1,0532";"0,3583";"0,2834";"0,3583";"1";"0,3596";"0,2808";"0,3596";"1";"1,04983";"0,3595";"0,2811";"0,3595";"1"
"03/01/2022";"Man United";"Wolves";"IW";"4,4026";"0,5882";"0,2740";"0,1818";"1,0440";"0,5634";"0,2624";"0,1742";"1";"0,5736";"0,2593";"0,1671";"1";"1,04631";"0,5740";"0,2580";"0,1680";"1"
"11/01/2022";"Southampton";"Brentford";"IW";"4,4823";"0,4545";"0,3125";"0,2778";"1,0448";"0,4350";"0,2991";"0,2659";"1";"0,4396";"0,2976";"0,2628";"1";"1,04255";"0,4395";"0,2974";"0,2630";"1"
"12/01/2022";"West Ham";"Norwich";"IW";"5,0569";"0,6897";"0,2128";"0,1481";"1,0506";"0,6565";"0,2025";"0,1410";"1";"0,6728";"0,1959";"0,1313";"1";"1,06057";"0,6743";"0,1937";"0,1320";"1"
"14/01/2022";"Brighton";"Crystal Palace";"IW";"5,4153";"0,4762";"0,3077";"0,2703";"1,0542";"0,4517";"0,2919";"0,2564";"1";"0,4581";"0,2896";"0,2522";"1";"1,05206";"0,4581";"0,2894";"0,2525";"1"
"15/01/2022";"Man City";"Chelsea";"IW";"4,2443";"0,5988";"0,2532";"0,1905";"1,0424";"0,5744";"0,2429";"0,1827";"1";"0,5847";"0,2390";"0,1763";"1";"1,04490";"0,5852";"0,2380";"0,1768";"1"
"15/01/2022";"Newcastle";"Watford";"IW";"5,1210";"0,5464";"0,2667";"0,2381";"1,0512";"0,5198";"0,2537";"0,2265";"1";"0,5294";"0,2496";"0,2210";"1";"1,05145";"0,5297";"0,2491";"0,2211";"1"
"15/01/2022";"Norwich";"Everton";"IW";"5,0505";"0,3030";"0,3030";"0,4444";"1,0505";"0,2885";"0,2885";"0,4231";"1";"0,2862";"0,2862";"0,4276";"1";"1,04779";"0,2862";"0,2862";"0,4276";"1"
"15/01/2022";"Wolves";"Southampton";"IW";"4,8532";"0,4082";"0,3279";"0,3125";"1,0485";"0,3893";"0,3127";"0,2980";"1";"0,3920";"0,3117";"0,2963";"1";"1,04540";"0,3919";"0,3117";"0,2964";"1"
"15/01/2022";"Aston Villa";"Man United";"IW";"5,4301";"0,3922";"0,2985";"0,3636";"1,0543";"0,3720";"0,2831";"0,3449";"1";"0,3741";"0,2804";"0,3455";"1";"1,05089";"0,3739";"0,2807";"0,3454";"1"
"16/01/2022";"Liverpool";"Brentford";"IW";"4,4977";"0,7874";"0,1667";"0,0909";"1,0450";"0,7535";"0,1595";"0,0870";"1";"0,7724";"0,1517";"0,0759";"1";"1,06719";"0,7749";"0,1478";"0,0774";"1"
"16/01/2022";"West Ham";"Leeds";"IW";"5,4289";"0,5988";"0,2381";"0,2174";"1,0543";"0,5680";"0,2258";"0,2062";"1";"0,5807";"0,2200";"0,1993";"1";"1,05725";"0,5815";"0,2193";"0,1992";"1"
"18/01/2022";"Brighton";"Chelsea";"IW";"4,8982";"0,1905";"0,2703";"0,5882";"1,0490";"0,1816";"0,2577";"0,5608";"1";"0,1741";"0,2539";"0,5719";"1";"1,05142";"0,1749";"0,2527";"0,5724";"1"
"19/01/2022";"Leicester";"Tottenham";"IW";"5,5273";"0,3175";"0,3030";"0,4348";"1,0553";"0,3008";"0,2872";"0,4120";"1";"0,2990";"0,2846";"0,4164";"1";"1,05221";"0,2990";"0,2847";"0,4163";"1"
"19/01/2022";"Brentford";"Man United";"IW";"4,8477";"0,2222";"0,2857";"0,5405";"1,0485";"0,2119";"0,2725";"0,5155";"1";"0,2061";"0,2696";"0,5244";"1";"1,04861";"0,2066";"0,2688";"0,5246";"1"
"21/01/2022";"Watford";"Norwich";"IW";"5,1633";"0,4878";"0,2899";"0,2740";"1,0516";"0,4639";"0,2756";"0,2605";"1";"0,4706";"0,2726";"0,2568";"1";"1,04986";"0,4707";"0,2725";"0,2568";"1"
"22/01/2022";"Everton";"Aston Villa";"IW";"5,0759";"0,3704";"0,3030";"0,3774";"1,0508";"0,3525";"0,2884";"0,3591";"1";"0,3535";"0,2861";"0,3604";"1";"1,04742";"0,3533";"0,2864";"0,3603";"1"
"22/01/2022";"Brentford";"Wolves";"IW";"5,1483";"0,4000";"0,3390";"0,3125";"1,0515";"0,3804";"0,3224";"0,2972";"1";"0,3828";"0,3218";"0,2953";"1";"1,04814";"0,3827";"0,3218";"0,2955";"1"
"22/01/2022";"Leeds";"Newcastle";"IW";"4,2466";"0,5263";"0,2597";"0,2564";"1,0425";"0,5049";"0,2492";"0,2460";"1";"0,5122";"0,2456";"0,2423";"1";"1,04192";"0,5123";"0,2455";"0,2422";"1"
"22/01/2022";"Man United";"West Ham";"IW";"4,8086";"0,4762";"0,2778";"0,2941";"1,0481";"0,4543";"0,2650";"0,2806";"1";"0,4602";"0,2617";"0,2781";"1";"1,04611";"0,4602";"0,2618";"0,2780";"1"
"22/01/2022";"Southampton";"Man City";"IW";"5,1345";"0,1176";"0,1818";"0,7519";"1,0513";"0,1119";"0,1729";"0,7152";"1";"0,1005";"0,1647";"0,7348";"1";"1,06952";"0,1014";"0,1615";"0,7371";"1"
"23/01/2022";"Arsenal";"Burnley";"IW";"5,6312";"0,7692";"0,1818";"0,1053";"1,0563";"0,7282";"0,1721";"0,0997";"1";"0,7505";"0,1630";"0,0865";"1";"1,07971";"0,7533";"0,1587";"0,0880";"1"
"23/01/2022";"Crystal Palace";"Liverpool";"IW";"4,8951";"0,1739";"0,2381";"0,6369";"1,0490";"0,1658";"0,2270";"0,6072";"1";"0,1576";"0,2218";"0,6206";"1";"1,05422";"0,1582";"0,2203";"0,6216";"1"
"23/01/2022";"Leicester";"Brighton";"IW";"5,1829";"0,3846";"0,2899";"0,3774";"1,0518";"0,3657";"0,2756";"0,3588";"1";"0,3673";"0,2726";"0,3601";"1";"1,04859";"0,3672";"0,2729";"0,3599";"1"
"23/01/2022";"Chelsea";"Tottenham";"IW";"5,2387";"0,5780";"0,2703";"0,2041";"1,0524";"0,5493";"0,2568";"0,1939";"1";"0,5606";"0,2528";"0,1866";"1";"1,05433";"0,5611";"0,2517";"0,1872";"1"
"05/02/2022";"Burnley";"Watford";"IW";"5,3696";"0,4545";"0,3175";"0,2817";"1,0537";"0,4314";"0,3013";"0,2673";"1";"0,4366";"0,2996";"0,2638";"1";"1,05111";"0,4366";"0,2994";"0,2640";"1"
"08/02/2022";"Newcastle";"Everton";"IW";"5,4839";"0,4082";"0,3077";"0,3390";"1,0548";"0,3869";"0,2917";"0,3214";"1";"0,3899";"0,2894";"0,3207";"1";"1,05144";"0,3898";"0,2896";"0,3206";"1"
"08/02/2022";"West Ham";"Watford";"IW";"4,9923";"0,6452";"0,2381";"0,1667";"1,0499";"0,6145";"0,2268";"0,1587";"1";"0,6285";"0,2215";"0,1500";"1";"1,05598";"0,6295";"0,2197";"0,1508";"1"
"08/02/2022";"Burnley";"Man United";"IW";"5,4758";"0,1739";"0,2439";"0,6369";"1,0548";"0,1649";"0,2312";"0,6039";"1";"0,1557";"0,2256";"0,6187";"1";"1,06072";"0,1564";"0,2239";"0,6197";"1"
"09/02/2022";"Man City";"Brentford";"IW";"5,1391";"0,9091";"0,1053";"0,0370";"1,0514";"0,8647";"0,1001";"0,0352";"1";"0,8920";"0,0881";"0,0199";"1";"1,13170";"0,8978";"0,0783";"0,0240";"1"
"09/02/2022";"Norwich";"Crystal Palace";"IW";"5,5452";"0,2985";"0,3125";"0,4444";"1,0555";"0,2828";"0,2961";"0,4211";"1";"0,2800";"0,2940";"0,4260";"1";"1,05256";"0,2801";"0,2940";"0,4259";"1"
"09/02/2022";"Tottenham";"Southampton";"IW";"5,0721";"0,6250";"0,2439";"0,1818";"1,0507";"0,5948";"0,2321";"0,1730";"1";"0,6081";"0,2270";"0,1649";"1";"1,05532";"0,6090";"0,2256";"0,1655";"1"
"09/02/2022";"Aston Villa";"Leeds";"IW";"5,6863";"0,5405";"0,2632";"0,2532";"1,0569";"0,5115";"0,2490";"0,2395";"1";"0,5216";"0,2442";"0,2342";"1";"1,05688";"0,5220";"0,2439";"0,2341";"1"
"10/02/2022";"Liverpool";"Leicester";"IW";"4,7402";"0,7874";"0,1600";"0,1000";"1,0474";"0,7518";"0,1528";"0,0955";"1";"0,7716";"0,1442";"0,0842";"1";"1,07029";"0,7743";"0,1407";"0,0851";"1"
"10/02/2022";"Wolves";"Arsenal";"IW";"5,4003";"0,2817";"0,3279";"0,4444";"1,0540";"0,2673";"0,3111";"0,4217";"1";"0,2637";"0,3099";"0,4264";"1";"1,05124";"0,2640";"0,3097";"0,4264";"1"
"12/02/2022";"Man United";"Southampton";"IW";"5,4045";"0,6061";"0,2439";"0,2041";"1,0540";"0,5750";"0,2314";"0,1936";"1";"0,5880";"0,2259";"0,1861";"1";"1,05751";"0,5889";"0,2249";"0,1863";"1"
"12/02/2022";"Brentford";"Crystal Palace";"IW";"4,9675";"0,3390";"0,3333";"0,3774";"1,0497";"0,3229";"0,3176";"0,3595";"1";"0,3224";"0,3168";"0,3608";"1";"1,04624";"0,3224";"0,3168";"0,3607";"1"
"12/02/2022";"Everton";"Leeds";"IW";"5,3258";"0,4167";"0,2857";"0,3509";"1,0533";"0,3956";"0,2713";"0,3331";"1";"0,3989";"0,2680";"0,3331";"1";"1,05016";"0,3988";"0,2683";"0,3329";"1"
"12/02/2022";"Watford";"Brighton";"IW";"5,4153";"0,2703";"0,3077";"0,4762";"1,0542";"0,2564";"0,2919";"0,4517";"1";"0,2522";"0,2896";"0,4581";"1";"1,05206";"0,2525";"0,2894";"0,4581";"1"
"12/02/2022";"Norwich";"Man City";"IW";"4,8148";"0,0667";"0,1481";"0,8333";"1,0481";"0,0636";"0,1413";"0,7951";"1";"0,0506";"0,1321";"0,8173";"1";"1,08393";"0,0531";"0,1262";"0,8207";"1"
"13/02/2022";"Burnley";"Liverpool";"IW";"4,4977";"0,0909";"0,1667";"0,7874";"1,0450";"0,0870";"0,1595";"0,7535";"1";"0,0759";"0,1517";"0,7724";"1";"1,06719";"0,0774";"0,1478";"0,7749";"1"
"13/02/2022";"Newcastle";"Aston Villa";"IW";"5,4301";"0,3636";"0,2985";"0,3922";"1,0543";"0,3449";"0,2831";"0,3720";"1";"0,3455";"0,2804";"0,3741";"1";"1,05089";"0,3454";"0,2807";"0,3739";"1"
"13/02/2022";"Tottenham";"Wolves";"IW";"5,1744";"0,5882";"0,2817";"0,1818";"1,0517";"0,5593";"0,2678";"0,1729";"1";"0,5710";"0,2644";"0,1646";"1";"1,05455";"0,5715";"0,2629";"0,1657";"1"
"13/02/2022";"Leicester";"West Ham";"IW";"4,8896";"0,3509";"0,2899";"0,4082";"1,0489";"0,3345";"0,2763";"0,3891";"1";"0,3346";"0,2736";"0,3919";"1";"1,04586";"0,3344";"0,2739";"0,3917";"1"
"15/02/2022";"Man United";"Brighton";"IW";"4,6101";"0,5263";"0,2817";"0,2381";"1,0461";"0,5031";"0,2693";"0,2276";"1";"0,5109";"0,2663";"0,2227";"1";"1,04563";"0,5111";"0,2659";"0,2230";"1"
"19/02/2022";"West Ham";"Newcastle";"IW";"4,5689";"0,5988";"0,2564";"0,1905";"1,0457";"0,5726";"0,2452";"0,1822";"1";"0,5836";"0,2412";"0,1752";"1";"1,04837";"0,5841";"0,2401";"0,1758";"1"
"19/02/2022";"Arsenal";"Brentford";"IW";"5,5418";"0,6452";"0,2564";"0,1538";"1,0554";"0,6113";"0,2429";"0,1458";"1";"0,6267";"0,2379";"0,1354";"1";"1,06261";"0,6277";"0,2355";"0,1368";"1"
"19/02/2022";"Aston Villa";"Watford";"IW";"5,1967";"0,5988";"0,2532";"0,2000";"1,0520";"0,5692";"0,2407";"0,1901";"1";"0,5815";"0,2358";"0,1827";"1";"1,05494";"0,5822";"0,2348";"0,1831";"1"
"19/02/2022";"Brighton";"Burnley";"IW";"3,9904";"0,6135";"0,2597";"0,1667";"1,0399";"0,5900";"0,2498";"0,1603";"1";"0,6002";"0,2464";"0,1534";"1";"1,04318";"0,6007";"0,2451";"0,1543";"1"
"19/02/2022";"Crystal Palace";"Chelsea";"IW";"5,2684";"0,1905";"0,2740";"0,5882";"1,0527";"0,1809";"0,2603";"0,5588";"1";"0,1729";"0,2564";"0,5707";"1";"1,05536";"0,1738";"0,2550";"0,5712";"1"
"19/02/2022";"Liverpool";"Norwich";"IW";"4,7447";"0,8929";"0,1111";"0,0435";"1,0474";"0,8524";"0,1061";"0,0415";"1";"0,8770";"0,0953";"0,0277";"1";"1,10960";"0,8818";"0,0873";"0,0308";"1"
"19/02/2022";"Southampton";"Everton";"IW";"4,4826";"0,4651";"0,2899";"0,2899";"1,0448";"0,4452";"0,2774";"0,2774";"1";"0,4502";"0,2749";"0,2749";"1";"1,04271";"0,4502";"0,2749";"0,2749";"1"
"19/02/2022";"Man City";"Tottenham";"IW";"5,6642";"0,7519";"0,1905";"0,1143";"1,0566";"0,7116";"0,1803";"0,1082";"1";"0,7330";"0,1716";"0,0954";"1";"1,07686";"0,7356";"0,1677";"0,0967";"1"
"20/02/2022";"Leeds";"Man United";"IW";"5,3959";"0,2128";"0,2632";"0,5780";"1,0540";"0,2019";"0,2497";"0,5484";"1";"0,1948";"0,2452";"0,5600";"1";"1,05586";"0,1951";"0,2442";"0,5606";"1"
"20/02/2022";"Wolves";"Leicester";"IW";"5,3696";"0,4545";"0,3175";"0,2817";"1,0537";"0,4314";"0,3013";"0,2673";"1";"0,4366";"0,2996";"0,2638";"1";"1,05111";"0,4366";"0,2994";"0,2640";"1"
"23/02/2022";"Burnley";"Tottenham";"IW";"5,3528";"0,2273";"0,2857";"0,5405";"1,0535";"0,2157";"0,2712";"0,5131";"1";"0,2094";"0,2679";"0,5227";"1";"1,05369";"0,2099";"0,2671";"0,5230";"1"
"23/02/2022";"Watford";"Crystal Palace";"IW";"4,4210";"0,3390";"0,3279";"0,3774";"1,0442";"0,3246";"0,3140";"0,3614";"1";"0,3242";"0,3131";"0,3626";"1";"1,04107";"0,3243";"0,3132";"0,3626";"1"
"23/02/2022";"Liverpool";"Leeds";"IW";"5,4598";"0,8333";"0,1379";"0,0833";"1,0546";"0,7902";"0,1308";"0,0790";"1";"0,8151";"0,1197";"0,0651";"1";"1,09334";"0,8193";"0,1146";"0,0661";"1"
"24/02/2022";"Arsenal";"Wolves";"IW";"4,9708";"0,5780";"0,2899";"0,1818";"1,0497";"0,5507";"0,2761";"0,1732";"1";"0,5615";"0,2733";"0,1652";"1";"1,05196";"0,5618";"0,2718";"0,1664";"1"
"25/02/2022";"Southampton";"Norwich";"IW";"4,8951";"0,6369";"0,2381";"0,1739";"1,0490";"0,6072";"0,2270";"0,1658";"1";"0,6206";"0,2218";"0,1576";"1";"1,05422";"0,6216";"0,2203";"0,1582";"1"
"26/02/2022";"Leeds";"Tottenham";"IW";"5,2059";"0,2778";"0,2667";"0,5076";"1,0521";"0,2640";"0,2535";"0,4825";"1";"0,2604";"0,2493";"0,4903";"1";"1,05085";"0,2603";"0,2493";"0,4904";"1"
"26/02/2022";"Brentford";"Newcastle";"IW";"4,8532";"0,4082";"0,3279";"0,3125";"1,0485";"0,3893";"0,3127";"0,2980";"1";"0,3920";"0,3117";"0,2963";"1";"1,04540";"0,3919";"0,3117";"0,2964";"1"
"26/02/2022";"Crystal Palace";"Burnley";"IW";"4,2215";"0,5263";"0,2985";"0,2174";"1,0422";"0,5050";"0,2864";"0,2086";"1";"0,5122";"0,2844";"0,2033";"1";"1,04194";"0,5123";"0,2837";"0,2039";"1"
"26/02/2022";"Man United";"Watford";"IW";"5,2429";"0,7407";"0,1905";"0,1212";"1,0524";"0,7038";"0,1810";"0,1152";"1";"0,7233";"0,1730";"0,1037";"1";"1,06932";"0,7255";"0,1698";"0,1047";"1"
"26/02/2022";"Brighton";"Aston Villa";"IW";"5,2760";"0,4545";"0,3125";"0,2857";"1,0528";"0,4318";"0,2968";"0,2714";"1";"0,4370";"0,2949";"0,2681";"1";"1,05018";"0,4369";"0,2948";"0,2683";"1"
"26/02/2022";"Everton";"Man City";"IW";"5,0909";"0,0909";"0,1600";"0,8000";"1,0509";"0,0865";"0,1522";"0,7612";"1";"0,0739";"0,1430";"0,7830";"1";"1,07847";"0,0753";"0,1386";"0,7861";"1"
"27/02/2022";"West Ham";"Wolves";"IW";"4,3886";"0,5128";"0,2985";"0,2326";"1,0439";"0,4913";"0,2860";"0,2228";"1";"0,4982";"0,2839";"0,2179";"1";"1,04311";"0,4983";"0,2833";"0,2184";"1"
"01/03/2022";"Burnley";"Leicester";"IW";"5,0726";"0,3509";"0,3077";"0,3922";"1,0507";"0,3339";"0,2928";"0,3732";"1";"0,3340";"0,2908";"0,3752";"1";"1,04739";"0,3339";"0,2910";"0,3751";"1"
"05/03/2022";"Leicester";"Leeds";"IW";"5,3013";"0,5000";"0,2632";"0,2899";"1,0530";"0,4748";"0,2499";"0,2753";"1";"0,4823";"0,2455";"0,2722";"1";"1,05159";"0,4824";"0,2456";"0,2719";"1"
"05/03/2022";"Aston Villa";"Southampton";"IW";"4,7218";"0,4348";"0,2899";"0,3226";"1,0472";"0,4152";"0,2768";"0,3080";"1";"0,4190";"0,2741";"0,3068";"1";"1,04452";"0,4190";"0,2743";"0,3067";"1"
"05/03/2022";"Burnley";"Chelsea";"IW";"4,7619";"0,1429";"0,2381";"0,6667";"1,0476";"0,1364";"0,2273";"0,6364";"1";"0,1270";"0,2222";"0,6508";"1";"1,05542";"0,1283";"0,2199";"0,6519";"1"
"05/03/2022";"Newcastle";"Brighton";"IW";"5,7312";"0,3846";"0,3279";"0,3448";"1,0573";"0,3638";"0,3101";"0,3261";"1";"0,3655";"0,3088";"0,3257";"1";"1,05356";"0,3654";"0,3089";"0,3257";"1"
"05/03/2022";"Norwich";"Brentford";"IW";"5,3492";"0,3279";"0,3175";"0,4082";"1,0535";"0,3112";"0,3013";"0,3874";"1";"0,3100";"0,2996";"0,3903";"1";"1,05012";"0,3100";"0,2997";"0,3902";"1"
"05/03/2022";"Wolves";"Crystal Palace";"IW";"5,4370";"0,4255";"0,3390";"0,2899";"1,0544";"0,4036";"0,3215";"0,2749";"1";"0,4074";"0,3209";"0,2717";"1";"1,05128";"0,4073";"0,3207";"0,2720";"1"
"05/03/2022";"Liverpool";"West Ham";"IW";"5,4068";"0,7874";"0,1667";"0,1000";"1,0541";"0,7470";"0,1581";"0,0949";"1";"0,7694";"0,1486";"0,0820";"1";"1,08012";"0,7725";"0,1444";"0,0832";"1"
"06/03/2022";"Watford";"Arsenal";"IW";"5,1343";"0,1538";"0,2439";"0,6536";"1,0513";"0,1463";"0,2320";"0,6217";"1";"0,1367";"0,2268";"0,6365";"1";"1,05850";"0,1379";"0,2246";"0,6375";"1"
"06/03/2022";"Man City";"Man United";"IW";"4,6137";"0,6897";"0,2083";"0,1481";"1,0461";"0,6592";"0,1991";"0,1416";"1";"0,6743";"0,1930";"0,1328";"1";"1,05524";"0,6756";"0,1910";"0,1333";"1"
"07/03/2022";"Tottenham";"Everton";"IW";"5,1836";"0,5780";"0,2564";"0,2174";"1,0518";"0,5495";"0,2438";"0,2067";"1";"0,5608";"0,2391";"0,2001";"1";"1,05359";"0,5613";"0,2384";"0,2003";"1"
"10/03/2022";"Norwich";"Chelsea";"IW";"5,2546";"0,1143";"0,2083";"0,7299";"1,0525";"0,1086";"0,1979";"0,6935";"1";"0,0968";"0,1908";"0,7124";"1";"1,06846";"0,0985";"0,1871";"0,7144";"1"
"10/03/2022";"Southampton";"Newcastle";"IW";"4,8589";"0,4878";"0,2941";"0,2667";"1,0486";"0,4652";"0,2805";"0,2543";"1";"0,4716";"0,2779";"0,2505";"1";"1,04691";"0,4717";"0,2777";"0,2506";"1"
"10/03/2022";"Wolves";"Watford";"IW";"4,5033";"0,5128";"0,2941";"0,2381";"1,0450";"0,4907";"0,2814";"0,2278";"1";"0,4978";"0,2791";"0,2231";"1";"1,04420";"0,4979";"0,2786";"0,2235";"1"
"10/03/2022";"Leeds";"Aston Villa";"IW";"5,1020";"0,3571";"0,2857";"0,4082";"1,0510";"0,3398";"0,2718";"0,3883";"1";"0,3401";"0,2687";"0,3912";"1";"1,04794";"0,3399";"0,2691";"0,3910";"1"
"12/03/2022";"Brighton";"Liverpool";"IW";"4,4058";"0,1600";"0,2174";"0,6667";"1,0441";"0,1532";"0,2082";"0,6385";"1";"0,1453";"0,2027";"0,6520";"1";"1,05083";"0,1458";"0,2012";"0,6531";"1"
"12/03/2022";"Brentford";"Burnley";"IW";"5,5357";"0,4762";"0,3125";"0,2667";"1,0554";"0,4512";"0,2961";"0,2527";"1";"0,4577";"0,2940";"0,2482";"1";"1,05327";"0,4577";"0,2937";"0,2485";"1"
"12/03/2022";"Man United";"Tottenham";"IW";"4,8720";"0,4255";"0,2899";"0,3333";"1,0487";"0,4058";"0,2764";"0,3178";"1";"0,4093";"0,2736";"0,3171";"1";"1,04585";"0,4092";"0,2739";"0,3170";"1"
"13/03/2022";"Chelsea";"Newcastle";"IW";"4,1692";"0,6993";"0,2174";"0,1250";"1,0417";"0,6713";"0,2087";"0,1200";"1";"0,6854";"0,2035";"0,1111";"1";"1,05125";"0,6866";"0,2010";"0,1124";"1"
"13/03/2022";"Everton";"Wolves";"IW";"4,4342";"0,4348";"0,3279";"0,2817";"1,0443";"0,4163";"0,3139";"0,2697";"1";"0,4200";"0,3131";"0,2669";"1";"1,04180";"0,4199";"0,3129";"0,2672";"1"
"13/03/2022";"Leeds";"Norwich";"IW";"4,2068";"0,6135";"0,2381";"0,1905";"1,0421";"0,5887";"0,2285";"0,1828";"1";"0,5995";"0,2241";"0,1765";"1";"1,04516";"0,6001";"0,2232";"0,1767";"1"
"13/03/2022";"Southampton";"Watford";"IW";"5,6049";"0,5988";"0,2532";"0,2041";"1,0560";"0,5670";"0,2397";"0,1933";"1";"0,5801";"0,2345";"0,1854";"1";"1,05925";"0,5809";"0,2334";"0,1857";"1"
"13/03/2022";"West Ham";"Aston Villa";"IW";"5,7328";"0,4000";"0,3125";"0,3448";"1,0573";"0,3783";"0,2956";"0,3261";"1";"0,3809";"0,2934";"0,3257";"1";"1,05374";"0,3808";"0,2936";"0,3257";"1"
"13/03/2022";"Arsenal";"Leicester";"IW";"5,0569";"0,6897";"0,2128";"0,1481";"1,0506";"0,6565";"0,2025";"0,1410";"1";"0,6728";"0,1959";"0,1313";"1";"1,06057";"0,6743";"0,1937";"0,1320";"1"
"14/03/2022";"Crystal Palace";"Man City";"IW";"5,1880";"0,1000";"0,2000";"0,7519";"1,0519";"0,0951";"0,1901";"0,7148";"1";"0,0827";"0,1827";"0,7346";"1";"1,07119";"0,0849";"0,1783";"0,7368";"1"
"16/03/2022";"Brighton";"Tottenham";"IW";"5,3193";"0,2740";"0,3030";"0,4762";"1,0532";"0,2601";"0,2877";"0,4521";"1";"0,2562";"0,2853";"0,4585";"1";"1,05110";"0,2564";"0,2851";"0,4585";"1"
"16/03/2022";"Arsenal";"Liverpool";"IW";"5,1297";"0,2857";"0,2778";"0,4878";"1,0513";"0,2718";"0,2642";"0,4640";"1";"0,2686";"0,2607";"0,4707";"1";"1,04952";"0,2685";"0,2607";"0,4708";"1"
"17/03/2022";"Everton";"Newcastle";"IW";"4,6627";"0,4167";"0,3175";"0,3125";"1,0466";"0,3981";"0,3033";"0,2986";"1";"0,4011";"0,3019";"0,2970";"1";"1,04368";"0,4010";"0,3019";"0,2970";"1"
"18/03/2022";"Wolves";"Leeds";"IW";"5,1693";"0,4545";"0,3030";"0,2941";"1,0517";"0,4322";"0,2881";"0,2797";"1";"0,4373";"0,2858";"0,2769";"1";"1,04913";"0,4373";"0,2858";"0,2770";"1"
"19/03/2022";"Aston Villa";"Arsenal";"IW";"4,7858";"0,3448";"0,3030";"0,4000";"1,0479";"0,3291";"0,2892";"0,3817";"1";"0,3289";"0,2871";"0,3840";"1";"1,04473";"0,3288";"0,2873";"0,3839";"1"
"20/03/2022";"Leicester";"Brentford";"IW";"5,8002";"0,4651";"0,3030";"0,2899";"1,0580";"0,4396";"0,2864";"0,2740";"1";"0,4458";"0,2837";"0,2705";"1";"1,05547";"0,4458";"0,2836";"0,2706";"1"
"20/03/2022";"Tottenham";"West Ham";"IW";"4,8783";"0,5780";"0,2667";"0,2041";"1,0488";"0,5511";"0,2543";"0,1946";"1";"0,5618";"0,2504";"0,1878";"1";"1,05055";"0,5622";"0,2494";"0,1883";"1"
"02/04/2022";"Liverpool";"Watford";"IW";"4,4565";"0,8696";"0,1250";"0,0500";"1,0446";"0,8325";"0,1197";"0,0479";"1";"0,8547";"0,1101";"0,0351";"1";"1,09121";"0,8586";"0,1034";"0,0380";"1"
"02/04/2022";"Brighton";"Norwich";"IW";"5,5161";"0,6452";"0,2500";"0,1600";"1,0552";"0,6114";"0,2369";"0,1516";"1";"0,6268";"0,2316";"0,1416";"1";"1,06211";"0,6278";"0,2294";"0,1428";"1"
"02/04/2022";"Burnley";"Man City";"IW";"5,3846";"0,0667";"0,1538";"0,8333";"1,0538";"0,0633";"0,1460";"0,7908";"1";"0,0487";"0,1359";"0,8154";"1";"1,09378";"0,0517";"0,1291";"0,8192";"1"
"02/04/2022";"Chelsea";"Brentford";"IW";"4,9324";"0,7143";"0,2174";"0,1176";"1,0493";"0,6807";"0,2072";"0,1121";"1";"0,6978";"0,2009";"0,1012";"1";"1,06244";"0,6994";"0,1976";"0,1029";"1"
"02/04/2022";"Leeds";"Southampton";"IW";"5,5500";"0,4167";"0,2817";"0,3571";"1,0555";"0,3948";"0,2669";"0,3384";"1";"0,3982";"0,2632";"0,3386";"1";"1,05237";"0,3980";"0,2636";"0,3384";"1"
"02/04/2022";"Wolves";"Aston Villa";"IW";"5,1282";"0,3333";"0,3333";"0,3846";"1,0513";"0,3171";"0,3171";"0,3659";"1";"0,3162";"0,3162";"0,3675";"1";"1,04780";"0,3163";"0,3163";"0,3674";"1"
"02/04/2022";"Man United";"Leicester";"IW";"4,7876";"0,6135";"0,2439";"0,1905";"1,0479";"0,5855";"0,2328";"0,1818";"1";"0,5975";"0,2279";"0,1745";"1";"1,05144";"0,5983";"0,2268";"0,1749";"1"
"03/04/2022";"West Ham";"Everton";"IW";"4,9030";"0,5650";"0,2667";"0,2174";"1,0490";"0,5386";"0,2542";"0,2072";"1";"0,5486";"0,2503";"0,2010";"1";"1,05011";"0,5490";"0,2496";"0,2014";"1"
"03/04/2022";"Tottenham";"Newcastle";"IW";"4,9923";"0,6452";"0,2381";"0,1667";"1,0499";"0,6145";"0,2268";"0,1587";"1";"0,6285";"0,2215";"0,1500";"1";"1,05598";"0,6295";"0,2197";"0,1508";"1"
"04/04/2022";"Crystal Palace";"Arsenal";"IW";"4,6053";"0,2597";"0,2985";"0,4878";"1,0461";"0,2483";"0,2854";"0,4663";"1";"0,2444";"0,2832";"0,4725";"1";"1,04446";"0,2446";"0,2829";"0,4725";"1"
"06/04/2022";"Burnley";"Everton";"IW";"5,0449";"0,4000";"0,3226";"0,3279";"1,0504";"0,3808";"0,3071";"0,3121";"1";"0,3832";"0,3058";"0,3111";"1";"1,04714";"0,3831";"0,3058";"0,3111";"1"
"08/04/2022";"Newcastle";"Wolves";"IW";"4,7865";"0,5076";"0,3077";"0,2326";"1,0479";"0,4844";"0,2936";"0,2219";"1";"0,4917";"0,2917";"0,2166";"1";"1,04695";"0,4917";"0,2911";"0,2172";"1"
"09/04/2022";"Everton";"Man United";"IW";"4,9393";"0,2564";"0,2667";"0,5263";"1,0494";"0,2443";"0,2541";"0,5015";"1";"0,2399";"0,2502";"0,5099";"1";"1,04883";"0,2399";"0,2500";"0,5101";"1"
"09/04/2022";"Arsenal";"Brighton";"IW";"5,1667";"0,6250";"0,2667";"0,1600";"1,0517";"0,5943";"0,2536";"0,1521";"1";"0,6078";"0,2494";"0,1428";"1";"1,05691";"0,6085";"0,2473";"0,1442";"1"
"09/04/2022";"Southampton";"Chelsea";"IW";"5,1960";"0,2703";"0,2817";"0,5000";"1,0520";"0,2569";"0,2678";"0,4753";"1";"0,2530";"0,2644";"0,4827";"1";"1,05052";"0,2530";"0,2642";"0,4828";"1"
"09/04/2022";"Watford";"Leeds";"IW";"5,4301";"0,3636";"0,2985";"0,3922";"1,0543";"0,3449";"0,2831";"0,3720";"1";"0,3455";"0,2804";"0,3741";"1";"1,05089";"0,3454";"0,2807";"0,3739";"1"
"09/04/2022";"Aston Villa";"Tottenham";"IW";"4,7431";"0,3030";"0,2899";"0,4545";"1,0474";"0,2893";"0,2767";"0,4340";"1";"0,2872";"0,2740";"0,4387";"1";"1,04502";"0,2872";"0,2741";"0,4387";"1"
"10/04/2022";"Brentford";"West Ham";"IW";"5,3495";"0,3774";"0,3125";"0,3636";"1,0535";"0,3582";"0,2966";"0,3452";"1";"0,3595";"0,2947";"0,3458";"1";"1,04996";"0,3594";"0,2949";"0,3457";"1"
"10/04/2022";"Leicester";"Crystal Palace";"IW";"5,1483";"0,4000";"0,3125";"0,3390";"1,0515";"0,3804";"0,2972";"0,3224";"1";"0,3828";"0,2953";"0,3218";"1";"1,04814";"0,3827";"0,2955";"0,3218";"1"
"10/04/2022";"Norwich";"Burnley";"IW";"5,1143";"0,3226";"0,3030";"0,4255";"1,0511";"0,3069";"0,2883";"0,4048";"1";"0,3055";"0,2860";"0,4085";"1";"1,04811";"0,3055";"0,2861";"0,4084";"1"
"10/04/2022";"Man City";"Liverpool";"IW";"5,5556";"0,5000";"0,2778";"0,2778";"1,0556";"0,4737";"0,2632";"0,2632";"1";"0,4815";"0,2593";"0,2593";"1";"1,05406";"0,4816";"0,2592";"0,2592";"1"
"16/04/2022";"Tottenham";"Brighton";"IW";"5,3939";"0,6667";"0,2273";"0,1600";"1,0539";"0,6325";"0,2156";"0,1518";"1";"0,6487";"0,2093";"0,1420";"1";"1,06231";"0,6500";"0,2072";"0,1427";"1"
"16/04/2022";"Man United";"Norwich";"IW";"5,2665";"0,7874";"0,1600";"0,1053";"1,0527";"0,7480";"0,1520";"0,1000";"1";"0,7698";"0,1424";"0,0877";"1";"1,07778";"0,7729";"0,1387";"0,0884";"1"
"16/04/2022";"Southampton";"Arsenal";"IW";"5,2462";"0,2632";"0,2817";"0,5076";"1,0525";"0,2500";"0,2676";"0,4823";"1";"0,2457";"0,2642";"0,4901";"1";"1,05126";"0,2458";"0,2640";"0,4903";"1"
"16/04/2022";"Watford";"Brentford";"IW";"4,6675";"0,3390";"0,3077";"0,4000";"1,0467";"0,3239";"0,2940";"0,3822";"1";"0,3234";"0,2921";"0,3844";"1";"1,04358";"0,3234";"0,2923";"0,3843";"1"
"17/04/2022";"Newcastle";"Leicester";"IW";"5,5985";"0,5000";"0,2857";"0,2703";"1,0560";"0,4735";"0,2706";"0,2559";"1";"0,4813";"0,2671";"0,2516";"1";"1,05449";"0,4815";"0,2669";"0,2517";"1"
"17/04/2022";"West Ham";"Burnley";"IW";"4,8899";"0,5464";"0,2941";"0,2083";"1,0489";"0,5210";"0,2804";"0,1986";"1";"0,5301";"0,2778";"0,1920";"1";"1,04944";"0,5304";"0,2768";"0,1928";"1"
"19/04/2022";"Liverpool";"Man United";"IW";"4,2693";"0,7143";"0,1905";"0,1379";"1,0427";"0,6850";"0,1827";"0,1323";"1";"0,7001";"0,1762";"0,1237";"1";"1,05338";"0,7016";"0,1743";"0,1241";"1"
"20/04/2022";"Chelsea";"Arsenal";"IW";"4,8729";"0,5263";"0,2899";"0,2326";"1,0487";"0,5019";"0,2764";"0,2218";"1";"0,5101";"0,2736";"0,2163";"1";"1,04831";"0,5102";"0,2730";"0,2167";"1"
"20/04/2022";"Everton";"Leicester";"IW";"5,0726";"0,3922";"0,3077";"0,3509";"1,0507";"0,3732";"0,2928";"0,3339";"1";"0,3752";"0,2908";"0,3340";"1";"1,04739";"0,3751";"0,2910";"0,3339";"1"
"20/04/2022";"Newcastle";"Crystal Palace";"IW";"5,1481";"0,4348";"0,3226";"0,2941";"1,0515";"0,4135";"0,3068";"0,2797";"1";"0,4176";"0,3054";"0,2770";"1";"1,04859";"0,4175";"0,3053";"0,2771";"1"
"20/04/2022";"Man City";"Brighton";"IW";"5,1101";"0,8197";"0,1600";"0,0714";"1,0511";"0,7798";"0,1522";"0,0680";"1";"0,8026";"0,1430";"0,0544";"1";"1,08488";"0,8060";"0,1370";"0,0571";"1"
"21/04/2022";"Burnley";"Southampton";"IW";"4,4025";"0,3774";"0,3030";"0,3636";"1,0440";"0,3614";"0,2903";"0,3483";"1";"0,3627";"0,2884";"0,3490";"1";"1,04099";"0,3626";"0,2886";"0,3489";"1"
"23/04/2022";"Arsenal";"Man United";"IW";"5,1750";"0,5000";"0,2778";"0,2740";"1,0518";"0,4754";"0,2641";"0,2605";"1";"0,4827";"0,2605";"0,2567";"1";"1,05031";"0,4829";"0,2604";"0,2567";"1"
"23/04/2022";"Leicester";"Aston Villa";"IW";"5,0177";"0,3390";"0,3030";"0,4082";"1,0502";"0,3228";"0,2886";"0,3887";"1";"0,3223";"0,2863";"0,3914";"1";"1,04700";"0,3222";"0,2865";"0,3913";"1"
"23/04/2022";"Man City";"Watford";"IW";"4,3575";"0,8929";"0,1053";"0,0455";"1,0436";"0,8556";"0,1009";"0,0436";"1";"0,8783";"0,0907";"0,0309";"1";"1,10053";"0,8827";"0,0839";"0,0333";"1"
"23/04/2022";"Norwich";"Newcastle";"IW";"5,1693";"0,2941";"0,3030";"0,4545";"1,0517";"0,2797";"0,2881";"0,4322";"1";"0,2769";"0,2858";"0,4373";"1";"1,04913";"0,2770";"0,2858";"0,4373";"1"
"23/04/2022";"Brentford";"Tottenham";"IW";"5,4166";"0,2128";"0,2532";"0,5882";"1,0542";"0,2018";"0,2402";"0,5580";"1";"0,1947";"0,2351";"0,5702";"1";"1,05658";"0,1949";"0,2342";"0,5708";"1"
"24/04/2022";"Brighton";"Southampton";"IW";"4,4281";"0,4762";"0,2941";"0,2740";"1,0443";"0,4560";"0,2816";"0,2624";"1";"0,4614";"0,2794";"0,2592";"1";"1,04243";"0,4614";"0,2792";"0,2593";"1"
"24/04/2022";"Burnley";"Wolves";"IW";"5,3359";"0,3922";"0,3279";"0,3333";"1,0534";"0,3723";"0,3113";"0,3164";"1";"0,3744";"0,3101";"0,3155";"1";"1,04984";"0,3743";"0,3101";"0,3156";"1"
"24/04/2022";"Chelsea";"West Ham";"IW";"5,1651";"0,7143";"0,2083";"0,1290";"1,0517";"0,6792";"0,1981";"0,1227";"1";"0,6971";"0,1911";"0,1118";"1";"1,06490";"0,6989";"0,1882";"0,1130";"1"
"24/04/2022";"Liverpool";"Everton";"IW";"4,7619";"0,8333";"0,1429";"0,0714";"1,0476";"0,7955";"0,1364";"0,0682";"1";"0,8175";"0,1270";"0,0556";"1";"1,08253";"0,8209";"0,1217";"0,0574";"1"
"25/04/2022";"Crystal Palace";"Leeds";"IW";"5,4157";"0,4167";"0,2985";"0,3390";"1,0542";"0,3953";"0,2832";"0,3216";"1";"0,3986";"0,2805";"0,3209";"1";"1,05092";"0,3985";"0,2807";"0,3208";"1"
"28/04/2022";"Man United";"Chelsea";"IW";"5,5209";"0,2857";"0,2817";"0,4878";"1,0552";"0,2708";"0,2670";"0,4623";"1";"0,2673";"0,2633";"0,4694";"1";"1,05335";"0,2672";"0,2633";"0,4695";"1"
"30/04/2022";"Newcastle";"Liverpool";"IW";"4,7373";"0,1481";"0,2326";"0,6667";"1,0474";"0,1414";"0,2220";"0,6365";"1";"0,1324";"0,2168";"0,6509";"1";"1,05497";"0,1334";"0,2146";"0,6520";"1"
"30/04/2022";"Aston Villa";"Norwich";"IW";"4,5565";"0,6993";"0,2083";"0,1379";"1,0456";"0,6688";"0,1993";"0,1319";"1";"0,6841";"0,1931";"0,1227";"1";"1,05561";"0,6855";"0,1909";"0,1235";"1"
"30/04/2022";"Southampton";"Crystal Palace";"IW";"4,8204";"0,4082";"0,3175";"0,3226";"1,0482";"0,3894";"0,3029";"0,3077";"1";"0,3921";"0,3014";"0,3065";"1";"1,04508";"0,3920";"0,3015";"0,3065";"1"
"30/04/2022";"Watford";"Burnley";"IW";"5,8073";"0,3846";"0,3226";"0,3509";"1,0581";"0,3635";"0,3049";"0,3316";"1";"0,3653";"0,3032";"0,3315";"1";"1,05431";"0,3652";"0,3034";"0,3315";"1"
"30/04/2022";"Wolves";"Brighton";"IW";"4,9675";"0,3774";"0,3333";"0,3390";"1,0497";"0,3595";"0,3176";"0,3229";"1";"0,3608";"0,3168";"0,3224";"1";"1,04624";"0,3607";"0,3168";"0,3224";"1"
"01/05/2022";"West Ham";"Arsenal";"IW";"4,8591";"0,2174";"0,2532";"0,5780";"1,0486";"0,2073";"0,2414";"0,5512";"1";"0,2012";"0,2370";"0,5618";"1";"1,05020";"0,2014";"0,2363";"0,5623";"1"
"02/05/2022";"Man United";"Brentford";"IW";"5,7151";"0,5714";"0,2532";"0,2326";"1,0572";"0,5405";"0,2395";"0,2200";"1";"0,5524";"0,2341";"0,2135";"1";"1,05869";"0,5530";"0,2336";"0,2135";"1"
"07/05/2022";"Brentford";"Southampton";"IW";"5,1589";"0,4651";"0,3125";"0,2740";"1,0516";"0,4423";"0,2972";"0,2605";"1";"0,4479";"0,2953";"0,2568";"1";"1,04931";"0,4479";"0,2951";"0,2570";"1"
"07/05/2022";"Burnley";"Aston Villa";"IW";"5,0449";"0,3279";"0,3226";"0,4000";"1,0504";"0,3121";"0,3071";"0,3808";"1";"0,3111";"0,3058";"0,3832";"1";"1,04714";"0,3111";"0,3058";"0,3831";"1"
"07/05/2022";"Chelsea";"Wolves";"IW";"4,8264";"0,7143";"0,2128";"0,1212";"1,0483";"0,6814";"0,2030";"0,1156";"1";"0,6982";"0,1967";"0,1051";"1";"1,06093";"0,6998";"0,1936";"0,1066";"1"
"07/05/2022";"Crystal Palace";"Watford";"IW";"4,7287";"0,5988";"0,2667";"0,1818";"1,0473";"0,5718";"0,2546";"0,1736";"1";"0,5830";"0,2509";"0,1661";"1";"1,05024";"0,5836";"0,2495";"0,1669";"1"
"07/05/2022";"Brighton";"Man United";"IW";"5,3030";"0,3333";"0,3030";"0,4167";"1,0530";"0,3165";"0,2878";"0,3957";"1";"0,3157";"0,2854";"0,3990";"1";"1,04981";"0,3156";"0,2855";"0,3989";"1"
"07/05/2022";"Liverpool";"Tottenham";"IW";"4,7449";"0,6993";"0,2000";"0,1481";"1,0474";"0,6676";"0,1909";"0,1414";"1";"0,6835";"0,1842";"0,1323";"1";"1,05766";"0,6850";"0,1823";"0,1327";"1"
"08/05/2022";"Arsenal";"Leeds";"IW";"4,7534";"0,6536";"0,2273";"0,1667";"1,0475";"0,6239";"0,2170";"0,1591";"1";"0,6378";"0,2114";"0,1508";"1";"1,05382";"0,6388";"0,2099";"0,1513";"1"
"08/05/2022";"Leicester";"Everton";"IW";"5,5421";"0,3774";"0,3077";"0,3704";"1,0554";"0,3575";"0,2915";"0,3509";"1";"0,3589";"0,2892";"0,3519";"1";"1,05184";"0,3588";"0,2895";"0,3518";"1"
"08/05/2022";"Norwich";"West Ham";"IW";"4,9733";"0,2083";"0,2532";"0,5882";"1,0497";"0,1985";"0,2412";"0,5604";"1";"0,1918";"0,2366";"0,5717";"1";"1,05195";"0,1920";"0,2357";"0,5722";"1"
"08/05/2022";"Man City";"Newcastle";"IW";"5,0000";"0,8333";"0,1333";"0,0833";"1,0500";"0,7937";"0,1270";"0,0794";"1";"0,8167";"0,1167";"0,0667";"1";"1,08561";"0,8204";"0,1122";"0,0674";"1"
"10/05/2022";"Aston Villa";"Liverpool";"IW";"5,5556";"0,1667";"0,2222";"0,6667";"1,0556";"0,1579";"0,2105";"0,6316";"1";"0,1481";"0,2037";"0,6481";"1";"1,06403";"0,1486";"0,2018";"0,6496";"1"
"11/05/2022";"Leeds";"Chelsea";"IW";"5,1038";"0,2083";"0,2439";"0,5988";"1,0510";"0,1982";"0,2321";"0,5697";"1";"0,1913";"0,2269";"0,5818";"1";"1,05386";"0,1915";"0,2261";"0,5825";"1"
"11/05/2022";"Leicester";"Norwich";"IW";"5,1345";"0,7519";"0,1818";"0,1176";"1,0513";"0,7152";"0,1729";"0,1119";"1";"0,7348";"0,1647";"0,1005";"1";"1,06952";"0,7371";"0,1615";"0,1014";"1"
"11/05/2022";"Watford";"Everton";"IW";"5,0891";"0,1818";"0,2703";"0,5988";"1,0509";"0,1730";"0,2572";"0,5698";"1";"0,1649";"0,2533";"0,5818";"1";"1,05412";"0,1658";"0,2518";"0,5824";"1"
"11/05/2022";"Wolves";"Man City";"IW";"4,6143";"0,0769";"0,1818";"0,7874";"1,0461";"0,0735";"0,1738";"0,7527";"1";"0,0615";"0,1664";"0,7720";"1";"1,06997";"0,0643";"0,1614";"0,7743";"1"
"12/05/2022";"Tottenham";"Arsenal";"IW";"5,2093";"0,4545";"0,2899";"0,3077";"1,0521";"0,4320";"0,2755";"0,2925";"1";"0,4372";"0,2725";"0,2903";"1";"1,04952";"0,4371";"0,2726";"0,2902";"1"
"15/05/2022";"Tottenham";"Burnley";"IW";"3,8961";"0,7519";"0,1818";"0,1053";"1,0390";"0,7237";"0,1750";"0,1013";"1";"0,7389";"0,1688";"0,0923";"1";"1,05319";"0,7406";"0,1661";"0,0934";"1"
"15/05/2022";"Aston Villa";"Crystal Palace";"IW";"5,5411";"0,5464";"0,2817";"0,2273";"1,0554";"0,5178";"0,2669";"0,2153";"1";"0,5280";"0,2632";"0,2088";"1";"1,05583";"0,5283";"0,2625";"0,2092";"1"
"15/05/2022";"Leeds";"Brighton";"IW";"4,3417";"0,3922";"0,2941";"0,3571";"1,0434";"0,3758";"0,2819";"0,3423";"1";"0,3777";"0,2796";"0,3427";"1";"1,04052";"0,3776";"0,2799";"0,3425";"1"
"15/05/2022";"Watford";"Leicester";"IW";"5,2979";"0,2083";"0,2564";"0,5882";"1,0530";"0,1979";"0,2435";"0,5586";"1";"0,1907";"0,2388";"0,5706";"1";"1,05537";"0,1910";"0,2378";"0,5712";"1"
"15/05/2022";"West Ham";"Man City";"IW";"4,2693";"0,1379";"0,1905";"0,7143";"1,0427";"0,1323";"0,1827";"0,6850";"1";"0,1237";"0,1762";"0,7001";"1";"1,05338";"0,1241";"0,1743";"0,7016";"1"
"15/05/2022";"Wolves";"Norwich";"IW";"5,4781";"0,6536";"0,2273";"0,1739";"1,0548";"0,6197";"0,2155";"0,1649";"1";"0,6353";"0,2090";"0,1557";"1";"1,06194";"0,6366";"0,2073";"0,1561";"1"
"15/05/2022";"Everton";"Brentford";"IW";"4,7996";"0,5263";"0,2778";"0,2439";"1,0480";"0,5022";"0,2651";"0,2327";"1";"0,5103";"0,2618";"0,2279";"1";"1,04748";"0,5105";"0,2614";"0,2281";"1"
"16/05/2022";"Newcastle";"Arsenal";"IW";"5,0861";"0,2128";"0,2667";"0,5714";"1,0509";"0,2025";"0,2538";"0,5438";"1";"0,1958";"0,2497";"0,5545";"1";"1,05233";"0,1962";"0,2488";"0,5549";"1"
"17/05/2022";"Southampton";"Liverpool";"IW";"4,6137";"0,1481";"0,2083";"0,6897";"1,0461";"0,1416";"0,1991";"0,6592";"1";"0,1328";"0,1930";"0,6743";"1";"1,05524";"0,1333";"0,1910";"0,6756";"1"
"19/05/2022";"Everton";"Crystal Palace";"IW";"4,5579";"0,5556";"0,2817";"0,2083";"1,0456";"0,5313";"0,2694";"0,1993";"1";"0,5404";"0,2665";"0,1931";"1";"1,04632";"0,5406";"0,2656";"0,1937";"1"
"19/05/2022";"Aston Villa";"Burnley";"IW";"5,6022";"0,4762";"0,2941";"0,2857";"1,0560";"0,4509";"0,2785";"0,2706";"1";"0,4575";"0,2754";"0,2670";"1";"1,05383";"0,4575";"0,2754";"0,2671";"1"
"19/05/2022";"Chelsea";"Leicester";"IW";"5,0025";"0,6993";"0,2174";"0,1333";"1,0500";"0,6660";"0,2070";"0,1270";"1";"0,6826";"0,2007";"0,1167";"1";"1,06124";"0,6841";"0,1980";"0,1179";"1"
"22/05/2022";"Arsenal";"Everton";"IW";"4,5503";"0,7407";"0,1905";"0,1143";"1,0455";"0,7085";"0,1822";"0,1093";"1";"0,7256";"0,1753";"0,0991";"1";"1,06041";"0,7274";"0,1723";"0,1002";"1"
"22/05/2022";"Brentford";"Leeds";"IW";"5,0573";"0,4167";"0,2703";"0,3636";"1,0506";"0,3966";"0,2573";"0,3461";"1";"0,3998";"0,2534";"0,3468";"1";"1,04775";"0,3996";"0,2539";"0,3465";"1"
"22/05/2022";"Brighton";"West Ham";"IW";"5,1829";"0,3774";"0,2899";"0,3846";"1,0518";"0,3588";"0,2756";"0,3657";"1";"0,3601";"0,2726";"0,3673";"1";"1,04859";"0,3599";"0,2729";"0,3672";"1"
"22/05/2022";"Burnley";"Newcastle";"IW";"4,7518";"0,4255";"0,2941";"0,3279";"1,0475";"0,4062";"0,2808";"0,3130";"1";"0,4097";"0,2783";"0,3120";"1";"1,04467";"0,4096";"0,2785";"0,3119";"1"
"22/05/2022";"Chelsea";"Watford";"IW";"4,4743";"0,8197";"0,1481";"0,0769";"1,0447";"0,7846";"0,1418";"0,0736";"1";"0,8048";"0,1332";"0,0620";"1";"1,07391";"0,8077";"0,1286";"0,0636";"1"
"22/05/2022";"Crystal Palace";"Man United";"IW";"4,5505";"0,3390";"0,2899";"0,4167";"1,0455";"0,3242";"0,2772";"0,3985";"1";"0,3238";"0,2747";"0,4015";"1";"1,04269";"0,3237";"0,2749";"0,4014";"1"
"22/05/2022";"Leicester";"Southampton";"IW";"4,8688";"0,5780";"0,2381";"0,2326";"1,0487";"0,5512";"0,2270";"0,2218";"1";"0,5618";"0,2219";"0,2163";"1";"1,05023";"0,5623";"0,2215";"0,2161";"1"
"22/05/2022";"Liverpool";"Wolves";"IW";"5,3389";"0,8696";"0,1250";"0,0588";"1,0534";"0,8255";"0,1187";"0,0558";"1";"0,8518";"0,1072";"0,0410";"1";"1,10736";"0,8566";"0,1000";"0,0434";"1"
"22/05/2022";"Man City";"Aston Villa";"IW";"5,3389";"0,8696";"0,1250";"0,0588";"1,0534";"0,8255";"0,1187";"0,0558";"1";"0,8518";"0,1072";"0,0410";"1";"1,10736";"0,8566";"0,1000";"0,0434";"1"
"22/05/2022";"Norwich";"Tottenham";"IW";"4,3333";"0,0833";"0,1600";"0,8000";"1,0433";"0,0799";"0,1534";"0,7668";"1";"0,0689";"0,1456";"0,7856";"1";"1,06732";"0,0705";"0,1414";"0,7881";"1"
