"Date";"HomeTeam";"AwayTeam";"casa";"tipo";"cuota_local";"cuota_empate";"cuota_visitante";"prob_bruta_local";"prob_bruta_empate";"prob_bruta_visitante";"suma_prob_bruta";"margen";"prob_mult_local";"prob_mult_empate";"prob_mult_visitante";"suma_mult";"prob_adit_local";"prob_adit_empate";"prob_adit_visitante";"suma_adit";"adit_tiene_negativos";"prob_log_local";"prob_log_empate";"prob_log_visitante";"exponente_n";"suma_log";"goles_local";"goles_visitante";"resultado_observado";"obs_local";"obs_empate";"obs_visitante"
"13/08/2021";"Brentford";"Arsenal";"B365";"Casa de apuestas";"3,80";"3,25";"2,05";"0,2631578947368421";"0,3076923076923077";"0,4878048780487805";"1,05865508047793";"0,0586550804779302";"0,2485775580636135";"0,2906445294282250";"0,4607779125081616";"1";"0,2436062012441987";"0,2881406141996643";"0,4682531845561371";"1";FALSE;"0,2439331739256750";"0,2877593575057134";"0,4683074685686116";"1,05682385109049";"1";"2";"0";"H";"1";"0";"0"
"13/08/2021";"Brentford";"Arsenal";"BW";"Casa de apuestas";"3,80";"3,30";"2,05";"0,2631578947368421";"0,3030303030303030";"0,4878048780487805";"1,05399307581593";"0,0539930758159257";"0,2496770621885957";"0,2875069200959586";"0,4628160177154457";"1";"0,2451602027982002";"0,2850326110916611";"0,4698071861101386";"1";FALSE;"0,2454340945984454";"0,2847112327258565";"0,4698546726756980";"1,05222898810126";"1";"2";"0";"H";"1";"0";"0"
"13/08/2021";"Brentford";"Arsenal";"IW";"Casa de apuestas";"3,80";"3,25";"2,10";"0,2631578947368421";"0,3076923076923077";"0,4761904761904762";"1,04704067861963";"0,0470406786196258";"0,2513349291106610";"0,2938685324986191";"0,4547965383907199";"1";"0,2474776685303001";"0,2920120814857658";"0,4605102499839343";"1";FALSE;"0,2477600858233570";"0,2917414863194694";"0,4604984278571734";"1,04516350712389";"1";"2";"0";"H";"1";"0";"0"
"14/08/2021";"Burnley";"Brighton";"B365";"Casa de apuestas";"3,10";"3,10";"2,45";"0,3225806451612903";"0,3225806451612903";"0,4081632653061224";"1,05332455562870";"0,0533245556287030";"0,3062500000000000";"0,3062500000000000";"0,3875000000000000";"1";"0,3048057932850560";"0,3048057932850560";"0,3903884134298881";"1";FALSE;"0,3048530667375780";"0,3048530667375780";"0,3902938665248439";"1,04995859101638";"1";"1";"2";"A";"0";"0";"1"
"14/08/2021";"Burnley";"Brighton";"BW";"Casa de apuestas";"3,25";"3,10";"2,40";"0,3076923076923077";"0,3225806451612903";"0,4166666666666667";"1,04693961952026";"0,0469396195202647";"0,2938968990716966";"0,3081177167687142";"0,3979853841595892";"1";"0,2920457678522195";"0,3069341053212021";"0,4010201268265784";"1";FALSE;"0,2921488982300403";"0,3069223064013613";"0,4009287953685984";"1,04397952331730";"1";"1";"2";"A";"0";"0";"1"
"14/08/2021";"Burnley";"Brighton";"IW";"Casa de apuestas";"3,10";"3,05";"2,45";"0,3225806451612903";"0,3278688524590164";"0,4081632653061224";"1,05861276292643";"0,0586127629264293";"0,3047201549597308";"0,3097155673361199";"0,3855642777041492";"1";"0,3030430575191472";"0,3083312648168733";"0,3886256776639793";"1";FALSE;"0,3031132626026966";"0,3083580690504070";"0,3885286683468964";"1,05501724561715";"1";"1";"2";"A";"0";"0";"1"
"14/08/2021";"Chelsea";"Crystal Palace";"B365";"Casa de apuestas";"1,30";"5,25";"11,00";"0,7692307692307692";"0,1904761904761905";"0,0909090909090909";"1,05061605061605";"0,0506160506160505";"0,7321711568938194";"0,1812995245641839";"0,0865293185419968";"1";"0,7523587523587524";"0,1736041736041737";"0,0740370740370741";"1";FALSE;"0,7547254329272991";"0,1688831660029466";"0,0763914010697543";"1,07255941064750";"1";"3";"0";"H";"1";"0";"0"
"14/08/2021";"Chelsea";"Crystal Palace";"BW";"Casa de apuestas";"1,33";"5,00";"10,00";"0,7518796992481203";"0,2000000000000000";"0,1000000000000000";"1,05187969924812";"0,0518796992481203";"0,7147962830593281";"0,1901358112937813";"0,0950679056468906";"1";"0,7345864661654135";"0,1827067669172932";"0,0827067669172932";"1";FALSE;"0,7367693961229363";"0,1783493564570459";"0,0848812474200180";"1,07118824664148";"1";"3";"0";"H";"1";"0";"0"
"14/08/2021";"Chelsea";"Crystal Palace";"IW";"Casa de apuestas";"1,30";"5,25";"11,00";"0,7692307692307692";"0,1904761904761905";"0,0909090909090909";"1,05061605061605";"0,0506160506160505";"0,7321711568938194";"0,1812995245641839";"0,0865293185419968";"1";"0,7523587523587524";"0,1736041736041737";"0,0740370740370741";"1";FALSE;"0,7547254329272991";"0,1688831660029466";"0,0763914010697543";"1,07255941064750";"1";"3";"0";"H";"1";"0";"0"
"14/08/2021";"Everton";"Southampton";"B365";"Casa de apuestas";"2,00";"3,40";"3,90";"0,5000000000000000";"0,2941176470588235";"0,2564102564102564";"1,05052790346908";"0,0505279034690800";"0,4759511844938981";"0,2799712849964106";"0,2440775305096913";"1";"0,4831573655103067";"0,2772750125691302";"0,2395676219205631";"1";FALSE;"0,4832458479036565";"0,2769413861774880";"0,2398127659188555";"1,04917075817675";"1";"3";"1";"H";"1";"0";"0"
"14/08/2021";"Everton";"Southampton";"BW";"Casa de apuestas";"2,05";"3,40";"3,75";"0,4878048780487805";"0,2941176470588235";"0,2666666666666667";"1,04858919177427";"0,0485891917742707";"0,4652011310772599";"0,2804889172671713";"0,2543099516555688";"1";"0,4716084807906902";"0,2779212498007332";"0,2504702694085765";"1";FALSE;"0,4716536733939177";"0,2777102369312870";"0,2506360896747952";"1,04690532998874";"1";"3";"1";"H";"1";"0";"0"
"14/08/2021";"Everton";"Southampton";"IW";"Casa de apuestas";"2,00";"3,35";"4,00";"0,5000000000000000";"0,2985074626865671";"0,2500000000000000";"1,04850746268657";"0,0485074626865671";"0,4768683274021353";"0,2846975088967971";"0,2384341637010676";"1";"0,4838308457711443";"0,2823383084577114";"0,2338308457711443";"1";FALSE;"0,4838988886808662";"0,2819429768525565";"0,2341581344665774";"1,04722246895317";"1";"3";"1";"H";"1";"0";"0"
"14/08/2021";"Leicester";"Wolves";"B365";"Casa de apuestas";"1,70";"3,75";"5,00";"0,5882352941176471";"0,2666666666666667";"0,2000000000000000";"1,05490196078431";"0,0549019607843138";"0,5576208178438662";"0,2527881040892194";"0,1895910780669145";"1";"0,5699346405228758";"0,2483660130718955";"0,1816993464052288";"1";FALSE;"0,5705483036850130";"0,2471396274740118";"0,1823120688409753";"1,05753405157941";"1";"1";"0";"H";"1";"0";"0"
"14/08/2021";"Leicester";"Wolves";"BW";"Casa de apuestas";"1,72";"3,70";"5,00";"0,5813953488372093";"0,2702702702702702";"0,2000000000000000";"1,05166561910748";"0,0516656191074796";"0,5528328950513985";"0,2569925890509203";"0,1901745158976811";"1";"0,5641734758013828";"0,2530483972344437";"0,1827781269641735";"1";FALSE;"0,5646808005596685";"0,2519045529932697";"0,1834146464470617";"1,05378769107809";"1";"1";"0";"H";"1";"0";"0"
"14/08/2021";"Leicester";"Wolves";"IW";"Casa de apuestas";"1,73";"3,70";"4,90";"0,5780346820809249";"0,2702702702702702";"0,2040816326530612";"1,05238658500426";"0,0523865850042564";"0,5492607852641785";"0,2568165293262239";"0,1939226854095977";"1";"0,5605724870795061";"0,2528080752688514";"0,1866194376516424";"1";FALSE;"0,5610746908610770";"0,2517256452459151";"0,1871996638930080";"1,05433072775447";"1";"1";"0";"H";"1";"0";"0"
"14/08/2021";"Man United";"Leeds";"B365";"Casa de apuestas";"1,61";"4,20";"5,25";"0,6211180124223602";"0,2380952380952381";"0,1904761904761905";"1,04968944099379";"0,0496894409937887";"0,5917159763313609";"0,2268244575936884";"0,1814595660749507";"1";"0,6045548654244306";"0,2215320910973085";"0,1739130434782609";"1";FALSE;"0,6053966551175972";"0,2203937027850038";"0,1742096420973991";"1,05383323923902";"1";"5";"1";"H";"1";"0";"0"
"14/08/2021";"Man United";"Leeds";"BW";"Casa de apuestas";"1,62";"4,10";"5,25";"0,6172839506172839";"0,2439024390243903";"0,1904761904761905";"1,05166258011786";"0,0516625801178647";"0,5869600785340313";"0,2319208115183246";"0,1811191099476440";"1";"0,6000630905779957";"0,2266815789851021";"0,1732553304369022";"1";FALSE;"0,6008994297842212";"0,2254475158294968";"0,1736530543862822";"1,05576303725820";"1";"5";"1";"H";"1";"0";"0"
"14/08/2021";"Man United";"Leeds";"IW";"Casa de apuestas";"1,65";"4,20";"4,90";"0,6060606060606061";"0,2380952380952381";"0,2040816326530612";"1,04823747680891";"0,0482374768089053";"0,5781710914454278";"0,2271386430678466";"0,1946902654867257";"1";"0,5899814471243043";"0,2220160791589363";"0,1880024737167594";"1";FALSE;"0,5906928333664729";"0,2212001374942573";"0,1881070291392696";"1,05128817234410";"1";"5";"1";"H";"1";"0";"0"
"14/08/2021";"Norwich";"Liverpool";"B365";"Casa de apuestas";"6,50";"4,75";"1,44";"0,1538461538461539";"0,2105263157894737";"0,6944444444444444";"1,05881691408007";"0,0588169140800718";"0,1453000531067446";"0,1988316516197557";"0,6558682952734997";"1";"0,1342405158194633";"0,1909206777627831";"0,6748388064177538";"1";FALSE;"0,1347404042958815";"0,1885244739808282";"0,6767351217232904";"1,07084247877565";"1";"0";"3";"A";"0";"0";"1"
"14/08/2021";"Norwich";"Liverpool";"BW";"Casa de apuestas";"6,75";"4,75";"1,45";"0,1481481481481481";"0,2105263157894737";"0,6896551724137931";"1,04832963635141";"0,0483296363514150";"0,1413182867401898";"0,2008207232623750";"0,6578609899974353";"1";"0,1320382693643431";"0,1944164370056687";"0,6735452936299882";"1";FALSE;"0,1326468448301608";"0,1923711833684988";"0,6749819718013403";"1,05787903604633";"1";"0";"3";"A";"0";"0";"1"
"14/08/2021";"Norwich";"Liverpool";"IW";"Casa de apuestas";"6,50";"5,25";"1,43";"0,1538461538461539";"0,1904761904761905";"0,6993006993006994";"1,04362304362304";"0,0436230436230436";"0,1474154435226548";"0,1825143586470963";"0,6700701978302488";"1";"0,1393051393051394";"0,1759351759351760";"0,6847596847596849";"1";FALSE;"0,1393373767218867";"0,1744737864976113";"0,6861888367805020";"1,05291955545957";"1";"0";"3";"A";"0";"0";"1"
"14/08/2021";"Watford";"Aston Villa";"B365";"Casa de apuestas";"3,40";"3,30";"2,20";"0,2941176470588235";"0,3030303030303030";"0,4545454545454545";"1,05169340463458";"0,0516934046345812";"0,2796610169491525";"0,2881355932203390";"0,4322033898305085";"1";"0,2768865121806298";"0,2857991681521093";"0,4373143196672608";"1";FALSE;"0,2769564427075112";"0,2857678526118356";"0,4372757046806532";"1,04912633357969";"1";"3";"2";"H";"1";"0";"0"
"14/08/2021";"Watford";"Aston Villa";"BW";"Casa de apuestas";"3,40";"3,30";"2,20";"0,2941176470588235";"0,3030303030303030";"0,4545454545454545";"1,05169340463458";"0,0516934046345812";"0,2796610169491525";"0,2881355932203390";"0,4322033898305085";"1";"0,2768865121806298";"0,2857991681521093";"0,4373143196672608";"1";FALSE;"0,2769564427075112";"0,2857678526118356";"0,4372757046806532";"1,04912633357969";"1";"3";"2";"H";"1";"0";"0"
"14/08/2021";"Watford";"Aston Villa";"IW";"Casa de apuestas";"3,35";"3,15";"2,30";"0,2985074626865671";"0,3174603174603174";"0,4347826086956522";"1,05075038884254";"0,0507503888425367";"0,2840897951181256";"0,3021272424272130";"0,4137829624546614";"1";"0,2815906664057215";"0,3005435211794718";"0,4178658124148066";"1";FALSE;"0,2817209327261281";"0,3004922326875475";"0,4177868345863243";"1,04787415289999";"1";"3";"2";"H";"1";"0";"0"
"15/08/2021";"Newcastle";"West Ham";"B365";"Casa de apuestas";"3,30";"3,40";"2,20";"0,3030303030303030";"0,2941176470588235";"0,4545454545454545";"1,05169340463458";"0,0516934046345812";"0,2881355932203390";"0,2796610169491525";"0,4322033898305085";"1";"0,2857991681521093";"0,2768865121806298";"0,4373143196672608";"1";FALSE;"0,2857678526118356";"0,2769564427075112";"0,4372757046806532";"1,04912633357969";"1";"2";"4";"A";"0";"0";"1"
"15/08/2021";"Newcastle";"West Ham";"BW";"Casa de apuestas";"3,30";"3,40";"2,20";"0,3030303030303030";"0,2941176470588235";"0,4545454545454545";"1,05169340463458";"0,0516934046345812";"0,2881355932203390";"0,2796610169491525";"0,4322033898305085";"1";"0,2857991681521093";"0,2768865121806298";"0,4373143196672608";"1";FALSE;"0,2857678526118356";"0,2769564427075112";"0,4372757046806532";"1,04912633357969";"1";"2";"4";"A";"0";"0";"1"
"15/08/2021";"Newcastle";"West Ham";"IW";"Casa de apuestas";"3,30";"3,45";"2,20";"0,3030303030303030";"0,2898550724637681";"0,4545454545454545";"1,04743083003953";"0,0474308300395256";"0,2893081761006290";"0,2767295597484278";"0,4339622641509435";"1";"0,2872200263504611";"0,2740447957839263";"0,4387351778656126";"1";FALSE;"0,2871711557276239";"0,2741362563622887";"0,4386925879100874";"1,04502336835270";"1";"2";"4";"A";"0";"0";"1"
"15/08/2021";"Tottenham";"Man City";"B365";"Casa de apuestas";"6,00";"4,10";"1,55";"0,1666666666666667";"0,2439024390243903";"0,6451612903225806";"1,05573039601364";"0,0557303960136375";"0,1578685877530742";"0,2310272015898647";"0,6111042106570612";"1";"0,1480898679954542";"0,2253256403531778";"0,6265844916513681";"1";FALSE;"0,1489928655971517";"0,2232948488140637";"0,6277122855887846";"1,06256274281146";"1";"1";"0";"H";"1";"0";"0"
"15/08/2021";"Tottenham";"Man City";"BW";"Casa de apuestas";"6,00";"4,20";"1,55";"0,1666666666666667";"0,2380952380952381";"0,6451612903225806";"1,04992319508449";"0,0499231950844854";"0,1587417702999269";"0,2267739575713241";"0,6144842721287491";"1";"0,1500256016385049";"0,2214541730670763";"0,6285202252944189";"1";FALSE;"0,1507599184678014";"0,2197149727831643";"0,6295251087490342";"1,05598250428469";"1";"1";"0";"H";"1";"0";"0"
"15/08/2021";"Tottenham";"Man City";"IW";"Casa de apuestas";"5,50";"3,95";"1,63";"0,1818181818181818";"0,2531645569620253";"0,6134969325153374";"1,04847967129554";"0,0484796712955444";"0,1734112608912291";"0,2414587176966481";"0,5851300214121229";"1";"0,1656582913863337";"0,2370046665301772";"0,5973370420834893";"1";FALSE;"0,1663274751877402";"0,2356347164107898";"0,5980378084014701";"1,05223563528132";"1";"1";"0";"H";"1";"0";"0"
"21/08/2021";"Aston Villa";"Newcastle";"B365";"Casa de apuestas";"1,80";"3,80";"4,33";"0,5555555555555556";"0,2631578947368421";"0,2309468822170901";"1,04966033250949";"0,0496603325094878";"0,5292717447246527";"0,2507076685537828";"0,2200205867215646";"1";"0,5390021113857263";"0,2466044505670128";"0,2143934380472608";"1";FALSE;"0,5393799069993153";"0,2460765722508881";"0,2145435207497968";"1,05027071296908";"1";"2";"0";"H";"1";"0";"0"
"21/08/2021";"Aston Villa";"Newcastle";"BW";"Casa de apuestas";"1,83";"3,75";"4,20";"0,5464480874316939";"0,2666666666666667";"0,2380952380952381";"1,05120999219360";"0,0512099921935987";"0,5198277142432793";"0,2536759245507204";"0,2264963612060003";"1";"0,5293780900338277";"0,2495966692688005";"0,2210252406973719";"1";FALSE;"0,5297182717420464";"0,2491339812533601";"0,2211477470045935";"1,05145323203186";"1";"2";"0";"H";"1";"0";"0"
"21/08/2021";"Aston Villa";"Newcastle";"IW";"Casa de apuestas";"1,83";"3,85";"4,10";"0,5464480874316939";"0,2597402597402597";"0,2439024390243903";"1,05009078619634";"0,0500907861963440";"0,5203817561441969";"0,2473502892841248";"0,2322679545716782";"1";"0,5297511586995792";"0,2430433310081450";"0,2272055102922756";"1";FALSE;"0,5300904661759512";"0,2427145932865941";"0,2271949405374546";"1,05029095856742";"1";"2";"0";"H";"1";"0";"0"
"21/08/2021";"Brighton";"Watford";"B365";"Casa de apuestas";"1,70";"3,60";"5,25";"0,5882352941176471";"0,2777777777777778";"0,1904761904761905";"1,05648926237162";"0,0564892623716153";"0,5567830313742820";"0,2629253203711887";"0,1802916482545294";"1";"0,5694055399937753";"0,2589480236539060";"0,1716464363523187";"1";FALSE;"0,5699774066188015";"0,2574196003954464";"0,1726029929857523";"1,05942070616240";"1";"2";"0";"H";"1";"0";"0"
"21/08/2021";"Brighton";"Watford";"BW";"Casa de apuestas";"1,70";"3,50";"5,75";"0,5882352941176471";"0,2857142857142857";"0,1739130434782609";"1,04786262331019";"0,0478626233101935";"0,5613668061366806";"0,2726638772663877";"0,1659693165969317";"1";"0,5722810863475826";"0,2697600779442212";"0,1579588357081964";"1";FALSE;"0,5726520785220142";"0,2681657082548443";"0,1591822132231416";"1,05059792495772";"1";"2";"0";"H";"1";"0";"0"
"21/08/2021";"Brighton";"Watford";"IW";"Casa de apuestas";"1,75";"3,50";"5,25";"0,5714285714285714";"0,2857142857142857";"0,1904761904761905";"1,04761904761905";"0,0476190476190474";"0,5454545454545454";"0,2727272727272727";"0,1818181818181818";"1";"0,5555555555555556";"0,2698412698412699";"0,1746031746031747";"1";FALSE;"0,5558771866109419";"0,2686002642337332";"0,1755225491553248";"1,04930545059769";"1";"2";"0";"H";"1";"0";"0"
"21/08/2021";"Crystal Palace";"Brentford";"B365";"Casa de apuestas";"2,60";"3,20";"2,80";"0,3846153846153846";"0,3125000000000000";"0,3571428571428572";"1,05425824175824";"0,0542582417582418";"0,3648208469055374";"0,2964169381107492";"0,3387622149837134";"1";"0,3665293040293040";"0,2944139194139194";"0,3390567765567766";"1";FALSE;"0,3664240519318792";"0,2946012736901615";"0,3389746743779594";"1,05070850761910";"1";"0";"0";"D";"0";"1";"0"
"21/08/2021";"Crystal Palace";"Brentford";"BW";"Casa de apuestas";"2,60";"3,20";"2,80";"0,3846153846153846";"0,3125000000000000";"0,3571428571428572";"1,05425824175824";"0,0542582417582418";"0,3648208469055374";"0,2964169381107492";"0,3387622149837134";"1";"0,3665293040293040";"0,2944139194139194";"0,3390567765567766";"1";FALSE;"0,3664240519318792";"0,2946012736901615";"0,3389746743779594";"1,05070850761910";"1";"0";"0";"D";"0";"1";"0"
"21/08/2021";"Crystal Palace";"Brentford";"IW";"Casa de apuestas";"2,65";"3,05";"2,90";"0,3773584905660378";"0,3278688524590164";"0,3448275862068966";"1,05005492923195";"0,0500549292319508";"0,3593702386998477";"0,3122397155916709";"0,3283900457084815";"1";"0,3606735141553876";"0,3111838760483662";"0,3281426097962463";"1";FALSE;"0,3606020490516027";"0,3112638777768139";"0,3281340731715835";"1,04660632764515";"1";"0";"0";"D";"0";"1";"0"
"21/08/2021";"Leeds";"Everton";"B365";"Casa de apuestas";"2,05";"3,50";"3,60";"0,4878048780487805";"0,2857142857142857";"0,2777777777777778";"1,05129694154084";"0,0512969415408442";"0,4640029460504511";"0,2717731541152642";"0,2642238998342847";"1";"0,4707058975351657";"0,2686153052006710";"0,2606787972641630";"1";FALSE;"0,4707684614741109";"0,2685272945555915";"0,2607042439702975";"1,04952233388446";"1";"2";"2";"D";"0";"1";"0"
"21/08/2021";"Leeds";"Everton";"BW";"Casa de apuestas";"2,10";"3,50";"3,50";"0,4761904761904762";"0,2857142857142857";"0,2857142857142857";"1,04761904761905";"0,0476190476190474";"0,4545454545454546";"0,2727272727272728";"0,2727272727272728";"1";"0,4603174603174604";"0,2698412698412699";"0,2698412698412699";"1";FALSE;"0,4603327539558671";"0,2698336230220665";"0,2698336230220665";"1,04564850166549";"1";"2";"2";"D";"0";"1";"0"
"21/08/2021";"Leeds";"Everton";"IW";"Casa de apuestas";"2,05";"3,50";"3,55";"0,4878048780487805";"0,2857142857142857";"0,2816901408450704";"1,05520930460814";"0,0552093046081368";"0,4622825783648033";"0,2707655101850991";"0,2669519114500977";"1";"0,4694017765127349";"0,2673111841782401";"0,2632870393090248";"1";FALSE;"0,4694770892099732";"0,2672431033217865";"0,2632798074682404";"1,05334893246992";"1";"2";"2";"D";"0";"1";"0"
"21/08/2021";"Liverpool";"Burnley";"B365";"Casa de apuestas";"1,25";"6,00";"11,00";"0,8000000000000000";"0,1666666666666667";"0,0909090909090909";"1,05757575757576";"0,0575757575757576";"0,7564469914040115";"0,1575931232091691";"0,0859598853868195";"1";"0,7808080808080808";"0,1474747474747475";"0,0717171717171717";"1";FALSE;"0,7843246340873679";"0,1421808415346297";"0,0734945243780022";"1,08868156312365";"1";"2";"0";"H";"1";"0";"0"
"21/08/2021";"Liverpool";"Burnley";"BW";"Casa de apuestas";"1,25";"6,25";"11,50";"0,8000000000000000";"0,1600000000000000";"0,0869565217391304";"1,04695652173913";"0,0469565217391306";"0,7641196013289036";"0,1528239202657807";"0,0830564784053156";"1";"0,7843478260869565";"0,1443478260869565";"0,0713043478260869";"1";FALSE;"0,7871327781466817";"0,1400513089016793";"0,0728159129516389";"1,07266523766924";"1";"2";"0";"H";"1";"0";"0"
"21/08/2021";"Liverpool";"Burnley";"IW";"Casa de apuestas";"1,25";"6,50";"11,00";"0,8000000000000000";"0,1538461538461539";"0,0909090909090909";"1,04475524475524";"0,0447552447552448";"0,7657295850066934";"0,1472556894243642";"0,0870147255689424";"1";"0,7850815850815851";"0,1389277389277390";"0,0759906759906760";"1";FALSE;"0,7877685348115390";"0,1351939699184347";"0,0770374952700263";"1,06904711526476";"1";"2";"0";"H";"1";"0";"0"
"21/08/2021";"Man City";"Norwich";"B365";"Casa de apuestas";"1,10";"9,50";"23,00";"0,9090909090909092";"0,1052631578947368";"0,0434782608695652";"1,05783232785521";"0,0578323278552111";"0,8593903638151427";"0,0995083579154375";"0,0411012782694199";"1";"0,8898134664725055";"0,0859857152763331";"0,0242008182511615";"1";FALSE;"0,8965752148472327";"0,0758692913797121";"0,0275554937730552";"1,14545047923122";"1";"5";"0";"H";"1";"0";"0"
"21/08/2021";"Man City";"Norwich";"BW";"Casa de apuestas";"1,12";"9,00";"21,00";"0,8928571428571428";"0,1111111111111111";"0,0476190476190476";"1,05158730158730";"0,0515873015873016";"0,8490566037735848";"0,1056603773584906";"0,0452830188679245";"1";"0,8756613756613756";"0,0939153439153439";"0,0304232804232804";"1";FALSE;"0,8810020534353453";"0,0857449676416313";"0,0332529789230234";"1,11794575137655";"1";"5";"0";"H";"1";"0";"0"
"21/08/2021";"Man City";"Norwich";"IW";"Casa de apuestas";"1,15";"8,50";"19,00";"0,8695652173913044";"0,1176470588235294";"0,0526315789473684";"1,03984385516220";"0,0398438551622022";"0,8362459546925567";"0,1131391585760518";"0,0506148867313916";"1";"0,8562839323372370";"0,1043657737694620";"0,0393502938933010";"1";FALSE;"0,8597333457215767";"0,0988469723277624";"0,0414196819506610";"1,08136019262564";"1";"5";"0";"H";"1";"0";"0"
"22/08/2021";"Arsenal";"Chelsea";"B365";"Casa de apuestas";"4,50";"3,50";"1,85";"0,2222222222222222";"0,2857142857142857";"0,5405405405405405";"1,04847704847705";"0,0484770484770483";"0,2119476268412439";"0,2725040916530279";"0,5155482815057284";"1";"0,2060632060632061";"0,2695552695552696";"0,5243815243815244";"1";FALSE;"0,2065531755057482";"0,2688328592181441";"0,5246139652761077";"1,04861451585451";"1";"0";"2";"A";"0";"0";"1"
"22/08/2021";"Arsenal";"Chelsea";"BW";"Casa de apuestas";"4,33";"3,50";"1,87";"0,2309468822170901";"0,2857142857142857";"0,5347593582887700";"1,05142052622015";"0,0514205262201457";"0,2196522480375608";"0,2717412097150394";"0,5086065422473999";"1";"0,2138067068103749";"0,2685741103075704";"0,5176191828820548";"1";FALSE;"0,2142166661078035";"0,2679262499835136";"0,5178570839086830";"1,05131102697950";"1";"0";"2";"A";"0";"0";"1"
"22/08/2021";"Arsenal";"Chelsea";"IW";"Casa de apuestas";"4,40";"3,45";"1,90";"0,2272727272727273";"0,2898550724637681";"0,5263157894736842";"1,04344358921018";"0,0434435892101797";"0,2178102674862934";"0,2777870078086061";"0,5044027247051005";"1";"0,2127915308693341";"0,2753738760603749";"0,5118345930702910";"1";FALSE;"0,2132266299577220";"0,2748042282960026";"0,5119691417462754";"1,04305814798156";"1";"0";"2";"A";"0";"0";"1"
"22/08/2021";"Southampton";"Man United";"B365";"Casa de apuestas";"5,25";"4,33";"1,60";"0,1904761904761905";"0,2309468822170901";"0,6250000000000000";"1,04642307269328";"0,0464230726932806";"0,1820259849450218";"0,2207012519541257";"0,5972727631008525";"1";"0,1750018329117636";"0,2154725246526632";"0,6095256424355732";"1";FALSE;"0,1751795037276120";"0,2144760825630223";"0,6103444137093657";"1,05048522561956";"1";"1";"1";"D";"0";"1";"0"
"22/08/2021";"Southampton";"Man United";"BW";"Casa de apuestas";"5,00";"4,10";"1,65";"0,2000000000000000";"0,2439024390243903";"0,6060606060606061";"1,04996304508500";"0,0499630450849964";"0,1904828945515979";"0,2322962128678024";"0,5772208925805997";"1";"0,1833456516383346";"0,2272480906627248";"0,5894062576989406";"1";FALSE;"0,1835946740859681";"0,2262712855368165";"0,5901340403772153";"1,05317812906452";"1";"1";"1";"D";"0";"1";"0"
"22/08/2021";"Southampton";"Man United";"IW";"Casa de apuestas";"5,25";"4,30";"1,60";"0,1904761904761905";"0,2325581395348837";"0,6250000000000000";"1,04803433001107";"0,0480343300110742";"0,1817461365737683";"0,2218993527935543";"0,5963545106326773";"1";"0,1744647471391658";"0,2165466961978590";"0,6089885566629752";"1";FALSE;"0,1746679958055801";"0,2154932472858114";"0,6098387569086086";"1,05224866132900";"1";"1";"1";"D";"0";"1";"0"
"22/08/2021";"Wolves";"Tottenham";"B365";"Casa de apuestas";"2,80";"3,10";"2,62";"0,3571428571428572";"0,3225806451612903";"0,3816793893129771";"1,06140289161712";"0,0614028916171245";"0,3364818957660122";"0,3039191316596238";"0,3595989725743641";"1";"0,3366752266038157";"0,3021130146222488";"0,3612117587739356";"1";FALSE;"0,3366155077590270";"0,3022658729543536";"0,3611186192866194";"1,05749164044896";"1";"0";"1";"A";"0";"0";"1"
"22/08/2021";"Wolves";"Tottenham";"BW";"Casa de apuestas";"2,90";"3,10";"2,60";"0,3448275862068966";"0,3225806451612903";"0,3846153846153846";"1,05202361598357";"0,0520236159835714";"0,3277755185034567";"0,3066287108580724";"0,3655957706384709";"1";"0,3274863808790394";"0,3052394398334332";"0,3672741792875274";"1";FALSE;"0,3274638644968906";"0,3053473646420455";"0,3671887708610638";"1,04852663603454";"1";"0";"1";"A";"0";"0";"1"
"22/08/2021";"Wolves";"Tottenham";"IW";"Casa de apuestas";"2,85";"3,00";"2,70";"0,3508771929824561";"0,3333333333333333";"0,3703703703703703";"1,05458089668616";"0,0545808966861596";"0,3327171903881701";"0,3160813308687616";"0,3512014787430684";"1";"0,3326835607537362";"0,3151397011046134";"0,3521767381416504";"1";FALSE;"0,3326694095975449";"0,3152122312840194";"0,3521183591184359";"1,05087948571545";"1";"0";"1";"A";"0";"0";"1"
"23/08/2021";"West Ham";"Leicester";"B365";"Casa de apuestas";"2,40";"3,40";"2,90";"0,4166666666666667";"0,2941176470588235";"0,3448275862068966";"1,05561189993239";"0,0556118999323867";"0,3947157726180945";"0,2786228983186549";"0,3266613290632506";"1";"0,3981293666892045";"0,2755803470813613";"0,3262902862294343";"1";FALSE;"0,3980011466232540";"0,2758656554504437";"0,3261331979263021";"1,05235099030895";"1";"4";"1";"H";"1";"0";"0"
"23/08/2021";"West Ham";"Leicester";"BW";"Casa de apuestas";"2,45";"3,40";"2,85";"0,4081632653061224";"0,2941176470588235";"0,3508771929824561";"1,05315810534740";"0,0531581053474022";"0,3875612438756125";"0,2792720727927207";"0,3331666833316669";"1";"0,3904438968569883";"0,2763982786096894";"0,3331578245333220";"1";FALSE;"0,3903077646486534";"0,2766879623384996";"0,3330042730128470";"1,04991885301284";"1";"4";"1";"H";"1";"0";"0"
"23/08/2021";"West Ham";"Leicester";"IW";"Casa de apuestas";"2,45";"3,45";"2,85";"0,4081632653061224";"0,2898550724637681";"0,3508771929824561";"1,04889553075235";"0,0488955307523466";"0,3891362422083704";"0,2763431285247848";"0,3345206292668448";"1";"0,3918647550553402";"0,2735565622129859";"0,3345786827316739";"1";FALSE;"0,3917281882784248";"0,2738506947436157";"0,3344211169779596";"1,04586497226693";"1";"4";"1";"H";"1";"0";"0"
"28/08/2021";"Aston Villa";"Brentford";"B365";"Casa de apuestas";"2,00";"3,25";"4,00";"0,5000000000000000";"0,3076923076923077";"0,2500000000000000";"1,05769230769231";"0,0576923076923077";"0,4727272727272727";"0,2909090909090909";"0,2363636363636364";"1";"0,4807692307692308";"0,2884615384615385";"0,2307692307692308";"1";FALSE;"0,4808534111858072";"0,2879265857651659";"0,2312200030490270";"1,05633094140648";"1";"1";"1";"D";"0";"1";"0"
"28/08/2021";"Aston Villa";"Brentford";"BW";"Casa de apuestas";"2,10";"3,30";"3,70";"0,4761904761904762";"0,3030303030303030";"0,2702702702702702";"1,04949104949105";"0,0494910494910494";"0,4537346711259755";"0,2887402452619844";"0,2575250836120401";"1";"0,4596934596934598";"0,2865332865332865";"0,2537732537732537";"1";FALSE;"0,4596976499242858";"0,2863200834706791";"0,2539822666050351";"1,04750932662756";"1";"1";"1";"D";"0";"1";"0"
"28/08/2021";"Aston Villa";"Brentford";"IW";"Casa de apuestas";"2,05";"3,25";"3,85";"0,4878048780487805";"0,3076923076923077";"0,2597402597402597";"1,05523744548135";"0,0552374454813478";"0,4622702503001755";"0,2915858501893415";"0,2461438995104831";"1";"0,4693923962216646";"0,2892798258651918";"0,2413277779131438";"1";FALSE;"0,4694322369791679";"0,2888950355479039";"0,2416727274729282";"1,05348202781353";"1";"1";"1";"D";"0";"1";"0"
"28/08/2021";"Brighton";"Everton";"B365";"Casa de apuestas";"2,25";"3,25";"3,30";"0,4444444444444444";"0,3076923076923077";"0,3030303030303030";"1,05516705516706";"0,0551670551670551";"0,4212076583210604";"0,2916053019145803";"0,2871870397643593";"1";"0,4260554260554261";"0,2893032893032894";"0,2846412846412846";"1";FALSE;"0,4259977530587730";"0,2893064924877675";"0,2846957544534595";"1,05227452396343";"1";"0";"2";"A";"0";"0";"1"
"28/08/2021";"Brighton";"Everton";"BW";"Casa de apuestas";"2,30";"3,20";"3,30";"0,4347826086956522";"0,3125000000000000";"0,3030303030303030";"1,05031291172596";"0,0503129117259553";"0,4139553116424932";"0,2975303802430420";"0,2885143081144649";"1";"0,4180116381203338";"0,2957290294246815";"0,2862593324549845";"1";FALSE;"0,4179362099538629";"0,2957217035812655";"0,2863420864648716";"1,04744496349692";"1";"0";"2";"A";"0";"0";"1"
"28/08/2021";"Brighton";"Everton";"IW";"Casa de apuestas";"2,30";"3,15";"3,35";"0,4347826086956522";"0,3174603174603174";"0,2985074626865671";"1,05075038884254";"0,0507503888425367";"0,4137829624546614";"0,3021272424272130";"0,2840897951181256";"1";"0,4178658124148066";"0,3005435211794718";"0,2815906664057215";"1";FALSE;"0,4177868345863243";"0,3004922326875475";"0,2817209327261281";"1,04787415289999";"1";"0";"2";"A";"0";"0";"1"
"28/08/2021";"Liverpool";"Chelsea";"B365";"Casa de apuestas";"2,45";"3,30";"2,90";"0,4081632653061224";"0,3030303030303030";"0,3448275862068966";"1,05602115454332";"0,0560211545433220";"0,3865105008077544";"0,2869547657512116";"0,3265347334410340";"1";"0,3894895471250150";"0,2843565848491956";"0,3261538680257892";"1";FALSE;"0,3893701321397149";"0,2845841453993035";"0,3260457224609817";"1,05260294234276";"1";"1";"1";"D";"0";"1";"0"
"28/08/2021";"Liverpool";"Chelsea";"BW";"Casa de apuestas";"2,40";"3,30";"3,00";"0,4166666666666667";"0,3030303030303030";"0,3333333333333333";"1,05303030303030";"0,0530303030303030";"0,3956834532374101";"0,2877697841726619";"0,3165467625899280";"1";"0,3989898989898990";"0,2853535353535353";"0,3156565656565656";"1";FALSE;"0,3988858220240261";"0,2855330448285791";"0,3155811331473949";"1,04981482966789";"1";"1";"1";"D";"0";"1";"0"
"28/08/2021";"Liverpool";"Chelsea";"IW";"Casa de apuestas";"2,40";"3,25";"3,05";"0,4166666666666667";"0,3076923076923077";"0,3278688524590164";"1,05222782681799";"0,0522278268179908";"0,3959852192150205";"0,2924198541895536";"0,3115949265954260";"1";"0,3992573910606698";"0,2902830320863108";"0,3104595768530195";"1";FALSE;"0,3991604237764756";"0,2904153957852034";"0,3104241804383210";"1,04902875352434";"1";"1";"1";"D";"0";"1";"0"
"28/08/2021";"Man City";"Arsenal";"B365";"Casa de apuestas";"1,33";"5,25";"9,00";"0,7518796992481203";"0,1904761904761905";"0,1111111111111111";"1,05346700083542";"0,0534670008354219";"0,7137192704203014";"0,1808088818398097";"0,1054718477398890";"1";"0,7340573656363130";"0,1726538568643832";"0,0932887774993038";"1";FALSE;"0,7364509080301541";"0,1688425720429707";"0,0947065199268751";"1,07270438226794";"1";"5";"0";"H";"1";"0";"0"
"28/08/2021";"Man City";"Arsenal";"BW";"Casa de apuestas";"1,36";"5,00";"8,50";"0,7352941176470588";"0,2000000000000000";"0,1176470588235294";"1,05294117647059";"0,0529411764705883";"0,6983240223463686";"0,1899441340782123";"0,1117318435754190";"1";"0,7176470588235293";"0,1823529411764706";"0,1000000000000000";"1";FALSE;"0,7197565840724814";"0,1788464873431806";"0,1013969285843380";"1,06945874731274";"1";"5";"0";"H";"1";"0";"0"
"28/08/2021";"Man City";"Arsenal";"IW";"Casa de apuestas";"1,35";"5,00";"8,75";"0,7407407407407407";"0,2000000000000000";"0,1142857142857143";"1,05502645502645";"0,0550264550264550";"0,7021063189568706";"0,1895687061183551";"0,1083249749247743";"1";"0,7223985890652557";"0,1816578483245150";"0,0959435626102293";"1";FALSE;"0,7246683594679614";"0,1778024701394948";"0,0975291703925438";"1,07309642071794";"1";"5";"0";"H";"1";"0";"0"
"28/08/2021";"Newcastle";"Southampton";"B365";"Casa de apuestas";"2,40";"3,50";"2,90";"0,4166666666666667";"0,2857142857142857";"0,3448275862068966";"1,04720853858785";"0,0472085385878489";"0,3978831830654646";"0,2728341826734614";"0,3292826342610741";"1";"0,4009304871373837";"0,2699781061850027";"0,3290914066776136";"1";FALSE;"0,4008004627752083";"0,2702745474298233";"0,3289249897949683";"1,04434520111686";"1";"2";"2";"D";"0";"1";"0"
"28/08/2021";"Newcastle";"Southampton";"BW";"Casa de apuestas";"2,40";"3,50";"2,85";"0,4166666666666667";"0,2857142857142857";"0,3508771929824561";"1,05325814536341";"0,0532581453634084";"0,3955978584176086";"0,2712671029149316";"0,3331350386674599";"1";"0,3989139515455306";"0,2679615705931496";"0,3331244778613200";"1";FALSE;"0,3987658590289233";"0,2683134044224613";"0,3329207365486155";"1,05015840610530";"1";"2";"2";"D";"0";"1";"0"
"28/08/2021";"Newcastle";"Southampton";"IW";"Casa de apuestas";"2,45";"3,50";"2,80";"0,4081632653061224";"0,2857142857142857";"0,3571428571428572";"1,05102040816327";"0,0510204081632653";"0,3883495145631068";"0,2718446601941747";"0,3398058252427185";"1";"0,3911564625850339";"0,2687074829931972";"0,3401360544217688";"1";FALSE;"0,3909995008627868";"0,2690591767043629";"0,3399413224328504";"1,04794280230223";"1";"2";"2";"D";"0";"1";"0"
"28/08/2021";"Norwich";"Leicester";"B365";"Casa de apuestas";"4,20";"3,60";"1,85";"0,2380952380952381";"0,2777777777777778";"0,5405405405405405";"1,05641355641356";"0,0564135564135562";"0,2253807106598985";"0,2629441624365482";"0,5116751269035532";"1";"0,2192907192907194";"0,2589732589732591";"0,5217360217360217";"1";FALSE;"0,2195481031622072";"0,2583805219403135";"0,5220713748974795";"1,05651193010256";"1";"1";"2";"A";"0";"0";"1"
"28/08/2021";"Norwich";"Leicester";"BW";"Casa de apuestas";"4,00";"3,60";"1,91";"0,2500000000000000";"0,2777777777777778";"0,5235602094240838";"1,05133798720186";"0,0513379872018616";"0,2377922257573662";"0,2642135841748513";"0,4979941900677826";"1";"0,2328873375993795";"0,2606651153771573";"0,5064475470234633";"1";FALSE;"0,2330303090609381";"0,2603095170035024";"0,5066601739355596";"1,05070524191779";"1";"1";"2";"A";"0";"0";"1"
"28/08/2021";"Norwich";"Leicester";"IW";"Casa de apuestas";"4,10";"3,60";"1,90";"0,2439024390243903";"0,2777777777777778";"0,5263157894736842";"1,04799600627585";"0,0479960062758522";"0,2327322218441647";"0,2650561415447431";"0,5022116366110921";"1";"0,2279037702657729";"0,2617791090191604";"0,5103171207150667";"1";FALSE;"0,2280968097112676";"0,2613860957923016";"0,5105170944964309";"1,04748318991439";"1";"1";"2";"A";"0";"0";"1"
"28/08/2021";"West Ham";"Crystal Palace";"B365";"Casa de apuestas";"1,53";"4,00";"6,50";"0,6535947712418301";"0,2500000000000000";"0,1538461538461539";"1,05744092508798";"0,0574409250879839";"0,6180910495661476";"0,2364198264590515";"0,1454891239748010";"1";"0,6344477962125021";"0,2308530249706720";"0,1346991788168259";"1";FALSE;"0,6356290949889108";"0,2282866896926205";"0,1360842153184685";"1,06554067476760";"1";"2";"2";"D";"0";"1";"0"
"28/08/2021";"West Ham";"Crystal Palace";"BW";"Casa de apuestas";"1,53";"4,10";"6,50";"0,6535947712418301";"0,2439024390243903";"0,1538461538461539";"1,05134336411237";"0,0513433641123742";"0,6216758421199962";"0,2319912288886815";"0,1463329289913222";"1";"0,6364803165377053";"0,2267879843202656";"0,1367316991420292";"1";FALSE;"0,6375341069623723";"0,2245773619116496";"0,1378885311259781";"1,05850377253577";"1";"2";"2";"D";"0";"1";"0"
"28/08/2021";"West Ham";"Crystal Palace";"IW";"Casa de apuestas";"1,57";"3,95";"6,00";"0,6369426751592356";"0,2531645569620253";"0,1666666666666667";"1,05677389878793";"0,0567738987879276";"0,6027237007743855";"0,2395635975229836";"0,1577127017026309";"1";"0,6180180422299264";"0,2342399240327161";"0,1477420337373575";"1";FALSE;"0,6190488095184874";"0,2321209946810448";"0,1488301958004679";"1,06317241857498";"1";"2";"2";"D";"0";"1";"0"
"29/08/2021";"Burnley";"Leeds";"B365";"Casa de apuestas";"3,20";"3,50";"2,20";"0,3125000000000000";"0,2857142857142857";"0,4545454545454545";"1,05275974025974";"0,0527597402597402";"0,2968388589051658";"0,2713955281418658";"0,4317656129529683";"1";"0,2949134199134199";"0,2681277056277056";"0,4369588744588744";"1";FALSE;"0,2947820433857283";"0,2683057663085477";"0,4369121903057241";"1,05018112990936";"1";"1";"1";"D";"0";"1";"0"
"29/08/2021";"Burnley";"Leeds";"BW";"Casa de apuestas";"3,30";"3,50";"2,15";"0,3030303030303030";"0,2857142857142857";"0,4651162790697674";"1,05386086781436";"0,0538608678143562";"0,2875429881543752";"0,2711119602598395";"0,4413450515857852";"1";"0,2850766804255176";"0,2677606631095003";"0,4471626564649820";"1";FALSE;"0,2849727316125493";"0,2678762343919885";"0,4471510339954621";"1,05146005288736";"1";"1";"1";"D";"0";"1";"0"
"29/08/2021";"Burnley";"Leeds";"IW";"Casa de apuestas";"3,20";"3,50";"2,20";"0,3125000000000000";"0,2857142857142857";"0,4545454545454545";"1,05275974025974";"0,0527597402597402";"0,2968388589051658";"0,2713955281418658";"0,4317656129529683";"1";"0,2949134199134199";"0,2681277056277056";"0,4369588744588744";"1";FALSE;"0,2947820433857283";"0,2683057663085477";"0,4369121903057241";"1,05018112990936";"1";"1";"1";"D";"0";"1";"0"
"29/08/2021";"Tottenham";"Watford";"B365";"Casa de apuestas";"1,40";"4,50";"8,50";"0,7142857142857143";"0,2222222222222222";"0,1176470588235294";"1,05415499533147";"0,0541549953314659";"0,6775907883082374";"0,2108060230292294";"0,1116031886625332";"1";"0,6962340491752257";"0,2041705571117336";"0,0995953937130408";"1";FALSE;"0,6979850667044432";"0,2004336457100779";"0,1015812875854789";"1,06860992296267";"1";"1";"0";"H";"1";"0";"0"
"29/08/2021";"Tottenham";"Watford";"BW";"Casa de apuestas";"1,45";"4,40";"7,25";"0,6896551724137931";"0,2272727272727273";"0,1379310344827586";"1,05485893416928";"0,0548589341692791";"0,6537890044576523";"0,2154531946508172";"0,1307578008915304";"1";"0,6713688610240335";"0,2089864158829676";"0,1196447230929989";"1";FALSE;"0,6729246393712840";"0,2060717794795203";"0,1210035811491957";"1,06609468530952";"1";"1";"0";"H";"1";"0";"0"
"29/08/2021";"Tottenham";"Watford";"IW";"Casa de apuestas";"1,50";"4,40";"6,25";"0,6666666666666666";"0,2272727272727273";"0,1600000000000000";"1,05393939393939";"0,0539393939393940";"0,6325474410580794";"0,2156411730879816";"0,1518113858539391";"1";"0,6486868686868686";"0,2092929292929293";"0,1420202020202020";"1";FALSE;"0,6500347578968778";"0,2072307014113643";"0,1427345406917578";"1,06230951867679";"1";"1";"0";"H";"1";"0";"0"
"29/08/2021";"Wolves";"Man United";"B365";"Casa de apuestas";"4,75";"3,75";"1,75";"0,2105263157894737";"0,2666666666666667";"0,5714285714285714";"1,04862155388471";"0,0486215538847117";"0,2007648183556406";"0,2543021032504781";"0,5449330783938815";"1";"0,1943191311612365";"0,2504594820384295";"0,5552213868003342";"1";FALSE;"0,1947404873272368";"0,2496054458817933";"0,5556540667909700";"1,05002284257490";"1";"0";"1";"A";"0";"0";"1"
"29/08/2021";"Wolves";"Man United";"BW";"Casa de apuestas";"4,75";"3,70";"1,75";"0,2105263157894737";"0,2702702702702702";"0,5714285714285714";"1,05222515748832";"0,0522251574883152";"0,2000772499034377";"0,2568559289300888";"0,5430668211664735";"1";"0,1931179299600353";"0,2528618844408318";"0,5540201855991330";"1";FALSE;"0,1936044571876585";"0,2519078395064582";"0,5544877033058833";"1,05377771916939";"1";"0";"1";"A";"0";"0";"1"
"29/08/2021";"Wolves";"Man United";"IW";"Casa de apuestas";"5,25";"3,50";"1,75";"0,1904761904761905";"0,2857142857142857";"0,5714285714285714";"1,04761904761905";"0,0476190476190474";"0,1818181818181819";"0,2727272727272728";"0,5454545454545455";"1";"0,1746031746031747";"0,2698412698412699";"0,5555555555555556";"1";FALSE;"0,1755225491553248";"0,2686002642337332";"0,5558771866109419";"1,04930545059769";"1";"0";"1";"A";"0";"0";"1"
"11/09/2021";"Arsenal";"Norwich";"B365";"Casa de apuestas";"1,36";"5,00";"8,00";"0,7352941176470588";"0,2000000000000000";"0,1250000000000000";"1,06029411764706";"0,0602941176470588";"0,6934812760055478";"0,1886269070735090";"0,1178918169209431";"1";"0,7151960784313725";"0,1799019607843138";"0,1049019607843137";"1";FALSE;"0,7176990192097074";"0,1761865539900733";"0,1061144268002193";"1,07876909450494";"1";"1";"0";"H";"1";"0";"0"
"11/09/2021";"Arsenal";"Norwich";"BW";"Casa de apuestas";"1,42";"4,75";"7,50";"0,7042253521126761";"0,2105263157894737";"0,1333333333333333";"1,04808500123548";"0,0480850012354832";"0,6719162580158431";"0,2008675971331573";"0,1272161448509996";"1";"0,6881970183675150";"0,1944979820443126";"0,1173049995881722";"1";FALSE;"0,6897342332397783";"0,1919473517145282";"0,1183184150456935";"1,05929458360944";"1";"1";"0";"H";"1";"0";"0"
"11/09/2021";"Arsenal";"Norwich";"IW";"Casa de apuestas";"1,40";"4,90";"7,75";"0,7142857142857143";"0,2040816326530612";"0,1290322580645161";"1,04739960500329";"0,0473996050032917";"0,6819610307982401";"0,1948460087994972";"0,1231929604022627";"1";"0,6984858459512837";"0,1882817643186306";"0,1132323897300855";"1";FALSE;"0,7001194728001123";"0,1856576050560819";"0,1142229221438060";"1,05953551072546";"1";"1";"0";"H";"1";"0";"0"
"11/09/2021";"Brentford";"Brighton";"B365";"Casa de apuestas";"3,10";"3,00";"2,55";"0,3225806451612903";"0,3333333333333333";"0,3921568627450981";"1,04807084123972";"0,0480708412397217";"0,3077851538925769";"0,3180446590223295";"0,3741701870850936";"1";"0,3065570314147164";"0,3173097195867594";"0,3761332489985242";"1";FALSE;"0,3066331652529420";"0,3173201974595437";"0,3760466372875143";"1,04481256956219";"1";"0";"1";"A";"0";"0";"1"
"11/09/2021";"Brentford";"Brighton";"BW";"Casa de apuestas";"2,90";"3,00";"2,70";"0,3448275862068966";"0,3333333333333333";"0,3703703703703703";"1,04853128991060";"0,0485312899106001";"0,3288672350791718";"0,3179049939098660";"0,3532277710109623";"1";"0,3286504895700298";"0,3171562366964666";"0,3541932737335036";"1";FALSE;"0,3286520040923293";"0,3172112935159074";"0,3541367023917632";"1,04512501628489";"1";"0";"1";"A";"0";"0";"1"
"11/09/2021";"Brentford";"Brighton";"IW";"Casa de apuestas";"3,05";"2,95";"2,60";"0,3278688524590164";"0,3389830508474576";"0,3846153846153846";"1,05146728792186";"0,0514672879218585";"0,3118203069417624";"0,3223904868380933";"0,3657892062201443";"1";"0,3107130898183969";"0,3218272882068381";"0,3674596219747651";"1";FALSE;"0,3107857758635116";"0,3218352963605580";"0,3673789277759303";"1,04798479186112";"1";"0";"1";"A";"0";"0";"1"
"11/09/2021";"Chelsea";"Aston Villa";"B365";"Casa de apuestas";"1,33";"5,00";"9,00";"0,7518796992481203";"0,2000000000000000";"0,1111111111111111";"1,06299081035923";"0,0629908103592314";"0,7073247406475951";"0,1881483810122603";"0,1045268783401446";"1";"0,7308827624617098";"0,1790030632135896";"0,0901141743247006";"1";FALSE;"0,7337268454783610";"0,1742324457695309";"0,0920407087521082";"1,08569890304862";"1";"3";"0";"H";"1";"0";"0"
"11/09/2021";"Chelsea";"Aston Villa";"BW";"Casa de apuestas";"1,30";"5,50";"10,00";"0,7692307692307692";"0,1818181818181818";"0,1000000000000000";"1,05104895104895";"0,0510489510489511";"0,7318695941450433";"0,1729873586161011";"0,0951430472388556";"1";"0,7522144522144522";"0,1648018648018648";"0,0829836829836830";"1";FALSE;"0,7547246778570188";"0,1606623839730788";"0,0846129381699023";"1,07256322388564";"1";"3";"0";"H";"1";"0";"0"
"11/09/2021";"Chelsea";"Aston Villa";"IW";"Casa de apuestas";"1,35";"5,25";"8,50";"0,7407407407407407";"0,1904761904761905";"0,1176470588235294";"1,04886399004046";"0,0488639900404606";"0,7062314540059347";"0,1816023738872404";"0,1121661721068249";"1";"0,7244527440605871";"0,1741881937960369";"0,1013590621433759";"1";FALSE;"0,7264875840162538";"0,1710867315028830";"0,1024256844808632";"1,06474174102029";"1";"3";"0";"H";"1";"0";"0"
"11/09/2021";"Crystal Palace";"Tottenham";"B365";"Casa de apuestas";"3,80";"3,40";"2,05";"0,2631578947368421";"0,2941176470588235";"0,4878048780487805";"1,04508041984445";"0,0450804198444461";"0,2518063583815029";"0,2814306358381503";"0,4667630057803468";"1";"0,2481310881220267";"0,2790908404440081";"0,4727780714339651";"1";FALSE;"0,2483145472259832";"0,2788737055100443";"0,4728117472639726";"1,04348905450420";"1";"3";"0";"H";"1";"0";"0"
"11/09/2021";"Crystal Palace";"Tottenham";"BW";"Casa de apuestas";"4,20";"3,30";"1,95";"0,2380952380952381";"0,3030303030303030";"0,5128205128205129";"1,05394605394605";"0,0539460539460541";"0,2259083728278041";"0,2875197472353870";"0,4865718799368088";"1";"0,2201132201132201";"0,2850482850482849";"0,4948384948384948";"1";FALSE;"0,2206274312011900";"0,2844171272056477";"0,4949554415931623";"1,05309464711970";"1";"3";"0";"H";"1";"0";"0"
"11/09/2021";"Crystal Palace";"Tottenham";"IW";"Casa de apuestas";"3,80";"3,25";"2,10";"0,2631578947368421";"0,3076923076923077";"0,4761904761904762";"1,04704067861963";"0,0470406786196258";"0,2513349291106610";"0,2938685324986191";"0,4547965383907199";"1";"0,2474776685303001";"0,2920120814857658";"0,4605102499839343";"1";FALSE;"0,2477600858233570";"0,2917414863194694";"0,4604984278571734";"1,04516350712389";"1";"3";"0";"H";"1";"0";"0"
"11/09/2021";"Leicester";"Man City";"B365";"Casa de apuestas";"5,25";"4,00";"1,61";"0,1904761904761905";"0,2500000000000000";"0,6211180124223602";"1,06159420289855";"0,0615942028985508";"0,1794246708922477";"0,2354948805460751";"0,5850804485616772";"1";"0,1699447895100069";"0,2294685990338164";"0,6005866114561766";"1";FALSE;"0,1704839903097733";"0,2278663636542595";"0,6016496460359673";"1,06687005853097";"1";"0";"1";"A";"0";"0";"1"
"11/09/2021";"Leicester";"Man City";"BW";"Casa de apuestas";"5,50";"3,75";"1,65";"0,1818181818181818";"0,2666666666666667";"0,6060606060606061";"1,05454545454545";"0,0545454545454547";"0,1724137931034482";"0,2528735632183908";"0,5747126436781609";"1";"0,1636363636363636";"0,2484848484848485";"0,5878787878787879";"1";FALSE;"0,1645767534288934";"0,2468429770758482";"0,5885802694952584";"1,05844273392386";"1";"0";"1";"A";"0";"0";"1"
"11/09/2021";"Leicester";"Man City";"IW";"Casa de apuestas";"5,25";"4,00";"1,65";"0,1904761904761905";"0,2500000000000000";"0,6060606060606061";"1,04653679653680";"0,0465367965367967";"0,1820062047569803";"0,2388831437435367";"0,5791106514994829";"1";"0,1749639249639249";"0,2344877344877344";"0,5905483405483405";"1";FALSE;"0,1754314455722303";"0,2333816305466295";"0,5911869238811404";"1,04961854190439";"1";"0";"1";"A";"0";"0";"1"
"11/09/2021";"Man United";"Newcastle";"B365";"Casa de apuestas";"1,18";"7,00";"15,00";"0,8474576271186441";"0,1428571428571428";"0,0666666666666667";"1,05698143664245";"0,0569814366424537";"0,8017715332926084";"0,1351557727550396";"0,0630726939523519";"1";"0,8284638149044929";"0,1238633306429916";"0,0476728544525155";"1";FALSE;"0,8329996931091622";"0,1166922641654583";"0,0503080427253794";"1,10396414302244";"1";"4";"1";"H";"1";"0";"0"
"11/09/2021";"Man United";"Newcastle";"BW";"Casa de apuestas";"1,20";"7,00";"14,00";"0,8333333333333334";"0,1428571428571428";"0,0714285714285714";"1,04761904761905";"0,0476190476190477";"0,7954545454545456";"0,1363636363636363";"0,0681818181818182";"1";"0,8174603174603174";"0,1269841269841269";"0,0555555555555555";"1";FALSE;"0,8208882372451656";"0,1216626184567779";"0,0574491442980566";"1,08252865046310";"1";"4";"1";"H";"1";"0";"0"
"11/09/2021";"Man United";"Newcastle";"IW";"Casa de apuestas";"1,20";"7,00";"14,00";"0,8333333333333334";"0,1428571428571428";"0,0714285714285714";"1,04761904761905";"0,0476190476190477";"0,7954545454545456";"0,1363636363636363";"0,0681818181818182";"1";"0,8174603174603174";"0,1269841269841269";"0,0555555555555555";"1";FALSE;"0,8208882372451656";"0,1216626184567779";"0,0574491442980566";"1,08252865046310";"1";"4";"1";"H";"1";"0";"0"
"11/09/2021";"Southampton";"West Ham";"B365";"Casa de apuestas";"3,00";"3,50";"2,30";"0,3333333333333333";"0,2857142857142857";"0,4347826086956522";"1,05383022774327";"0,0538302277432714";"0,3163064833005893";"0,2711198428290766";"0,4125736738703339";"1";"0,3153899240855762";"0,2677708764665286";"0,4168391994478951";"1";FALSE;"0,3152035783081729";"0,2680627437099449";"0,4167336779818822";"1,05090447328055";"1";"0";"0";"D";"0";"1";"0"
"11/09/2021";"Southampton";"West Ham";"BW";"Casa de apuestas";"2,95";"3,50";"2,35";"0,3389830508474576";"0,2857142857142857";"0,4255319148936170";"1,05022925145536";"0,0502292514553604";"0,3227705287942705";"0,2720494456980280";"0,4051800255077014";"1";"0,3222399670290041";"0,2689712018958322";"0,4087888310751636";"1";FALSE;"0,3220646665934106";"0,2692670849509955";"0,4086682484555941";"1,04732622538931";"1";"0";"0";"D";"0";"1";"0"
"11/09/2021";"Southampton";"West Ham";"IW";"Casa de apuestas";"3,00";"3,50";"2,30";"0,3333333333333333";"0,2857142857142857";"0,4347826086956522";"1,05383022774327";"0,0538302277432714";"0,3163064833005893";"0,2711198428290766";"0,4125736738703339";"1";"0,3153899240855762";"0,2677708764665286";"0,4168391994478951";"1";FALSE;"0,3152035783081729";"0,2680627437099449";"0,4167336779818822";"1,05090447328055";"1";"0";"0";"D";"0";"1";"0"
"11/09/2021";"Watford";"Wolves";"B365";"Casa de apuestas";"3,60";"3,10";"2,15";"0,2777777777777778";"0,3225806451612903";"0,4651162790697674";"1,06547470200884";"0,0654747020088355";"0,2607079992176805";"0,3027576765108547";"0,4365343242714648";"1";"0,2559528771081659";"0,3007557444916785";"0,4432913784001555";"1";FALSE;"0,2562914155794765";"0,3004390474139089";"0,4432695370066148";"1,06284968941877";"1";"0";"2";"A";"0";"0";"1"
"11/09/2021";"Watford";"Wolves";"BW";"Casa de apuestas";"3,40";"3,20";"2,25";"0,2941176470588235";"0,3125000000000000";"0,4444444444444444";"1,05106209150327";"0,0510620915032680";"0,2798289933929265";"0,2973183054799844";"0,4228527011270889";"1";"0,2770969498910675";"0,2954793028322440";"0,4274237472766884";"1";FALSE;"0,2772243351584543";"0,2954152652393755";"0,4273603996021703";"1,04833631497831";"1";"0";"2";"A";"0";"0";"1"
"11/09/2021";"Watford";"Wolves";"IW";"Casa de apuestas";"3,50";"3,15";"2,25";"0,2857142857142857";"0,3174603174603174";"0,4444444444444444";"1,04761904761905";"0,0476190476190474";"0,2727272727272728";"0,3030303030303030";"0,4242424242424243";"1";"0,2698412698412699";"0,3015873015873016";"0,4285714285714286";"1";FALSE;"0,2700345800019157";"0,3014660718559468";"0,4284993481421375";"1,04505424172603";"1";"0";"2";"A";"0";"0";"1"
"12/09/2021";"Leeds";"Liverpool";"B365";"Casa de apuestas";"4,50";"4,33";"1,66";"0,2222222222222222";"0,2309468822170901";"0,6024096385542169";"1,05557874299353";"0,0555787429935291";"0,2105216912496924";"0,2187869770493340";"0,5706913317009735";"1";"0,2036959745577125";"0,2124206345525804";"0,5838833908897072";"1";FALSE;"0,2034084293434622";"0,2118737816386520";"0,5847177890178858";"1,05881476408049";"1";"0";"3";"A";"0";"0";"1"
"12/09/2021";"Leeds";"Liverpool";"BW";"Casa de apuestas";"4,75";"4,20";"1,65";"0,2105263157894737";"0,2380952380952381";"0,6060606060606061";"1,05468215994532";"0,0546821599453178";"0,1996111471160078";"0,2257507020954850";"0,5746381507885072";"1";"0,1922989291410344";"0,2198678514467989";"0,5878332194121668";"1";FALSE;"0,1922935612245255";"0,2190363583316755";"0,5886700804437991";"1,05813805138754";"1";"0";"3";"A";"0";"0";"1"
"12/09/2021";"Leeds";"Liverpool";"IW";"Casa de apuestas";"4,70";"4,30";"1,65";"0,2127659574468085";"0,2325581395348837";"0,6060606060606061";"1,05138470304230";"0,0513847030422983";"0,2023673702224758";"0,2211922418710781";"0,5764403879064461";"1";"0,1956377230993757";"0,2154299051874509";"0,5889323717131734";"1";FALSE;"0,1955278438670628";"0,2147568404119053";"0,5897153157210319";"1,05459551819957";"1";"0";"3";"A";"0";"0";"1"
"13/09/2021";"Everton";"Burnley";"B365";"Casa de apuestas";"1,75";"3,50";"5,25";"0,5714285714285714";"0,2857142857142857";"0,1904761904761905";"1,04761904761905";"0,0476190476190474";"0,5454545454545454";"0,2727272727272727";"0,1818181818181818";"1";"0,5555555555555556";"0,2698412698412699";"0,1746031746031747";"1";FALSE;"0,5558771866109419";"0,2686002642337332";"0,1755225491553248";"1,04930545059769";"1";"3";"1";"H";"1";"0";"0"
"13/09/2021";"Everton";"Burnley";"BW";"Casa de apuestas";"1,75";"3,50";"5,25";"0,5714285714285714";"0,2857142857142857";"0,1904761904761905";"1,04761904761905";"0,0476190476190474";"0,5454545454545454";"0,2727272727272727";"0,1818181818181818";"1";"0,5555555555555556";"0,2698412698412699";"0,1746031746031747";"1";FALSE;"0,5558771866109419";"0,2686002642337332";"0,1755225491553248";"1,04930545059769";"1";"3";"1";"H";"1";"0";"0"
"13/09/2021";"Everton";"Burnley";"IW";"Casa de apuestas";"1,80";"3,50";"4,80";"0,5555555555555556";"0,2857142857142857";"0,2083333333333333";"1,04960317460317";"0,0496031746031746";"0,5293005671077504";"0,2722117202268431";"0,1984877126654064";"1";"0,5390211640211641";"0,2691798941798942";"0,1917989417989417";"1";FALSE;"0,5393162683400683";"0,2682081999161798";"0,1924755317437520";"1,05047145215082";"1";"3";"1";"H";"1";"0";"0"
"17/09/2021";"Newcastle";"Leeds";"B365";"Casa de apuestas";"3,10";"3,60";"2,20";"0,3225806451612903";"0,2777777777777778";"0,4545454545454545";"1,05490387748452";"0,0549038774845227";"0,3057915057915058";"0,2633204633204633";"0,4308880308880308";"1";"0,3042793526664494";"0,2594764852829369";"0,4362441620506136";"1";FALSE;"0,3040439485562435";"0,2597757817693923";"0,4361802696743642";"1,05230758217031";"1";"1";"1";"D";"0";"1";"0"
"17/09/2021";"Newcastle";"Leeds";"BW";"Casa de apuestas";"3,00";"3,70";"2,25";"0,3333333333333333";"0,2702702702702702";"0,4444444444444444";"1,04804804804805";"0,0480480480480479";"0,3180515759312321";"0,2578796561604584";"0,4240687679083095";"1";"0,3173173173173173";"0,2542542542542542";"0,4284284284284284";"1";FALSE;"0,3170549252435799";"0,2546262354502837";"0,4283188393061364";"1,04557382637109";"1";"1";"1";"D";"0";"1";"0"
"17/09/2021";"Newcastle";"Leeds";"IW";"Casa de apuestas";"3,05";"3,65";"2,25";"0,3278688524590164";"0,2739726027397260";"0,4444444444444444";"1,04628589964319";"0,0462858996431867";"0,3133644948964991";"0,2618525231326910";"0,4247829819708099";"1";"0,3124402192446208";"0,2585439695253304";"0,4290158112300488";"1";FALSE;"0,3122249396650250";"0,2588541974441670";"0,4289208628908081";"1,04384178678916";"1";"1";"1";"D";"0";"1";"0"
"18/09/2021";"Aston Villa";"Everton";"B365";"Casa de apuestas";"2,10";"3,40";"3,50";"0,4761904761904762";"0,2941176470588235";"0,2857142857142857";"1,05602240896359";"0,0560224089635852";"0,4509283819628648";"0,2785145888594164";"0,2705570291777188";"1";"0,4575163398692811";"0,2754435107376284";"0,2670401493930906";"1";FALSE;"0,4575483295670553";"0,2753681915514927";"0,2670834788814519";"1,05382586144543";"1";"3";"0";"H";"1";"0";"0"
"18/09/2021";"Aston Villa";"Everton";"BW";"Casa de apuestas";"2,15";"3,30";"3,60";"0,4651162790697674";"0,3030303030303030";"0,2777777777777778";"1,04592435987785";"0,0459243598778483";"0,4446939921392475";"0,2897248736664795";"0,2655811341942729";"1";"0,4498081591104846";"0,2877221830710202";"0,2624696578184950";"1";FALSE;"0,4497827240370603";"0,2875930080665215";"0,2626242678964182";"1,04379387912663";"1";"3";"0";"H";"1";"0";"0"
"18/09/2021";"Aston Villa";"Everton";"IW";"Casa de apuestas";"2,25";"3,20";"3,35";"0,4444444444444444";"0,3125000000000000";"0,2985074626865671";"1,05545190713101";"0,0554519071310116";"0,4210939801630168";"0,2960817048021212";"0,2828243150348619";"1";"0,4259604754007739";"0,2940160309563294";"0,2800234936428965";"1";FALSE;"0,4259004403215566";"0,2939687953032962";"0,2801307643751472";"1,05255625098626";"1";"3";"0";"H";"1";"0";"0"
"18/09/2021";"Burnley";"Arsenal";"B365";"Casa de apuestas";"3,75";"3,60";"1,95";"0,2666666666666667";"0,2777777777777778";"0,5128205128205129";"1,05726495726496";"0,0572649572649575";"0,2522231204527082";"0,2627324171382376";"0,4850444624090541";"1";"0,2475783475783475";"0,2586894586894586";"0,4937321937321937";"1";FALSE;"0,2475792293379047";"0,2584872606687534";"0,4939335099933419";"1,05618949236652";"1";"0";"1";"A";"0";"0";"1"
"18/09/2021";"Burnley";"Arsenal";"BW";"Casa de apuestas";"3,80";"3,60";"1,95";"0,2631578947368421";"0,2777777777777778";"0,5128205128205129";"1,05375618533513";"0,0537561853351329";"0,2497331910352187";"0,2636072572038420";"0,4866595517609391";"1";"0,2452391662917978";"0,2598590493327335";"0,4949017843754686";"1";FALSE;"0,2452761922046867";"0,2596415569049736";"0,4950822508903397";"1,05271106014821";"1";"0";"1";"A";"0";"0";"1"
"18/09/2021";"Burnley";"Arsenal";"IW";"Casa de apuestas";"3,60";"3,55";"2,05";"0,2777777777777778";"0,2816901408450704";"0,4878048780487805";"1,04727279667163";"0,0472727966716286";"0,2652391799544420";"0,2689749430523918";"0,4657858769931663";"1";"0,2620201788872349";"0,2659325419545275";"0,4720472791582376";"1";FALSE;"0,2620205372960855";"0,2658804496884546";"0,4720990130154600";"1,04559060283375";"1";"0";"1";"A";"0";"0";"1"
"18/09/2021";"Liverpool";"Crystal Palace";"B365";"Casa de apuestas";"1,28";"5,75";"10,00";"0,7812500000000000";"0,1739130434782609";"0,1000000000000000";"1,05516304347826";"0,0551630434782608";"0,7404069018799897";"0,1648210146793717";"0,0947720834406387";"1";"0,7628623188405798";"0,1555253623188406";"0,0816123188405797";"1";FALSE;"0,7658695640532117";"0,1510583587767011";"0,0830720771700872";"1,08054493011225";"1";"3";"0";"H";"1";"0";"0"
"18/09/2021";"Liverpool";"Crystal Palace";"BW";"Casa de apuestas";"1,25";"6,25";"11,00";"0,8000000000000000";"0,1600000000000000";"0,0909090909090909";"1,05090909090909";"0,0509090909090910";"0,7612456747404844";"0,1522491349480969";"0,0865051903114187";"1";"0,7830303030303031";"0,1430303030303030";"0,0739393939393939";"1";FALSE;"0,7861139855332309";"0,1385695502125668";"0,0753164642542024";"1,07846933459455";"1";"3";"0";"H";"1";"0";"0"
"18/09/2021";"Liverpool";"Crystal Palace";"IW";"Casa de apuestas";"1,27";"6,25";"10,00";"0,7874015748031495";"0,1600000000000000";"0,1000000000000000";"1,04740157480315";"0,0474015748031495";"0,7517666516313336";"0,1527589836114870";"0,0954743647571794";"1";"0,7716010498687663";"0,1441994750656168";"0,0841994750656168";"1";FALSE;"0,7742825923478807";"0,1406612121223264";"0,0850561955297930";"1,07029404670275";"1";"3";"0";"H";"1";"0";"0"
"18/09/2021";"Man City";"Southampton";"B365";"Casa de apuestas";"1,14";"8,00";"17,00";"0,8771929824561404";"0,1250000000000000";"0,0588235294117647";"1,06101651186791";"0,0610165118679051";"0,8267477203647416";"0,1178115501519757";"0,0554407294832827";"1";"0,8568541451668387";"0,1046611627106983";"0,0384846921224630";"1";FALSE;"0,8627820420514167";"0,0961034881972343";"0,0411144697513491";"1,12642246446349";"1";"0";"0";"D";"0";"1";"0"
"18/09/2021";"Man City";"Southampton";"BW";"Casa de apuestas";"1,19";"7,00";"15,00";"0,8403361344537815";"0,1428571428571428";"0,0666666666666667";"1,04985994397759";"0,0498599439775911";"0,8004268943436499";"0,1360725720384204";"0,0635005336179296";"1";"0,8237161531279178";"0,1262371615312791";"0,0500466853408030";"1";FALSE;"0,8274388043687503";"0,1201603616063009";"0,0524008340249488";"1,08891362873367";"1";"0";"0";"D";"0";"1";"0"
"18/09/2021";"Man City";"Southampton";"IW";"Casa de apuestas";"1,17";"8,25";"14,00";"0,8547008547008548";"0,1212121212121212";"0,0714285714285714";"1,04734154734155";"0,0473415473415475";"0,8160669810820835";"0,1157331354989136";"0,0681998834190027";"1";"0,8389203389203389";"0,1054316054316054";"0,0556480556480556";"1";FALSE;"0,8429013329519921";"0,1005542063796018";"0,0565444606684062";"1,08854324745509";"1";"0";"0";"D";"0";"1";"0"
"18/09/2021";"Norwich";"Watford";"B365";"Casa de apuestas";"2,25";"3,30";"3,30";"0,4444444444444444";"0,3030303030303030";"0,3030303030303030";"1,05050505050505";"0,0505050505050504";"0,4230769230769231";"0,2884615384615384";"0,2884615384615384";"1";"0,4276094276094276";"0,2861952861952862";"0,2861952861952862";"1";FALSE;"0,4275504189509496";"0,2862247905245252";"0,2862247905245252";"1,04778813454199";"1";"1";"3";"A";"0";"0";"1"
"18/09/2021";"Norwich";"Watford";"BW";"Casa de apuestas";"2,15";"3,40";"3,40";"0,4651162790697674";"0,2941176470588235";"0,2941176470588235";"1,05335157318741";"0,0533515731874146";"0,4415584415584415";"0,2792207792207792";"0,2792207792207792";"1";"0,4473324213406292";"0,2763337893296853";"0,2763337893296853";"1";FALSE;"0,4473244008592953";"0,2763377995703524";"0,2763377995703524";"1,05095364469160";"1";"1";"3";"A";"0";"0";"1"
"18/09/2021";"Norwich";"Watford";"IW";"Casa de apuestas";"2,30";"3,25";"3,25";"0,4347826086956522";"0,3076923076923077";"0,3076923076923077";"1,05016722408027";"0,0501672240802677";"0,4140127388535031";"0,2929936305732484";"0,2929936305732484";"1";"0,4180602006688963";"0,2909698996655518";"0,2909698996655518";"1";FALSE;"0,4179859424931698";"0,2910070287534151";"0,2910070287534151";"1,04730210463786";"1";"1";"3";"A";"0";"0";"1"
"18/09/2021";"Wolves";"Brentford";"B365";"Casa de apuestas";"1,80";"3,25";"5,00";"0,5555555555555556";"0,3076923076923077";"0,2000000000000000";"1,06324786324786";"0,0632478632478632";"0,5225080385852090";"0,2893890675241158";"0,1881028938906752";"1";"0,5344729344729345";"0,2866096866096867";"0,1789173789173789";"1";FALSE;"0,5347756226057893";"0,2850480363037869";"0,1801763410904237";"1,06485576218440";"1";"0";"2";"A";"0";"0";"1"
"18/09/2021";"Wolves";"Brentford";"BW";"Casa de apuestas";"1,80";"3,30";"5,25";"0,5555555555555556";"0,3030303030303030";"0,1904761904761905";"1,04906204906205";"0,0490620490620490";"0,5295735900962861";"0,2888583218707015";"0,1815680880330124";"1";"0,5392015392015392";"0,2866762866762866";"0,1741221741221742";"1";FALSE;"0,5393801043743759";"0,2853778866461319";"0,1752420089794923";"1,05027009041412";"1";"0";"2";"A";"0";"0";"1"
"18/09/2021";"Wolves";"Brentford";"IW";"Casa de apuestas";"1,80";"3,35";"4,90";"0,5555555555555556";"0,2985074626865671";"0,2040816326530612";"1,05814465089518";"0,0581446508951839";"0,5250279865664481";"0,2821045897968974";"0,1928674236366544";"1";"0,5361740052571610";"0,2791259123881725";"0,1847000823546666";"1";FALSE;"0,5364888170039688";"0,2778177924261467";"0,1856933905698844";"1,05941423762401";"1";"0";"2";"A";"0";"0";"1"
"19/09/2021";"Brighton";"Leicester";"B365";"Casa de apuestas";"2,45";"3,20";"3,00";"0,4081632653061224";"0,3125000000000000";"0,3333333333333333";"1,05399659863946";"0,0539965986394557";"0,3872529245663574";"0,2964905203711174";"0,3162565550625252";"1";"0,3901643990929705";"0,2945011337868481";"0,3153344671201814";"1";FALSE;"0,3900638531342349";"0,2946328172983864";"0,3153033295673787";"1,05061645895856";"1";"2";"1";"H";"1";"0";"0"
"19/09/2021";"Brighton";"Leicester";"BW";"Casa de apuestas";"2,45";"3,25";"3,00";"0,4081632653061224";"0,3076923076923077";"0,3333333333333333";"1,04918890633176";"0,0491889063317634";"0,3890274314214464";"0,2932668329177058";"0,3177057356608479";"1";"0,3917669631955346";"0,2912960055817199";"0,3169370312227455";"1";FALSE;"0,3916668916130348";"0,2914403832114245";"0,3168927251755408";"1,04603960889308";"1";"2";"1";"H";"1";"0";"0"
"19/09/2021";"Brighton";"Leicester";"IW";"Casa de apuestas";"2,45";"3,20";"3,00";"0,4081632653061224";"0,3125000000000000";"0,3333333333333333";"1,05399659863946";"0,0539965986394557";"0,3872529245663574";"0,2964905203711174";"0,3162565550625252";"1";"0,3901643990929705";"0,2945011337868481";"0,3153344671201814";"1";FALSE;"0,3900638531342349";"0,2946328172983864";"0,3153033295673787";"1,05061645895856";"1";"2";"1";"H";"1";"0";"0"
"19/09/2021";"Tottenham";"Chelsea";"B365";"Casa de apuestas";"4,33";"3,40";"1,85";"0,2309468822170901";"0,2941176470588235";"0,5405405405405405";"1,06560506981645";"0,0656050698164541";"0,2167284003790163";"0,2760099922473943";"0,5072616073735894";"1";"0,2090785256116054";"0,2722492904533388";"0,5186721839350558";"1";FALSE;"0,2096596912197944";"0,2713018108210014";"0,5190384979592042";"1,06598265582349";"1";"0";"3";"A";"0";"0";"1"
"19/09/2021";"Tottenham";"Chelsea";"BW";"Casa de apuestas";"4,40";"3,40";"1,90";"0,2272727272727273";"0,2941176470588235";"0,5263157894736842";"1,04770616380523";"0,0477061638052350";"0,2169241101410343";"0,2807253190060443";"0,5023505708529215";"1";"0,2113706726709823";"0,2782155924570785";"0,5104137348719392";"1";FALSE;"0,2118766743335151";"0,2775609011157988";"0,5105624245506861";"1,04734485860283";"1";"0";"3";"A";"0";"0";"1"
"19/09/2021";"Tottenham";"Chelsea";"IW";"Casa de apuestas";"4,10";"3,40";"1,95";"0,2439024390243903";"0,2941176470588235";"0,5128205128205129";"1,05084059890373";"0,0508405989037266";"0,2321022230001751";"0,2798879747943287";"0,4880098022054963";"1";"0,2269555727231481";"0,2771707807575813";"0,4958736465192707";"1";FALSE;"0,2273114985450894";"0,2766850498000792";"0,4960034516548313";"1,04992745466654";"1";"0";"3";"A";"0";"0";"1"
"19/09/2021";"West Ham";"Man United";"B365";"Casa de apuestas";"4,20";"3,80";"1,80";"0,2380952380952381";"0,2631578947368421";"0,5555555555555556";"1,05680868838764";"0,0568086883876358";"0,2252964426877470";"0,2490118577075099";"0,5256916996047432";"1";"0,2191590086326928";"0,2442216652742968";"0,5366193260930103";"1";FALSE;"0,2192228920710228";"0,2436984824785766";"0,5370786254504007";"1,05754488184216";"1";"1";"2";"A";"0";"0";"1"
"19/09/2021";"West Ham";"Man United";"BW";"Casa de apuestas";"4,40";"3,80";"1,80";"0,2272727272727273";"0,2631578947368421";"0,5555555555555556";"1,04598617756512";"0,0459861775651249";"0,2172808132147395";"0,2515883100381194";"0,5311308767471411";"1";"0,2119440014176857";"0,2478291688818005";"0,5402268297005139";"1";FALSE;"0,2121299119217174";"0,2473056644496894";"0,5405644236285932";"1,04653863907553";"1";"1";"2";"A";"0";"0";"1"
"19/09/2021";"West Ham";"Man United";"IW";"Casa de apuestas";"4,30";"3,75";"1,83";"0,2325581395348837";"0,2666666666666667";"0,5464480874316939";"1,04567289363324";"0,0456728936332444";"0,2224004666763890";"0,2550192017889262";"0,5225803315346846";"1";"0,2173338416571356";"0,2514423687889186";"0,5312237895539458";"1";FALSE;"0,2175090453586682";"0,2509808667169396";"0,5315100879243921";"1,04586530216786";"1";"1";"2";"A";"0";"0";"1"
"25/09/2021";"Brentford";"Liverpool";"B365";"Casa de apuestas";"7,50";"5,25";"1,36";"0,1333333333333333";"0,1904761904761905";"0,7352941176470588";"1,05910364145658";"0,0591036414565824";"0,1258926209997355";"0,1798466014281936";"0,6942607775720709";"1";"0,1136321195144725";"0,1707749766573297";"0,7155929038281980";"1";FALSE;"0,1142016617872410";"0,1676801909223729";"0,7181181472903861";"1,07687040427888";"1";"3";"3";"D";"0";"1";"0"
"25/09/2021";"Brentford";"Liverpool";"BW";"Casa de apuestas";"7,25";"5,00";"1,40";"0,1379310344827586";"0,2000000000000000";"0,7142857142857143";"1,05221674876847";"0,0522167487684730";"0,1310861423220973";"0,1900749063670412";"0,6788389513108614";"1";"0,1205254515599343";"0,1825944170771757";"0,6968801313628900";"1";FALSE;"0,1211927696268918";"0,1800458107241342";"0,6987614196489740";"1,06530605698020";"1";"3";"3";"D";"0";"1";"0"
"25/09/2021";"Brentford";"Liverpool";"IW";"Casa de apuestas";"7,75";"4,90";"1,40";"0,1290322580645161";"0,2040816326530612";"0,7142857142857143";"1,04739960500329";"0,0473996050032917";"0,1231929604022627";"0,1948460087994972";"0,6819610307982401";"1";"0,1132323897300855";"0,1882817643186306";"0,6984858459512837";"1";FALSE;"0,1142229221438060";"0,1856576050560819";"0,7001194728001123";"1,05953551072546";"1";"3";"3";"D";"0";"1";"0"
"25/09/2021";"Chelsea";"Man City";"B365";"Casa de apuestas";"2,90";"3,20";"2,50";"0,3448275862068966";"0,3125000000000000";"0,4000000000000000";"1,05732758620690";"0,0573275862068967";"0,3261312678353037";"0,2955564614757439";"0,3783122706889523";"1";"0,3257183908045977";"0,2933908045977011";"0,3808908045977011";"1";FALSE;"0,3256525591634832";"0,2935656154610062";"0,3807818253755107";"1,05373618994195";"1";"0";"1";"A";"0";"0";"1"
"25/09/2021";"Chelsea";"Man City";"BW";"Casa de apuestas";"2,80";"3,20";"2,60";"0,3571428571428572";"0,3125000000000000";"0,3846153846153846";"1,05425824175824";"0,0542582417582418";"0,3387622149837134";"0,2964169381107492";"0,3648208469055374";"1";"0,3390567765567766";"0,2944139194139194";"0,3665293040293040";"1";FALSE;"0,3389746743779594";"0,2946012736901615";"0,3664240519318792";"1,05070850761910";"1";"0";"1";"A";"0";"0";"1"
"25/09/2021";"Chelsea";"Man City";"IW";"Casa de apuestas";"2,95";"3,00";"2,60";"0,3389830508474576";"0,3333333333333333";"0,3846153846153846";"1,05693176879618";"0,0569317687961755";"0,3207236842105263";"0,3153782894736842";"0,3638980263157895";"1";"0,3200057945820658";"0,3143560770679415";"0,3656381283499928";"1";FALSE;"0,3200289570534859";"0,3144139512591552";"0,3655570916873588";"1,05318760504706";"1";"0";"1";"A";"0";"0";"1"
"25/09/2021";"Everton";"Norwich";"B365";"Casa de apuestas";"1,70";"3,75";"5,25";"0,5882352941176471";"0,2666666666666667";"0,1904761904761905";"1,04537815126050";"0,0453781512605043";"0,5627009646302251";"0,2550911039657021";"0,1822079314040729";"1";"0,5731092436974790";"0,2515406162464986";"0,1753501400560224";"1";FALSE;"0,5735672260018344";"0,2504098246052648";"0,1760229493929008";"1,04758864156060";"1";"2";"0";"H";"1";"0";"0"
"25/09/2021";"Everton";"Norwich";"BW";"Casa de apuestas";"1,67";"3,70";"5,50";"0,5988023952095809";"0,2702702702702702";"0,1818181818181818";"1,05089084729803";"0,0508908472980329";"0,5698045584364675";"0,2571820574564596";"0,1730133841070728";"1";"0,5818387794435699";"0,2533066545042592";"0,1648545660521708";"1";FALSE;"0,5824114633358840";"0,2517947616957252";"0,1657937749683908";"1,05412089363425";"1";"2";"0";"H";"1";"0";"0"
"25/09/2021";"Everton";"Norwich";"IW";"Casa de apuestas";"1,70";"3,75";"5,25";"0,5882352941176471";"0,2666666666666667";"0,1904761904761905";"1,04537815126050";"0,0453781512605043";"0,5627009646302251";"0,2550911039657021";"0,1822079314040729";"1";"0,5731092436974790";"0,2515406162464986";"0,1753501400560224";"1";FALSE;"0,5735672260018344";"0,2504098246052648";"0,1760229493929008";"1,04758864156060";"1";"2";"0";"H";"1";"0";"0"
"25/09/2021";"Leeds";"West Ham";"B365";"Casa de apuestas";"2,90";"3,60";"2,30";"0,3448275862068966";"0,2777777777777778";"0,4347826086956522";"1,05738797268033";"0,0573879726803266";"0,3261126427727452";"0,2627018511224892";"0,4111855061047657";"1";"0,3256982619801210";"0,2586484535510022";"0,4156532844688767";"1";FALSE;"0,3254140008832914";"0,2590723284675940";"0,4155136706491145";"1,05442447364540";"1";"1";"2";"A";"0";"0";"1"
"25/09/2021";"Leeds";"West Ham";"BW";"Casa de apuestas";"2,80";"3,60";"2,40";"0,3571428571428572";"0,2777777777777778";"0,4166666666666667";"1,05158730158730";"0,0515873015873016";"0,3396226415094340";"0,2641509433962264";"0,3962264150943396";"1";"0,3399470899470900";"0,2605820105820106";"0,3994708994708995";"1";FALSE;"0,3396998392959224";"0,2610014086522106";"0,3992987520518669";"1,04863297921101";"1";"1";"2";"A";"0";"0";"1"
"25/09/2021";"Leeds";"West Ham";"IW";"Casa de apuestas";"2,90";"3,55";"2,35";"0,3448275862068966";"0,2816901408450704";"0,4255319148936170";"1,05204964194558";"0,0520496419455840";"0,3277674098811512";"0,2677536587761516";"0,4044789313426972";"1";"0,3274777055583686";"0,2643402601965424";"0,4081820342450890";"1";FALSE;"0,3272591954788064";"0,2646962671620718";"0,4080445373591218";"1,04911384522570";"1";"1";"2";"A";"0";"0";"1"
"25/09/2021";"Leicester";"Burnley";"B365";"Casa de apuestas";"1,65";"3,80";"5,25";"0,6060606060606061";"0,2631578947368421";"0,1904761904761905";"1,05969469127364";"0,0596946912736387";"0,5719200172006020";"0,2483336916792087";"0,1797462911201892";"1";"0,5861623756360599";"0,2432596643122958";"0,1705779600516443";"1";FALSE;"0,5869937578763846";"0,2416614014664661";"0,1713448406571492";"1,06383263314124";"1";"2";"2";"D";"0";"1";"0"
"25/09/2021";"Leicester";"Burnley";"BW";"Casa de apuestas";"1,67";"3,90";"5,25";"0,5988023952095809";"0,2564102564102564";"0,1904761904761905";"1,04568884209603";"0,0456888420960277";"0,5726391743927508";"0,2452070310861266";"0,1821537945211226";"1";"0,5835727811775716";"0,2411806423782472";"0,1752465764441813";"1";FALSE;"0,5841313389568097";"0,2400739277070470";"0,1757947333361434";"1,04837101540973";"1";"2";"2";"D";"0";"1";"0"
"25/09/2021";"Leicester";"Burnley";"IW";"Casa de apuestas";"1,73";"3,85";"4,80";"0,5780346820809249";"0,2597402597402597";"0,2083333333333333";"1,04610827515452";"0,0461082751545179";"0,5525572216657448";"0,2482919463588931";"0,1991508319753621";"1";"0,5626652570294189";"0,2443708346887538";"0,1929639082818273";"1";FALSE;"0,5631190610630930";"0,2435653885284075";"0,1933155504084995";"1,04769525172970";"1";"2";"2";"D";"0";"1";"0"
"25/09/2021";"Man United";"Aston Villa";"B365";"Casa de apuestas";"1,36";"5,00";"8,00";"0,7352941176470588";"0,2000000000000000";"0,1250000000000000";"1,06029411764706";"0,0602941176470588";"0,6934812760055478";"0,1886269070735090";"0,1178918169209431";"1";"0,7151960784313725";"0,1799019607843138";"0,1049019607843137";"1";FALSE;"0,7176990192097074";"0,1761865539900733";"0,1061144268002193";"1,07876909450494";"1";"0";"1";"A";"0";"0";"1"
"25/09/2021";"Man United";"Aston Villa";"BW";"Casa de apuestas";"1,40";"5,00";"7,25";"0,7142857142857143";"0,2000000000000000";"0,1379310344827586";"1,05221674876847";"0,0522167487684730";"0,6788389513108614";"0,1900749063670412";"0,1310861423220973";"1";"0,6968801313628900";"0,1825944170771757";"0,1205254515599343";"1";FALSE;"0,6987614196489740";"0,1800458107241342";"0,1211927696268918";"1,06530605698020";"1";"0";"1";"A";"0";"0";"1"
"25/09/2021";"Man United";"Aston Villa";"IW";"Casa de apuestas";"1,40";"4,90";"7,75";"0,7142857142857143";"0,2040816326530612";"0,1290322580645161";"1,04739960500329";"0,0473996050032917";"0,6819610307982401";"0,1948460087994972";"0,1231929604022627";"1";"0,6984858459512837";"0,1882817643186306";"0,1132323897300855";"1";FALSE;"0,7001194728001123";"0,1856576050560819";"0,1142229221438060";"1,05953551072546";"1";"0";"1";"A";"0";"0";"1"
"25/09/2021";"Watford";"Newcastle";"B365";"Casa de apuestas";"2,05";"3,50";"3,50";"0,4878048780487805";"0,2857142857142857";"0,2857142857142857";"1,05923344947735";"0,0592334494773521";"0,4605263157894737";"0,2697368421052632";"0,2697368421052632";"1";"0,4680603948896631";"0,2659698025551683";"0,2659698025551683";"1";FALSE;"0,4681492399718925";"0,2659253800140538";"0,2659253800140538";"1,05729461129354";"1";"1";"1";"D";"0";"1";"0"
"25/09/2021";"Watford";"Newcastle";"BW";"Casa de apuestas";"2,10";"3,50";"3,50";"0,4761904761904762";"0,2857142857142857";"0,2857142857142857";"1,04761904761905";"0,0476190476190474";"0,4545454545454546";"0,2727272727272728";"0,2727272727272728";"1";"0,4603174603174604";"0,2698412698412699";"0,2698412698412699";"1";FALSE;"0,4603327539558671";"0,2698336230220665";"0,2698336230220665";"1,04564850166549";"1";"1";"1";"D";"0";"1";"0"
"25/09/2021";"Watford";"Newcastle";"IW";"Casa de apuestas";"2,15";"3,40";"3,50";"0,4651162790697674";"0,2941176470588235";"0,2857142857142857";"1,04494821184288";"0,0449482118428768";"0,4451094071441930";"0,2814662427529456";"0,2734243501028614";"1";"0,4501335417888084";"0,2791349097778645";"0,2707315484333268";"1";FALSE;"0,4501142042841363";"0,2790982216961251";"0,2707875740197385";"1,04283145179166";"1";"1";"1";"D";"0";"1";"0"
"26/09/2021";"Arsenal";"Tottenham";"B365";"Casa de apuestas";"2,15";"3,40";"3,40";"0,4651162790697674";"0,2941176470588235";"0,2941176470588235";"1,05335157318741";"0,0533515731874146";"0,4415584415584415";"0,2792207792207792";"0,2792207792207792";"1";"0,4473324213406292";"0,2763337893296853";"0,2763337893296853";"1";FALSE;"0,4473244008592953";"0,2763377995703524";"0,2763377995703524";"1,05095364469160";"1";"3";"1";"H";"1";"0";"0"
"26/09/2021";"Arsenal";"Tottenham";"BW";"Casa de apuestas";"2,10";"3,40";"3,60";"0,4761904761904762";"0,2941176470588235";"0,2777777777777778";"1,04808590102708";"0,0480859010270773";"0,4543429844097996";"0,2806236080178174";"0,2650334075723831";"1";"0,4601618425147838";"0,2780890133831311";"0,2617491441020854";"1";FALSE;"0,4601744578604878";"0,2779799640763886";"0,2618455780631236";"1,04611206147482";"1";"3";"1";"H";"1";"0";"0"
"26/09/2021";"Arsenal";"Tottenham";"IW";"Casa de apuestas";"2,15";"3,25";"3,55";"0,4651162790697674";"0,3076923076923077";"0,2816901408450704";"1,05449872760715";"0,0544987276071456";"0,4410780846793463";"0,2917901175571060";"0,2671317977635477";"1";"0,4469500365340522";"0,2895260651565925";"0,2635238983093552";"1";FALSE;"0,4469337988627655";"0,2893677567622505";"0,2636984443749840";"1,05209487842588";"1";"3";"1";"H";"1";"0";"0"
"26/09/2021";"Southampton";"Wolves";"B365";"Casa de apuestas";"2,10";"3,30";"3,60";"0,4761904761904762";"0,3030303030303030";"0,2777777777777778";"1,05699855699856";"0,0569985569985572";"0,4505119453924915";"0,2866894197952218";"0,2627986348122867";"1";"0,4571909571909571";"0,2840307840307839";"0,2587782587782587";"1";FALSE;"0,4572163718211961";"0,2838372433922542";"0,2589463847865499";"1,05480408066708";"1";"0";"1";"A";"0";"0";"1"
"26/09/2021";"Southampton";"Wolves";"BW";"Casa de apuestas";"2,20";"3,30";"3,40";"0,4545454545454545";"0,3030303030303030";"0,2941176470588235";"1,05169340463458";"0,0516934046345812";"0,4322033898305085";"0,2881355932203390";"0,2796610169491525";"1";"0,4373143196672608";"0,2857991681521093";"0,2768865121806298";"1";FALSE;"0,4372757046806532";"0,2857678526118356";"0,2769564427075112";"1,04912633357969";"1";"0";"1";"A";"0";"0";"1"
"26/09/2021";"Southampton";"Wolves";"IW";"Casa de apuestas";"2,25";"3,15";"3,45";"0,4444444444444444";"0,3174603174603174";"0,2898550724637681";"1,05175983436853";"0,0517598343685299";"0,4225721784776903";"0,3018372703412073";"0,2755905511811024";"1";"0,4271911663216011";"0,3002070393374741";"0,2726017943409249";"1";FALSE;"0,4271222590312503";"0,3000961595165019";"0,2727815814522476";"1,04902366295883";"1";"0";"1";"A";"0";"0";"1"
"27/09/2021";"Crystal Palace";"Brighton";"B365";"Casa de apuestas";"2,80";"3,10";"2,70";"0,3571428571428572";"0,3225806451612903";"0,3703703703703703";"1,05009387267452";"0,0500938726745179";"0,3401056481105243";"0,3071921982933767";"0,3527021535960991";"1";"0,3404448995846846";"0,3058826876031177";"0,3536724128121976";"1";FALSE;"0,3403970629611703";"0,3059992854446095";"0,3536036515942203";"1,04664159643486";"1";"1";"1";"D";"0";"1";"0"
"27/09/2021";"Crystal Palace";"Brighton";"BW";"Casa de apuestas";"2,75";"3,10";"2,75";"0,3636363636363636";"0,3225806451612903";"0,3636363636363636";"1,04985337243402";"0,0498533724340176";"0,3463687150837989";"0,3072625698324022";"0,3463687150837989";"1";"0,3470185728250244";"0,3059628543499511";"0,3470185728250244";"1";FALSE;"0,3469597705974058";"0,3060804588051883";"0,3469597705974058";"1,04640716354997";"1";"1";"1";"D";"0";"1";"0"
"27/09/2021";"Crystal Palace";"Brighton";"IW";"Casa de apuestas";"2,90";"3,05";"2,65";"0,3448275862068966";"0,3278688524590164";"0,3773584905660378";"1,05005492923195";"0,0500549292319508";"0,3283900457084815";"0,3122397155916709";"0,3593702386998477";"1";"0,3281426097962463";"0,3111838760483662";"0,3606735141553876";"1";FALSE;"0,3281340731715835";"0,3112638777768139";"0,3606020490516027";"1,04660632764515";"1";"1";"1";"D";"0";"1";"0"
"02/10/2021";"Brighton";"Arsenal";"B365";"Casa de apuestas";"3,20";"3,25";"2,30";"0,3125000000000000";"0,3076923076923077";"0,4347826086956522";"1,05497491638796";"0,0549749163879598";"0,2962155736080840";"0,2916584109371904";"0,4121260154547257";"1";"0,2941750278706801";"0,2893673355629878";"0,4164576365663323";"1";FALSE;"0,2941880324596310";"0,2894290061747765";"0,4163829613655924";"1,05191531448440";"1";"0";"0";"D";"0";"1";"0"
"02/10/2021";"Brighton";"Arsenal";"BW";"Casa de apuestas";"3,00";"3,20";"2,45";"0,3333333333333333";"0,3125000000000000";"0,4081632653061224";"1,05399659863946";"0,0539965986394557";"0,3162565550625252";"0,2964905203711174";"0,3872529245663574";"1";"0,3153344671201814";"0,2945011337868481";"0,3901643990929705";"1";FALSE;"0,3153033295673787";"0,2946328172983864";"0,3900638531342349";"1,05061645895856";"1";"0";"0";"D";"0";"1";"0"
"02/10/2021";"Brighton";"Arsenal";"IW";"Casa de apuestas";"3,25";"3,25";"2,30";"0,3076923076923077";"0,3076923076923077";"0,4347826086956522";"1,05016722408027";"0,0501672240802677";"0,2929936305732484";"0,2929936305732484";"0,4140127388535031";"1";"0,2909698996655518";"0,2909698996655518";"0,4180602006688963";"1";FALSE;"0,2910070287534151";"0,2910070287534151";"0,4179859424931698";"1,04730210463786";"1";"0";"0";"D";"0";"1";"0"
"02/10/2021";"Burnley";"Norwich";"B365";"Casa de apuestas";"1,90";"3,60";"4,00";"0,5263157894736842";"0,2777777777777778";"0,2500000000000000";"1,05409356725146";"0,0540935672514620";"0,4993065187239945";"0,2635228848821082";"0,2371705963938974";"1";"0,5082846003898636";"0,2597465886939571";"0,2319688109161793";"1";FALSE;"0,5085300683909525";"0,2593597015324766";"0,2321102300765709";"1,05355899257493";"1";"0";"0";"D";"0";"1";"0"
"02/10/2021";"Burnley";"Norwich";"BW";"Casa de apuestas";"1,91";"3,60";"4,00";"0,5235602094240838";"0,2777777777777778";"0,2500000000000000";"1,05133798720186";"0,0513379872018616";"0,4979941900677826";"0,2642135841748513";"0,2377922257573662";"1";"0,5064475470234633";"0,2606651153771573";"0,2328873375993795";"1";FALSE;"0,5066601739355596";"0,2603095170035024";"0,2330303090609381";"1,05070524191779";"1";"0";"0";"D";"0";"1";"0"
"02/10/2021";"Burnley";"Norwich";"IW";"Casa de apuestas";"1,95";"3,50";"3,90";"0,5128205128205129";"0,2857142857142857";"0,2564102564102564";"1,05494505494505";"0,0549450549450550";"0,4861111111111112";"0,2708333333333333";"0,2430555555555555";"1";"0,4945054945054945";"0,2673992673992673";"0,2380952380952381";"1";FALSE;"0,4946819010709633";"0,2670511737927662";"0,2382669251362705";"1,05392241789147";"1";"0";"0";"D";"0";"1";"0"
"02/10/2021";"Chelsea";"Southampton";"B365";"Casa de apuestas";"1,40";"4,75";"8,00";"0,7142857142857143";"0,2105263157894737";"0,1250000000000000";"1,04981203007519";"0,0498120300751879";"0,6803939122649956";"0,2005371530886303";"0,1190689346463742";"1";"0,6976817042606517";"0,1939223057644111";"0,1083959899749374";"1";FALSE;"0,6993663437505887";"0,1909213559176248";"0,1097123003317865";"1,06273427104978";"1";"3";"1";"H";"1";"0";"0"
"02/10/2021";"Chelsea";"Southampton";"BW";"Casa de apuestas";"1,42";"4,50";"8,00";"0,7042253521126761";"0,2222222222222222";"0,1250000000000000";"1,05144757433490";"0,0514475743348983";"0,6697674418604651";"0,2113488372093023";"0,1188837209302326";"1";"0,6870761606677100";"0,2050730307772561";"0,1078508085550339";"1";FALSE;"0,6886442299035713";"0,2018874518721263";"0,1094683182243026";"1,06380490075612";"1";"3";"1";"H";"1";"0";"0"
"02/10/2021";"Chelsea";"Southampton";"IW";"Casa de apuestas";"1,37";"4,90";"8,25";"0,7299270072992701";"0,2040816326530612";"0,1212121212121212";"1,05522076116445";"0,0552207611644526";"0,6917291946509698";"0,1934018360554752";"0,1148689692935550";"1";"0,7115200869111192";"0,1856747122649103";"0,1028052008239703";"1";FALSE;"0,7136568016259941";"0,1821300830868701";"0,1042131152871358";"1,07160607787533";"1";"3";"1";"H";"1";"0";"0"
"02/10/2021";"Leeds";"Watford";"B365";"Casa de apuestas";"1,72";"3,80";"4,75";"0,5813953488372093";"0,2631578947368421";"0,2105263157894737";"1,05507955936353";"0,0550795593635252";"0,5510440835266821";"0,2494199535962877";"0,1995359628770302";"1";"0,5630354957160343";"0,2447980416156670";"0,1921664626682986";"1";FALSE;"0,5636294546625474";"0,2438029102346781";"0,1925676351027746";"1,05722396798165";"1";"1";"0";"H";"1";"0";"0"
"02/10/2021";"Leeds";"Watford";"BW";"Casa de apuestas";"1,72";"4,00";"4,50";"0,5813953488372093";"0,2500000000000000";"0,2222222222222222";"1,05361757105943";"0,0536175710594315";"0,5518087063151441";"0,2372777437155119";"0,2109135499693439";"1";"0,5635228251507322";"0,2321274763135228";"0,2043496985357451";"1";FALSE;"0,5641343137692671";"0,2314630614402101";"0,2044026247905227";"1,05557305940306";"1";"1";"0";"H";"1";"0";"0"
"02/10/2021";"Leeds";"Watford";"IW";"Casa de apuestas";"1,75";"3,95";"4,30";"0,5714285714285714";"0,2531645569620253";"0,2325581395348837";"1,05715126792548";"0,0571512679254804";"0,5405362399554460";"0,2394780809929191";"0,2199856790516350";"1";"0,5523781487867446";"0,2341141343201985";"0,2135077168930569";"1";FALSE;"0,5529660750808042";"0,2335552853745387";"0,2134786395446572";"1,05868819137205";"1";"1";"0";"H";"1";"0";"0"
"02/10/2021";"Man United";"Everton";"B365";"Casa de apuestas";"1,55";"4,00";"6,50";"0,6451612903225806";"0,2500000000000000";"0,1538461538461539";"1,04900744416873";"0,0490074441687345";"0,6150206978119456";"0,2383205204021289";"0,1466587817859256";"1";"0,6288254755996692";"0,2336641852770885";"0,1375103391232424";"1";FALSE;"0,6297192206781594";"0,2315574261668406";"0,1387233531550000";"1,05527903456253";"1";"1";"1";"D";"0";"1";"0"
"02/10/2021";"Man United";"Everton";"BW";"Casa de apuestas";"1,55";"4,10";"6,25";"0,6451612903225806";"0,2439024390243903";"0,1600000000000000";"1,04906372934697";"0,0490637293469709";"0,6149877002459950";"0,2324953500929982";"0,1525169496610068";"1";"0,6288067138735903";"0,2275478625754000";"0,1436454235510097";"1";FALSE;"0,6297493546863437";"0,2256362906876653";"0,1446143546259909";"1,05516984710574";"1";"1";"1";"D";"0";"1";"0"
"02/10/2021";"Man United";"Everton";"IW";"Casa de apuestas";"1,60";"3,95";"5,75";"0,6250000000000000";"0,2531645569620253";"0,1739130434782609";"1,05207760044029";"0,0520776004402861";"0,5940626430392990";"0,2406329693323742";"0,1653043876283267";"1";"0,6076407998532379";"0,2358053568152632";"0,1565538433314989";"1";FALSE;"0,6084831068065570";"0,2341028241617623";"0,1574140690316807";"1,05698360194408";"1";"1";"1";"D";"0";"1";"0"
"02/10/2021";"Wolves";"Newcastle";"B365";"Casa de apuestas";"1,70";"3,75";"5,00";"0,5882352941176471";"0,2666666666666667";"0,2000000000000000";"1,05490196078431";"0,0549019607843138";"0,5576208178438662";"0,2527881040892194";"0,1895910780669145";"1";"0,5699346405228758";"0,2483660130718955";"0,1816993464052288";"1";FALSE;"0,5705483036850130";"0,2471396274740118";"0,1823120688409753";"1,05753405157941";"1";"2";"1";"H";"1";"0";"0"
"02/10/2021";"Wolves";"Newcastle";"BW";"Casa de apuestas";"1,75";"3,75";"4,75";"0,5714285714285714";"0,2666666666666667";"0,2105263157894737";"1,04862155388471";"0,0486215538847117";"0,5449330783938814";"0,2543021032504780";"0,2007648183556405";"1";"0,5552213868003342";"0,2504594820384295";"0,1943191311612365";"1";FALSE;"0,5556540667909700";"0,2496054458817933";"0,1947404873272368";"1,05002284257490";"1";"2";"1";"H";"1";"0";"0"
"02/10/2021";"Wolves";"Newcastle";"IW";"Casa de apuestas";"1,77";"3,70";"4,60";"0,5649717514124294";"0,2702702702702702";"0,2173913043478261";"1,05263332603053";"0,0526333260305258";"0,5367222730282868";"0,2567563306108290";"0,2065213963608843";"1";"0,5474273094022541";"0,2527258282600949";"0,1998468623376508";"1";FALSE;"0,5478681915432395";"0,2518876244043691";"0,2002441840523914";"1,05383905771102";"1";"2";"1";"H";"1";"0";"0"
"03/10/2021";"Crystal Palace";"Leicester";"B365";"Casa de apuestas";"2,80";"3,25";"2,62";"0,3571428571428572";"0,3076923076923077";"0,3816793893129771";"1,04651455414814";"0,0465145541481420";"0,3412688870185564";"0,2940162718929101";"0,3647148410885335";"1";"0,3416380057601432";"0,2921874563095937";"0,3661745379302631";"1";FALSE;"0,3415562022291743";"0,2923692245241406";"0,3660745732466853";"1,04333991859209";"1";"2";"2";"D";"0";"1";"0"
"03/10/2021";"Crystal Palace";"Leicester";"BW";"Casa de apuestas";"2,80";"3,30";"2,55";"0,3571428571428572";"0,3030303030303030";"0,3921568627450981";"1,05233002291826";"0,0523300229182584";"0,3393829401088929";"0,2879612825166363";"0,3726557773744706";"1";"0,3396995161701044";"0,2855869620575502";"0,3747135217723453";"1";FALSE;"0,3395856138951283";"0,2858247401250850";"0,3745896459797867";"1,04895961491265";"1";"2";"2";"D";"0";"1";"0"
"03/10/2021";"Crystal Palace";"Leicester";"IW";"Casa de apuestas";"2,85";"3,15";"2,60";"0,3508771929824561";"0,3174603174603174";"0,3846153846153846";"1,05295289505816";"0,0529528950581581";"0,3332316142813549";"0,3014952700640829";"0,3652731156545621";"1";"0,3332262279630701";"0,2998093524409314";"0,3669644195959986";"1";FALSE;"0,3331737910908089";"0,2999552728034371";"0,3668709361057541";"1,04943291965121";"1";"2";"2";"D";"0";"1";"0"
"03/10/2021";"Liverpool";"Man City";"B365";"Casa de apuestas";"2,90";"3,60";"2,30";"0,3448275862068966";"0,2777777777777778";"0,4347826086956522";"1,05738797268033";"0,0573879726803266";"0,3261126427727452";"0,2627018511224892";"0,4111855061047657";"1";"0,3256982619801210";"0,2586484535510022";"0,4156532844688767";"1";FALSE;"0,3254140008832914";"0,2590723284675940";"0,4155136706491145";"1,05442447364540";"1";"2";"2";"D";"0";"1";"0"
"03/10/2021";"Liverpool";"Man City";"BW";"Casa de apuestas";"3,00";"3,60";"2,30";"0,3333333333333333";"0,2777777777777778";"0,4347826086956522";"1,04589371980676";"0,0458937198067635";"0,3187066974595842";"0,2655889145496536";"0,4157043879907621";"1";"0,3180354267310788";"0,2624798711755233";"0,4194847020933977";"1";FALSE;"0,3178411966097290";"0,2627839673019448";"0,4193748360883262";"1,04331929879880";"1";"2";"2";"D";"0";"1";"0"
"03/10/2021";"Liverpool";"Man City";"IW";"Casa de apuestas";"2,90";"3,40";"2,45";"0,3448275862068966";"0,2941176470588235";"0,4081632653061224";"1,04710849857184";"0,0471084985718426";"0,3293140936944061";"0,2808855505040522";"0,3898003558015418";"1";"0,3291247533496157";"0,2784148142015426";"0,3924604324488415";"1";FALSE;"0,3290026846127940";"0,2786573093083012";"0,3923400060789048";"1,04412337521177";"1";"2";"2";"D";"0";"1";"0"
"03/10/2021";"Tottenham";"Aston Villa";"B365";"Casa de apuestas";"2,05";"3,40";"3,70";"0,4878048780487805";"0,2941176470588235";"0,2702702702702702";"1,05219279537787";"0,0521927953778742";"0,4636078864934587";"0,2795282845034089";"0,2568638290031325";"1";"0,4704072795894891";"0,2767200485995321";"0,2528726718109788";"1";FALSE;"0,4704650584126541";"0,2765181769475084";"0,2530167646398374";"1,05042043462521";"1";"2";"1";"H";"1";"0";"0"
"03/10/2021";"Tottenham";"Aston Villa";"BW";"Casa de apuestas";"2,00";"3,50";"3,75";"0,5000000000000000";"0,2857142857142857";"0,2666666666666667";"1,05238095238095";"0,0523809523809524";"0,4751131221719457";"0,2714932126696832";"0,2533936651583711";"1";"0,4825396825396825";"0,2682539682539682";"0,2492063492063493";"1";FALSE;"0,4826510951699511";"0,2680483142496864";"0,2493005905803625";"1,05094744239563";"1";"2";"1";"H";"1";"0";"0"
"03/10/2021";"Tottenham";"Aston Villa";"IW";"Casa de apuestas";"2,10";"3,35";"3,55";"0,4761904761904762";"0,2985074626865671";"0,2816901408450704";"1,05638807972211";"0,0563880797221137";"0,4507722922391738";"0,2825736757320193";"0,2666540320288069";"1";"0,4573944496164383";"0,2797114361125292";"0,2628941142710325";"1";FALSE;"0,4574240080197511";"0,2795772931950463";"0,2629986987852028";"1,05419213132815";"1";"2";"1";"H";"1";"0";"0"
"03/10/2021";"West Ham";"Brentford";"B365";"Casa de apuestas";"1,72";"3,75";"4,75";"0,5813953488372093";"0,2666666666666667";"0,2105263157894737";"1,05858833129335";"0,0585883312933497";"0,5492176057966546";"0,2519078085253990";"0,1988745856779465";"1";"0,5618659050727595";"0,2471372229022168";"0,1909968720250238";"1";FALSE;"0,5625012455388514";"0,2460365041493148";"0,1914622503118338";"1,06091860598588";"1";"1";"2";"A";"0";"0";"1"
"03/10/2021";"West Ham";"Brentford";"BW";"Casa de apuestas";"1,75";"3,70";"4,75";"0,5714285714285714";"0,2702702702702702";"0,2105263157894737";"1,05222515748832";"0,0522251574883152";"0,5430668211664735";"0,2568559289300888";"0,2000772499034377";"1";"0,5540201855991330";"0,2528618844408318";"0,1931179299600353";"1";FALSE;"0,5544877033058833";"0,2519078395064582";"0,1936044571876585";"1,05377771916939";"1";"1";"2";"A";"0";"0";"1"
"03/10/2021";"West Ham";"Brentford";"IW";"Casa de apuestas";"1,80";"3,70";"4,50";"0,5555555555555556";"0,2702702702702702";"0,2222222222222222";"1,04804804804805";"0,0480480480480479";"0,5300859598853870";"0,2578796561604584";"0,2120343839541547";"1";"0,5395395395395396";"0,2542542542542542";"0,2062062062062062";"1";FALSE;"0,5398808745932583";"0,2535898056496956";"0,2065293197570461";"1,04869130787082";"1";"1";"2";"A";"0";"0";"1"
"16/10/2021";"Aston Villa";"Wolves";"B365";"Casa de apuestas";"2,00";"3,25";"4,00";"0,5000000000000000";"0,3076923076923077";"0,2500000000000000";"1,05769230769231";"0,0576923076923077";"0,4727272727272727";"0,2909090909090909";"0,2363636363636364";"1";"0,4807692307692308";"0,2884615384615385";"0,2307692307692308";"1";FALSE;"0,4808534111858072";"0,2879265857651659";"0,2312200030490270";"1,05633094140648";"1";"2";"3";"A";"0";"0";"1"
"16/10/2021";"Aston Villa";"Wolves";"BW";"Casa de apuestas";"2,15";"3,30";"3,50";"0,4651162790697674";"0,3030303030303030";"0,2857142857142857";"1,05386086781436";"0,0538608678143562";"0,4413450515857852";"0,2875429881543752";"0,2711119602598395";"1";"0,4471626564649820";"0,2850766804255176";"0,2677606631095003";"1";FALSE;"0,4471510339954621";"0,2849727316125493";"0,2678762343919885";"1,05146005288736";"1";"2";"3";"A";"0";"0";"1"
"16/10/2021";"Aston Villa";"Wolves";"IW";"Casa de apuestas";"2,10";"3,15";"3,80";"0,4761904761904762";"0,3174603174603174";"0,2631578947368421";"1,05680868838764";"0,0568086883876358";"0,4505928853754941";"0,3003952569169960";"0,2490118577075099";"1";"0,4572542467279310";"0,2985240879977721";"0,2442216652742968";"1";FALSE;"0,4572431168584608";"0,2981393365985265";"0,2446175465430128";"1,05472524159555";"1";"2";"3";"A";"0";"0";"1"
"16/10/2021";"Brentford";"Chelsea";"B365";"Casa de apuestas";"5,75";"3,90";"1,60";"0,1739130434782609";"0,2564102564102564";"0,6250000000000000";"1,05532329988852";"0,0553232998885174";"0,1647959857388090";"0,2429684405123465";"0,5922355737488446";"1";"0,1554719435154218";"0,2379691564474173";"0,6065589000371608";"1";FALSE;"0,1564268696134639";"0,2361177322395135";"0,6074553981470225";"1,06058016179727";"1";"0";"1";"A";"0";"0";"1"
"16/10/2021";"Brentford";"Chelsea";"BW";"Casa de apuestas";"7,00";"3,95";"1,52";"0,1428571428571428";"0,2531645569620253";"0,6578947368421053";"1,05391643666127";"0,0539164366612734";"0,1355488327990246";"0,2402131214159931";"0,6242380457849822";"1";"0,1248849973033850";"0,2351924114082675";"0,6399225912883475";"1";FALSE;"0,1265762288666221";"0,2324370523949923";"0,6409867187383855";"1,06218190679162";"1";"0";"1";"A";"0";"0";"1"
"16/10/2021";"Brentford";"Chelsea";"IW";"Casa de apuestas";"5,25";"3,85";"1,65";"0,1904761904761905";"0,2597402597402597";"0,6060606060606061";"1,05627705627706";"0,0562770562770563";"0,1803278688524590";"0,2459016393442623";"0,5737704918032787";"1";"0,1717171717171717";"0,2409812409812410";"0,5873015873015873";"1";FALSE;"0,1724001619349777";"0,2395166121687246";"0,5880832258962978";"1,06012978929634";"1";"0";"1";"A";"0";"0";"1"
"16/10/2021";"Leicester";"Man United";"B365";"Casa de apuestas";"3,60";"3,75";"1,95";"0,2777777777777778";"0,2666666666666667";"0,5128205128205129";"1,05726495726496";"0,0572649572649575";"0,2627324171382376";"0,2522231204527082";"0,4850444624090541";"1";"0,2586894586894586";"0,2475783475783475";"0,4937321937321937";"1";FALSE;"0,2584872606687534";"0,2475792293379047";"0,4939335099933419";"1,05618949236652";"1";"4";"2";"H";"1";"0";"0"
"16/10/2021";"Leicester";"Man United";"BW";"Casa de apuestas";"3,75";"3,50";"2,00";"0,2666666666666667";"0,2857142857142857";"0,5000000000000000";"1,05238095238095";"0,0523809523809524";"0,2533936651583711";"0,2714932126696832";"0,4751131221719457";"1";"0,2492063492063493";"0,2682539682539682";"0,4825396825396825";"1";FALSE;"0,2493005905803625";"0,2680483142496864";"0,4826510951699511";"1,05094744239563";"1";"4";"2";"H";"1";"0";"0"
"16/10/2021";"Leicester";"Man United";"IW";"Casa de apuestas";"3,50";"3,75";"2,00";"0,2857142857142857";"0,2666666666666667";"0,5000000000000000";"1,05238095238095";"0,0523809523809524";"0,2714932126696832";"0,2533936651583711";"0,4751131221719457";"1";"0,2682539682539682";"0,2492063492063493";"0,4825396825396825";"1";FALSE;"0,2680483142496864";"0,2493005905803625";"0,4826510951699511";"1,05094744239563";"1";"4";"2";"H";"1";"0";"0"
"16/10/2021";"Man City";"Burnley";"B365";"Casa de apuestas";"1,12";"9,00";"19,00";"0,8928571428571428";"0,1111111111111111";"0,0526315789473684";"1,05659983291562";"0,0565998329156223";"0,8450286617908678";"0,1051591223561969";"0,0498122158529353";"1";"0,8739905318852687";"0,0922445001392370";"0,0337649679754943";"1";FALSE;"0,8800051243187068";"0,0838832303099647";"0,0361116453713286";"1,12793639219514";"1";"2";"0";"H";"1";"0";"0"
"16/10/2021";"Man City";"Burnley";"BW";"Casa de apuestas";"1,13";"8,50";"21,00";"0,8849557522123894";"0,1176470588235294";"0,0476190476190476";"1,05022185865497";"0,0502218586549665";"0,8426369580097717";"0,1120211485354167";"0,0453418934548115";"1";"0,8682151326607339";"0,1009064392718739";"0,0308784280673921";"1";FALSE;"0,8730922484536321";"0,0928850545564130";"0,0340226969899550";"1,11042946396675";"1";"2";"0";"H";"1";"0";"0"
"16/10/2021";"Man City";"Burnley";"IW";"Casa de apuestas";"1,15";"8,75";"18,00";"0,8695652173913044";"0,1142857142857143";"0,0555555555555556";"1,03940648723257";"0,0394064872325743";"0,8365978354690923";"0,1099528583759379";"0,0534493061549698";"1";"0,8564297216471130";"0,1011502185415229";"0,0424200598113642";"1";FALSE;"0,8598802115562079";"0,0960508655122680";"0,0440689229315241";"1,08013802440645";"1";"2";"0";"H";"1";"0";"0"
"16/10/2021";"Norwich";"Brighton";"B365";"Casa de apuestas";"3,90";"3,50";"1,95";"0,2564102564102564";"0,2857142857142857";"0,5128205128205129";"1,05494505494505";"0,0549450549450552";"0,2430555555555555";"0,2708333333333333";"0,4861111111111112";"1";"0,2380952380952380";"0,2673992673992673";"0,4945054945054945";"1";FALSE;"0,2382669251362705";"0,2670511737927662";"0,4946819010709633";"1,05392241789147";"1";"0";"0";"D";"0";"1";"0"
"16/10/2021";"Norwich";"Brighton";"BW";"Casa de apuestas";"3,60";"3,50";"2,05";"0,2777777777777778";"0,2857142857142857";"0,4878048780487805";"1,05129694154084";"0,0512969415408440";"0,2642238998342847";"0,2717731541152642";"0,4640029460504511";"1";"0,2606787972641631";"0,2686153052006710";"0,4707058975351658";"1";FALSE;"0,2607042439702975";"0,2685272945555915";"0,4707684614741109";"1,04952233388446";"1";"0";"0";"D";"0";"1";"0"
"16/10/2021";"Norwich";"Brighton";"IW";"Casa de apuestas";"4,00";"3,40";"1,95";"0,2500000000000000";"0,2941176470588235";"0,5128205128205129";"1,05693815987934";"0,0569381598793366";"0,2365322868355333";"0,2782732786300392";"0,4851944345344275";"1";"0,2310206133735545";"0,2751382604323779";"0,4938411261940673";"1";FALSE;"0,2313395521002488";"0,2746505959753011";"0,4940098519244502";"1,05595807519874";"1";"0";"0";"D";"0";"1";"0"
"16/10/2021";"Southampton";"Leeds";"B365";"Casa de apuestas";"2,10";"3,60";"3,30";"0,4761904761904762";"0,2777777777777778";"0,3030303030303030";"1,05699855699856";"0,0569985569985569";"0,4505119453924915";"0,2627986348122867";"0,2866894197952218";"1";"0,4571909571909573";"0,2587782587782588";"0,2840307840307840";"1";FALSE;"0,4572163718211960";"0,2589463847865498";"0,2838372433922541";"1,05480408066708";"1";"1";"0";"H";"1";"0";"0"
"16/10/2021";"Southampton";"Leeds";"BW";"Casa de apuestas";"2,40";"3,50";"2,90";"0,4166666666666667";"0,2857142857142857";"0,3448275862068966";"1,04720853858785";"0,0472085385878489";"0,3978831830654646";"0,2728341826734614";"0,3292826342610741";"1";"0,4009304871373837";"0,2699781061850027";"0,3290914066776136";"1";FALSE;"0,4008004627752083";"0,2702745474298233";"0,3289249897949683";"1,04434520111686";"1";"1";"0";"H";"1";"0";"0"
"16/10/2021";"Southampton";"Leeds";"IW";"Casa de apuestas";"2,10";"3,55";"3,35";"0,4761904761904762";"0,2816901408450704";"0,2985074626865671";"1,05638807972211";"0,0563880797221137";"0,4507722922391738";"0,2666540320288069";"0,2825736757320193";"1";"0,4573944496164383";"0,2628941142710325";"0,2797114361125292";"1";FALSE;"0,4574240080197511";"0,2629986987852028";"0,2795772931950463";"1,05419213132815";"1";"1";"0";"H";"1";"0";"0"
"16/10/2021";"Watford";"Liverpool";"B365";"Casa de apuestas";"9,00";"5,75";"1,30";"0,1111111111111111";"0,1739130434782609";"0,7692307692307692";"1,05425492382014";"0,0542549238201411";"0,1053930207966162";"0,1649629890729644";"0,7296439901304195";"1";"0,0930261365043974";"0,1558280688715472";"0,7511457946240555";"1";FALSE;"0,0939210576490502";"0,1521323501361771";"0,7539465922147727";"1,07649472256663";"1";"0";"5";"A";"0";"0";"1"
"16/10/2021";"Watford";"Liverpool";"BW";"Casa de apuestas";"8,00";"5,25";"1,35";"0,1250000000000000";"0,1904761904761905";"0,7407407407407407";"1,05621693121693";"0,0562169312169312";"0,1183469004383219";"0,1803381340012524";"0,7013149655604258";"1";"0,1062610229276896";"0,1717372134038801";"0,7220017636684303";"1";FALSE;"0,1071335768101866";"0,1684320395554758";"0,7244343836343377";"1,07417246261818";"1";"0";"5";"A";"0";"0";"1"
"16/10/2021";"Watford";"Liverpool";"IW";"Casa de apuestas";"8,00";"5,25";"1,35";"0,1250000000000000";"0,1904761904761905";"0,7407407407407407";"1,05621693121693";"0,0562169312169312";"0,1183469004383219";"0,1803381340012524";"0,7013149655604258";"1";"0,1062610229276896";"0,1717372134038801";"0,7220017636684303";"1";FALSE;"0,1071335768101866";"0,1684320395554758";"0,7244343836343377";"1,07417246261818";"1";"0";"5";"A";"0";"0";"1"
"17/10/2021";"Everton";"West Ham";"B365";"Casa de apuestas";"2,80";"3,20";"2,60";"0,3571428571428572";"0,3125000000000000";"0,3846153846153846";"1,05425824175824";"0,0542582417582418";"0,3387622149837134";"0,2964169381107492";"0,3648208469055374";"1";"0,3390567765567766";"0,2944139194139194";"0,3665293040293040";"1";FALSE;"0,3389746743779594";"0,2946012736901615";"0,3664240519318792";"1,05070850761910";"1";"0";"1";"A";"0";"0";"1"
"17/10/2021";"Everton";"West Ham";"BW";"Casa de apuestas";"2,45";"3,50";"2,75";"0,4081632653061224";"0,2857142857142857";"0,3636363636363636";"1,05751391465677";"0,0575139146567718";"0,3859649122807018";"0,2701754385964913";"0,3438596491228070";"1";"0,3889919604205318";"0,2665429808286951";"0,3444650587507730";"1";FALSE;"0,3888109422120984";"0,2669560597566474";"0,3442329980312542";"1,05420677138235";"1";"0";"1";"A";"0";"0";"1"
"17/10/2021";"Everton";"West Ham";"IW";"Casa de apuestas";"2,85";"3,25";"2,55";"0,3508771929824561";"0,3076923076923077";"0,3921568627450981";"1,05072636341986";"0,0507263634198618";"0,3339377455424600";"0,2928377153218495";"0,3732245391356906";"1";"0,3339684051758355";"0,2907835198856871";"0,3752480749384775";"1";FALSE;"0,3338858248437198";"0,2909753287187058";"0,3751388464375746";"1,04739453043671";"1";"0";"1";"A";"0";"0";"1"
"17/10/2021";"Newcastle";"Tottenham";"B365";"Casa de apuestas";"3,50";"3,60";"2,05";"0,2857142857142857";"0,2777777777777778";"0,4878048780487805";"1,05129694154084";"0,0512969415408440";"0,2717731541152642";"0,2642238998342847";"0,4640029460504511";"1";"0,2686153052006710";"0,2606787972641631";"0,4707058975351658";"1";FALSE;"0,2685272945555915";"0,2607042439702975";"0,4707684614741109";"1,04952233388446";"1";"2";"3";"A";"0";"0";"1"
"17/10/2021";"Newcastle";"Tottenham";"BW";"Casa de apuestas";"3,40";"3,60";"2,00";"0,2941176470588235";"0,2777777777777778";"0,5000000000000000";"1,07189542483660";"0,0718954248366013";"0,2743902439024390";"0,2591463414634146";"0,4664634146341464";"1";"0,2701525054466231";"0,2538126361655774";"0,4760348583877996";"1";FALSE;"0,2698891656738374";"0,2538738948399029";"0,4762369394862598";"1,07024856678906";"1";"2";"3";"A";"0";"0";"1"
"17/10/2021";"Newcastle";"Tottenham";"IW";"Casa de apuestas";"3,50";"3,55";"2,05";"0,2857142857142857";"0,2816901408450704";"0,4878048780487805";"1,05520930460814";"0,0552093046081366";"0,2707655101850991";"0,2669519114500977";"0,4622825783648033";"1";"0,2673111841782402";"0,2632870393090249";"0,4694017765127350";"1";FALSE;"0,2672431033217865";"0,2632798074682404";"0,4694770892099732";"1,05334893246992";"1";"2";"3";"A";"0";"0";"1"
"18/10/2021";"Arsenal";"Crystal Palace";"B365";"Casa de apuestas";"1,57";"4,00";"6,00";"0,6369426751592356";"0,2500000000000000";"0,1666666666666667";"1,05360934182590";"0,0536093418259023";"0,6045340050377834";"0,2372795969773300";"0,1581863979848867";"1";"0,6190728945506015";"0,2321302193913659";"0,1487968860580326";"1";FALSE;"0,6200447226747431";"0,2301717232225251";"0,1497835541027318";"1,05960874337665";"1";"2";"2";"D";"0";"1";"0"
"18/10/2021";"Arsenal";"Crystal Palace";"BW";"Casa de apuestas";"1,62";"3,90";"5,75";"0,6172839506172839";"0,2564102564102564";"0,1739130434782609";"1,04760725050580";"0,0476072505058012";"0,5892322244994482";"0,2447580009459246";"0,1660097745546272";"1";"0,6014148671153502";"0,2405411729083227";"0,1580439599763272";"1";FALSE;"0,6020970234090451";"0,2390095283330266";"0,1588934482579282";"1,05163594262194";"1";"2";"2";"D";"0";"1";"0"
"18/10/2021";"Arsenal";"Crystal Palace";"IW";"Casa de apuestas";"1,63";"3,95";"5,50";"0,6134969325153374";"0,2531645569620253";"0,1818181818181818";"1,04847967129554";"0,0484796712955446";"0,5851300214121227";"0,2414587176966481";"0,1734112608912291";"1";"0,5973370420834893";"0,2370046665301771";"0,1656582913863336";"1";FALSE;"0,5980378084014701";"0,2356347164107898";"0,1663274751877402";"1,05223563528132";"1";"2";"2";"D";"0";"1";"0"
"22/10/2021";"Arsenal";"Aston Villa";"B365";"Casa de apuestas";"1,85";"3,75";"4,00";"0,5405405405405405";"0,2666666666666667";"0,2500000000000000";"1,05720720720721";"0,0572072072072072";"0,5112910097997443";"0,2522368981678739";"0,2364720920323818";"1";"0,5214714714714714";"0,2475975975975976";"0,2309309309309309";"1";FALSE;"0,5218368990161221";"0,2472349946382050";"0,2309281063456730";"1,05724216006954";"1";"3";"1";"H";"1";"0";"0"
"22/10/2021";"Arsenal";"Aston Villa";"BW";"Casa de apuestas";"1,90";"3,50";"4,00";"0,5263157894736842";"0,2857142857142857";"0,2500000000000000";"1,06203007518797";"0,0620300751879699";"0,4955752212389380";"0,2690265486725664";"0,2353982300884956";"1";"0,5056390977443609";"0,2650375939849624";"0,2293233082706767";"1";FALSE;"0,5059307650575013";"0,2645138525014339";"0,2295553824410646";"1,06154291760893";"1";"3";"1";"H";"1";"0";"0"
"22/10/2021";"Arsenal";"Aston Villa";"IW";"Casa de apuestas";"1,95";"3,60";"3,85";"0,5128205128205129";"0,2777777777777778";"0,2597402597402597";"1,05033855033855";"0,0503385503385503";"0,4882430647291943";"0,2644649933949802";"0,2472919418758256";"1";"0,4960409960409961";"0,2609982609982610";"0,2429607429607429";"1";FALSE;"0,4962016970732800";"0,2607687848703814";"0,2430295180563386";"1,04932908968642";"1";"3";"1";"H";"1";"0";"0"
"23/10/2021";"Brighton";"Man City";"B365";"Casa de apuestas";"8,50";"4,75";"1,36";"0,1176470588235294";"0,2105263157894737";"0,7352941176470588";"1,06346749226006";"0,0634674922600618";"0,1106259097525473";"0,1979621542940321";"0,6914119359534208";"1";"0,0964912280701755";"0,1893704850361198";"0,7141382868937048";"1";FALSE;"0,0984264372059797";"0,1848852844448286";"0,7166882783491917";"1,08335241207183";"1";"1";"4";"A";"0";"0";"1"
"23/10/2021";"Brighton";"Man City";"BW";"Casa de apuestas";"6,50";"5,00";"1,43";"0,1538461538461539";"0,2000000000000000";"0,6993006993006994";"1,05314685314685";"0,0531468531468533";"0,1460823373173971";"0,1899070385126162";"0,6640106241699867";"1";"0,1361305361305361";"0,1822843822843822";"0,6815850815850816";"1";FALSE;"0,1363555052908087";"0,1802862976262373";"0,6833581970829541";"1,06447669466525";"1";"1";"4";"A";"0";"0";"1"
"23/10/2021";"Brighton";"Man City";"IW";"Casa de apuestas";"8,00";"4,70";"1,40";"0,1250000000000000";"0,2127659574468085";"0,7142857142857143";"1,05205167173252";"0,0520516717325228";"0,1188154568436259";"0,2022390754785121";"0,6789454676778620";"1";"0,1076494427558257";"0,1954154002026343";"0,6969351570415401";"1";FALSE;"0,1090667448498970";"0,1922344233042080";"0,6986988318458950";"1,06557227104976";"1";"1";"4";"A";"0";"0";"1"
"23/10/2021";"Chelsea";"Norwich";"B365";"Casa de apuestas";"1,22";"6,00";"15,00";"0,8196721311475410";"0,1666666666666667";"0,0666666666666667";"1,05300546448087";"0,0530054644808744";"0,7784120394395433";"0,1582771146860405";"0,0633108458744162";"1";"0,8020036429872496";"0,1489981785063753";"0,0489981785063752";"1";FALSE;"0,8053561866387022";"0,1421995884973168";"0,0524442248639811";"1,08860797944488";"1";"7";"0";"H";"1";"0";"0"
"23/10/2021";"Chelsea";"Norwich";"BW";"Casa de apuestas";"1,14";"8,25";"23,00";"0,8771929824561404";"0,1212121212121212";"0,0434782608695652";"1,04188336453783";"0,0418833645378269";"0,8419301164725457";"0,1163394342762063";"0,0417304492512479";"1";"0,8632318609435314";"0,1072509996995122";"0,0295171393569562";"1";FALSE;"0,8669245009340988";"0,1002736980194349";"0,0328018010464663";"1,08986705757122";"1";"7";"0";"H";"1";"0";"0"
"23/10/2021";"Chelsea";"Norwich";"IW";"Casa de apuestas";"1,22";"6,25";"16,00";"0,8196721311475410";"0,1600000000000000";"0,0625000000000000";"1,04217213114754";"0,0421721311475411";"0,7865035982539619";"0,1535255023791734";"0,0599708993668646";"1";"0,8056147540983606";"0,1459426229508196";"0,0484426229508196";"1";FALSE;"0,8081831960174943";"0,1404829159763127";"0,0513338880061929";"1,07098616399939";"1";"7";"0";"H";"1";"0";"0"
"23/10/2021";"Crystal Palace";"Newcastle";"B365";"Casa de apuestas";"1,85";"3,60";"4,20";"0,5405405405405405";"0,2777777777777778";"0,2380952380952381";"1,05641355641356";"0,0564135564135564";"0,5116751269035532";"0,2629441624365482";"0,2253807106598985";"1";"0,5217360217360216";"0,2589732589732590";"0,2192907192907193";"1";FALSE;"0,5220713748974795";"0,2583805219403135";"0,2195481031622072";"1,05651193010256";"1";"1";"1";"D";"0";"1";"0"
"23/10/2021";"Crystal Palace";"Newcastle";"BW";"Casa de apuestas";"1,95";"3,60";"3,70";"0,5128205128205129";"0,2777777777777778";"0,2702702702702702";"1,06086856086856";"0,0608685608685609";"0,4833968426782799";"0,2618399564507349";"0,2547632008709852";"1";"0,4925309925309926";"0,2574882574882575";"0,2499807499807499";"1";FALSE;"0,4927542024243000";"0,2573048110135895";"0,2499409865621105";"1,05976890735436";"1";"1";"1";"D";"0";"1";"0"
"23/10/2021";"Crystal Palace";"Newcastle";"IW";"Casa de apuestas";"1,90";"3,50";"4,20";"0,5263157894736842";"0,2857142857142857";"0,2380952380952381";"1,05012531328321";"0,0501253132832080";"0,5011933174224343";"0,2720763723150358";"0,2267303102625298";"1";"0,5096073517126148";"0,2690058479532164";"0,2213868003341688";"1";FALSE;"0,5098033415780939";"0,2684800012087348";"0,2217166572131712";"1,04966293247039";"1";"1";"1";"D";"0";"1";"0"
"23/10/2021";"Everton";"Watford";"B365";"Casa de apuestas";"1,75";"3,60";"4,75";"0,5714285714285714";"0,2777777777777778";"0,2105263157894737";"1,05973266499582";"0,0597326649958227";"0,5392195506503744";"0,2621206148994876";"0,1986598344501380";"1";"0,5515176830966305";"0,2578668894458369";"0,1906154274575328";"1";FALSE;"0,5520568918631894";"0,2566925756210491";"0,1912505325157615";"1,06162868499143";"1";"2";"5";"A";"0";"0";"1"
"23/10/2021";"Everton";"Watford";"BW";"Casa de apuestas";"1,60";"4,10";"5,25";"0,6250000000000000";"0,2439024390243903";"0,1904761904761905";"1,05937862950058";"0,0593786295005807";"0,5899684801973414";"0,2302316020282308";"0,1797999177744279";"1";"0,6052071234998064";"0,2241095625241967";"0,1706833139759969";"1";FALSE;"0,6062798588754696";"0,2226220031687257";"0,1710981379558047";"1,06470153643917";"1";"2";"5";"A";"0";"0";"1"
"23/10/2021";"Everton";"Watford";"IW";"Casa de apuestas";"1,80";"3,60";"4,60";"0,5555555555555556";"0,2777777777777778";"0,2173913043478261";"1,05072463768116";"0,0507246376811594";"0,5287356321839081";"0,2643678160919540";"0,2068965517241380";"1";"0,5386473429951691";"0,2608695652173913";"0,2004830917874396";"1";FALSE;"0,5389919032035828";"0,2600463189783218";"0,2009617778180954";"1,05149498445093";"1";"2";"5";"A";"0";"0";"1"
"23/10/2021";"Leeds";"Wolves";"B365";"Casa de apuestas";"2,37";"3,40";"3,00";"0,4219409282700421";"0,2941176470588235";"0,3333333333333333";"1,04939190866220";"0,0493919086621990";"0,4020813623462630";"0,2802743614001892";"0,3176442762535479";"1";"0,4054769587159758";"0,2776536775047572";"0,3168693637792670";"1";FALSE;"0,4053707473995599";"0,2778721151878254";"0,3167571374126147";"1,04642915305505";"1";"1";"1";"D";"0";"1";"0"
"23/10/2021";"Leeds";"Wolves";"BW";"Casa de apuestas";"2,10";"3,70";"3,20";"0,4761904761904762";"0,2702702702702702";"0,3125000000000000";"1,05896074646075";"0,0589607464607464";"0,4496771743258641";"0,2552221800227876";"0,2951006456513482";"1";"0,4565368940368941";"0,2506166881166880";"0,2928464178464179";"1";FALSE;"0,4565482676721437";"0,2509219264778444";"0,2925298058500120";"1,05677501730420";"1";"1";"1";"D";"0";"1";"0"
"23/10/2021";"Leeds";"Wolves";"IW";"Casa de apuestas";"2,40";"3,35";"3,00";"0,4166666666666667";"0,2985074626865671";"0,3333333333333333";"1,04850746268657";"0,0485074626865671";"0,3973902728351127";"0,2846975088967971";"0,3179122182680901";"1";"0,4004975124378110";"0,2823383084577114";"0,3171641791044776";"1";FALSE;"0,4003931680331924";"0,2825284702589036";"0,3170783617079040";"1,04550654465095";"1";"1";"1";"D";"0";"1";"0"
"23/10/2021";"Southampton";"Burnley";"B365";"Casa de apuestas";"1,90";"3,60";"4,00";"0,5263157894736842";"0,2777777777777778";"0,2500000000000000";"1,05409356725146";"0,0540935672514620";"0,4993065187239945";"0,2635228848821082";"0,2371705963938974";"1";"0,5082846003898636";"0,2597465886939571";"0,2319688109161793";"1";FALSE;"0,5085300683909525";"0,2593597015324766";"0,2321102300765709";"1,05355899257493";"1";"2";"2";"D";"0";"1";"0"
"23/10/2021";"Southampton";"Burnley";"BW";"Casa de apuestas";"1,95";"3,50";"3,80";"0,5128205128205129";"0,2857142857142857";"0,2631578947368421";"1,06169269327164";"0,0616926932716406";"0,4830216088614491";"0,2691120392228074";"0,2478663519157436";"1";"0,4922562817299660";"0,2651500546237388";"0,2425936636462952";"1";FALSE;"0,4924761624508611";"0,2648218309182591";"0,2427020066308798";"1,06061405763660";"1";"2";"2";"D";"0";"1";"0"
"23/10/2021";"Southampton";"Burnley";"IW";"Casa de apuestas";"1,95";"3,60";"3,80";"0,5128205128205129";"0,2777777777777778";"0,2631578947368421";"1,05375618533513";"0,0537561853351327";"0,4866595517609392";"0,2636072572038420";"0,2497331910352188";"1";"0,4949017843754687";"0,2598590493327336";"0,2452391662917979";"1";FALSE;"0,4950822508903397";"0,2596415569049736";"0,2452761922046867";"1,05271106014821";"1";"2";"2";"D";"0";"1";"0"
"24/10/2021";"Brentford";"Leicester";"B365";"Casa de apuestas";"2,75";"3,40";"2,60";"0,3636363636363636";"0,2941176470588235";"0,3846153846153846";"1,04236939531057";"0,0423693953105717";"0,3488555643251776";"0,2821625887924230";"0,3689818468823994";"1";"0,3495132318661730";"0,2799945152886329";"0,3704922528451940";"1";FALSE;"0,3493924100112837";"0,2802382586985073";"0,3703693312902090";"1,03950045151174";"1";"1";"2";"A";"0";"0";"1"
"24/10/2021";"Brentford";"Leicester";"BW";"Casa de apuestas";"2,80";"3,20";"2,60";"0,3571428571428572";"0,3125000000000000";"0,3846153846153846";"1,05425824175824";"0,0542582417582418";"0,3387622149837134";"0,2964169381107492";"0,3648208469055374";"1";"0,3390567765567766";"0,2944139194139194";"0,3665293040293040";"1";FALSE;"0,3389746743779594";"0,2946012736901615";"0,3664240519318792";"1,05070850761910";"1";"1";"2";"A";"0";"0";"1"
"24/10/2021";"Brentford";"Leicester";"IW";"Casa de apuestas";"2,70";"3,35";"2,60";"0,3703703703703703";"0,2985074626865671";"0,3846153846153846";"1,05349321767232";"0,0534932176723220";"0,3515640766902119";"0,2833501513622603";"0,3650857719475278";"1";"0,3525392978129296";"0,2806763901291264";"0,3667843120579439";"1";FALSE;"0,3523937419161656";"0,2809664314933152";"0,3666398265905192";"1,05009240545718";"1";"1";"2";"A";"0";"0";"1"
"24/10/2021";"Man United";"Liverpool";"B365";"Casa de apuestas";"2,90";"3,60";"2,30";"0,3448275862068966";"0,2777777777777778";"0,4347826086956522";"1,05738797268033";"0,0573879726803266";"0,3261126427727452";"0,2627018511224892";"0,4111855061047657";"1";"0,3256982619801210";"0,2586484535510022";"0,4156532844688767";"1";FALSE;"0,3254140008832914";"0,2590723284675940";"0,4155136706491145";"1,05442447364540";"1";"0";"5";"A";"0";"0";"1"
"24/10/2021";"Man United";"Liverpool";"BW";"Casa de apuestas";"3,00";"3,50";"2,25";"0,3333333333333333";"0,2857142857142857";"0,4444444444444444";"1,06349206349206";"0,0634920634920635";"0,3134328358208955";"0,2686567164179104";"0,4179104477611940";"1";"0,3121693121693122";"0,2645502645502645";"0,4232804232804233";"1";FALSE;"0,3119239603379750";"0,2648845896584335";"0,4231914500035913";"1,06042491036967";"1";"0";"5";"A";"0";"0";"1"
"24/10/2021";"Man United";"Liverpool";"IW";"Casa de apuestas";"2,95";"3,50";"2,35";"0,3389830508474576";"0,2857142857142857";"0,4255319148936170";"1,05022925145536";"0,0502292514553604";"0,3227705287942705";"0,2720494456980280";"0,4051800255077014";"1";"0,3222399670290041";"0,2689712018958322";"0,4087888310751636";"1";FALSE;"0,3220646665934106";"0,2692670849509955";"0,4086682484555941";"1,04732622538931";"1";"0";"5";"A";"0";"0";"1"
"24/10/2021";"West Ham";"Tottenham";"B365";"Casa de apuestas";"2,20";"3,50";"3,20";"0,4545454545454545";"0,2857142857142857";"0,3125000000000000";"1,05275974025974";"0,0527597402597402";"0,4317656129529683";"0,2713955281418658";"0,2968388589051658";"1";"0,4369588744588744";"0,2681277056277056";"0,2949134199134199";"1";FALSE;"0,4369121903057241";"0,2683057663085477";"0,2947820433857282";"1,05018112990936";"1";"1";"0";"H";"1";"0";"0"
"24/10/2021";"West Ham";"Tottenham";"BW";"Casa de apuestas";"2,40";"3,50";"2,80";"0,4166666666666667";"0,2857142857142857";"0,3571428571428572";"1,05952380952381";"0,0595238095238095";"0,3932584269662922";"0,2696629213483146";"0,3370786516853933";"1";"0,3968253968253969";"0,2658730158730159";"0,3373015873015874";"1";FALSE;"0,3966568504526276";"0,2662850899480594";"0,3370580595993131";"1,05621558960953";"1";"1";"0";"H";"1";"0";"0"
"24/10/2021";"West Ham";"Tottenham";"IW";"Casa de apuestas";"2,40";"3,45";"2,95";"0,4166666666666667";"0,2898550724637681";"0,3389830508474576";"1,04550478997789";"0,0455047899778924";"0,3985315712187959";"0,2772393538913363";"0,3242290748898678";"1";"0,4014984033407025";"0,2746868091378040";"0,3238147875214935";"1";FALSE;"0,4013832752402987";"0,2749310924685288";"0,3236856322911725";"1,04268544450259";"1";"1";"0";"H";"1";"0";"0"
"30/10/2021";"Burnley";"Brentford";"B365";"Casa de apuestas";"2,60";"3,10";"2,87";"0,3846153846153846";"0,3225806451612903";"0,3484320557491289";"1,05562808552580";"0,0556280855258038";"0,3643474343748720";"0,3055817191531185";"0,3300708464720095";"1";"0,3660726894401167";"0,3040379499860224";"0,3298893605738610";"1";FALSE;"0,3659836784923640";"0,3041611182952642";"0,3298552032123719";"1,05196703408343";"1";"3";"1";"H";"1";"0";"0"
"30/10/2021";"Burnley";"Brentford";"BW";"Casa de apuestas";"2,50";"3,20";"2,87";"0,4000000000000000";"0,3125000000000000";"0,3484320557491289";"1,06093205574913";"0,0609320557491289";"0,3770269715505563";"0,2945523215238721";"0,3284207069255716";"1";"0,3796893147502904";"0,2921893147502904";"0,3281213704994193";"1";FALSE;"0,3795749327945002";"0,2923849829994070";"0,3280400842060927";"1,05720075143306";"1";"3";"1";"H";"1";"0";"0"
"30/10/2021";"Burnley";"Brentford";"IW";"Casa de apuestas";"2,60";"3,05";"2,95";"0,3846153846153846";"0,3278688524590164";"0,3389830508474576";"1,05146728792186";"0,0514672879218585";"0,3657892062201443";"0,3118203069417624";"0,3223904868380933";"1";"0,3674596219747651";"0,3107130898183969";"0,3218272882068381";"1";FALSE;"0,3673789277759303";"0,3107857758635117";"0,3218352963605581";"1,04798479186112";"1";"3";"1";"H";"1";"0";"0"
"30/10/2021";"Leicester";"Arsenal";"B365";"Casa de apuestas";"2,45";"3,50";"2,80";"0,4081632653061224";"0,2857142857142857";"0,3571428571428572";"1,05102040816327";"0,0510204081632653";"0,3883495145631068";"0,2718446601941747";"0,3398058252427185";"1";"0,3911564625850339";"0,2687074829931972";"0,3401360544217688";"1";FALSE;"0,3909995008627868";"0,2690591767043629";"0,3399413224328504";"1,04794280230223";"1";"0";"2";"A";"0";"0";"1"
"30/10/2021";"Leicester";"Arsenal";"BW";"Casa de apuestas";"2,50";"3,50";"2,65";"0,4000000000000000";"0,2857142857142857";"0,3773584905660378";"1,06307277628032";"0,0630727762803236";"0,3762677484787018";"0,2687626774847870";"0,3549695740365112";"1";"0,3789757412398921";"0,2646900269541778";"0,3563342318059299";"1";FALSE;"0,3787534432610671";"0,2651700063603308";"0,3560765503786020";"1,05956526385000";"1";"0";"2";"A";"0";"0";"1"
"30/10/2021";"Leicester";"Arsenal";"IW";"Casa de apuestas";"2,50";"3,45";"2,80";"0,4000000000000000";"0,2898550724637681";"0,3571428571428572";"1,04699792960663";"0,0469979296066254";"0,3820446905279810";"0,2768439786434645";"0,3411113308285545";"1";"0,3843340234644582";"0,2741890959282263";"0,3414768806073154";"1";FALSE;"0,3841933421863377";"0,2744832127776138";"0,3413234450360486";"1,04400200127757";"1";"0";"2";"A";"0";"0";"1"
"30/10/2021";"Liverpool";"Brighton";"B365";"Casa de apuestas";"1,25";"6,00";"11,00";"0,8000000000000000";"0,1666666666666667";"0,0909090909090909";"1,05757575757576";"0,0575757575757576";"0,7564469914040115";"0,1575931232091691";"0,0859598853868195";"1";"0,7808080808080808";"0,1474747474747475";"0,0717171717171717";"1";FALSE;"0,7843246340873679";"0,1421808415346297";"0,0734945243780022";"1,08868156312365";"1";"2";"2";"D";"0";"1";"0"
"30/10/2021";"Liverpool";"Brighton";"BW";"Casa de apuestas";"1,27";"6,25";"9,25";"0,7874015748031495";"0,1600000000000000";"0,1081081081081081";"1,05550968291126";"0,0555096829112576";"0,7459918061872964";"0,1515855350172586";"0,1024226587954450";"1";"0,7688983471660636";"0,1414967723629141";"0,0896048804710222";"1";FALSE;"0,7721550277502961";"0,1377248027010733";"0,0901201695486306";"1,08180607923783";"1";"2";"2";"D";"0";"1";"0"
"30/10/2021";"Liverpool";"Brighton";"IW";"Casa de apuestas";"1,27";"6,00";"10,00";"0,7874015748031495";"0,1666666666666667";"0,1000000000000000";"1,05406824146982";"0,0540682414698161";"0,7470119521912350";"0,1581175298804781";"0,0948705179282869";"1";"0,7693788276465442";"0,1486439195100613";"0,0819772528433946";"1";FALSE;"0,7724667308039364";"0,1443793935749230";"0,0831538756211407";"1,08011750445227";"1";"2";"2";"D";"0";"1";"0"
"30/10/2021";"Man City";"Crystal Palace";"B365";"Casa de apuestas";"1,12";"9,00";"19,00";"0,8928571428571428";"0,1111111111111111";"0,0526315789473684";"1,05659983291562";"0,0565998329156223";"0,8450286617908678";"0,1051591223561969";"0,0498122158529353";"1";"0,8739905318852687";"0,0922445001392370";"0,0337649679754943";"1";FALSE;"0,8800051243187068";"0,0838832303099647";"0,0361116453713286";"1,12793639219514";"1";"0";"2";"A";"0";"0";"1"
"30/10/2021";"Man City";"Crystal Palace";"BW";"Casa de apuestas";"1,16";"7,75";"18,00";"0,8620689655172414";"0,1290322580645161";"0,0555555555555556";"1,04665677913731";"0,0466567791373131";"0,8236405502745469";"0,1232803920410934";"0,0530790576843597";"1";"0,8465167058048038";"0,1134799983520784";"0,0400032958431179";"1";FALSE;"0,8504214132719700";"0,1069523571337590";"0,0426262295942711";"1,09165386369010";"1";"0";"2";"A";"0";"0";"1"
"30/10/2021";"Man City";"Crystal Palace";"IW";"Casa de apuestas";"1,15";"8,25";"19,00";"0,8695652173913044";"0,1212121212121212";"0,0526315789473684";"1,04340891755079";"0,0434089175507941";"0,8333887153585432";"0,1161693360802818";"0,0504419485611750";"1";"0,8550955782077064";"0,1067424820285232";"0,0381619397637704";"1";FALSE;"0,8588765945816185";"0,1005646668993831";"0,0405587385189985";"1,08849395231577";"1";"0";"2";"A";"0";"0";"1"
"30/10/2021";"Newcastle";"Chelsea";"B365";"Casa de apuestas";"7,50";"4,50";"1,44";"0,1333333333333333";"0,2222222222222222";"0,6944444444444444";"1,05000000000000";"0,0499999999999998";"0,1269841269841270";"0,2116402116402117";"0,6613756613756615";"1";"0,1166666666666667";"0,2055555555555556";"0,6777777777777778";"1";FALSE;"0,1179661266208243";"0,2028097444120285";"0,6792241289671472";"1,06077450699686";"1";"0";"3";"A";"0";"0";"1"
"30/10/2021";"Newcastle";"Chelsea";"BW";"Casa de apuestas";"7,25";"4,33";"1,46";"0,1379310344827586";"0,2309468822170901";"0,6849315068493150";"1,05380942354916";"0,0538094235491637";"0,1308880252922920";"0,2191543148658469";"0,6499576598418610";"1";"0,1199945599663707";"0,2130104077007022";"0,6669950323329271";"1";FALSE;"0,1214111982801524";"0,2101474609755250";"0,6684413407443227";"1,06439707133705";"1";"0";"3";"A";"0";"0";"1"
"30/10/2021";"Newcastle";"Chelsea";"IW";"Casa de apuestas";"7,00";"4,50";"1,47";"0,1428571428571428";"0,2222222222222222";"0,6802721088435374";"1,04535147392290";"0,0453514739229024";"0,1366594360086767";"0,2125813449023861";"0,6507592190889371";"1";"0,1277399848828420";"0,2071050642479214";"0,6651549508692366";"1";FALSE;"0,1286812297950264";"0,2049774638303298";"0,6663413063746438";"1,05370590756738";"1";"0";"3";"A";"0";"0";"1"
"30/10/2021";"Tottenham";"Man United";"B365";"Casa de apuestas";"3,00";"3,60";"2,25";"0,3333333333333333";"0,2777777777777778";"0,4444444444444444";"1,05555555555556";"0,0555555555555556";"0,3157894736842105";"0,2631578947368421";"0,4210526315789473";"1";"0,3148148148148148";"0,2592592592592592";"0,4259259259259259";"1";FALSE;"0,3145559331765307";"0,2596197419516536";"0,4258243248718157";"1,05277665528282";"1";"0";"3";"A";"0";"0";"1"
"30/10/2021";"Tottenham";"Man United";"BW";"Casa de apuestas";"2,90";"3,60";"2,30";"0,3448275862068966";"0,2777777777777778";"0,4347826086956522";"1,05738797268033";"0,0573879726803266";"0,3261126427727452";"0,2627018511224892";"0,4111855061047657";"1";"0,3256982619801210";"0,2586484535510022";"0,4156532844688767";"1";FALSE;"0,3254140008832914";"0,2590723284675940";"0,4155136706491145";"1,05442447364540";"1";"0";"3";"A";"0";"0";"1"
"30/10/2021";"Tottenham";"Man United";"IW";"Casa de apuestas";"3,15";"3,40";"2,30";"0,3174603174603174";"0,2941176470588235";"0,4347826086956522";"1,04636057321479";"0,0463605732147934";"0,3033947623666343";"0,2810863239573230";"0,4155189136760428";"1";"0,3020067930553862";"0,2786641226538923";"0,4193290842907211";"1";FALSE;"0,3019420649424801";"0,2788088073824042";"0,4192491276751158";"1,04367923825493";"1";"0";"3";"A";"0";"0";"1"
"30/10/2021";"Watford";"Southampton";"B365";"Casa de apuestas";"3,30";"3,50";"2,15";"0,3030303030303030";"0,2857142857142857";"0,4651162790697674";"1,05386086781436";"0,0538608678143562";"0,2875429881543752";"0,2711119602598395";"0,4413450515857852";"1";"0,2850766804255176";"0,2677606631095003";"0,4471626564649820";"1";FALSE;"0,2849727316125493";"0,2678762343919885";"0,4471510339954621";"1,05146005288736";"1";"0";"1";"A";"0";"0";"1"
"30/10/2021";"Watford";"Southampton";"BW";"Casa de apuestas";"3,10";"3,40";"2,25";"0,3225806451612903";"0,2941176470588235";"0,4444444444444444";"1,06114273666456";"0,0611427366645583";"0,3039936419630439";"0,2771706735545400";"0,4188356844824160";"1";"0,3021997329397709";"0,2737367348373040";"0,4240635322229250";"1";FALSE;"0,3020647339476175";"0,2739383233180869";"0,4239969427342956";"1,05807998906728";"1";"0";"1";"A";"0";"0";"1"
"30/10/2021";"Watford";"Southampton";"IW";"Casa de apuestas";"3,15";"3,50";"2,25";"0,3174603174603174";"0,2857142857142857";"0,4444444444444444";"1,04761904761905";"0,0476190476190474";"0,3030303030303030";"0,2727272727272728";"0,4242424242424243";"1";"0,3015873015873016";"0,2698412698412699";"0,4285714285714286";"1";FALSE;"0,3014660718559468";"0,2700345800019157";"0,4284993481421375";"1,04505424172603";"1";"0";"1";"A";"0";"0";"1"
"31/10/2021";"Aston Villa";"West Ham";"B365";"Casa de apuestas";"2,90";"3,50";"2,37";"0,3448275862068966";"0,2857142857142857";"0,4219409282700421";"1,05248280019122";"0,0524828001912243";"0,3276325144166207";"0,2714669405166285";"0,4009005450667509";"1";"0,3273333194764885";"0,2682200189838776";"0,4044466615396340";"1";FALSE;"0,3271389953988270";"0,2685486418476732";"0,4043123627534996";"1,04945887854282";"1";"1";"4";"A";"0";"0";"1"
"31/10/2021";"Aston Villa";"West Ham";"BW";"Casa de apuestas";"2,80";"3,60";"2,35";"0,3571428571428572";"0,2777777777777778";"0,4255319148936170";"1,06045254981425";"0,0604525498142519";"0,3367834394904459";"0,2619426751592356";"0,4012738853503184";"1";"0,3369920072047732";"0,2576269278396938";"0,4053810649555331";"1";FALSE;"0,3366811755979962";"0,2581191038172622";"0,4051997205847417";"1,05730218830592";"1";"1";"4";"A";"0";"0";"1"
"31/10/2021";"Aston Villa";"West Ham";"IW";"Casa de apuestas";"3,00";"3,45";"2,35";"0,3333333333333333";"0,2898550724637681";"0,4255319148936170";"1,04872032069072";"0,0487203206907185";"0,3178476918553366";"0,2763892972655101";"0,4057630108791532";"1";"0,3170932264364271";"0,2736149655668619";"0,4092918079967108";"1";FALSE;"0,3169592311394183";"0,2738562478240676";"0,4091845210365141";"1,04584859792674";"1";"1";"4";"A";"0";"0";"1"
"31/10/2021";"Norwich";"Leeds";"B365";"Casa de apuestas";"3,60";"3,75";"1,95";"0,2777777777777778";"0,2666666666666667";"0,5128205128205129";"1,05726495726496";"0,0572649572649575";"0,2627324171382376";"0,2522231204527082";"0,4850444624090541";"1";"0,2586894586894586";"0,2475783475783475";"0,4937321937321937";"1";FALSE;"0,2584872606687534";"0,2475792293379047";"0,4939335099933419";"1,05618949236652";"1";"1";"2";"A";"0";"0";"1"
"31/10/2021";"Norwich";"Leeds";"BW";"Casa de apuestas";"3,60";"3,50";"2,00";"0,2777777777777778";"0,2857142857142857";"0,5000000000000000";"1,06349206349206";"0,0634920634920635";"0,2611940298507463";"0,2686567164179104";"0,4701492537313433";"1";"0,2566137566137566";"0,2645502645502645";"0,4788359788359788";"1";FALSE;"0,2566034664636982";"0,2643956375036393";"0,4790008960326625";"1,06189974017712";"1";"1";"2";"A";"0";"0";"1"
"31/10/2021";"Norwich";"Leeds";"IW";"Casa de apuestas";"3,70";"3,60";"2,00";"0,2702702702702702";"0,2777777777777778";"0,5000000000000000";"1,04804804804805";"0,0480480480480481";"0,2578796561604584";"0,2650429799426935";"0,4770773638968482";"1";"0,2542542542542541";"0,2617617617617617";"0,4839839839839840";"1";FALSE;"0,2542599762249680";"0,2616571521408753";"0,4840828716341569";"1,04667404684772";"1";"1";"2";"A";"0";"0";"1"
"01/11/2021";"Wolves";"Everton";"B365";"Casa de apuestas";"2,15";"3,20";"3,60";"0,4651162790697674";"0,3125000000000000";"0,2777777777777778";"1,05539405684755";"0,0553940568475451";"0,4407039020657996";"0,2960979342004591";"0,2631981637337414";"1";"0,4466515934539190";"0,2940353143841516";"0,2593130921619294";"1";FALSE;"0,4466286819732281";"0,2938215318836336";"0,2595497861431382";"1,05298704178993";"1";"2";"1";"H";"1";"0";"0"
"01/11/2021";"Wolves";"Everton";"BW";"Casa de apuestas";"2,15";"3,20";"3,60";"0,4651162790697674";"0,3125000000000000";"0,2777777777777778";"1,05539405684755";"0,0553940568475451";"0,4407039020657996";"0,2960979342004591";"0,2631981637337414";"1";"0,4466515934539190";"0,2940353143841516";"0,2593130921619294";"1";FALSE;"0,4466286819732281";"0,2938215318836336";"0,2595497861431382";"1,05298704178993";"1";"2";"1";"H";"1";"0";"0"
"01/11/2021";"Wolves";"Everton";"IW";"Casa de apuestas";"2,20";"3,10";"3,60";"0,4545454545454545";"0,3225806451612903";"0,2777777777777778";"1,05490387748452";"0,0549038774845227";"0,4308880308880308";"0,3057915057915058";"0,2633204633204633";"1";"0,4362441620506136";"0,3042793526664494";"0,2594764852829369";"1";FALSE;"0,4361802696743642";"0,3040439485562435";"0,2597757817693923";"1,05230758217031";"1";"2";"1";"H";"1";"0";"0"
"05/11/2021";"Southampton";"Aston Villa";"B365";"Casa de apuestas";"2,00";"3,60";"3,60";"0,5000000000000000";"0,2777777777777778";"0,2777777777777778";"1,05555555555556";"0,0555555555555556";"0,4736842105263158";"0,2631578947368421";"0,2631578947368421";"1";"0,4814814814814815";"0,2592592592592592";"0,2592592592592592";"1";FALSE;"0,4816117416787322";"0,2591941291606339";"0,2591941291606339";"1,05405752950241";"1";"1";"0";"H";"1";"0";"0"
"05/11/2021";"Southampton";"Aston Villa";"BW";"Casa de apuestas";"1,98";"3,60";"3,60";"0,5050505050505051";"0,2777777777777778";"0,2777777777777778";"1,06060606060606";"0,0606060606060606";"0,4761904761904762";"0,2619047619047619";"0,2619047619047619";"1";"0,4848484848484849";"0,2575757575757576";"0,2575757575757576";"1";FALSE;"0,4850277592712015";"0,2574861203643992";"0,2574861203643992";"1,05921899607480";"1";"1";"0";"H";"1";"0";"0"
"05/11/2021";"Southampton";"Aston Villa";"IW";"Casa de apuestas";"2,00";"3,55";"3,65";"0,5000000000000000";"0,2816901408450704";"0,2739726027397260";"1,05566274358480";"0,0556627435847965";"0,4736361144110391";"0,2668372475555150";"0,2595266380334461";"1";"0,4814457521384012";"0,2631358929834716";"0,2554183548781272";"1";FALSE;"0,4815755175633282";"0,2630073910530177";"0,2554170913836543";"1,05416604495707";"1";"1";"0";"H";"1";"0";"0"
"06/11/2021";"Brentford";"Norwich";"B365";"Casa de apuestas";"1,60";"4,00";"5,50";"0,6250000000000000";"0,2500000000000000";"0,1818181818181818";"1,05681818181818";"0,0568181818181819";"0,5913978494623655";"0,2365591397849462";"0,1720430107526881";"1";"0,6060606060606061";"0,2310606060606060";"0,1628787878787878";"1";FALSE;"0,6070366188482859";"0,2293948763546210";"0,1635685047970931";"1,06204746323222";"1";"1";"2";"A";"0";"0";"1"
"06/11/2021";"Brentford";"Norwich";"BW";"Casa de apuestas";"1,63";"3,80";"5,50";"0,6134969325153374";"0,2631578947368421";"0,1818181818181818";"1,05847300907036";"0,0584730090703613";"0,5796056463018942";"0,2486203167031809";"0,1717740369949250";"1";"0,5940059294918837";"0,2436668917133883";"0,1623271787947280";"1";FALSE;"0,5948571291852482";"0,2418816137462663";"0,1632612570684856";"1,06315036540916";"1";"1";"2";"A";"0";"0";"1"
"06/11/2021";"Brentford";"Norwich";"IW";"Casa de apuestas";"1,73";"3,65";"5,00";"0,5780346820809249";"0,2739726027397260";"0,2000000000000000";"1,05200728482065";"0,0520072848206510";"0,5494588206957804";"0,2604284273434795";"0,1901127519607400";"1";"0,5606989204740412";"0,2566368411328424";"0,1826642383931164";"1";FALSE;"0,5611762781741952";"0,2554718646375519";"0,1833518571882528";"1,05400043220906";"1";"1";"2";"A";"0";"0";"1"
"06/11/2021";"Brighton";"Newcastle";"B365";"Casa de apuestas";"1,53";"4,20";"6,00";"0,6535947712418301";"0,2380952380952381";"0,1666666666666667";"1,05835667600373";"0,0583566760037348";"0,6175562417291575";"0,2249669166299074";"0,1574768416409352";"1";"0,6341425459072518";"0,2186430127606598";"0,1472144413320884";"1";FALSE;"0,6354532202834264";"0,2165194757464452";"0,1480273039701284";"1,06619139943595";"1";"1";"1";"D";"0";"1";"0"
"06/11/2021";"Brighton";"Newcastle";"BW";"Casa de apuestas";"1,60";"4,00";"5,75";"0,6250000000000000";"0,2500000000000000";"0,1739130434782609";"1,04891304347826";"0,0489130434782608";"0,5958549222797926";"0,2383419689119171";"0,1658031088082902";"1";"0,6086956521739131";"0,2336956521739131";"0,1576086956521739";"1";FALSE;"0,6094848514312228";"0,2321344433280101";"0,1583807052407671";"1,05348374704212";"1";"1";"1";"D";"0";"1";"0"
"06/11/2021";"Brighton";"Newcastle";"IW";"Casa de apuestas";"1,65";"3,80";"5,50";"0,6060606060606061";"0,2631578947368421";"0,1818181818181818";"1,05103668261563";"0,0510366826156301";"0,5766312594840667";"0,2503793626707131";"0,1729893778452200";"1";"0,5890483785220627";"0,2461456671982987";"0,1648059542796384";"1";FALSE;"0,5897039150244375";"0,2446473042077608";"0,1656487807678016";"1,05463412379806";"1";"1";"1";"D";"0";"1";"0"
"06/11/2021";"Chelsea";"Burnley";"B365";"Casa de apuestas";"1,28";"5,25";"12,00";"0,7812500000000000";"0,1904761904761905";"0,0833333333333333";"1,05505952380952";"0,0550595238095237";"0,7404795486600847";"0,1805359661495064";"0,0789844851904090";"1";"0,7628968253968255";"0,1721230158730159";"0,0649801587301587";"1";FALSE;"0,7656464649042951";"0,1663357435969920";"0,0680177914987131";"1,08172512982332";"1";"1";"1";"D";"0";"1";"0"
"06/11/2021";"Chelsea";"Burnley";"BW";"Casa de apuestas";"1,25";"5,75";"13,00";"0,8000000000000000";"0,1739130434782609";"0,0769230769230769";"1,05083612040134";"0,0508361204013379";"0,7612985359643539";"0,1654996817313813";"0,0732017823042648";"1";"0,7830546265328874";"0,1569676700111483";"0,0599777034559643";"1";FALSE;"0,7859328525500840";"0,1513341736461563";"0,0627329738037598";"1,07950204300830";"1";"1";"1";"D";"0";"1";"0"
"06/11/2021";"Chelsea";"Burnley";"IW";"Casa de apuestas";"1,25";"5,75";"14,00";"0,8000000000000000";"0,1739130434782609";"0,0714285714285714";"1,04534161490683";"0,0453416149068324";"0,7653000594177066";"0,1663695781342840";"0,0683303624480095";"1";"0,7848861283643892";"0,1587991718426501";"0,0563146997929606";"1";FALSE;"0,7873519372614933";"0,1534894230465254";"0,0591586396919813";"1,07141766243039";"1";"1";"1";"D";"0";"1";"0"
"06/11/2021";"Crystal Palace";"Wolves";"B365";"Casa de apuestas";"2,30";"3,10";"3,40";"0,4347826086956522";"0,3225806451612903";"0,2941176470588235";"1,05148090091577";"0,0514809009157662";"0,4134954884268340";"0,3067869752844252";"0,2797175362887406";"1";"0,4176223083903968";"0,3054203448560349";"0,2769573467535681";"1";FALSE;"0,4175372813365307";"0,3053249504469756";"0,2771377682164938";"1,04859151858700";"1";"2";"0";"H";"1";"0";"0"
"06/11/2021";"Crystal Palace";"Wolves";"BW";"Casa de apuestas";"2,30";"3,20";"3,20";"0,4347826086956522";"0,3125000000000000";"0,3125000000000000";"1,05978260869565";"0,0597826086956523";"0,4102564102564102";"0,2948717948717948";"0,2948717948717948";"1";"0,4148550724637681";"0,2925724637681159";"0,2925724637681159";"1";FALSE;"0,4147815810483921";"0,2926092094758040";"0,2926092094758040";"1,05654168479660";"1";"2";"0";"H";"1";"0";"0"
"06/11/2021";"Crystal Palace";"Wolves";"IW";"Casa de apuestas";"2,30";"3,05";"3,45";"0,4347826086956522";"0,3278688524590164";"0,2898550724637681";"1,05250653361844";"0,0525065336184367";"0,4130925507900677";"0,3115124153498872";"0,2753950338600452";"1";"0,4172804308228400";"0,3103666745862042";"0,2723528945909559";"1";FALSE;"0,4171866523939901";"0,3102264410242742";"0,2725869065817357";"1,04960016116720";"1";"2";"0";"H";"1";"0";"0"
"06/11/2021";"Man United";"Man City";"B365";"Casa de apuestas";"4,75";"4,20";"1,66";"0,2105263157894737";"0,2380952380952381";"0,6024096385542169";"1,05103119243893";"0,0510311924389286";"0,2003045364438187";"0,2265348924066998";"0,5731605711494814";"1";"0,1935159183098308";"0,2210848406155952";"0,5853992410745741";"1";FALSE;"0,1935292583605294";"0,2203324128124042";"0,5861383288270664";"1,05402704788994";"1";"0";"2";"A";"0";"0";"1"
"06/11/2021";"Man United";"Man City";"BW";"Casa de apuestas";"4,50";"4,00";"1,71";"0,2222222222222222";"0,2500000000000000";"0,5847953216374269";"1,05701754385965";"0,0570175438596490";"0,2102351313969572";"0,2365145228215768";"0,5532503457814661";"1";"0,2032163742690059";"0,2309941520467837";"0,5657894736842105";"1";FALSE;"0,2032555099570050";"0,2302655408060411";"0,5664789492369539";"1,05931478331969";"1";"0";"2";"A";"0";"0";"1"
"06/11/2021";"Man United";"Man City";"IW";"Casa de apuestas";"4,60";"3,75";"1,75";"0,2173913043478261";"0,2666666666666667";"0,5714285714285714";"1,05548654244306";"0,0554865424430642";"0,2059631227932523";"0,2526480972930562";"0,5413887799136916";"1";"0,1988957902001380";"0,2481711525189786";"0,5529330572808834";"1";FALSE;"0,1992536010408725";"0,2472851449581362";"0,5534612540009914";"1,05708870950732";"1";"0";"2";"A";"0";"0";"1"
"07/11/2021";"Arsenal";"Watford";"B365";"Casa de apuestas";"1,44";"4,75";"6,50";"0,6944444444444444";"0,2105263157894737";"0,1538461538461539";"1,05881691408007";"0,0588169140800718";"0,6558682952734997";"0,1988316516197557";"0,1453000531067446";"1";"0,6748388064177538";"0,1909206777627831";"0,1342405158194633";"1";FALSE;"0,6767351217232904";"0,1885244739808282";"0,1347404042958815";"1,07084247877565";"1";"1";"0";"H";"1";"0";"0"
"07/11/2021";"Arsenal";"Watford";"BW";"Casa de apuestas";"1,43";"4,60";"7,25";"0,6993006993006994";"0,2173913043478261";"0,1379310344827586";"1,05462303813128";"0,0546230381312842";"0,6630811901661182";"0,2061317612907715";"0,1307870485431102";"1";"0,6810930199236046";"0,1991836249707314";"0,1197233551056639";"1";FALSE;"0,6828068972724226";"0,1963424701324206";"0,1208506325951568";"1,06673315013095";"1";"1";"0";"H";"1";"0";"0"
"07/11/2021";"Arsenal";"Watford";"IW";"Casa de apuestas";"1,45";"4,70";"6,50";"0,6896551724137931";"0,2127659574468085";"0,1538461538461539";"1,05626728370676";"0,0562672837067555";"0,6529172900192349";"0,2014319298995512";"0,1456507800812140";"1";"0,6708994111782079";"0,1940101962112233";"0,1350903926105687";"1";FALSE;"0,6726291848267895";"0,1917280621072863";"0,1356427530659242";"1,06727660098075";"1";"1";"0";"H";"1";"0";"0"
"07/11/2021";"Everton";"Tottenham";"B365";"Casa de apuestas";"3,40";"3,30";"2,20";"0,2941176470588235";"0,3030303030303030";"0,4545454545454545";"1,05169340463458";"0,0516934046345812";"0,2796610169491525";"0,2881355932203390";"0,4322033898305085";"1";"0,2768865121806298";"0,2857991681521093";"0,4373143196672608";"1";FALSE;"0,2769564427075112";"0,2857678526118356";"0,4372757046806532";"1,04912633357969";"1";"0";"0";"D";"0";"1";"0"
"07/11/2021";"Everton";"Tottenham";"BW";"Casa de apuestas";"3,30";"3,25";"2,20";"0,3030303030303030";"0,3076923076923077";"0,4545454545454545";"1,06526806526807";"0,0652680652680653";"0,2844638949671772";"0,2888402625820569";"0,4266958424507658";"1";"0,2812742812742812";"0,2859362859362859";"0,4327894327894327";"1";FALSE;"0,2813170909821475";"0,2859167571758038";"0,4327661518420486";"1,06227400998609";"1";"0";"0";"D";"0";"1";"0"
"07/11/2021";"Everton";"Tottenham";"IW";"Casa de apuestas";"3,25";"3,30";"2,25";"0,3076923076923077";"0,3030303030303030";"0,4444444444444444";"1,05516705516706";"0,0551670551670551";"0,2916053019145803";"0,2871870397643593";"0,4212076583210604";"1";"0,2893032893032894";"0,2846412846412846";"0,4260554260554261";"1";FALSE;"0,2893064924877675";"0,2846957544534595";"0,4259977530587730";"1,05227452396343";"1";"0";"0";"D";"0";"1";"0"
"07/11/2021";"Leeds";"Leicester";"B365";"Casa de apuestas";"2,60";"3,50";"2,62";"0,3846153846153846";"0,2857142857142857";"0,3816793893129771";"1,05200905964265";"0,0520090596426472";"0,3656008292799617";"0,2715891874651144";"0,3628099832549239";"1";"0,3672790314011689";"0,2683779325000700";"0,3643430360987614";"1";FALSE;"0,3670868901220581";"0,2687646554885159";"0,3641484543894260";"1,04881705639406";"1";"1";"1";"D";"0";"1";"0"
"07/11/2021";"Leeds";"Leicester";"BW";"Casa de apuestas";"2,55";"3,40";"2,65";"0,3921568627450981";"0,2941176470588235";"0,3773584905660378";"1,06363300036996";"0,0636330003699594";"0,3686956521739130";"0,2765217391304347";"0,3547826086956522";"1";"0,3709458626217783";"0,2729066469355037";"0,3561474904427180";"1";FALSE;"0,3707519629749774";"0,2733086210243217";"0,3559394160007009";"1,05996051959182";"1";"1";"1";"D";"0";"1";"0"
"07/11/2021";"Leeds";"Leicester";"IW";"Casa de apuestas";"2,60";"3,35";"2,70";"0,3846153846153846";"0,2985074626865671";"0,3703703703703703";"1,05349321767232";"0,0534932176723220";"0,3650857719475278";"0,2833501513622603";"0,3515640766902119";"1";"0,3667843120579439";"0,2806763901291264";"0,3525392978129296";"1";FALSE;"0,3666398265905192";"0,2809664314933152";"0,3523937419161656";"1,05009240545718";"1";"1";"1";"D";"0";"1";"0"
"07/11/2021";"West Ham";"Liverpool";"B365";"Casa de apuestas";"4,20";"4,10";"1,75";"0,2380952380952381";"0,2439024390243903";"0,5714285714285714";"1,05342624854820";"0,0534262485481998";"0,2260198456449835";"0,2315325248070563";"0,5424476295479603";"1";"0,2202864885791715";"0,2260936895083237";"0,5536198219125048";"1";FALSE;"0,2200838658748020";"0,2257497547822610";"0,5541663793429371";"1,05481354587408";"1";"3";"2";"H";"1";"0";"0"
"07/11/2021";"West Ham";"Liverpool";"BW";"Casa de apuestas";"4,33";"4,00";"1,72";"0,2309468822170901";"0,2500000000000000";"0,5813953488372093";"1,06234223105430";"0,0623422310542994";"0,2173940519976238";"0,2353290612874278";"0,5472768867149485";"1";"0,2101661385323236";"0,2292192563152335";"0,5606146051524429";"1";FALSE;"0,2100687754056386";"0,2285679127873886";"0,5613633118069726";"1,06465260400450";"1";"3";"2";"H";"1";"0";"0"
"07/11/2021";"West Ham";"Liverpool";"IW";"Casa de apuestas";"4,60";"4,10";"1,70";"0,2173913043478261";"0,2439024390243903";"0,5882352941176471";"1,04952903748986";"0,0495290374898634";"0,2071322436849926";"0,2323922734026747";"0,5604754829123328";"1";"0,2008816251845383";"0,2273927598611025";"0,5717256149543593";"1";FALSE;"0,2009121296546101";"0,2267574854931757";"0,5723303848522143";"1,05165689413281";"1";"3";"2";"H";"1";"0";"0"
"20/11/2021";"Aston Villa";"Brighton";"B365";"Casa de apuestas";"2,45";"3,30";"2,90";"0,4081632653061224";"0,3030303030303030";"0,3448275862068966";"1,05602115454332";"0,0560211545433220";"0,3865105008077544";"0,2869547657512116";"0,3265347334410340";"1";"0,3894895471250150";"0,2843565848491956";"0,3261538680257892";"1";FALSE;"0,3893701321397149";"0,2845841453993035";"0,3260457224609817";"1,05260294234276";"1";"2";"0";"H";"1";"0";"0"
"20/11/2021";"Aston Villa";"Brighton";"BW";"Casa de apuestas";"2,40";"3,30";"2,90";"0,4166666666666667";"0,3030303030303030";"0,3448275862068966";"1,06452455590387";"0,0645245559038663";"0,3914110429447853";"0,2846625766871165";"0,3239263803680982";"1";"0,3951584813653779";"0,2815221177290142";"0,3233194009056078";"1";FALSE;"0,3950366509683573";"0,2817820538862814";"0,3231812951453613";"1,06089080225874";"1";"2";"0";"H";"1";"0";"0"
"20/11/2021";"Aston Villa";"Brighton";"IW";"Casa de apuestas";"2,45";"3,30";"3,00";"0,4081632653061224";"0,3030303030303030";"0,3333333333333333";"1,04452690166976";"0,0445269016697587";"0,3907637655417407";"0,2901124925991711";"0,3191237418590883";"1";"0,3933209647495362";"0,2881880024737167";"0,3184910327767471";"1";FALSE;"0,3932222410704359";"0,2883415153316990";"0,3184362435978652";"1,04161678592009";"1";"2";"0";"H";"1";"0";"0"
"20/11/2021";"Burnley";"Crystal Palace";"B365";"Casa de apuestas";"2,80";"3,20";"2,62";"0,3571428571428572";"0,3125000000000000";"0,3816793893129771";"1,05132224645583";"0,0513222464558343";"0,3397082658022691";"0,2972447325769854";"0,3630470016207455";"1";"0,3400354416575791";"0,2953925845147219";"0,3645719738276990";"1";FALSE;"0,3399590596962579";"0,2955679331484057";"0,3644730071553363";"1,04789212720368";"1";"3";"3";"D";"0";"1";"0"
"20/11/2021";"Burnley";"Crystal Palace";"BW";"Casa de apuestas";"2,70";"3,25";"2,60";"0,3703703703703703";"0,3076923076923077";"0,3846153846153846";"1,06267806267806";"0,0626780626780628";"0,3485254691689008";"0,2895442359249331";"0,3619302949061662";"1";"0,3494776828110160";"0,2867996201329535";"0,3637226970560303";"1";FALSE;"0,3493419739215365";"0,2870731991935079";"0,3635848268849556";"1,05884932415424";"1";"3";"3";"D";"0";"1";"0"
"20/11/2021";"Burnley";"Crystal Palace";"IW";"Casa de apuestas";"2,85";"3,05";"2,70";"0,3508771929824561";"0,3278688524590164";"0,3703703703703703";"1,04911641581184";"0,0491164158118429";"0,3344501979896436";"0,3125190374657326";"0,3530307645446237";"1";"0,3345050543785085";"0,3114967138550688";"0,3539982317664226";"1";FALSE;"0,3344815600920307";"0,3115812617993530";"0,3539371781086165";"1,04569241434018";"1";"3";"3";"D";"0";"1";"0"
"20/11/2021";"Leicester";"Chelsea";"B365";"Casa de apuestas";"5,00";"3,75";"1,70";"0,2000000000000000";"0,2666666666666667";"0,5882352941176471";"1,05490196078431";"0,0549019607843138";"0,1895910780669145";"0,2527881040892194";"0,5576208178438662";"1";"0,1816993464052288";"0,2483660130718955";"0,5699346405228758";"1";FALSE;"0,1823120688409753";"0,2471396274740118";"0,5705483036850130";"1,05753405157941";"1";"0";"3";"A";"0";"0";"1"
"20/11/2021";"Leicester";"Chelsea";"BW";"Casa de apuestas";"5,00";"3,60";"1,73";"0,2000000000000000";"0,2777777777777778";"0,5780346820809249";"1,05581245985870";"0,0558124598587026";"0,1894275807530872";"0,2630938621570655";"0,5474785570898474";"1";"0,1813958467137658";"0,2591736244915436";"0,5594305287946907";"1";FALSE;"0,1821718482474775";"0,2578844836183812";"0,5599436681341412";"1,05801211907977";"1";"0";"3";"A";"0";"0";"1"
"20/11/2021";"Leicester";"Chelsea";"IW";"Casa de apuestas";"4,70";"3,65";"1,77";"0,2127659574468085";"0,2739726027397260";"0,5649717514124294";"1,05171031159896";"0,0517103115989639";"0,2023047174685685";"0,2605019649595265";"0,5371933175719050";"1";"0,1955291869138205";"0,2567358322067381";"0,5477349808794414";"1";FALSE;"0,1960288553194995";"0,2558222312505309";"0,5481489134299696";"1,05294190082291";"1";"0";"3";"A";"0";"0";"1"
"20/11/2021";"Liverpool";"Arsenal";"B365";"Casa de apuestas";"1,50";"4,75";"5,75";"0,6666666666666666";"0,2105263157894737";"0,1739130434782609";"1,05110602593440";"0,0511060259344012";"0,6342525399129173";"0,2002902757619739";"0,1654571843251089";"1";"0,6496313246885329";"0,1934909738113400";"0,1568777015001272";"1";FALSE;"0,6509697154445323";"0,1921058850598024";"0,1569243994956653";"1,05876473542483";"1";"4";"0";"H";"1";"0";"0"
"20/11/2021";"Liverpool";"Arsenal";"BW";"Casa de apuestas";"1,47";"4,80";"6,00";"0,6802721088435374";"0,2083333333333333";"0,1666666666666667";"1,05527210884354";"0,0552721088435375";"0,6446414182111201";"0,1974214343271555";"0,1579371474617245";"1";"0,6618480725623582";"0,1899092970521541";"0,1482426303854875";"1";FALSE;"0,6634699712469727";"0,1881637814223704";"0,1483662473306567";"1,06491493459426";"1";"4";"0";"H";"1";"0";"0"
"20/11/2021";"Liverpool";"Arsenal";"IW";"Casa de apuestas";"1,57";"4,40";"5,25";"0,6369426751592356";"0,2272727272727273";"0,1904761904761905";"1,05469159290815";"0,0546915929081533";"0,6039136743310544";"0,2154873792499444";"0,1805989464190011";"1";"0,6187121441898512";"0,2090421963033429";"0,1722456595068061";"1";FALSE;"0,6198349172496845";"0,2078304387884512";"0,1723346439618642";"1,06035901380807";"1";"4";"0";"H";"1";"0";"0"
"20/11/2021";"Newcastle";"Brentford";"B365";"Casa de apuestas";"2,40";"3,40";"2,90";"0,4166666666666667";"0,2941176470588235";"0,3448275862068966";"1,05561189993239";"0,0556118999323867";"0,3947157726180945";"0,2786228983186549";"0,3266613290632506";"1";"0,3981293666892045";"0,2755803470813613";"0,3262902862294343";"1";FALSE;"0,3980011466232540";"0,2758656554504437";"0,3261331979263021";"1,05235099030895";"1";"3";"3";"D";"0";"1";"0"
"20/11/2021";"Newcastle";"Brentford";"BW";"Casa de apuestas";"2,60";"3,40";"2,65";"0,3846153846153846";"0,2941176470588235";"0,3773584905660378";"1,05609152224025";"0,0560915222402461";"0,3641875505254648";"0,2784963621665319";"0,3573160873080033";"1";"0,3659182105353025";"0,2754204729787414";"0,3586613164859558";"1";FALSE;"0,3657469367966389";"0,2757666744477218";"0,3584863887556393";"1,05264423516863";"1";"3";"3";"D";"0";"1";"0"
"20/11/2021";"Newcastle";"Brentford";"IW";"Casa de apuestas";"2,45";"3,35";"2,90";"0,4081632653061224";"0,2985074626865671";"0,3448275862068966";"1,05149831419959";"0,0514983141995862";"0,3881730096893418";"0,2838877235041454";"0,3279392668065129";"1";"0,3909971605729270";"0,2813413579533717";"0,3276614814737012";"1";FALSE;"0,3908766636060595";"0,2815781606238489";"0,3275451757700915";"1,04829345037879";"1";"3";"3";"D";"0";"1";"0"
"20/11/2021";"Norwich";"Southampton";"B365";"Casa de apuestas";"3,50";"3,50";"2,05";"0,2857142857142857";"0,2857142857142857";"0,4878048780487805";"1,05923344947735";"0,0592334494773519";"0,2697368421052632";"0,2697368421052632";"0,4605263157894737";"1";"0,2659698025551684";"0,2659698025551684";"0,4680603948896632";"1";FALSE;"0,2659253800140538";"0,2659253800140538";"0,4681492399718925";"1,05729461129354";"1";"2";"1";"H";"1";"0";"0"
"20/11/2021";"Norwich";"Southampton";"BW";"Casa de apuestas";"3,60";"3,50";"2,00";"0,2777777777777778";"0,2857142857142857";"0,5000000000000000";"1,06349206349206";"0,0634920634920635";"0,2611940298507463";"0,2686567164179104";"0,4701492537313433";"1";"0,2566137566137566";"0,2645502645502645";"0,4788359788359788";"1";FALSE;"0,2566034664636982";"0,2643956375036393";"0,4790008960326625";"1,06189974017712";"1";"2";"1";"H";"1";"0";"0"
"20/11/2021";"Norwich";"Southampton";"IW";"Casa de apuestas";"3,40";"3,40";"2,15";"0,2941176470588235";"0,2941176470588235";"0,4651162790697674";"1,05335157318741";"0,0533515731874146";"0,2792207792207792";"0,2792207792207792";"0,4415584415584415";"1";"0,2763337893296853";"0,2763337893296853";"0,4473324213406292";"1";FALSE;"0,2763377995703524";"0,2763377995703524";"0,4473244008592953";"1,05095364469160";"1";"2";"1";"H";"1";"0";"0"
"20/11/2021";"Watford";"Man United";"B365";"Casa de apuestas";"6,50";"4,50";"1,45";"0,1538461538461539";"0,2222222222222222";"0,6896551724137931";"1,06572354848217";"0,0657235484821692";"0,1443584070796461";"0,2085176991150442";"0,6471238938053098";"1";"0,1319383043520975";"0,2003143727281658";"0,6677473229197367";"1";FALSE;"0,1327831286177697";"0,1974266629199448";"0,6697902084622854";"1,07865997724906";"1";"4";"1";"H";"1";"0";"0"
"20/11/2021";"Watford";"Man United";"BW";"Casa de apuestas";"6,25";"4,50";"1,49";"0,1600000000000000";"0,2222222222222222";"0,6711409395973155";"1,05336316181954";"0,0533631618195378";"0,1518944328028544";"0,2109644900039644";"0,6371410771931811";"1";"0,1422122793934874";"0,2044345016157096";"0,6533532189908029";"1";FALSE;"0,1428146373879097";"0,2024352294790009";"0,6547501331330895";"1,06200339254361";"1";"4";"1";"H";"1";"0";"0"
"20/11/2021";"Watford";"Man United";"IW";"Casa de apuestas";"5,75";"4,40";"1,55";"0,1739130434782609";"0,2272727272727273";"0,6451612903225806";"1,04634706107357";"0,0463470610735688";"0,1662097118138061";"0,2172058733930421";"0,6165844147931517";"1";"0,1584640231204046";"0,2118237069148710";"0,6297122699647244";"1";FALSE;"0,1588444313312654";"0,2104788882125966";"0,6306766804561380";"1,05181233005954";"1";"4";"1";"H";"1";"0";"0"
"20/11/2021";"Wolves";"West Ham";"B365";"Casa de apuestas";"3,10";"3,25";"2,37";"0,3225806451612903";"0,3076923076923077";"0,4219409282700421";"1,05221388112364";"0,0522138811236401";"0,3065732651396048";"0,2924237298254692";"0,4010030050349260";"1";"0,3051760181200769";"0,2902876806510943";"0,4045363012288287";"1";FALSE;"0,3051566949606911";"0,2903982923618171";"0,4044450126774916";"1,04907872124028";"1";"1";"0";"H";"1";"0";"0"
"20/11/2021";"Wolves";"West Ham";"BW";"Casa de apuestas";"3,10";"3,20";"2,37";"0,3225806451612903";"0,3125000000000000";"0,4219409282700421";"1,05702157343133";"0,0570215734313324";"0,3051788660416080";"0,2956420264778077";"0,3991791074805842";"1";"0,3035734540175128";"0,2934928088562225";"0,4029337371262646";"1";FALSE;"0,3035724081424656";"0,2935850010565405";"0,4028425908009939";"1,05367941932754";"1";"1";"0";"H";"1";"0";"0"
"20/11/2021";"Wolves";"West Ham";"IW";"Casa de apuestas";"3,10";"3,15";"2,40";"0,3225806451612903";"0,3174603174603174";"0,4166666666666667";"1,05670762928827";"0,0567076292882744";"0,3052695336159903";"0,3004239854633555";"0,3943064809206542";"1";"0,3036781020651989";"0,2985577743642259";"0,3977641235705752";"1";FALSE;"0,3037025344586308";"0,2986270730475925";"0,3976703924937767";"1,05330063431139";"1";"1";"0";"H";"1";"0";"0"
"21/11/2021";"Man City";"Everton";"B365";"Casa de apuestas";"1,20";"6,50";"15,00";"0,8333333333333334";"0,1538461538461539";"0,0666666666666667";"1,05384615384615";"0,0538461538461539";"0,7907542579075426";"0,1459854014598541";"0,0632603406326034";"1";"0,8153846153846154";"0,1358974358974359";"0,0487179487179487";"1";FALSE;"0,8192064023572030";"0,1290784356299539";"0,0517151620128432";"1,09377746031072";"1";"3";"0";"H";"1";"0";"0"
"21/11/2021";"Man City";"Everton";"BW";"Casa de apuestas";"1,19";"7,00";"15,50";"0,8403361344537815";"0,1428571428571428";"0,0645161290322581";"1,04770940634318";"0,0477094063431824";"0,8020698576972833";"0,1363518758085381";"0,0615782664941786";"1";"0,8244329990060540";"0,1269540074094153";"0,0486129935845306";"1";FALSE;"0,8279498044759011";"0,1209930890745668";"0,0510571064495322";"1,08536452781650";"1";"3";"0";"H";"1";"0";"0"
"21/11/2021";"Man City";"Everton";"IW";"Casa de apuestas";"1,22";"6,50";"13,00";"0,8196721311475410";"0,1538461538461539";"0,0769230769230769";"1,05044136191677";"0,0504413619167718";"0,7803121248499399";"0,1464585834333734";"0,0732292917166866";"1";"0,8028583438419504";"0,1370323665405633";"0,0601092896174863";"1";FALSE;"0,8062162063297548";"0,1316495067205826";"0,0621342869496626";"1,08324061429579";"1";"3";"0";"H";"1";"0";"0"
"21/11/2021";"Tottenham";"Leeds";"B365";"Casa de apuestas";"1,57";"4,00";"6,00";"0,6369426751592356";"0,2500000000000000";"0,1666666666666667";"1,05360934182590";"0,0536093418259023";"0,6045340050377834";"0,2372795969773300";"0,1581863979848867";"1";"0,6190728945506015";"0,2321302193913659";"0,1487968860580326";"1";FALSE;"0,6200447226747431";"0,2301717232225251";"0,1497835541027318";"1,05960874337665";"1";"2";"1";"H";"1";"0";"0"
"21/11/2021";"Tottenham";"Leeds";"BW";"Casa de apuestas";"1,60";"4,00";"5,50";"0,6250000000000000";"0,2500000000000000";"0,1818181818181818";"1,05681818181818";"0,0568181818181819";"0,5913978494623655";"0,2365591397849462";"0,1720430107526881";"1";"0,6060606060606061";"0,2310606060606060";"0,1628787878787878";"1";FALSE;"0,6070366188482859";"0,2293948763546210";"0,1635685047970931";"1,06204746323222";"1";"2";"1";"H";"1";"0";"0"
"21/11/2021";"Tottenham";"Leeds";"IW";"Casa de apuestas";"1,60";"4,00";"5,50";"0,6250000000000000";"0,2500000000000000";"0,1818181818181818";"1,05681818181818";"0,0568181818181819";"0,5913978494623655";"0,2365591397849462";"0,1720430107526881";"1";"0,6060606060606061";"0,2310606060606060";"0,1628787878787878";"1";FALSE;"0,6070366188482859";"0,2293948763546210";"0,1635685047970931";"1,06204746323222";"1";"2";"1";"H";"1";"0";"0"
"27/11/2021";"Arsenal";"Newcastle";"B365";"Casa de apuestas";"1,50";"4,50";"6,00";"0,6666666666666666";"0,2222222222222222";"0,1666666666666667";"1,05555555555556";"0,0555555555555556";"0,6315789473684210";"0,2105263157894737";"0,1578947368421053";"1";"0,6481481481481481";"0,2037037037037037";"0,1481481481481482";"1";FALSE;"0,6495807443214580";"0,2018182920876909";"0,1486009635908511";"1,06403269802740";"1";"2";"0";"H";"1";"0";"0"
"27/11/2021";"Arsenal";"Newcastle";"BW";"Casa de apuestas";"1,47";"4,60";"6,25";"0,6802721088435374";"0,2173913043478261";"0,1600000000000000";"1,05766341319136";"0,0576634131913634";"0,6431839282318594";"0,2055392118480073";"0,1512768599201333";"1";"0,6610509711130830";"0,1981701666173716";"0,1407788622695455";"1";FALSE;"0,6627135987704902";"0,1960004235354597";"0,1412859776940502";"1,06787571017300";"1";"2";"0";"H";"1";"0";"0"
"27/11/2021";"Arsenal";"Newcastle";"IW";"Casa de apuestas";"1,50";"4,50";"6,25";"0,6666666666666666";"0,2222222222222222";"0,1600000000000000";"1,04888888888889";"0,0488888888888888";"0,6355932203389831";"0,2118644067796610";"0,1525423728813559";"1";"0,6503703703703704";"0,2059259259259260";"0,1437037037037037";"1";FALSE;"0,6515842373627080";"0,2041369997464706";"0,1442787628908214";"1,05643761854237";"1";"2";"0";"H";"1";"0";"0"
"27/11/2021";"Brighton";"Leeds";"B365";"Casa de apuestas";"2,15";"3,30";"3,40";"0,4651162790697674";"0,3030303030303030";"0,2941176470588235";"1,06226422915889";"0,0622642291588940";"0,4378536585365853";"0,2852682926829268";"0,2768780487804878";"1";"0,4443615360168027";"0,2822755599773383";"0,2733629040058588";"1";FALSE;"0,4443670226684833";"0,2822101752935683";"0,2734228020379482";"1,05961921028520";"1";"0";"0";"D";"0";"1";"0"
"27/11/2021";"Brighton";"Leeds";"BW";"Casa de apuestas";"2,10";"3,30";"3,50";"0,4761904761904762";"0,3030303030303030";"0,2857142857142857";"1,06493506493507";"0,0649350649350651";"0,4471544715447154";"0,2845528455284552";"0,2682926829268292";"1";"0,4545454545454545";"0,2813852813852813";"0,2640692640692640";"1";FALSE;"0,4545959408082414";"0,2812240603045699";"0,2641799988871888";"1,06255103932190";"1";"0";"0";"D";"0";"1";"0"
"27/11/2021";"Brighton";"Leeds";"IW";"Casa de apuestas";"2,15";"3,35";"3,45";"0,4651162790697674";"0,2985074626865671";"0,2898550724637681";"1,05347881422010";"0,0534788142201026";"0,4415051093496323";"0,2833540254034953";"0,2751408652468724";"1";"0,4472900076630665";"0,2806811912798662";"0,2720288010570673";"1";FALSE;"0,4472810941614755";"0,2806311254882847";"0,2720877803502398";"1,05108012605947";"1";"0";"0";"D";"0";"1";"0"
"27/11/2021";"Crystal Palace";"Aston Villa";"B365";"Casa de apuestas";"2,25";"3,30";"3,30";"0,4444444444444444";"0,3030303030303030";"0,3030303030303030";"1,05050505050505";"0,0505050505050504";"0,4230769230769231";"0,2884615384615384";"0,2884615384615384";"1";"0,4276094276094276";"0,2861952861952862";"0,2861952861952862";"1";FALSE;"0,4275504189509496";"0,2862247905245252";"0,2862247905245252";"1,04778813454199";"1";"1";"2";"A";"0";"0";"1"
"27/11/2021";"Crystal Palace";"Aston Villa";"BW";"Casa de apuestas";"2,20";"3,30";"3,30";"0,4545454545454545";"0,3030303030303030";"0,3030303030303030";"1,06060606060606";"0,0606060606060606";"0,4285714285714285";"0,2857142857142857";"0,2857142857142857";"1";"0,4343434343434343";"0,2828282828282828";"0,2828282828282828";"1";FALSE;"0,4343146158243357";"0,2828426920878321";"0,2828426920878321";"1,05774405590011";"1";"1";"2";"A";"0";"0";"1"
"27/11/2021";"Crystal Palace";"Aston Villa";"IW";"Casa de apuestas";"2,30";"3,15";"3,35";"0,4347826086956522";"0,3174603174603174";"0,2985074626865671";"1,05075038884254";"0,0507503888425367";"0,4137829624546614";"0,3021272424272130";"0,2840897951181256";"1";"0,4178658124148066";"0,3005435211794718";"0,2815906664057215";"1";FALSE;"0,4177868345863243";"0,3004922326875475";"0,2817209327261281";"1,04787415289999";"1";"1";"2";"A";"0";"0";"1"
"27/11/2021";"Liverpool";"Southampton";"B365";"Casa de apuestas";"1,25";"6,00";"11,00";"0,8000000000000000";"0,1666666666666667";"0,0909090909090909";"1,05757575757576";"0,0575757575757576";"0,7564469914040115";"0,1575931232091691";"0,0859598853868195";"1";"0,7808080808080808";"0,1474747474747475";"0,0717171717171717";"1";FALSE;"0,7843246340873679";"0,1421808415346297";"0,0734945243780022";"1,08868156312365";"1";"4";"0";"H";"1";"0";"0"
"27/11/2021";"Liverpool";"Southampton";"BW";"Casa de apuestas";"1,24";"6,75";"11,00";"0,8064516129032259";"0,1481481481481481";"0,0909090909090909";"1,04550885196046";"0,0455088519604649";"0,7713484313318096";"0,1416995636816954";"0,0869520049864949";"1";"0,7912819955830709";"0,1329785308279932";"0,0757394735889359";"1";FALSE;"0,7941514842748630";"0,1292535913966397";"0,0765949243284973";"1,07144982335395";"1";"4";"0";"H";"1";"0";"0"
"27/11/2021";"Liverpool";"Southampton";"IW";"Casa de apuestas";"1,30";"6,00";"9,00";"0,7692307692307692";"0,1666666666666667";"0,1111111111111111";"1,04700854700855";"0,0470085470085468";"0,7346938775510203";"0,1591836734693878";"0,1061224489795918";"1";"0,7535612535612536";"0,1509971509971511";"0,0954415954415955";"1";FALSE;"0,7559620625629736";"0,1479933777769006";"0,0960445596601259";"1,06631932677488";"1";"4";"0";"H";"1";"0";"0"
"27/11/2021";"Norwich";"Wolves";"B365";"Casa de apuestas";"3,50";"3,30";"2,15";"0,2857142857142857";"0,3030303030303030";"0,4651162790697674";"1,05386086781436";"0,0538608678143562";"0,2711119602598395";"0,2875429881543752";"0,4413450515857852";"1";"0,2677606631095003";"0,2850766804255176";"0,4471626564649820";"1";FALSE;"0,2678762343919885";"0,2849727316125493";"0,4471510339954621";"1,05146005288736";"1";"0";"0";"D";"0";"1";"0"
"27/11/2021";"Norwich";"Wolves";"BW";"Casa de apuestas";"3,50";"3,30";"2,10";"0,2857142857142857";"0,3030303030303030";"0,4761904761904762";"1,06493506493506";"0,0649350649350651";"0,2682926829268293";"0,2845528455284553";"0,4471544715447155";"1";"0,2640692640692640";"0,2813852813852813";"0,4545454545454545";"1";FALSE;"0,2641799988871887";"0,2812240603045699";"0,4545959408082413";"1,06255103932190";"1";"0";"0";"D";"0";"1";"0"
"27/11/2021";"Norwich";"Wolves";"IW";"Casa de apuestas";"3,50";"3,20";"2,20";"0,2857142857142857";"0,3125000000000000";"0,4545454545454545";"1,05275974025974";"0,0527597402597402";"0,2713955281418658";"0,2968388589051658";"0,4317656129529683";"1";"0,2681277056277056";"0,2949134199134199";"0,4369588744588744";"1";FALSE;"0,2683057663085477";"0,2947820433857283";"0,4369121903057241";"1,05018112990936";"1";"0";"0";"D";"0";"1";"0"
"28/11/2021";"Brentford";"Everton";"B365";"Casa de apuestas";"2,15";"3,25";"3,50";"0,4651162790697674";"0,3076923076923077";"0,2857142857142857";"1,05852287247636";"0,0585228724763609";"0,4394012554321583";"0,2906808305166586";"0,2699179140511830";"1";"0,4456086549109804";"0,2881846835335207";"0,2662066615554987";"1";FALSE;"0,4456012331207959";"0,2880403453252993";"0,2663584215539049";"1,05599579570420";"1";"1";"0";"H";"1";"0";"0"
"28/11/2021";"Brentford";"Everton";"BW";"Casa de apuestas";"2,15";"3,30";"3,30";"0,4651162790697674";"0,3030303030303030";"0,3030303030303030";"1,07117688513037";"0,0711768851303736";"0,4342105263157895";"0,2828947368421053";"0,2828947368421053";"1";"0,4413906506929762";"0,2793046746535118";"0,2793046746535118";"1";FALSE;"0,4414156949105256";"0,2792921525447373";"0,2792921525447373";"1,06832473378759";"1";"1";"0";"H";"1";"0";"0"
"28/11/2021";"Brentford";"Everton";"IW";"Casa de apuestas";"2,25";"3,15";"3,45";"0,4444444444444444";"0,3174603174603174";"0,2898550724637681";"1,05175983436853";"0,0517598343685299";"0,4225721784776903";"0,3018372703412073";"0,2755905511811024";"1";"0,4271911663216011";"0,3002070393374741";"0,2726017943409249";"1";FALSE;"0,4271222590312503";"0,3000961595165019";"0,2727815814522476";"1,04902366295883";"1";"1";"0";"H";"1";"0";"0"
"28/11/2021";"Chelsea";"Man United";"B365";"Casa de apuestas";"1,53";"4,00";"6,50";"0,6535947712418301";"0,2500000000000000";"0,1538461538461539";"1,05744092508798";"0,0574409250879839";"0,6180910495661476";"0,2364198264590515";"0,1454891239748010";"1";"0,6344477962125021";"0,2308530249706720";"0,1346991788168259";"1";FALSE;"0,6356290949889108";"0,2282866896926205";"0,1360842153184685";"1,06554067476760";"1";"1";"1";"D";"0";"1";"0"
"28/11/2021";"Chelsea";"Man United";"BW";"Casa de apuestas";"1,55";"4,20";"5,75";"0,6451612903225806";"0,2380952380952381";"0,1739130434782609";"1,05716957189608";"0,0571695718960794";"0,6102722850464337";"0,2252195337671363";"0,1645081811864300";"1";"0,6261047663572208";"0,2190387141298783";"0,1548565195129011";"1";FALSE;"0,6273130494557758";"0,2171969617745401";"0,1554899887696841";"1,06401445507820";"1";"1";"1";"D";"0";"1";"0"
"28/11/2021";"Chelsea";"Man United";"IW";"Casa de apuestas";"1,57";"4,10";"6,00";"0,6369426751592356";"0,2439024390243903";"0,1666666666666667";"1,04751178085029";"0,0475117808502925";"0,6080529945374100";"0,2328398052253010";"0,1591072002372890";"1";"0,6211054148758048";"0,2280651787409595";"0,1508294063832359";"1";FALSE;"0,6219628914811061";"0,2264044800308792";"0,1516326284880148";"1,05276106186906";"1";"1";"1";"D";"0";"1";"0"
"28/11/2021";"Leicester";"Watford";"B365";"Casa de apuestas";"1,65";"3,80";"5,25";"0,6060606060606061";"0,2631578947368421";"0,1904761904761905";"1,05969469127364";"0,0596946912736387";"0,5719200172006020";"0,2483336916792087";"0,1797462911201892";"1";"0,5861623756360599";"0,2432596643122958";"0,1705779600516443";"1";FALSE;"0,5869937578763846";"0,2416614014664661";"0,1713448406571492";"1,06383263314124";"1";"4";"2";"H";"1";"0";"0"
"28/11/2021";"Leicester";"Watford";"BW";"Casa de apuestas";"1,71";"3,80";"4,80";"0,5847953216374269";"0,2631578947368421";"0,2083333333333333";"1,05628654970760";"0,0562865497076022";"0,5536332179930796";"0,2491349480968858";"0,1972318339100346";"1";"0,5660331384015594";"0,2443957115009747";"0,1895711500974659";"1";FALSE;"0,5666671582473513";"0,2433243982633008";"0,1900084434893479";"1,05869559872887";"1";"4";"2";"H";"1";"0";"0"
"28/11/2021";"Leicester";"Watford";"IW";"Casa de apuestas";"1,70";"3,65";"5,50";"0,5882352941176471";"0,2739726027397260";"0,1818181818181818";"1,04402607867555";"0,0440260786755549";"0,5634296940780242";"0,2624193095705866";"0,1741509963513893";"1";"0,5735599345591288";"0,2592972431812077";"0,1671428222596635";"1";FALSE;"0,5739561833044727";"0,2580279444899180";"0,1680158722056093";"1,04631108534350";"1";"4";"2";"H";"1";"0";"0"
"28/11/2021";"Man City";"West Ham";"B365";"Casa de apuestas";"1,25";"6,00";"11,00";"0,8000000000000000";"0,1666666666666667";"0,0909090909090909";"1,05757575757576";"0,0575757575757576";"0,7564469914040115";"0,1575931232091691";"0,0859598853868195";"1";"0,7808080808080808";"0,1474747474747475";"0,0717171717171717";"1";FALSE;"0,7843246340873679";"0,1421808415346297";"0,0734945243780022";"1,08868156312365";"1";"2";"1";"H";"1";"0";"0"
"28/11/2021";"Man City";"West Ham";"BW";"Casa de apuestas";"1,28";"6,00";"10,00";"0,7812500000000000";"0,1666666666666667";"0,1000000000000000";"1,04791666666667";"0,0479166666666666";"0,7455268389662026";"0,1590457256461233";"0,0954274353876740";"1";"0,7652777777777778";"0,1506944444444445";"0,0840277777777778";"1";FALSE;"0,7678657527088402";"0,1470205060996242";"0,0851137411915357";"1,07000031956402";"1";"2";"1";"H";"1";"0";"0"
"28/11/2021";"Man City";"West Ham";"IW";"Casa de apuestas";"1,27";"5,75";"12,00";"0,7874015748031495";"0,1739130434782609";"0,0833333333333333";"1,04464795161474";"0,0446479516147438";"0,7537482590053800";"0,1664800502498840";"0,0797716907447360";"1";"0,7725189242649017";"0,1590303929400129";"0,0684506827950854";"1";FALSE;"0,7748556925979719";"0,1546263982133151";"0,0705179091887130";"1,06719846824226";"1";"2";"1";"H";"1";"0";"0"
"30/11/2021";"Leeds";"Crystal Palace";"B365";"Casa de apuestas";"2,20";"3,40";"3,25";"0,4545454545454545";"0,2941176470588235";"0,3076923076923077";"1,05635540929659";"0,0563554092965859";"0,4302959501557632";"0,2784267912772586";"0,2912772585669782";"1";"0,4357603181132592";"0,2753325106266282";"0,2889071712601124";"1";FALSE;"0,4357241764568865";"0,2754326934799638";"0,2888431300631495";"1,05363447713246";"1";"1";"0";"H";"1";"0";"0"
"30/11/2021";"Leeds";"Crystal Palace";"BW";"Casa de apuestas";"2,15";"3,30";"3,40";"0,4651162790697674";"0,3030303030303030";"0,2941176470588235";"1,06226422915889";"0,0622642291588940";"0,4378536585365853";"0,2852682926829268";"0,2768780487804878";"1";"0,4443615360168027";"0,2822755599773383";"0,2733629040058588";"1";FALSE;"0,4443670226684833";"0,2822101752935683";"0,2734228020379482";"1,05961921028520";"1";"1";"0";"H";"1";"0";"0"
"30/11/2021";"Leeds";"Crystal Palace";"IW";"Casa de apuestas";"2,20";"3,20";"3,55";"0,4545454545454545";"0,3125000000000000";"0,2816901408450704";"1,04873559539052";"0,0487355953905251";"0,4334223578786722";"0,2979778710415872";"0,2685997710797405";"1";"0,4383002560819461";"0,2962548015364916";"0,2654449423815620";"1";FALSE;"0,4382483320771612";"0,2961129038313987";"0,2656387640914403";"1,04630840236891";"1";"1";"0";"H";"1";"0";"0"
"30/11/2021";"Newcastle";"Norwich";"B365";"Casa de apuestas";"2,00";"3,50";"3,75";"0,5000000000000000";"0,2857142857142857";"0,2666666666666667";"1,05238095238095";"0,0523809523809524";"0,4751131221719457";"0,2714932126696832";"0,2533936651583711";"1";"0,4825396825396825";"0,2682539682539682";"0,2492063492063493";"1";FALSE;"0,4826510951699511";"0,2680483142496864";"0,2493005905803625";"1,05094744239563";"1";"1";"1";"D";"0";"1";"0"
"30/11/2021";"Newcastle";"Norwich";"BW";"Casa de apuestas";"2,05";"3,50";"3,50";"0,4878048780487805";"0,2857142857142857";"0,2857142857142857";"1,05923344947735";"0,0592334494773521";"0,4605263157894737";"0,2697368421052632";"0,2697368421052632";"1";"0,4680603948896631";"0,2659698025551683";"0,2659698025551683";"1";FALSE;"0,4681492399718925";"0,2659253800140538";"0,2659253800140538";"1,05729461129354";"1";"1";"1";"D";"0";"1";"0"
"30/11/2021";"Newcastle";"Norwich";"IW";"Casa de apuestas";"2,15";"3,40";"3,45";"0,4651162790697674";"0,2941176470588235";"0,2898550724637681";"1,04908899859236";"0,0490889985923590";"0,4433525465368988";"0,2803552867806860";"0,2762921666824152";"1";"0,4487532795389810";"0,2777546475280371";"0,2734920729329818";"1";FALSE;"0,4487392645144486";"0,2777364781710209";"0,2735242573145306";"1,04682812058260";"1";"1";"1";"D";"0";"1";"0"
"01/12/2021";"Aston Villa";"Man City";"B365";"Casa de apuestas";"7,00";"4,33";"1,45";"0,1428571428571428";"0,2309468822170901";"0,6896551724137931";"1,06345919748803";"0,0634591974880261";"0,1343325096012922";"0,2171657199097104";"0,6485017704889973";"1";"0,1217040770278008";"0,2097938163877480";"0,6685021065844511";"1";FALSE;"0,1231348935462819";"0,2064990563348321";"0,6703660501188859";"1,07634714278020";"1";"1";"2";"A";"0";"0";"1"
"01/12/2021";"Aston Villa";"Man City";"BW";"Casa de apuestas";"7,00";"4,50";"1,44";"0,1428571428571428";"0,2222222222222222";"0,6944444444444444";"1,05952380952381";"0,0595238095238095";"0,1348314606741573";"0,2097378277153558";"0,6554307116104870";"1";"0,1230158730158730";"0,2023809523809524";"0,6746031746031745";"1";FALSE;"0,1241672187602321";"0,1993972316265031";"0,6764355496132648";"1,07205673625894";"1";"1";"2";"A";"0";"0";"1"
"01/12/2021";"Aston Villa";"Man City";"IW";"Casa de apuestas";"8,00";"4,60";"1,43";"0,1250000000000000";"0,2173913043478261";"0,6993006993006994";"1,04169200364853";"0,0416920036485255";"0,1199970812506841";"0,2086905760881462";"0,6713123426611697";"1";"0,1111026654504915";"0,2034939697983176";"0,6854033647511909";"1";FALSE;"0,1123640072781904";"0,2010371164170111";"0,6865988763047985";"1,05124937101281";"1";"1";"2";"A";"0";"0";"1"
"01/12/2021";"Everton";"Liverpool";"B365";"Casa de apuestas";"8,00";"5,00";"1,36";"0,1250000000000000";"0,2000000000000000";"0,7352941176470588";"1,06029411764706";"0,0602941176470588";"0,1178918169209431";"0,1886269070735090";"0,6934812760055478";"1";"0,1049019607843137";"0,1799019607843138";"0,7151960784313725";"1";FALSE;"0,1061144268002193";"0,1761865539900734";"0,7176990192097074";"1,07876909450494";"1";"1";"4";"A";"0";"0";"1"
"01/12/2021";"Everton";"Liverpool";"BW";"Casa de apuestas";"8,50";"5,25";"1,35";"0,1176470588235294";"0,1904761904761905";"0,7407407407407407";"1,04886399004046";"0,0488639900404606";"0,1121661721068249";"0,1816023738872404";"0,7062314540059347";"1";"0,1013590621433759";"0,1741881937960369";"0,7244527440605871";"1";FALSE;"0,1024256844808632";"0,1710867315028830";"0,7264875840162538";"1,06474174102029";"1";"1";"4";"A";"0";"0";"1"
"01/12/2021";"Everton";"Liverpool";"IW";"Casa de apuestas";"7,75";"4,80";"1,40";"0,1290322580645161";"0,2083333333333333";"0,7142857142857143";"1,05165130568356";"0,0516513056835639";"0,1226949059704217";"0,1981011502647435";"0,6792039437648348";"1";"0,1118151561699948";"0,1911162314388120";"0,6970686123911930";"1";FALSE;"0,1129750224516662";"0,1881681295477418";"0,6988568480005921";"1,06490020318178";"1";"1";"4";"A";"0";"0";"1"
"01/12/2021";"Southampton";"Leicester";"B365";"Casa de apuestas";"2,25";"3,50";"3,10";"0,4444444444444444";"0,2857142857142857";"0,3225806451612903";"1,05273937532002";"0,0527393753200205";"0,4221789883268482";"0,2714007782101167";"0,3064202334630350";"1";"0,4268646526711042";"0,2681344939409455";"0,3050008533879501";"1";FALSE;"0,4267877056186815";"0,2683700387361562";"0,3048422556451623";"1,04998993612127";"1";"2";"2";"D";"0";"1";"0"
"01/12/2021";"Southampton";"Leicester";"BW";"Casa de apuestas";"2,25";"3,25";"3,25";"0,4444444444444444";"0,3076923076923077";"0,3076923076923077";"1,05982905982906";"0,0598290598290598";"0,4193548387096774";"0,2903225806451613";"0,2903225806451613";"1";"0,4245014245014245";"0,2877492877492878";"0,2877492877492878";"1";FALSE;"0,4244466410018364";"0,2877766794990818";"0,2877766794990818";"1,05677278076329";"1";"2";"2";"D";"0";"1";"0"
"01/12/2021";"Southampton";"Leicester";"IW";"Casa de apuestas";"2,30";"3,40";"3,10";"0,4347826086956522";"0,2941176470588235";"0,3225806451612903";"1,05148090091577";"0,0514809009157660";"0,4134954884268341";"0,2797175362887406";"0,3067869752844253";"1";"0,4176223083903969";"0,2769573467535681";"0,3054203448560350";"1";FALSE;"0,4175372813365307";"0,2771377682164938";"0,3053249504469756";"1,04859151858700";"1";"2";"2";"D";"0";"1";"0"
"01/12/2021";"Watford";"Chelsea";"B365";"Casa de apuestas";"9,00";"5,25";"1,33";"0,1111111111111111";"0,1904761904761905";"0,7518796992481203";"1,05346700083542";"0,0534670008354219";"0,1054718477398890";"0,1808088818398097";"0,7137192704203014";"1";"0,0932887774993038";"0,1726538568643832";"0,7340573656363130";"1";FALSE;"0,0947065199268752";"0,1688425720429707";"0,7364509080301542";"1,07270438226794";"1";"1";"2";"A";"0";"0";"1"
"01/12/2021";"Watford";"Chelsea";"BW";"Casa de apuestas";"9,50";"5,25";"1,32";"0,1052631578947368";"0,1904761904761905";"0,7575757575757576";"1,05331510594668";"0,0533151059466848";"0,0999351070733290";"0,1808349556565002";"0,7192299372701709";"1";"0,0874914559125085";"0,1727044884939622";"0,7398040555935294";"1";FALSE;"0,0891797951997424";"0,1685778599583547";"0,7422423448419029";"1,07365059374511";"1";"1";"2";"A";"0";"0";"1"
"01/12/2021";"Watford";"Chelsea";"IW";"Casa de apuestas";"9,50";"5,50";"1,30";"0,1052631578947368";"0,1818181818181818";"0,7692307692307692";"1,05631210894369";"0,0563121089436878";"0,0996515679442508";"0,1721254355400697";"0,7282229965156795";"1";"0,0864924549135075";"0,1630474788369525";"0,7504600662495399";"1";FALSE;"0,0879717483640299";"0,1587171629458010";"0,7533110886901692";"1,07970879602153";"1";"1";"2";"A";"0";"0";"1"
"01/12/2021";"West Ham";"Brighton";"B365";"Casa de apuestas";"1,95";"3,40";"4,00";"0,5128205128205129";"0,2941176470588235";"0,2500000000000000";"1,05693815987934";"0,0569381598793364";"0,4851944345344275";"0,2782732786300392";"0,2365322868355333";"1";"0,4938411261940674";"0,2751382604323780";"0,2310206133735545";"1";FALSE;"0,4940098519244502";"0,2746505959753011";"0,2313395521002488";"1,05595807519874";"1";"1";"1";"D";"0";"1";"0"
"01/12/2021";"West Ham";"Brighton";"BW";"Casa de apuestas";"2,00";"3,30";"3,90";"0,5000000000000000";"0,3030303030303030";"0,2564102564102564";"1,05944055944056";"0,0594405594405594";"0,4719471947194720";"0,2860286028602860";"0,2420242024202420";"1";"0,4801864801864802";"0,2832167832167832";"0,2365967365967366";"1";FALSE;"0,4802967502282293";"0,2827555836383213";"0,2369476661334495";"1,05800204780585";"1";"1";"1";"D";"0";"1";"0"
"01/12/2021";"West Ham";"Brighton";"IW";"Casa de apuestas";"2,00";"3,35";"3,85";"0,5000000000000000";"0,2985074626865671";"0,2597402597402597";"1,05824772242683";"0,0582477224268270";"0,4724791647586775";"0,2820771132887626";"0,2454437219525597";"1";"0,4805840925243910";"0,2790915552109581";"0,2403243522646507";"1";FALSE;"0,4807009525698368";"0,2787011247327461";"0,2405979226974172";"1,05678843252572";"1";"1";"1";"D";"0";"1";"0"
"01/12/2021";"Wolves";"Burnley";"B365";"Casa de apuestas";"1,90";"3,40";"4,20";"0,5263157894736842";"0,2941176470588235";"0,2380952380952381";"1,05852867462775";"0,0585286746277458";"0,4972144846796657";"0,2778551532033426";"0,2249303621169917";"1";"0,5068062312644356";"0,2746080888495749";"0,2185856798859895";"1";FALSE;"0,5070400298505489";"0,2739213119203170";"0,2190386582291342";"1,05813073473382";"1";"0";"0";"D";"0";"1";"0"
"01/12/2021";"Wolves";"Burnley";"BW";"Casa de apuestas";"1,93";"3,30";"4,20";"0,5181347150259068";"0,3030303030303030";"0,2380952380952381";"1,05926025615145";"0,0592602561514479";"0,4891476971942827";"0,2860772895712017";"0,2247750132345156";"1";"0,4983812963087575";"0,2832768843131537";"0,2183418193780888";"1";FALSE;"0,4985519142047510";"0,2825553952679339";"0,2188926905273151";"1,05859525350228";"1";"0";"0";"D";"0";"1";"0"
"01/12/2021";"Wolves";"Burnley";"IW";"Casa de apuestas";"1,97";"3,35";"4,00";"0,5076142131979695";"0,2985074626865671";"0,2500000000000000";"1,05612167588454";"0,0561216758845366";"0,4806398966982909";"0,2826449541778008";"0,2367151491239083";"1";"0,4889069879031240";"0,2798002373917216";"0,2312927747051545";"1";FALSE;"0,4890382020367257";"0,2793097062514619";"0,2316520917118124";"1,05498419279244";"1";"0";"0";"D";"0";"1";"0"
"02/12/2021";"Man United";"Arsenal";"B365";"Casa de apuestas";"2,10";"3,50";"3,40";"0,4761904761904762";"0,2857142857142857";"0,2941176470588235";"1,05602240896359";"0,0560224089635855";"0,4509283819628648";"0,2705570291777188";"0,2785145888594164";"1";"0,4575163398692810";"0,2670401493930905";"0,2754435107376283";"1";FALSE;"0,4575483295670553";"0,2670834788814519";"0,2753681915514927";"1,05382586144543";"1";"3";"2";"H";"1";"0";"0"
"02/12/2021";"Man United";"Arsenal";"BW";"Casa de apuestas";"2,05";"3,50";"3,40";"0,4878048780487805";"0,2857142857142857";"0,2941176470588235";"1,06763681082189";"0,0676368108218899";"0,4569015166058745";"0,2676137454405836";"0,2754847379535419";"1";"0,4652592744414838";"0,2631686821069891";"0,2715720434515269";"1";FALSE;"0,4653771301975581";"0,2631833793768148";"0,2714394904256271";"1,06556807900586";"1";"3";"2";"H";"1";"0";"0"
"02/12/2021";"Man United";"Arsenal";"IW";"Casa de apuestas";"2,05";"3,50";"3,60";"0,4878048780487805";"0,2857142857142857";"0,2777777777777778";"1,05129694154084";"0,0512969415408442";"0,4640029460504511";"0,2717731541152642";"0,2642238998342847";"1";"0,4707058975351657";"0,2686153052006710";"0,2606787972641630";"1";FALSE;"0,4707684614741109";"0,2685272945555915";"0,2607042439702975";"1,04952233388446";"1";"3";"2";"H";"1";"0";"0"
"02/12/2021";"Tottenham";"Brentford";"B365";"Casa de apuestas";"1,61";"3,90";"5,50";"0,6211180124223602";"0,2564102564102564";"0,1818181818181818";"1,05934645065080";"0,0593464506507986";"0,5863218893505358";"0,2420457030395801";"0,1716324076098841";"1";"0,6013358622054273";"0,2366281061933235";"0,1620360316012489";"1";FALSE;"0,6023042559327513";"0,2348337458469818";"0,1628619982202669";"1,06458665753784";"1";"2";"0";"H";"1";"0";"0"
"02/12/2021";"Tottenham";"Brentford";"BW";"Casa de apuestas";"1,63";"3,90";"5,25";"0,6134969325153374";"0,2564102564102564";"0,1904761904761905";"1,06038337940178";"0,0603833794017843";"0,5785614377145764";"0,2418090111473742";"0,1796295511380494";"1";"0,5933691393814093";"0,2362824632763283";"0,1703483973422624";"1";FALSE;"0,5943084399943024";"0,2346891779095002";"0,1710023820961976";"1,06503913249784";"1";"2";"0";"H";"1";"0";"0"
"02/12/2021";"Tottenham";"Brentford";"IW";"Casa de apuestas";"1,67";"3,80";"5,25";"0,5988023952095809";"0,2631578947368421";"0,1904761904761905";"1,05243648042261";"0,0524364804226134";"0,5689677299756157";"0,2500463444892837";"0,1809859255351006";"1";"0,5813235684020431";"0,2456790679293043";"0,1729973636686527";"1";FALSE;"0,5819692331098573";"0,2443313632606965";"0,1736994036294463";"1,05560209947887";"1";"2";"0";"H";"1";"0";"0"
"04/12/2021";"Newcastle";"Burnley";"B365";"Casa de apuestas";"2,30";"3,40";"3,00";"0,4347826086956522";"0,2941176470588235";"0,3333333333333333";"1,06223358908781";"0,0622335890878090";"0,4093097913322633";"0,2768860353130016";"0,3138041733547351";"1";"0,4140380789997159";"0,2733731173628872";"0,3125888036373970";"1";FALSE;"0,4139412953382509";"0,2736379724234010";"0,3124207322383482";"1,05897641125947";"1";"1";"0";"H";"1";"0";"0"
"04/12/2021";"Newcastle";"Burnley";"BW";"Casa de apuestas";"2,25";"3,40";"3,10";"0,4444444444444444";"0,2941176470588235";"0,3225806451612903";"1,06114273666456";"0,0611427366645583";"0,4188356844824160";"0,2771706735545400";"0,3039936419630439";"1";"0,4240635322229250";"0,2737367348373040";"0,3021997329397709";"1";FALSE;"0,4239969427342956";"0,2739383233180869";"0,3020647339476175";"1,05807998906728";"1";"1";"0";"H";"1";"0";"0"
"04/12/2021";"Newcastle";"Burnley";"IW";"Casa de apuestas";"2,40";"3,40";"2,90";"0,4166666666666667";"0,2941176470588235";"0,3448275862068966";"1,05561189993239";"0,0556118999323867";"0,3947157726180945";"0,2786228983186549";"0,3266613290632506";"1";"0,3981293666892045";"0,2755803470813613";"0,3262902862294343";"1";FALSE;"0,3980011466232540";"0,2758656554504437";"0,3261331979263021";"1,05235099030895";"1";"1";"0";"H";"1";"0";"0"
"04/12/2021";"Southampton";"Brighton";"B365";"Casa de apuestas";"2,60";"3,10";"2,87";"0,3846153846153846";"0,3225806451612903";"0,3484320557491289";"1,05562808552580";"0,0556280855258038";"0,3643474343748720";"0,3055817191531185";"0,3300708464720095";"1";"0,3660726894401167";"0,3040379499860224";"0,3298893605738610";"1";FALSE;"0,3659836784923640";"0,3041611182952642";"0,3298552032123719";"1,05196703408343";"1";"1";"1";"D";"0";"1";"0"
"04/12/2021";"Southampton";"Brighton";"BW";"Casa de apuestas";"2,37";"3,10";"3,10";"0,4219409282700421";"0,3225806451612903";"0,3225806451612903";"1,06710221859262";"0,0671022185926227";"0,3954081632653061";"0,3022959183673470";"0,3022959183673470";"1";"0,3995735220725012";"0,3002132389637494";"0,3002132389637494";"1";FALSE;"0,3994838704693009";"0,3002580647653496";"0,3002580647653496";"1,06338228114978";"1";"1";"1";"D";"0";"1";"0"
"04/12/2021";"Southampton";"Brighton";"IW";"Casa de apuestas";"2,60";"3,15";"2,85";"0,3846153846153846";"0,3174603174603174";"0,3508771929824561";"1,05295289505816";"0,0529528950581581";"0,3652731156545621";"0,3014952700640829";"0,3332316142813549";"1";"0,3669644195959986";"0,2998093524409314";"0,3332262279630701";"1";FALSE;"0,3668709361057541";"0,2999552728034371";"0,3331737910908089";"1,04943291965121";"1";"1";"1";"D";"0";"1";"0"
"04/12/2021";"Watford";"Man City";"B365";"Casa de apuestas";"12,00";"7,00";"1,20";"0,0833333333333333";"0,1428571428571428";"0,8333333333333334";"1,05952380952381";"0,0595238095238095";"0,0786516853932584";"0,1348314606741572";"0,7865168539325843";"1";"0,0634920634920635";"0,1230158730158730";"0,8134920634920635";"1";FALSE;"0,0647373792766214";"0,1172263538869010";"0,8180362668364777";"1,10161744397164";"1";"1";"3";"A";"0";"0";"1"
"04/12/2021";"Watford";"Man City";"BW";"Casa de apuestas";"13,00";"7,50";"1,20";"0,0769230769230769";"0,1333333333333333";"0,8333333333333334";"1,04358974358974";"0,0435897435897437";"0,0737100737100737";"0,1277641277641277";"0,7985257985257985";"1";"0,0623931623931623";"0,1188034188034187";"0,8188034188034188";"1";FALSE;"0,0634285771390160";"0,1145860277047898";"0,8219853951561942";"1,07520281737845";"1";"1";"3";"A";"0";"0";"1"
"04/12/2021";"Watford";"Man City";"IW";"Casa de apuestas";"12,00";"6,75";"1,22";"0,0833333333333333";"0,1481481481481481";"0,8196721311475410";"1,05115361262902";"0,0511536126290224";"0,0792779783393502";"0,1409386281588447";"0,7797833935018051";"1";"0,0662821291236592";"0,1310969439384740";"0,8026209269378669";"1";FALSE;"0,0676574995980585";"0,1262259826251685";"0,8061165177767731";"1,08386247504951";"1";"1";"3";"A";"0";"0";"1"
"04/12/2021";"West Ham";"Chelsea";"B365";"Casa de apuestas";"4,75";"3,75";"1,75";"0,2105263157894737";"0,2666666666666667";"0,5714285714285714";"1,04862155388471";"0,0486215538847117";"0,2007648183556406";"0,2543021032504781";"0,5449330783938815";"1";"0,1943191311612365";"0,2504594820384295";"0,5552213868003342";"1";FALSE;"0,1947404873272368";"0,2496054458817933";"0,5556540667909700";"1,05002284257490";"1";"3";"2";"H";"1";"0";"0"
"04/12/2021";"West Ham";"Chelsea";"BW";"Casa de apuestas";"4,60";"3,70";"1,77";"0,2173913043478261";"0,2702702702702702";"0,5649717514124294";"1,05263332603053";"0,0526333260305258";"0,2065213963608843";"0,2567563306108290";"0,5367222730282868";"1";"0,1998468623376508";"0,2527258282600949";"0,5474273094022541";"1";FALSE;"0,2002441840523914";"0,2518876244043691";"0,5478681915432395";"1,05383905771102";"1";"3";"2";"H";"1";"0";"0"
"04/12/2021";"West Ham";"Chelsea";"IW";"Casa de apuestas";"4,60";"3,60";"1,80";"0,2173913043478261";"0,2777777777777778";"0,5555555555555556";"1,05072463768116";"0,0507246376811594";"0,2068965517241380";"0,2643678160919540";"0,5287356321839081";"1";"0,2004830917874396";"0,2608695652173913";"0,5386473429951691";"1";FALSE;"0,2009617778180954";"0,2600463189783218";"0,5389919032035828";"1,05149498445093";"1";"3";"2";"H";"1";"0";"0"
"04/12/2021";"Wolves";"Liverpool";"B365";"Casa de apuestas";"8,50";"5,00";"1,36";"0,1176470588235294";"0,2000000000000000";"0,7352941176470588";"1,05294117647059";"0,0529411764705880";"0,1117318435754190";"0,1899441340782123";"0,6983240223463688";"1";"0,1000000000000001";"0,1823529411764707";"0,7176470588235294";"1";FALSE;"0,1013969285843380";"0,1788464873431806";"0,7197565840724814";"1,06945874731274";"1";"0";"1";"A";"0";"0";"1"
"04/12/2021";"Wolves";"Liverpool";"BW";"Casa de apuestas";"7,25";"5,00";"1,40";"0,1379310344827586";"0,2000000000000000";"0,7142857142857143";"1,05221674876847";"0,0522167487684730";"0,1310861423220973";"0,1900749063670412";"0,6788389513108614";"1";"0,1205254515599343";"0,1825944170771757";"0,6968801313628900";"1";FALSE;"0,1211927696268918";"0,1800458107241342";"0,6987614196489740";"1,06530605698020";"1";"0";"1";"A";"0";"0";"1"
"04/12/2021";"Wolves";"Liverpool";"IW";"Casa de apuestas";"8,00";"5,25";"1,37";"0,1250000000000000";"0,1904761904761905";"0,7299270072992701";"1,04540319777546";"0,0454031977754605";"0,1195710901458792";"0,1822035659365779";"0,6982253439175429";"1";"0,1098656007415132";"0,1753417912177037";"0,7147926080407833";"1";FALSE;"0,1106340059353780";"0,1728062225485683";"0,7165597715160538";"1,05871106508906";"1";"0";"1";"A";"0";"0";"1"
"05/12/2021";"Aston Villa";"Leicester";"B365";"Casa de apuestas";"2,20";"3,40";"3,30";"0,4545454545454545";"0,2941176470588235";"0,3030303030303030";"1,05169340463458";"0,0516934046345812";"0,4322033898305085";"0,2796610169491525";"0,2881355932203390";"1";"0,4373143196672608";"0,2768865121806298";"0,2857991681521093";"1";FALSE;"0,4372757046806532";"0,2769564427075112";"0,2857678526118356";"1,04912633357969";"1";"2";"1";"H";"1";"0";"0"
"05/12/2021";"Aston Villa";"Leicester";"BW";"Casa de apuestas";"2,20";"3,30";"3,30";"0,4545454545454545";"0,3030303030303030";"0,3030303030303030";"1,06060606060606";"0,0606060606060606";"0,4285714285714285";"0,2857142857142857";"0,2857142857142857";"1";"0,4343434343434343";"0,2828282828282828";"0,2828282828282828";"1";FALSE;"0,4343146158243357";"0,2828426920878321";"0,2828426920878321";"1,05774405590011";"1";"2";"1";"H";"1";"0";"0"
"05/12/2021";"Aston Villa";"Leicester";"IW";"Casa de apuestas";"2,20";"3,45";"3,25";"0,4545454545454545";"0,2898550724637681";"0,3076923076923077";"1,05209283470153";"0,0520928347015304";"0,4320393025720065";"0,2755033233792505";"0,2924573740487429";"1";"0,4371811763116110";"0,2724907942299247";"0,2903280294584643";"1";FALSE;"0,4371395766150084";"0,2726135527046757";"0,2902468706803159";"1,04952122865889";"1";"2";"1";"H";"1";"0";"0"
"05/12/2021";"Leeds";"Brentford";"B365";"Casa de apuestas";"1,83";"3,50";"4,50";"0,5464480874316939";"0,2857142857142857";"0,2222222222222222";"1,05438459536820";"0,0543845953682018";"0,5182625863770978";"0,2709772951628825";"0,2107601184600197";"1";"0,5283198889756267";"0,2675860872582184";"0,2040940237661549";"1";FALSE;"0,5286326564449692";"0,2667416922138550";"0,2046256513411760";"1,05484801752867";"1";"2";"2";"D";"0";"1";"0"
"05/12/2021";"Leeds";"Brentford";"BW";"Casa de apuestas";"1,82";"3,50";"4,40";"0,5494505494505494";"0,2857142857142857";"0,2272727272727273";"1,06243756243756";"0,0624375624375624";"0,5171603196991067";"0,2689233662435355";"0,2139163140573578";"1";"0,5286380286380286";"0,2649017649017649";"0,2064602064602065";"1";FALSE;"0,5290552791130406";"0,2639766923386487";"0,2069680285483108";"1,06316557866410";"1";"2";"2";"D";"0";"1";"0"
"05/12/2021";"Leeds";"Brentford";"IW";"Casa de apuestas";"1,80";"3,50";"4,70";"0,5555555555555556";"0,2857142857142857";"0,2127659574468085";"1,05403579871665";"0,0540357987166498";"0,5270746555591157";"0,2710669657161166";"0,2018583787247677";"1";"0,5375436226500057";"0,2677023528087358";"0,1947540245412586";"1";FALSE;"0,5378895790671367";"0,2666982698846105";"0,1954121510482528";"1,05497797123137";"1";"2";"2";"D";"0";"1";"0"
"05/12/2021";"Man United";"Crystal Palace";"B365";"Casa de apuestas";"1,50";"4,33";"6,50";"0,6666666666666666";"0,2309468822170901";"0,1538461538461539";"1,05145970272991";"0,0514597027299106";"0,6340391980175715";"0,2196440639783735";"0,1463167380040550";"1";"0,6495134324233631";"0,2137936479737866";"0,1366929196028504";"1";FALSE;"0,6507539629646060";"0,2116355889591155";"0,1376104480762785";"1,05958228388301";"1";"1";"0";"H";"1";"0";"0"
"05/12/2021";"Man United";"Crystal Palace";"BW";"Casa de apuestas";"1,51";"4,40";"6,00";"0,6622516556291391";"0,2272727272727273";"0,1666666666666667";"1,05619104956853";"0,0561910495685332";"0,6270188105643169";"0,2151814554436633";"0,1577997339920198";"1";"0,6435213057729614";"0,2085423774165496";"0,1479363168104890";"1";FALSE;"0,6449068300889463";"0,2065899126674895";"0,1485032572435643";"1,06439978101609";"1";"1";"0";"H";"1";"0";"0"
"05/12/2021";"Man United";"Crystal Palace";"IW";"Casa de apuestas";"1,53";"4,40";"6,00";"0,6535947712418301";"0,2272727272727273";"0,1666666666666667";"1,04753416518122";"0,0475341651812240";"0,6239364719228587";"0,2169597277368123";"0,1591038003403290";"1";"0,6377500495147554";"0,2114280055456526";"0,1508219449395921";"1";FALSE;"0,6388039186813437";"0,2098522105349742";"0,1513438707836821";"1,05382489878361";"1";"1";"0";"H";"1";"0";"0"
"05/12/2021";"Tottenham";"Norwich";"B365";"Casa de apuestas";"1,44";"4,50";"7,00";"0,6944444444444444";"0,2222222222222222";"0,1428571428571428";"1,05952380952381";"0,0595238095238095";"0,6554307116104870";"0,2097378277153558";"0,1348314606741573";"1";"0,6746031746031745";"0,2023809523809524";"0,1230158730158730";"1";FALSE;"0,6764355496132648";"0,1993972316265031";"0,1241672187602321";"1,07205673625894";"1";"3";"0";"H";"1";"0";"0"
"05/12/2021";"Tottenham";"Norwich";"BW";"Casa de apuestas";"1,46";"4,40";"6,75";"0,6849315068493150";"0,2272727272727273";"0,1481481481481481";"1,06035238227019";"0,0603523822701906";"0,6459470627895344";"0,2143369799256183";"0,1397159572848474";"1";"0,6648140460925849";"0,2071552665159971";"0,1280306873914179";"1";FALSE;"0,6665474821807486";"0,2043086111525522";"0,1291439066666992";"1,07189441219495";"1";"3";"0";"H";"1";"0";"0"
"05/12/2021";"Tottenham";"Norwich";"IW";"Casa de apuestas";"1,50";"4,40";"6,75";"0,6666666666666666";"0,2272727272727273";"0,1481481481481481";"1,04208754208754";"0,0420875420875420";"0,6397415185783523";"0,2180936995153474";"0,1421647819063005";"1";"0,6526374859708193";"0,2132435465768800";"0,1341189674523008";"1";FALSE;"0,6536076802575826";"0,2114233237270657";"0,1349689960153516";"1,04879057729388";"1";"3";"0";"H";"1";"0";"0"
"06/12/2021";"Everton";"Arsenal";"B365";"Casa de apuestas";"3,60";"3,50";"2,05";"0,2777777777777778";"0,2857142857142857";"0,4878048780487805";"1,05129694154084";"0,0512969415408440";"0,2642238998342847";"0,2717731541152642";"0,4640029460504511";"1";"0,2606787972641631";"0,2686153052006710";"0,4707058975351658";"1";FALSE;"0,2607042439702975";"0,2685272945555915";"0,4707684614741109";"1,04952233388446";"1";"2";"1";"H";"1";"0";"0"
"06/12/2021";"Everton";"Arsenal";"BW";"Casa de apuestas";"3,60";"3,50";"2,00";"0,2777777777777778";"0,2857142857142857";"0,5000000000000000";"1,06349206349206";"0,0634920634920635";"0,2611940298507463";"0,2686567164179104";"0,4701492537313433";"1";"0,2566137566137566";"0,2645502645502645";"0,4788359788359788";"1";FALSE;"0,2566034664636982";"0,2643956375036393";"0,4790008960326625";"1,06189974017712";"1";"2";"1";"H";"1";"0";"0"
"06/12/2021";"Everton";"Arsenal";"IW";"Casa de apuestas";"3,55";"3,40";"2,10";"0,2816901408450704";"0,2941176470588235";"0,4761904761904762";"1,05199826409437";"0,0519982640943701";"0,2677667354209638";"0,2795799737483592";"0,4526532908306770";"1";"0,2643573861469470";"0,2767848923607001";"0,4588577214923529";"1";FALSE;"0,2644294211715200";"0,2766909750972509";"0,4588796037312292";"1,04990995547186";"1";"2";"1";"H";"1";"0";"0"
"10/12/2021";"Brentford";"Watford";"B365";"Casa de apuestas";"2,45";"3,30";"2,87";"0,4081632653061224";"0,3030303030303030";"0,3484320557491289";"1,05962562408555";"0,0596256240855544";"0,3851957295373665";"0,2859786476868327";"0,3288256227758007";"1";"0,3882880572776043";"0,2831550950017849";"0,3285568477206108";"1";FALSE;"0,3881615480990941";"0,2834078236205252";"0,3284306282803807";"1,05607221500496";"1";"2";"1";"H";"1";"0";"0"
"10/12/2021";"Brentford";"Watford";"BW";"Casa de apuestas";"2,05";"3,50";"3,50";"0,4878048780487805";"0,2857142857142857";"0,2857142857142857";"1,05923344947735";"0,0592334494773521";"0,4605263157894737";"0,2697368421052632";"0,2697368421052632";"1";"0,4680603948896631";"0,2659698025551683";"0,2659698025551683";"1";FALSE;"0,4681492399718925";"0,2659253800140538";"0,2659253800140538";"1,05729461129354";"1";"2";"1";"H";"1";"0";"0"
"10/12/2021";"Brentford";"Watford";"IW";"Casa de apuestas";"2,50";"3,30";"2,90";"0,4000000000000000";"0,3030303030303030";"0,3448275862068966";"1,04785788923720";"0,0478578892371997";"0,3817311527722378";"0,2891902672516952";"0,3290785799760670";"1";"0,3840473702542668";"0,2870776732845697";"0,3288749564611633";"1";FALSE;"0,3839374300821533";"0,2872720324471534";"0,3287905374706932";"1,04472919878540";"1";"2";"1";"H";"1";"0";"0"
"11/12/2021";"Arsenal";"Southampton";"B365";"Casa de apuestas";"1,75";"3,75";"4,50";"0,5714285714285714";"0,2666666666666667";"0,2222222222222222";"1,06031746031746";"0,0603174603174601";"0,5389221556886227";"0,2514970059880240";"0,2095808383233533";"1";"0,5513227513227513";"0,2465608465608467";"0,2021164021164022";"1";FALSE;"0,5519212688840937";"0,2456630912128948";"0,2024156399030115";"1,06206773383465";"1";"3";"0";"H";"1";"0";"0"
"11/12/2021";"Arsenal";"Southampton";"BW";"Casa de apuestas";"1,65";"4,00";"5,00";"0,6060606060606061";"0,2500000000000000";"0,2000000000000000";"1,05606060606061";"0,0560606060606061";"0,5738880918220947";"0,2367288378766140";"0,1893830703012913";"1";"0,5873737373737373";"0,2313131313131313";"0,1813131313131313";"1";FALSE;"0,5882000379923291";"0,2301320207263900";"0,1816679412812811";"1,05973317989315";"1";"3";"0";"H";"1";"0";"0"
"11/12/2021";"Arsenal";"Southampton";"IW";"Casa de apuestas";"1,73";"3,90";"4,50";"0,5780346820809249";"0,2564102564102564";"0,2222222222222222";"1,05666716071340";"0,0566671607134035";"0,5470357209650272";"0,2426594351973069";"0,2103048438376660";"1";"0,5591456285097904";"0,2375212028391219";"0,2033331686510877";"1";FALSE;"0,5597657836201917";"0,2367575603005979";"0,2034766560792103";"1,05859179602959";"1";"3";"0";"H";"1";"0";"0"
"11/12/2021";"Chelsea";"Leeds";"B365";"Casa de apuestas";"1,20";"6,50";"13,00";"0,8333333333333334";"0,1538461538461539";"0,0769230769230769";"1,06410256410256";"0,0641025641025641";"0,7831325301204820";"0,1445783132530121";"0,0722891566265060";"1";"0,8119658119658120";"0,1324786324786325";"0,0555555555555555";"1";FALSE;"0,8167821011907322";"0,1252101202030415";"0,0580077786062263";"1,11003289606681";"1";"3";"2";"H";"1";"0";"0"
"11/12/2021";"Chelsea";"Leeds";"BW";"Casa de apuestas";"1,30";"5,50";"10,00";"0,7692307692307692";"0,1818181818181818";"0,1000000000000000";"1,05104895104895";"0,0510489510489511";"0,7318695941450433";"0,1729873586161011";"0,0951430472388556";"1";"0,7522144522144522";"0,1648018648018648";"0,0829836829836830";"1";FALSE;"0,7547246778570188";"0,1606623839730788";"0,0846129381699023";"1,07256322388564";"1";"3";"2";"H";"1";"0";"0"
"11/12/2021";"Chelsea";"Leeds";"IW";"Casa de apuestas";"1,30";"5,50";"11,00";"0,7692307692307692";"0,1818181818181818";"0,0909090909090909";"1,04195804195804";"0,0419580419580419";"0,7382550335570470";"0,1744966442953020";"0,0872483221476510";"1";"0,7552447552447552";"0,1678321678321678";"0,0769230769230769";"1";FALSE;"0,7571914813164740";"0,1641052428348989";"0,0787032758486272";"1,06012573975025";"1";"3";"2";"H";"1";"0";"0"
"11/12/2021";"Liverpool";"Aston Villa";"B365";"Casa de apuestas";"1,22";"6,50";"12,00";"0,8196721311475410";"0,1538461538461539";"0,0833333333333333";"1,05685161832703";"0,0568516183270282";"0,7755791985681615";"0,1455702495774088";"0,0788505518544297";"1";"0,8007215917051983";"0,1348956144038112";"0,0643827938909906";"1";FALSE;"0,8046367053239735";"0,1292415784616291";"0,0661217162143975";"1,09310265258547";"1";"1";"0";"H";"1";"0";"0"
"11/12/2021";"Liverpool";"Aston Villa";"BW";"Casa de apuestas";"1,25";"6,25";"10,50";"0,8000000000000000";"0,1600000000000000";"0,0952380952380952";"1,05523809523810";"0,0552380952380953";"0,7581227436823105";"0,1516245487364621";"0,0902527075812274";"1";"0,7815873015873016";"0,1415873015873016";"0,0768253968253968";"1";FALSE;"0,7850051534143360";"0,1369724994495193";"0,0780223471361447";"1,08479494449471";"1";"1";"0";"H";"1";"0";"0"
"11/12/2021";"Liverpool";"Aston Villa";"IW";"Casa de apuestas";"1,25";"6,25";"11,00";"0,8000000000000000";"0,1600000000000000";"0,0909090909090909";"1,05090909090909";"0,0509090909090910";"0,7612456747404844";"0,1522491349480969";"0,0865051903114187";"1";"0,7830303030303031";"0,1430303030303030";"0,0739393939393939";"1";FALSE;"0,7861139855332309";"0,1385695502125668";"0,0753164642542024";"1,07846933459455";"1";"1";"0";"H";"1";"0";"0"
"11/12/2021";"Man City";"Wolves";"B365";"Casa de apuestas";"1,14";"8,00";"19,00";"0,8771929824561404";"0,1250000000000000";"0,0526315789473684";"1,05482456140351";"0,0548245614035088";"0,8316008316008316";"0,1185031185031185";"0,0498960498960499";"1";"0,8589181286549709";"0,1067251461988304";"0,0343567251461988";"1";FALSE;"0,8640739118330460";"0,0984127862013235";"0,0375133019656306";"1,11500347368369";"1";"1";"0";"H";"1";"0";"0"
"11/12/2021";"Man City";"Wolves";"BW";"Casa de apuestas";"1,17";"7,75";"16,00";"0,8547008547008548";"0,1290322580645161";"0,0625000000000000";"1,04623311276537";"0,0462331127653708";"0,8169315655109941";"0,1233303137610146";"0,0597381207279914";"1";"0,8392898171123978";"0,1136212204760592";"0,0470889624115431";"1";FALSE;"0,8430551332043671";"0,1078922037232631";"0,0490526630723699";"1,08738118179836";"1";"1";"0";"H";"1";"0";"0"
"11/12/2021";"Man City";"Wolves";"IW";"Casa de apuestas";"1,20";"6,75";"16,00";"0,8333333333333334";"0,1481481481481481";"0,0625000000000000";"1,04398148148148";"0,0439814814814814";"0,7982261640798227";"0,1419068736141907";"0,0598669623059867";"1";"0,8186728395061729";"0,1334876543209876";"0,0478395061728395";"1";FALSE;"0,8216902586362218";"0,1278488341747956";"0,0504609071889826";"1,07717251159401";"1";"1";"0";"H";"1";"0";"0"
"11/12/2021";"Norwich";"Man United";"B365";"Casa de apuestas";"7,00";"4,50";"1,44";"0,1428571428571428";"0,2222222222222222";"0,6944444444444444";"1,05952380952381";"0,0595238095238095";"0,1348314606741573";"0,2097378277153558";"0,6554307116104870";"1";"0,1230158730158730";"0,2023809523809524";"0,6746031746031745";"1";FALSE;"0,1241672187602321";"0,1993972316265031";"0,6764355496132648";"1,07205673625894";"1";"0";"1";"A";"0";"0";"1"
"11/12/2021";"Norwich";"Man United";"BW";"Casa de apuestas";"6,50";"4,60";"1,46";"0,1538461538461539";"0,2173913043478261";"0,6849315068493150";"1,05616896504330";"0,0561689650432950";"0,1456643386977834";"0,2058300438120852";"0,6485056174901314";"1";"0,1351231654983889";"0,1986683160000611";"0,6662085185015501";"1";FALSE;"0,1357890172575478";"0,1963521535089897";"0,6678588292334625";"1,06670083311115";"1";"0";"1";"A";"0";"0";"1"
"11/12/2021";"Norwich";"Man United";"IW";"Casa de apuestas";"7,00";"4,60";"1,45";"0,1428571428571428";"0,2173913043478261";"0,6896551724137931";"1,04990361961876";"0,0499036196187621";"0,1360669114647082";"0,2070583435332518";"0,6568747450020400";"1";"0,1262226029842221";"0,2007567644749054";"0,6730206325408724";"1";FALSE;"0,1271347588977427";"0,1983947630067497";"0,6744704780955076";"1,05991926831966";"1";"0";"1";"A";"0";"0";"1"
"12/12/2021";"Burnley";"West Ham";"B365";"Casa de apuestas";"3,40";"3,50";"2,10";"0,2941176470588235";"0,2857142857142857";"0,4761904761904762";"1,05602240896359";"0,0560224089635852";"0,2785145888594164";"0,2705570291777188";"0,4509283819628647";"1";"0,2754435107376284";"0,2670401493930906";"0,4575163398692811";"1";FALSE;"0,2753681915514927";"0,2670834788814519";"0,4575483295670553";"1,05382586144543";"1";"0";"0";"D";"0";"1";"0"
"12/12/2021";"Burnley";"West Ham";"BW";"Casa de apuestas";"3,60";"3,60";"1,98";"0,2777777777777778";"0,2777777777777778";"0,5050505050505051";"1,06060606060606";"0,0606060606060606";"0,2619047619047619";"0,2619047619047619";"0,4761904761904762";"1";"0,2575757575757576";"0,2575757575757576";"0,4848484848484849";"1";FALSE;"0,2574861203643992";"0,2574861203643992";"0,4850277592712015";"1,05921899607480";"1";"0";"0";"D";"0";"1";"0"
"12/12/2021";"Burnley";"West Ham";"IW";"Casa de apuestas";"3,35";"3,45";"2,15";"0,2985074626865671";"0,2898550724637681";"0,4651162790697674";"1,05347881422010";"0,0534788142201026";"0,2833540254034953";"0,2751408652468724";"0,4415051093496323";"1";"0,2806811912798662";"0,2720288010570673";"0,4472900076630665";"1";FALSE;"0,2806311254882847";"0,2720877803502398";"0,4472810941614755";"1,05108012605947";"1";"0";"0";"D";"0";"1";"0"
"12/12/2021";"Crystal Palace";"Everton";"B365";"Casa de apuestas";"2,10";"3,20";"3,75";"0,4761904761904762";"0,3125000000000000";"0,2666666666666667";"1,05535714285714";"0,0553571428571429";"0,4512126339537507";"0,2961082910321489";"0,2526790750141004";"1";"0,4577380952380953";"0,2940476190476191";"0,2482142857142857";"1";FALSE;"0,4577376195703286";"0,2937253992374316";"0,2485369811922399";"1,05326837584566";"1";"3";"1";"H";"1";"0";"0"
"12/12/2021";"Crystal Palace";"Everton";"BW";"Casa de apuestas";"2,25";"3,25";"3,20";"0,4444444444444444";"0,3076923076923077";"0,3125000000000000";"1,06463675213675";"0,0646367521367521";"0,4174611138986453";"0,2890115403913698";"0,2935273457099850";"1";"0,4228988603988604";"0,2861467236467237";"0,2909544159544160";"1";FALSE;"0,4228472738177057";"0,2862019265028902";"0,2909507996794040";"1,06142822492472";"1";"3";"1";"H";"1";"0";"0"
"12/12/2021";"Crystal Palace";"Everton";"IW";"Casa de apuestas";"2,20";"3,15";"3,55";"0,4545454545454545";"0,3174603174603174";"0,2816901408450704";"1,05369591285084";"0,0536959128508425";"0,4313820040505352";"0,3012826694956119";"0,2673353264538528";"1";"0,4366468169285070";"0,2995616798433699";"0,2637915032281229";"1";FALSE;"0,4365927814116070";"0,2993790843571350";"0,2640281342312581";"1,05110867157454";"1";"3";"1";"H";"1";"0";"0"
"12/12/2021";"Leicester";"Newcastle";"B365";"Casa de apuestas";"1,70";"4,00";"4,75";"0,5882352941176471";"0,2500000000000000";"0,2105263157894737";"1,04876160990712";"0,0487616099071206";"0,5608856088560885";"0,2383763837638376";"0,2007380073800738";"1";"0,5719814241486069";"0,2337461300309598";"0,1942724458204335";"1";FALSE;"0,5725595746344588";"0,2329666346896577";"0,1944737906758835";"1,05090237346872";"1";"4";"0";"H";"1";"0";"0"
"12/12/2021";"Leicester";"Newcastle";"BW";"Casa de apuestas";"1,68";"4,00";"4,75";"0,5952380952380952";"0,2500000000000000";"0,2105263157894737";"1,05576441102757";"0,0557644110275688";"0,5637982195845697";"0,2367952522255193";"0,1994065281899110";"1";"0,5766499582289056";"0,2314118629908104";"0,1919381787802841";"1";FALSE;"0,5773936995223600";"0,2304717668056031";"0,1921345336720370";"1,05866903303678";"1";"4";"0";"H";"1";"0";"0"
"12/12/2021";"Leicester";"Newcastle";"IW";"Casa de apuestas";"1,75";"3,95";"4,40";"0,5714285714285714";"0,2531645569620253";"0,2272727272727273";"1,05186585566332";"0,0518658556633240";"0,5432523247636164";"0,2406814097053997";"0,2160662655309838";"1";"0,5541399528741301";"0,2358759384075839";"0,2099841087182860";"1";FALSE;"0,5546550556824891";"0,2353103252274288";"0,2100346190900823";"1,05323847621854";"1";"4";"0";"H";"1";"0";"0"
"14/12/2021";"Man City";"Leeds";"B365";"Casa de apuestas";"1,14";"8,50";"15,00";"0,8771929824561404";"0,1176470588235294";"0,0666666666666667";"1,06150670794634";"0,0615067079463365";"0,8263659342796034";"0,1108302547151468";"0,0628038110052499";"1";"0,8566907464740282";"0,0971448228414172";"0,0461644306845545";"1";FALSE;"0,8628129825104387";"0,0898123401070189";"0,0473746773825424";"1,12614877827178";"1";"7";"0";"H";"1";"0";"0"
"14/12/2021";"Man City";"Leeds";"BW";"Casa de apuestas";"1,15";"9,00";"16,00";"0,8695652173913044";"0,1111111111111111";"0,0625000000000000";"1,04317632850242";"0,0431763285024156";"0,8335745296671491";"0,1065123010130246";"0,0599131693198263";"1";"0,8551731078904993";"0,0967190016103059";"0,0481078904991948";"1";FALSE;"0,8590720865913359";"0,0918050737122832";"0,0491228396963809";"1,08686555681130";"1";"7";"0";"H";"1";"0";"0"
"14/12/2021";"Man City";"Leeds";"IW";"Casa de apuestas";"1,15";"8,75";"17,00";"0,8695652173913044";"0,1142857142857143";"0,0588235294117647";"1,04267446108878";"0,0426744610887835";"0,8339757516294064";"0,1096082416427220";"0,0564160067278716";"1";"0,8553403970283766";"0,1000608939227865";"0,0445987090488369";"1";FALSE;"0,8591453112455920";"0,0947847290412760";"0,0460699597131319";"1,08625571066222";"1";"7";"0";"H";"1";"0";"0"
"14/12/2021";"Norwich";"Aston Villa";"B365";"Casa de apuestas";"3,50";"3,40";"2,10";"0,2857142857142857";"0,2941176470588235";"0,4761904761904762";"1,05602240896359";"0,0560224089635852";"0,2705570291777188";"0,2785145888594164";"0,4509283819628647";"1";"0,2670401493930906";"0,2754435107376284";"0,4575163398692811";"1";FALSE;"0,2670834788814519";"0,2753681915514927";"0,4575483295670553";"1,05382586144543";"1";"0";"2";"A";"0";"0";"1"
"14/12/2021";"Norwich";"Aston Villa";"BW";"Casa de apuestas";"3,60";"3,25";"2,10";"0,2777777777777778";"0,3076923076923077";"0,4761904761904762";"1,06166056166056";"0,0616605616605617";"0,2616446233467510";"0,2898217366302473";"0,4485336400230018";"1";"0,2572242572242572";"0,2871387871387872";"0,4556369556369557";"1";FALSE;"0,2574351693915102";"0,2868958966529669";"0,4556689339555228";"1,05937349125273";"1";"0";"2";"A";"0";"0";"1"
"14/12/2021";"Norwich";"Aston Villa";"IW";"Casa de apuestas";"3,60";"3,30";"2,15";"0,2777777777777778";"0,3030303030303030";"0,4651162790697674";"1,04592435987785";"0,0459243598778483";"0,2655811341942729";"0,2897248736664795";"0,4446939921392475";"1";"0,2624696578184950";"0,2877221830710202";"0,4498081591104846";"1";FALSE;"0,2626242678964182";"0,2875930080665215";"0,4497827240370602";"1,04379387912663";"1";"0";"2";"A";"0";"0";"1"
"15/12/2021";"Arsenal";"West Ham";"B365";"Casa de apuestas";"2,00";"3,60";"3,60";"0,5000000000000000";"0,2777777777777778";"0,2777777777777778";"1,05555555555556";"0,0555555555555556";"0,4736842105263158";"0,2631578947368421";"0,2631578947368421";"1";"0,4814814814814815";"0,2592592592592592";"0,2592592592592592";"1";FALSE;"0,4816117416787322";"0,2591941291606339";"0,2591941291606339";"1,05405752950241";"1";"2";"0";"H";"1";"0";"0"
"15/12/2021";"Arsenal";"West Ham";"BW";"Casa de apuestas";"2,05";"3,60";"3,40";"0,4878048780487805";"0,2777777777777778";"0,2941176470588235";"1,05970030288538";"0,0597003028853820";"0,4603234298608500";"0,2621286197818729";"0,2775479503572771";"1";"0,4679047770869865";"0,2578776768159838";"0,2742175460970295";"1";FALSE;"0,4679907677443362";"0,2579657131377980";"0,2740435191178658";"1,05776625585047";"1";"2";"0";"H";"1";"0";"0"
"15/12/2021";"Arsenal";"West Ham";"IW";"Casa de apuestas";"2,05";"3,55";"3,55";"0,4878048780487805";"0,2816901408450704";"0,2816901408450704";"1,05118515973892";"0,0511851597389215";"0,4640522875816994";"0,2679738562091503";"0,2679738562091503";"1";"0,4707431581358066";"0,2646284209320965";"0,2646284209320965";"1";FALSE;"0,4708063035356357";"0,2645968482321821";"0,2645968482321821";"1,04941035853068";"1";"2";"0";"H";"1";"0";"0"
"15/12/2021";"Brighton";"Wolves";"B365";"Casa de apuestas";"2,00";"3,10";"4,50";"0,5000000000000000";"0,3225806451612903";"0,2222222222222222";"1,04480286738351";"0,0448028673835124";"0,4785591766723843";"0,3087478559176673";"0,2126929674099486";"1";"0,4850657108721625";"0,3076463560334529";"0,2072879330943848";"1";FALSE;"0,4850187756298620";"0,3069542640433000";"0,2080269603268381";"1,04388749813648";"1";"0";"1";"A";"0";"0";"1"
"15/12/2021";"Brighton";"Wolves";"BW";"Casa de apuestas";"2,10";"3,10";"3,80";"0,4761904761904762";"0,3225806451612903";"0,2631578947368421";"1,06192901608861";"0,0619290160886086";"0,4484202512371527";"0,3037685572896840";"0,2478111914731633";"1";"0,4555474708276067";"0,3019376397984208";"0,2425148893739726";"1";FALSE;"0,4555354896496279";"0,3014883054662797";"0,2429762048840923";"1,05976826384636";"1";"0";"1";"A";"0";"0";"1"
"15/12/2021";"Brighton";"Wolves";"IW";"Casa de apuestas";"2,05";"3,15";"4,00";"0,4878048780487805";"0,3174603174603174";"0,2500000000000000";"1,05526519550910";"0,0552651955090979";"0,4622580941025406";"0,3008346326699073";"0,2369072732275521";"1";"0,4693831462124145";"0,2990385856239514";"0,2315782681636340";"1";FALSE;"0,4693877616391668";"0,2985197130925356";"0,2320925252682974";"1,05361401732180";"1";"0";"1";"A";"0";"0";"1"
"15/12/2021";"Crystal Palace";"Southampton";"B365";"Casa de apuestas";"1,95";"3,40";"4,00";"0,5128205128205129";"0,2941176470588235";"0,2500000000000000";"1,05693815987934";"0,0569381598793364";"0,4851944345344275";"0,2782732786300392";"0,2365322868355333";"1";"0,4938411261940674";"0,2751382604323780";"0,2310206133735545";"1";FALSE;"0,4940098519244502";"0,2746505959753011";"0,2313395521002488";"1,05595807519874";"1";"2";"2";"D";"0";"1";"0"
"15/12/2021";"Crystal Palace";"Southampton";"BW";"Casa de apuestas";"1,98";"3,40";"3,80";"0,5050505050505051";"0,2941176470588235";"0,2631578947368421";"1,06232604684617";"0,0623260468461706";"0,4754194877833383";"0,2768619370032381";"0,2477185752134236";"1";"0,4842751561017816";"0,2733422981101000";"0,2423825457881185";"1";FALSE;"0,4844460013483560";"0,2729692111899027";"0,2425847874617413";"1,06097592428409";"1";"2";"2";"D";"0";"1";"0"
"15/12/2021";"Crystal Palace";"Southampton";"IW";"Casa de apuestas";"2,10";"3,30";"3,70";"0,4761904761904762";"0,3030303030303030";"0,2702702702702702";"1,04949104949105";"0,0494910494910494";"0,4537346711259755";"0,2887402452619844";"0,2575250836120401";"1";"0,4596934596934598";"0,2865332865332865";"0,2537732537732537";"1";FALSE;"0,4596976499242858";"0,2863200834706791";"0,2539822666050351";"1,04750932662756";"1";"2";"2";"D";"0";"1";"0"
"16/12/2021";"Chelsea";"Everton";"B365";"Casa de apuestas";"1,18";"6,50";"19,00";"0,8474576271186441";"0,1538461538461539";"0,0526315789473684";"1,05393535991217";"0,0539353599121664";"0,8040888078650954";"0,1459730451201251";"0,0499381470147796";"1";"0,8294791738145887";"0,1358677005420985";"0,0346531256433129";"1";FALSE;"0,8334516853178106";"0,1274198423334248";"0,0391284723487647";"1,10068672058172";"1";"1";"1";"D";"0";"1";"0"
"16/12/2021";"Chelsea";"Everton";"BW";"Casa de apuestas";"1,20";"6,75";"14,50";"0,8333333333333334";"0,1481481481481481";"0,0689655172413793";"1,05044699872286";"0,0504469987228608";"0,7933130699088146";"0,1410334346504559";"0,0656534954407295";"1";"0,8165176670923797";"0,1313324819071945";"0,0521498510004257";"1";FALSE;"0,8201238099855186";"0,1253190827771913";"0,0545571072372902";"1,08763859754791";"1";"1";"1";"D";"0";"1";"0"
"16/12/2021";"Chelsea";"Everton";"IW";"Casa de apuestas";"1,25";"6,25";"12,00";"0,8000000000000000";"0,1600000000000000";"0,0833333333333333";"1,04333333333333";"0,0433333333333334";"0,7667731629392971";"0,1533546325878594";"0,0798722044728434";"1";"0,7855555555555556";"0,1455555555555555";"0,0688888888888888";"1";FALSE;"0,7880725565227948";"0,1414304670876989";"0,0704969763895062";"1,06731794468095";"1";"1";"1";"D";"0";"1";"0"
"16/12/2021";"Liverpool";"Newcastle";"B365";"Casa de apuestas";"1,11";"9,50";"21,00";"0,9009009009009008";"0,1052631578947368";"0,0476190476190476";"1,05378310641469";"0,0537831064146854";"0,8549206145143665";"0,0998907244327312";"0,0451886610529022";"1";"0,8829731987626723";"0,0873354557565083";"0,0296913454808191";"1";FALSE;"0,8889198402396273";"0,0788579709673589";"0,0322221887930138";"1,12828860389848";"1";"3";"1";"H";"1";"0";"0"
"16/12/2021";"Liverpool";"Newcastle";"BW";"Casa de apuestas";"1,10";"11,00";"26,00";"0,9090909090909092";"0,0909090909090909";"0,0384615384615385";"1,03846153846154";"0,0384615384615385";"0,8754208754208754";"0,0875420875420875";"0,0370370370370371";"1";"0,8962703962703963";"0,0780885780885781";"0,0256410256410257";"1";FALSE;"0,9005263920717473";"0,0716444468615271";"0,0278291610667257";"1,09931391136714";"1";"3";"1";"H";"1";"0";"0"
"16/12/2021";"Liverpool";"Newcastle";"IW";"Casa de apuestas";"1,15";"8,25";"18,00";"0,8695652173913044";"0,1212121212121212";"0,0555555555555556";"1,04633289415898";"0,0463328941589811";"0,8310598111227701";"0,1158447009443861";"0,0530954879328437";"1";"0,8541209193383107";"0,1057678231591275";"0,0401112575025619";"1";FALSE;"0,8582273104346829";"0,0994229091978211";"0,0423497803674961";"1,09390497446824";"1";"3";"1";"H";"1";"0";"0"
"18/12/2021";"Leeds";"Arsenal";"B365";"Casa de apuestas";"5,25";"4,33";"1,57";"0,1904761904761905";"0,2309468822170901";"0,6369426751592356";"1,05836574785252";"0,0583657478525161";"0,1799719906494305";"0,2182108431661685";"0,6018171661844011";"1";"0,1710209411920185";"0,2114916329329181";"0,6174874258750636";"1";FALSE;"0,1711718515568331";"0,2101336914882788";"0,6186944569548881";"1,06444178106336";"1";"1";"4";"A";"0";"0";"1"
"18/12/2021";"Leeds";"Arsenal";"BW";"Casa de apuestas";"5,25";"4,10";"1,61";"0,1904761904761905";"0,2439024390243903";"0,6211180124223602";"1,05549664192294";"0,0554966419229408";"0,1804611998851784";"0,2310783657066310";"0,5884604344081905";"1";"0,1719773098352102";"0,2254035583834100";"0,6026191317813799";"1";FALSE;"0,1723850943671555";"0,2240460441368611";"0,6035688614959835";"1,06018249774092";"1";"1";"4";"A";"0";"0";"1"
"18/12/2021";"Leeds";"Arsenal";"IW";"Casa de apuestas";"5,25";"4,20";"1,60";"0,1904761904761905";"0,2380952380952381";"0,6250000000000000";"1,05357142857143";"0,0535714285714286";"0,1807909604519774";"0,2259887005649718";"0,5932203389830508";"1";"0,1726190476190476";"0,2202380952380952";"0,6071428571428571";"1";FALSE;"0,1729187968068926";"0,2189796960474037";"0,6081015071457037";"1,05831833513067";"1";"1";"4";"A";"0";"0";"1"
"19/12/2021";"Newcastle";"Man City";"B365";"Casa de apuestas";"21,00";"9,00";"1,11";"0,0476190476190476";"0,1111111111111111";"0,9009009009009008";"1,05963105963106";"0,0596310596310596";"0,0449392712550607";"0,1048582995951417";"0,8502024291497975";"1";"0,0277420277420277";"0,0912340912340912";"0,8810238810238810";"1";FALSE;"0,0309345563764675";"0,0813873597088534";"0,8876780839146792";"1,14168361761409";"1";"0";"4";"A";"0";"0";"1"
"19/12/2021";"Newcastle";"Man City";"BW";"Casa de apuestas";"18,00";"9,75";"1,13";"0,0555555555555556";"0,1025641025641026";"0,8849557522123894";"1,04307541033205";"0,0430754103320474";"0,0532613030709547";"0,0983285595156086";"0,8484101374134367";"1";"0,0411970854448731";"0,0882056324534201";"0,8705972821017069";"1";FALSE;"0,0423425318375481";"0,0828064869932045";"0,8748509811692475";"1,09396419635499";"1";"0";"4";"A";"0";"0";"1"
"19/12/2021";"Newcastle";"Man City";"IW";"Casa de apuestas";"19,00";"8,50";"1,15";"0,0526315789473684";"0,1176470588235294";"0,8695652173913044";"1,03984385516220";"0,0398438551622022";"0,0506148867313916";"0,1131391585760518";"0,8362459546925567";"1";"0,0393502938933010";"0,1043657737694620";"0,8562839323372370";"1";FALSE;"0,0414196819506610";"0,0988469723277624";"0,8597333457215767";"1,08136019262564";"1";"0";"4";"A";"0";"0";"1"
"19/12/2021";"Tottenham";"Liverpool";"B365";"Casa de apuestas";"4,75";"4,10";"1,66";"0,2105263157894737";"0,2439024390243903";"0,6024096385542169";"1,05683839336808";"0,0568383933680807";"0,1992038869051103";"0,2307849909266523";"0,5700111221682373";"1";"0,1915801846667801";"0,2249563079016967";"0,5834635074315233";"1";FALSE;"0,1916686556265870";"0,2240319446542021";"0,5842993997192110";"1,06022709996948";"1";"2";"2";"D";"0";"1";"0"
"19/12/2021";"Tottenham";"Liverpool";"BW";"Casa de apuestas";"4,60";"4,10";"1,68";"0,2173913043478261";"0,2439024390243903";"0,5952380952380952";"1,05653183861031";"0,0565318386103115";"0,2057593499820767";"0,2308519536384276";"0,5633886963794957";"1";"0,1985473581443890";"0,2250584928209531";"0,5763941490346580";"1";FALSE;"0,1985453231651580";"0,2242865333399692";"0,5771681434948729";"1,05942216740440";"1";"2";"2";"D";"0";"1";"0"
"19/12/2021";"Tottenham";"Liverpool";"IW";"Casa de apuestas";"4,60";"4,10";"1,70";"0,2173913043478261";"0,2439024390243903";"0,5882352941176471";"1,04952903748986";"0,0495290374898634";"0,2071322436849926";"0,2323922734026747";"0,5604754829123328";"1";"0,2008816251845383";"0,2273927598611025";"0,5717256149543593";"1";FALSE;"0,2009121296546101";"0,2267574854931757";"0,5723303848522143";"1,05165689413281";"1";"2";"2";"D";"0";"1";"0"
"19/12/2021";"Wolves";"Chelsea";"B365";"Casa de apuestas";"5,50";"3,40";"1,72";"0,1818181818181818";"0,2941176470588235";"0,5813953488372093";"1,05733117771421";"0,0573311777142147";"0,1719595389320160";"0,2781698423900259";"0,5498706186779583";"1";"0,1627077892467769";"0,2750072544874186";"0,5622849562658044";"1";FALSE;"0,1640742732072331";"0,2732163460580220";"0,5627093807347450";"1,06023645164862";"1";"0";"0";"D";"0";"1";"0"
"19/12/2021";"Wolves";"Chelsea";"BW";"Casa de apuestas";"5,25";"3,50";"1,72";"0,1904761904761905";"0,2857142857142857";"0,5813953488372093";"1,05758582502769";"0,0575858250276855";"0,1801047120418848";"0,2701570680628272";"0,5497382198952880";"1";"0,1712809154669620";"0,2665190107050572";"0,5622000738279809";"1";FALSE;"0,1723615618487735";"0,2649377166756728";"0,5627007214755536";"1,06026482697520";"1";"0";"0";"D";"0";"1";"0"
"19/12/2021";"Wolves";"Chelsea";"IW";"Casa de apuestas";"5,25";"3,50";"1,75";"0,1904761904761905";"0,2857142857142857";"0,5714285714285714";"1,04761904761905";"0,0476190476190474";"0,1818181818181819";"0,2727272727272728";"0,5454545454545455";"1";"0,1746031746031747";"0,2698412698412699";"0,5555555555555556";"1";FALSE;"0,1755225491553248";"0,2686002642337332";"0,5558771866109419";"1,04930545059769";"1";"0";"0";"D";"0";"1";"0"
"26/12/2021";"Aston Villa";"Chelsea";"B365";"Casa de apuestas";"5,25";"3,80";"1,65";"0,1904761904761905";"0,2631578947368421";"0,6060606060606061";"1,05969469127364";"0,0596946912736387";"0,1797462911201892";"0,2483336916792087";"0,5719200172006020";"1";"0,1705779600516443";"0,2432596643122958";"0,5861623756360599";"1";FALSE;"0,1713448406571492";"0,2416614014664661";"0,5869937578763846";"1,06383263314124";"1";"1";"3";"A";"0";"0";"1"
"26/12/2021";"Aston Villa";"Chelsea";"BW";"Casa de apuestas";"5,00";"3,70";"1,70";"0,2000000000000000";"0,2702702702702702";"0,5882352941176471";"1,05850556438792";"0,0585055643879173";"0,1889456293181136";"0,2553319315109642";"0,5557224391709222";"1";"0,1804981452040276";"0,2507684154742977";"0,5687334393216746";"1";FALSE;"0,1811912236236654";"0,2494193455506908";"0,5693894308256437";"1,06136577751593";"1";"1";"3";"A";"0";"0";"1"
"26/12/2021";"Aston Villa";"Chelsea";"IW";"Casa de apuestas";"4,90";"3,70";"1,73";"0,2040816326530612";"0,2702702702702702";"0,5780346820809249";"1,05238658500426";"0,0523865850042564";"0,1939226854095976";"0,2568165293262238";"0,5492607852641784";"1";"0,1866194376516424";"0,2528080752688514";"0,5605724870795061";"1";FALSE;"0,1871996638930080";"0,2517256452459151";"0,5610746908610770";"1,05433072775447";"1";"1";"3";"A";"0";"0";"1"
"26/12/2021";"Brighton";"Brentford";"B365";"Casa de apuestas";"1,90";"3,40";"4,33";"0,5263157894736842";"0,2941176470588235";"0,2309468822170901";"1,05138031874960";"0,0513803187495978";"0,5005950559352579";"0,2797442959638206";"0,2196606481009215";"1";"0,5091890165571515";"0,2769908741422909";"0,2138201093005575";"1";FALSE;"0,5093651890535916";"0,2763212694838832";"0,2143135414625251";"1,05100252636781";"1";"2";"0";"H";"1";"0";"0"
"26/12/2021";"Brighton";"Brentford";"BW";"Casa de apuestas";"1,90";"3,30";"4,33";"0,5263157894736842";"0,3030303030303030";"0,2309468822170901";"1,06029297472108";"0,0602929747210774";"0,4963871326339193";"0,2857986521225596";"0,2178142152435212";"1";"0,5062181312333250";"0,2829326447899438";"0,2108492239767309";"1";FALSE;"0,5064253541229362";"0,2820749643637086";"0,2114996815133553";"1,06002060076239";"1";"2";"0";"H";"1";"0";"0"
"26/12/2021";"Brighton";"Brentford";"IW";"Casa de apuestas";"1,95";"3,40";"4,10";"0,5128205128205129";"0,2941176470588235";"0,2439024390243903";"1,05084059890373";"0,0508405989037266";"0,4880098022054963";"0,2798879747943287";"0,2321022230001751";"1";"0,4958736465192707";"0,2771707807575813";"0,2269555727231481";"1";FALSE;"0,4960034516548313";"0,2766850498000792";"0,2273114985450894";"1,04992745466654";"1";"2";"0";"H";"1";"0";"0"
"26/12/2021";"Man City";"Leicester";"B365";"Casa de apuestas";"1,12";"10,00";"17,00";"0,8928571428571428";"0,1000000000000000";"0,0588235294117647";"1,05168067226891";"0,0516806722689074";"0,8489812225329605";"0,0950858969236916";"0,0559328805433480";"1";"0,8756302521008403";"0,0827731092436975";"0,0415966386554622";"1";FALSE;"0,8811704598780913";"0,0765139817992200";"0,0423155583226888";"1,11625919669723";"1";"6";"3";"H";"1";"0";"0"
"26/12/2021";"Man City";"Leicester";"BW";"Casa de apuestas";"1,14";"9,75";"15,50";"0,8771929824561404";"0,1025641025641026";"0,0645161290322581";"1,04427321405250";"0,0442732140525011";"0,8400033350008338";"0,0982157745539437";"0,0617808904452226";"1";"0,8624352444386401";"0,0878063645466022";"0,0497583910147577";"1";FALSE;"0,8666830508095245";"0,0831790450982002";"0,0501379040922754";"1,09199295183627";"1";"6";"3";"H";"1";"0";"0"
"26/12/2021";"Man City";"Leicester";"IW";"Casa de apuestas";"1,17";"8,25";"14,00";"0,8547008547008548";"0,1212121212121212";"0,0714285714285714";"1,04734154734155";"0,0473415473415475";"0,8160669810820835";"0,1157331354989136";"0,0681998834190027";"1";"0,8389203389203389";"0,1054316054316054";"0,0556480556480556";"1";FALSE;"0,8429013329519921";"0,1005542063796018";"0,0565444606684062";"1,08854324745509";"1";"6";"3";"H";"1";"0";"0"
"26/12/2021";"Norwich";"Arsenal";"B365";"Casa de apuestas";"6,50";"4,50";"1,50";"0,1538461538461539";"0,2222222222222222";"0,6666666666666666";"1,04273504273504";"0,0427350427350426";"0,1475409836065574";"0,2131147540983606";"0,6393442622950819";"1";"0,1396011396011397";"0,2079772079772080";"0,6524216524216524";"1";FALSE;"0,1402540139296955";"0,2063041674185357";"0,6534418186517689";"1,04941651388653";"1";"0";"5";"A";"0";"0";"1"
"26/12/2021";"Norwich";"Arsenal";"BW";"Casa de apuestas";"6,00";"4,50";"1,51";"0,1666666666666667";"0,2222222222222222";"0,6622516556291391";"1,05114054451803";"0,0511405445180280";"0,1585579278963948";"0,2114105705285264";"0,6300315015750787";"1";"0,1496198184939907";"0,2051753740495462";"0,6452048074564631";"1";FALSE;"0,1500613087547539";"0,2034818710855885";"0,6464568201596577";"1,05857475622923";"1";"0";"5";"A";"0";"0";"1"
"26/12/2021";"Norwich";"Arsenal";"IW";"Casa de apuestas";"6,00";"4,50";"1,53";"0,1666666666666667";"0,2222222222222222";"0,6535947712418301";"1,04248366013072";"0,0424836601307188";"0,1598746081504702";"0,2131661442006269";"0,6269592476489028";"1";"0,1525054466230938";"0,2080610021786493";"0,6394335511982572";"1";FALSE;"0,1529111855757449";"0,2067209068487948";"0,6403679075754602";"1,04807483639491";"1";"0";"5";"A";"0";"0";"1"
"26/12/2021";"Tottenham";"Crystal Palace";"B365";"Casa de apuestas";"1,70";"3,80";"5,00";"0,5882352941176471";"0,2631578947368421";"0,2000000000000000";"1,05139318885449";"0,0513931888544892";"0,5594817432273262";"0,2502944640753828";"0,1902237926972909";"1";"0,5711042311661507";"0,2460268317853457";"0,1828689370485036";"1";FALSE;"0,5716763642899376";"0,2449160681396853";"0,1834075675703771";"1,05381167192338";"1";"3";"0";"H";"1";"0";"0"
"26/12/2021";"Tottenham";"Crystal Palace";"BW";"Casa de apuestas";"1,70";"3,90";"4,80";"0,5882352941176471";"0,2564102564102564";"0,2083333333333333";"1,05297888386124";"0,0529788838612368";"0,5586392121754700";"0,2435094001790510";"0,1978513876454789";"1";"0,5705756661639014";"0,2387506284565108";"0,1906737053795877";"1";FALSE;"0,5712025210354962";"0,2377965583313759";"0,1910009206331280";"1,05537436664551";"1";"3";"0";"H";"1";"0";"0"
"26/12/2021";"Tottenham";"Crystal Palace";"IW";"Casa de apuestas";"1,70";"3,75";"5,25";"0,5882352941176471";"0,2666666666666667";"0,1904761904761905";"1,04537815126050";"0,0453781512605043";"0,5627009646302251";"0,2550911039657021";"0,1822079314040729";"1";"0,5731092436974790";"0,2515406162464986";"0,1753501400560224";"1";FALSE;"0,5735672260018344";"0,2504098246052648";"0,1760229493929008";"1,04758864156060";"1";"3";"0";"H";"1";"0";"0"
"26/12/2021";"West Ham";"Southampton";"B365";"Casa de apuestas";"1,90";"3,75";"3,80";"0,5263157894736842";"0,2666666666666667";"0,2631578947368421";"1,05614035087719";"0,0561403508771929";"0,4983388704318937";"0,2524916943521595";"0,2491694352159468";"1";"0,5076023391812865";"0,2479532163742691";"0,2444444444444445";"1";FALSE;"0,5078747726609276";"0,2477827154434117";"0,2443425118956607";"1,05556792113957";"1";"2";"3";"A";"0";"0";"1"
"26/12/2021";"West Ham";"Southampton";"BW";"Casa de apuestas";"1,98";"3,50";"3,80";"0,5050505050505051";"0,2857142857142857";"0,2631578947368421";"1,05392268550163";"0,0539226855016328";"0,4792102039345680";"0,2710960582258413";"0,2496937378395907";"1";"0,4870762765499608";"0,2677400572137414";"0,2451836662362978";"1";FALSE;"0,4872149517854293";"0,2674830991920247";"0,2453019490225461";"1,05263240405042";"1";"2";"3";"A";"0";"0";"1"
"26/12/2021";"West Ham";"Southampton";"IW";"Casa de apuestas";"1,95";"3,60";"3,85";"0,5128205128205129";"0,2777777777777778";"0,2597402597402597";"1,05033855033855";"0,0503385503385503";"0,4882430647291943";"0,2644649933949802";"0,2472919418758256";"1";"0,4960409960409961";"0,2609982609982610";"0,2429607429607429";"1";FALSE;"0,4962016970732800";"0,2607687848703814";"0,2430295180563386";"1,04932908968642";"1";"2";"3";"A";"0";"0";"1"
"27/12/2021";"Newcastle";"Man United";"B365";"Casa de apuestas";"6,50";"4,75";"1,45";"0,1538461538461539";"0,2105263157894737";"0,6896551724137931";"1,05402764204942";"0,0540276420494208";"0,1459602649006623";"0,1997350993377483";"0,6543046357615894";"1";"0,1358369398296803";"0,1925171017730001";"0,6716459583973196";"1";FALSE;"0,1363273332508870";"0,1903709700009546";"0,6733016967481584";"1,06458708486981";"1";"1";"1";"D";"0";"1";"0"
"27/12/2021";"Newcastle";"Man United";"BW";"Casa de apuestas";"6,25";"4,75";"1,47";"0,1600000000000000";"0,2105263157894737";"0,6802721088435374";"1,05079842463301";"0,0507984246330111";"0,1522651692743826";"0,2003489069399771";"0,6473859237856403";"1";"0,1430671917889963";"0,1935935075784700";"0,6633393006325337";"1";FALSE;"0,1434029457167168";"0,1918081594515806";"0,6647888948317027";"1,05976015117915";"1";"1";"1";"D";"0";"1";"0"
"27/12/2021";"Newcastle";"Man United";"IW";"Casa de apuestas";"5,75";"4,50";"1,53";"0,1739130434782609";"0,2222222222222222";"0,6535947712418301";"1,04973003694231";"0,0497300369423130";"0,1656740660530591";"0,2116946399566865";"0,6226312939902545";"1";"0,1573363644974899";"0,2056455432414512";"0,6370180922610591";"1";FALSE;"0,1576303133562462";"0,2042103412129363";"0,6381593454308176";"1,05619879360468";"1";"1";"1";"D";"0";"1";"0"
"28/12/2021";"Crystal Palace";"Norwich";"B365";"Casa de apuestas";"1,72";"3,50";"5,25";"0,5813953488372093";"0,2857142857142857";"0,1904761904761905";"1,05758582502769";"0,0575858250276855";"0,5497382198952880";"0,2701570680628272";"0,1801047120418848";"1";"0,5622000738279809";"0,2665190107050572";"0,1712809154669620";"1";FALSE;"0,5627007214755536";"0,2649377166756728";"0,1723615618487735";"1,06026482697520";"1";"3";"0";"H";"1";"0";"0"
"28/12/2021";"Crystal Palace";"Norwich";"BW";"Casa de apuestas";"1,71";"3,50";"5,25";"0,5847953216374269";"0,2857142857142857";"0,1904761904761905";"1,06098579782790";"0,0609857978279029";"0,5511811023622046";"0,2692913385826771";"0,1795275590551181";"1";"0,5644667223614592";"0,2653856864383181";"0,1701475912002229";"1";FALSE;"0,5650386613366083";"0,2636810805330840";"0,1712802581303079";"1,06405997614613";"1";"3";"0";"H";"1";"0";"0"
"28/12/2021";"Crystal Palace";"Norwich";"IW";"Casa de apuestas";"1,75";"3,50";"5,00";"0,5714285714285714";"0,2857142857142857";"0,2000000000000000";"1,05714285714286";"0,0571428571428572";"0,5405405405405405";"0,2702702702702702";"0,1891891891891892";"1";"0,5523809523809523";"0,2666666666666666";"0,1809523809523809";"1";FALSE;"0,5528332155608380";"0,2653187645519270";"0,1818480198872351";"1,05911758580678";"1";"3";"0";"H";"1";"0";"0"
"28/12/2021";"Leicester";"Liverpool";"B365";"Casa de apuestas";"9,00";"6,00";"1,28";"0,1111111111111111";"0,1666666666666667";"0,7812500000000000";"1,05902777777778";"0,0590277777777777";"0,1049180327868852";"0,1573770491803279";"0,7377049180327869";"1";"0,0914351851851852";"0,1469907407407408";"0,7615740740740741";"1";FALSE;"0,0920784633796126";"0,1429905321955788";"0,7649310044248087";"1,08551225359204";"1";"1";"0";"H";"1";"0";"0"
"28/12/2021";"Leicester";"Liverpool";"BW";"Casa de apuestas";"8,25";"6,25";"1,30";"0,1212121212121212";"0,1600000000000000";"0,7692307692307692";"1,05044289044289";"0,0504428904428904";"0,1153914432806675";"0,1523167051304811";"0,7322918515888514";"1";"0,1043978243978244";"0,1431857031857032";"0,7524164724164724";"1";FALSE;"0,1043920694892150";"0,1405326485723671";"0,7550752819384179";"1,07079302166946";"1";"1";"0";"H";"1";"0";"0"
"28/12/2021";"Leicester";"Liverpool";"IW";"Casa de apuestas";"7,50";"5,75";"1,35";"0,1333333333333333";"0,1739130434782609";"0,7407407407407407";"1,04798711755233";"0,0479871175523350";"0,1272280270436386";"0,1659496004917025";"0,7068223724646588";"1";"0,1173376274825550";"0,1579173376274826";"0,7247450348899623";"1";FALSE;"0,1174149376714619";"0,1557392094928768";"0,7268458528356615";"1,06309887892256";"1";"1";"0";"H";"1";"0";"0"
"28/12/2021";"Southampton";"Tottenham";"B365";"Casa de apuestas";"3,75";"3,50";"2,00";"0,2666666666666667";"0,2857142857142857";"0,5000000000000000";"1,05238095238095";"0,0523809523809524";"0,2533936651583711";"0,2714932126696832";"0,4751131221719457";"1";"0,2492063492063493";"0,2682539682539682";"0,4825396825396825";"1";FALSE;"0,2493005905803625";"0,2680483142496864";"0,4826510951699511";"1,05094744239563";"1";"1";"1";"D";"0";"1";"0"
"28/12/2021";"Southampton";"Tottenham";"BW";"Casa de apuestas";"3,70";"3,40";"2,00";"0,2702702702702702";"0,2941176470588235";"0,5000000000000000";"1,06438791732909";"0,0643879173290938";"0,2539208364451083";"0,2763256161314414";"0,4697535474234504";"1";"0,2488076311605723";"0,2726550079491256";"0,4785373608903021";"1";FALSE;"0,2489470291132130";"0,2723557076183409";"0,4786972632684462";"1,06281453675182";"1";"1";"1";"D";"0";"1";"0"
"28/12/2021";"Southampton";"Tottenham";"IW";"Casa de apuestas";"3,70";"3,35";"2,10";"0,2702702702702702";"0,2985074626865671";"0,4761904761904762";"1,04496820914731";"0,0449682091473136";"0,2586397058823529";"0,2856617647058823";"0,4556985294117648";"1";"0,2552808672211657";"0,2835180596374626";"0,4612010731413717";"1";FALSE;"0,2554492837181986";"0,2833491931065414";"0,4612015231752599";"1,04310720232041";"1";"1";"1";"D";"0";"1";"0"
"28/12/2021";"Watford";"West Ham";"B365";"Casa de apuestas";"3,60";"3,75";"1,95";"0,2777777777777778";"0,2666666666666667";"0,5128205128205129";"1,05726495726496";"0,0572649572649575";"0,2627324171382376";"0,2522231204527082";"0,4850444624090541";"1";"0,2586894586894586";"0,2475783475783475";"0,4937321937321937";"1";FALSE;"0,2584872606687534";"0,2475792293379047";"0,4939335099933419";"1,05618949236652";"1";"1";"4";"A";"0";"0";"1"
"28/12/2021";"Watford";"West Ham";"BW";"Casa de apuestas";"3,50";"3,60";"2,00";"0,2857142857142857";"0,2777777777777778";"0,5000000000000000";"1,06349206349206";"0,0634920634920635";"0,2686567164179104";"0,2611940298507463";"0,4701492537313433";"1";"0,2645502645502645";"0,2566137566137566";"0,4788359788359788";"1";FALSE;"0,2643956375036393";"0,2566034664636982";"0,4790008960326625";"1,06189974017712";"1";"1";"4";"A";"0";"0";"1"
"28/12/2021";"Watford";"West Ham";"IW";"Casa de apuestas";"3,40";"3,65";"2,10";"0,2941176470588235";"0,2739726027397260";"0,4761904761904762";"1,04428072598903";"0,0442807259890259";"0,2816461510196582";"0,2623553187580379";"0,4559985302223040";"1";"0,2793574050624815";"0,2592123607433841";"0,4614302341941343";"1";FALSE;"0,2792365571051096";"0,2593289479898356";"0,4614344949050549";"1,04242653391401";"1";"1";"4";"A";"0";"0";"1"
"29/12/2021";"Brentford";"Man City";"B365";"Casa de apuestas";"17,00";"9,00";"1,12";"0,0588235294117647";"0,1111111111111111";"0,8928571428571428";"1,06279178338002";"0,0627917833800187";"0,0553481221172853";"0,1045464528882056";"0,8401054249945090";"1";"0,0378929349517585";"0,0901805166511049";"0,8719265483971366";"1";FALSE;"0,0395472234060395";"0,0816638722403417";"0,8787889043536188";"1,14013997521966";"1";"0";"1";"A";"0";"0";"1"
"29/12/2021";"Brentford";"Man City";"BW";"Casa de apuestas";"14,00";"8,25";"1,17";"0,0714285714285714";"0,1212121212121212";"0,8547008547008548";"1,04734154734155";"0,0473415473415475";"0,0681998834190027";"0,1157331354989136";"0,8160669810820835";"1";"0,0556480556480556";"0,1054316054316054";"0,8389203389203389";"1";FALSE;"0,0565444606684062";"0,1005542063796018";"0,8429013329519921";"1,08854324745509";"1";"0";"1";"A";"0";"0";"1"
"29/12/2021";"Brentford";"Man City";"IW";"Casa de apuestas";"15,00";"7,50";"1,17";"0,0666666666666667";"0,1333333333333333";"0,8547008547008548";"1,05470085470085";"0,0547008547008547";"0,0632090761750405";"0,1264181523500810";"0,8103727714748785";"1";"0,0484330484330485";"0,1150997150997151";"0,8364672364672365";"1";FALSE;"0,0505028312787038";"0,1084457337762009";"0,8410514349450953";"1,10253712362213";"1";"0";"1";"A";"0";"0";"1"
"29/12/2021";"Chelsea";"Brighton";"B365";"Casa de apuestas";"1,33";"5,00";"9,50";"0,7518796992481203";"0,2000000000000000";"0,1052631578947368";"1,05714285714286";"0,0571428571428569";"0,7112375533428166";"0,1891891891891892";"0,0995732574679943";"1";"0,7328320802005013";"0,1809523809523810";"0,0862155388471178";"1";FALSE;"0,7353228535850309";"0,1763821569082813";"0,0882949895066879";"1,07807966895413";"1";"1";"1";"D";"0";"1";"0"
"29/12/2021";"Chelsea";"Brighton";"BW";"Casa de apuestas";"1,35";"4,80";"9,50";"0,7407407407407407";"0,2083333333333333";"0,1052631578947368";"1,05433723196881";"0,0543372319688109";"0,7025652877282182";"0,1975964871735613";"0,0998382250982204";"1";"0,7226283300844704";"0,1902209226770630";"0,0871507472384665";"1";FALSE;"0,7247529331540692";"0,1858777371786058";"0,0893693296673250";"1,07270755650473";"1";"1";"1";"D";"0";"1";"0"
"29/12/2021";"Chelsea";"Brighton";"IW";"Casa de apuestas";"1,40";"4,70";"8,25";"0,7142857142857143";"0,2127659574468085";"0,1212121212121212";"1,04826379294464";"0,0482637929446441";"0,6813988225990687";"0,2029698620507864";"0,1156313153501450";"1";"0,6981977833041663";"0,1966780264652605";"0,1051241902305732";"1";FALSE;"0,6997913418786957";"0,1936208202900280";"0,1065878378312763";"1,06092875593361";"1";"1";"1";"D";"0";"1";"0"
"30/12/2021";"Man United";"Burnley";"B365";"Casa de apuestas";"1,36";"5,00";"8,00";"0,7352941176470588";"0,2000000000000000";"0,1250000000000000";"1,06029411764706";"0,0602941176470588";"0,6934812760055478";"0,1886269070735090";"0,1178918169209431";"1";"0,7151960784313725";"0,1799019607843138";"0,1049019607843137";"1";FALSE;"0,7176990192097074";"0,1761865539900733";"0,1061144268002193";"1,07876909450494";"1";"3";"1";"H";"1";"0";"0"
"30/12/2021";"Man United";"Burnley";"BW";"Casa de apuestas";"1,35";"5,00";"9,00";"0,7407407407407407";"0,2000000000000000";"0,1111111111111111";"1,05185185185185";"0,0518518518518518";"0,7042253521126760";"0,1901408450704226";"0,1056338028169014";"1";"0,7234567901234568";"0,1827160493827161";"0,0938271604938272";"1";FALSE;"0,7255540365148661";"0,1789709827420809";"0,0954749807430531";"1,06902638528395";"1";"3";"1";"H";"1";"0";"0"
"30/12/2021";"Man United";"Burnley";"IW";"Casa de apuestas";"1,40";"4,70";"7,75";"0,7142857142857143";"0,2127659574468085";"0,1290322580645161";"1,05608392979704";"0,0560839297970390";"0,6763531705505526";"0,2014669018661220";"0,1221799275833256";"1";"0,6955910710200346";"0,1940713141811289";"0,1103376147988364";"1";FALSE;"0,6975406011082965";"0,1907731229990222";"0,1116862758926814";"1,07050305583445";"1";"3";"1";"H";"1";"0";"0"
"01/01/2022";"Arsenal";"Man City";"B365";"Casa de apuestas";"5,25";"4,20";"1,60";"0,1904761904761905";"0,2380952380952381";"0,6250000000000000";"1,05357142857143";"0,0535714285714286";"0,1807909604519774";"0,2259887005649718";"0,5932203389830508";"1";"0,1726190476190476";"0,2202380952380952";"0,6071428571428571";"1";FALSE;"0,1729187968068926";"0,2189796960474037";"0,6081015071457037";"1,05831833513067";"1";"1";"2";"A";"0";"0";"1"
"01/01/2022";"Arsenal";"Man City";"BW";"Casa de apuestas";"5,25";"4,20";"1,60";"0,1904761904761905";"0,2380952380952381";"0,6250000000000000";"1,05357142857143";"0,0535714285714286";"0,1807909604519774";"0,2259887005649718";"0,5932203389830508";"1";"0,1726190476190476";"0,2202380952380952";"0,6071428571428571";"1";FALSE;"0,1729187968068926";"0,2189796960474037";"0,6081015071457037";"1,05831833513067";"1";"1";"2";"A";"0";"0";"1"
"01/01/2022";"Arsenal";"Man City";"IW";"Casa de apuestas";"4,80";"4,10";"1,65";"0,2083333333333333";"0,2439024390243903";"0,6060606060606061";"1,05829637841833";"0,0582963784183297";"0,1968572675687472";"0,2304670449585334";"0,5726756874727194";"1";"0,1889012071938901";"0,2244703128849471";"0,5866284799211628";"1";FALSE;"0,1890159541031541";"0,2234614162049451";"0,5875226296919008";"1,06203426550488";"1";"1";"2";"A";"0";"0";"1"
"01/01/2022";"Crystal Palace";"West Ham";"B365";"Casa de apuestas";"3,40";"3,40";"2,15";"0,2941176470588235";"0,2941176470588235";"0,4651162790697674";"1,05335157318741";"0,0533515731874146";"0,2792207792207792";"0,2792207792207792";"0,4415584415584415";"1";"0,2763337893296853";"0,2763337893296853";"0,4473324213406292";"1";FALSE;"0,2763377995703524";"0,2763377995703524";"0,4473244008592953";"1,05095364469160";"1";"2";"3";"A";"0";"0";"1"
"01/01/2022";"Crystal Palace";"West Ham";"BW";"Casa de apuestas";"3,30";"3,30";"2,20";"0,3030303030303030";"0,3030303030303030";"0,4545454545454545";"1,06060606060606";"0,0606060606060606";"0,2857142857142857";"0,2857142857142857";"0,4285714285714285";"1";"0,2828282828282828";"0,2828282828282828";"0,4343434343434343";"1";FALSE;"0,2828426920878321";"0,2828426920878321";"0,4343146158243357";"1,05774405590011";"1";"2";"3";"A";"0";"0";"1"
"01/01/2022";"Crystal Palace";"West Ham";"IW";"Casa de apuestas";"3,35";"3,25";"2,25";"0,2985074626865671";"0,3076923076923077";"0,4444444444444444";"1,05064421482332";"0,0506442148233193";"0,2841185041282175";"0,2928606119475474";"0,4230208839242350";"1";"0,2816260577454606";"0,2908109027512013";"0,4275630395033380";"1";FALSE;"0,2817036021329901";"0,2907934427680097";"0,4275029550990003";"1,04792503858339";"1";"2";"3";"A";"0";"0";"1"
"01/01/2022";"Watford";"Tottenham";"B365";"Casa de apuestas";"5,50";"4,00";"1,60";"0,1818181818181818";"0,2500000000000000";"0,6250000000000000";"1,05681818181818";"0,0568181818181819";"0,1720430107526882";"0,2365591397849463";"0,5913978494623657";"1";"0,1628787878787878";"0,2310606060606060";"0,6060606060606061";"1";FALSE;"0,1635685047970931";"0,2293948763546210";"0,6070366188482859";"1,06204746323222";"1";"0";"1";"A";"0";"0";"1"
"01/01/2022";"Watford";"Tottenham";"BW";"Casa de apuestas";"5,75";"4,00";"1,58";"0,1739130434782609";"0,2500000000000000";"0,6329113924050632";"1,05682443588332";"0,0568244358833241";"0,1645619060018227";"0,2365577398776201";"0,5988803541205572";"1";"0,1549715648504862";"0,2310585213722253";"0,6139699137772885";"1";FALSE;"0,1558315350526622";"0,2291683732638925";"0,6150000916834453";"1,06276006920879";"1";"0";"1";"A";"0";"0";"1"
"01/01/2022";"Watford";"Tottenham";"IW";"Casa de apuestas";"5,50";"4,10";"1,63";"0,1818181818181818";"0,2439024390243903";"0,6134969325153374";"1,03921755335791";"0,0392175533579096";"0,1749568040211529";"0,2346981517356930";"0,5903450442431540";"1";"0,1687456640322119";"0,2308299212384204";"0,6004244147293676";"1";FALSE;"0,1692044140433631";"0,2298112582911089";"0,6009843276655279";"1,04217611535246";"1";"0";"1";"A";"0";"0";"1"
"02/01/2022";"Brentford";"Aston Villa";"B365";"Casa de apuestas";"2,80";"3,25";"2,55";"0,3571428571428572";"0,3076923076923077";"0,3921568627450981";"1,05699202758026";"0,0569920275802631";"0,3378860462745897";"0,2911018244827234";"0,3710121292426867";"1";"0,3381455146161028";"0,2886949651655533";"0,3731595202183437";"1";FALSE;"0,3380381383810372";"0,2889244694533519";"0,3730373921656110";"1,05339559095249";"1";"2";"1";"H";"1";"0";"0"
"02/01/2022";"Brentford";"Aston Villa";"BW";"Casa de apuestas";"2,75";"3,30";"2,55";"0,3636363636363636";"0,3030303030303030";"0,3921568627450981";"1,05882352941176";"0,0588235294117649";"0,3434343434343435";"0,2861952861952862";"0,3703703703703705";"1";"0,3440285204991086";"0,2834224598930480";"0,3725490196078431";"1";FALSE;"0,3438878955119805";"0,2837036827225187";"0,3724084217655007";"1,05519829760661";"1";"2";"1";"H";"1";"0";"0"
"02/01/2022";"Brentford";"Aston Villa";"IW";"Casa de apuestas";"2,85";"3,15";"2,60";"0,3508771929824561";"0,3174603174603174";"0,3846153846153846";"1,05295289505816";"0,0529528950581581";"0,3332316142813549";"0,3014952700640829";"0,3652731156545621";"1";"0,3332262279630701";"0,2998093524409314";"0,3669644195959986";"1";FALSE;"0,3331737910908089";"0,2999552728034371";"0,3668709361057541";"1,04943291965121";"1";"2";"1";"H";"1";"0";"0"
"02/01/2022";"Chelsea";"Liverpool";"B365";"Casa de apuestas";"2,50";"3,50";"2,70";"0,4000000000000000";"0,2857142857142857";"0,3703703703703703";"1,05608465608466";"0,0560846560846562";"0,3787575150300602";"0,2705410821643287";"0,3507014028056112";"1";"0,3813051146384480";"0,2670194003527336";"0,3516754850088182";"1";FALSE;"0,3811143983885100";"0,2674324995042838";"0,3514531021072062";"1,05278342029421";"1";"2";"2";"D";"0";"1";"0"
"02/01/2022";"Chelsea";"Liverpool";"BW";"Casa de apuestas";"2,60";"3,40";"2,60";"0,3846153846153846";"0,2941176470588235";"0,3846153846153846";"1,06334841628959";"0,0633484162895928";"0,3617021276595745";"0,2765957446808511";"0,3617021276595745";"1";"0,3634992458521870";"0,2730015082956259";"0,3634992458521870";"1";FALSE;"0,3632979845068861";"0,2734040309862280";"0,3632979845068861";"1,05967531082688";"1";"2";"2";"D";"0";"1";"0"
"02/01/2022";"Chelsea";"Liverpool";"IW";"Casa de apuestas";"2,65";"3,35";"2,65";"0,3773584905660378";"0,2985074626865671";"0,3773584905660378";"1,05322444381864";"0,0532244438186427";"0,3582887700534760";"0,2834224598930480";"0,3582887700534760";"1";"0,3596170092931569";"0,2807659814136862";"0,3596170092931569";"1";FALSE;"0,3594717947927112";"0,2810564104145777";"0,3594717947927112";"1,04982755254121";"1";"2";"2";"D";"0";"1";"0"
"02/01/2022";"Everton";"Brighton";"B365";"Casa de apuestas";"3,00";"3,10";"2,50";"0,3333333333333333";"0,3225806451612903";"0,4000000000000000";"1,05591397849462";"0,0559139784946237";"0,3156822810590631";"0,3054989816700611";"0,3788187372708758";"1";"0,3146953405017921";"0,3039426523297491";"0,3813620071684588";"1";FALSE;"0,3147038915045402";"0,3040298372544014";"0,3812662712410584";"1,05234860482970";"1";"2";"3";"A";"0";"0";"1"
"02/01/2022";"Everton";"Brighton";"BW";"Casa de apuestas";"2,85";"3,00";"2,65";"0,3508771929824561";"0,3333333333333333";"0,3773584905660378";"1,06156901688183";"0,0615690168818270";"0,3305269722482070";"0,3140006236357967";"0,3554724041159963";"1";"0,3303541873551805";"0,3128103277060577";"0,3568354849387622";"1";FALSE;"0,3303398549736999";"0,3128972156949528";"0,3567629293313474";"1,05758923208633";"1";"2";"3";"A";"0";"0";"1"
"02/01/2022";"Everton";"Brighton";"IW";"Casa de apuestas";"2,85";"3,05";"2,70";"0,3508771929824561";"0,3278688524590164";"0,3703703703703703";"1,04911641581184";"0,0491164158118429";"0,3344501979896436";"0,3125190374657326";"0,3530307645446237";"1";"0,3345050543785085";"0,3114967138550688";"0,3539982317664226";"1";FALSE;"0,3344815600920307";"0,3115812617993530";"0,3539371781086165";"1,04569241434018";"1";"2";"3";"A";"0";"0";"1"
"02/01/2022";"Leeds";"Burnley";"B365";"Casa de apuestas";"2,00";"3,50";"3,60";"0,5000000000000000";"0,2857142857142857";"0,2777777777777778";"1,06349206349206";"0,0634920634920635";"0,4701492537313433";"0,2686567164179104";"0,2611940298507463";"1";"0,4788359788359788";"0,2645502645502645";"0,2566137566137566";"1";FALSE;"0,4790008960326625";"0,2643956375036393";"0,2566034664636982";"1,06189974017712";"1";"3";"1";"H";"1";"0";"0"
"02/01/2022";"Leeds";"Burnley";"BW";"Casa de apuestas";"2,00";"3,50";"3,70";"0,5000000000000000";"0,2857142857142857";"0,2702702702702702";"1,05598455598456";"0,0559845559845560";"0,4734917733089580";"0,2705667276051189";"0,2559414990859232";"1";"0,4813384813384813";"0,2670527670527670";"0,2516087516087515";"1";FALSE;"0,4814667420732865";"0,2668607039567122";"0,2516725539700013";"1,05449194936915";"1";"3";"1";"H";"1";"0";"0"
"02/01/2022";"Leeds";"Burnley";"IW";"Casa de apuestas";"2,00";"3,60";"3,60";"0,5000000000000000";"0,2777777777777778";"0,2777777777777778";"1,05555555555556";"0,0555555555555556";"0,4736842105263158";"0,2631578947368421";"0,2631578947368421";"1";"0,4814814814814815";"0,2592592592592592";"0,2592592592592592";"1";FALSE;"0,4816117416787322";"0,2591941291606339";"0,2591941291606339";"1,05405752950241";"1";"3";"1";"H";"1";"0";"0"
"03/01/2022";"Man United";"Wolves";"B365";"Casa de apuestas";"1,65";"3,75";"5,75";"0,6060606060606061";"0,2666666666666667";"0,1739130434782609";"1,04664031620553";"0,0466403162055338";"0,5790533736153071";"0,2547834843907352";"0,1661631419939577";"1";"0,5905138339920948";"0,2511198945981554";"0,1583662714097496";"1";FALSE;"0,5910622985731232";"0,2495999358323929";"0,1593377655944840";"1,05003954405620";"1";"0";"1";"A";"0";"0";"1"
"03/01/2022";"Man United";"Wolves";"BW";"Casa de apuestas";"1,66";"3,75";"5,25";"0,6024096385542169";"0,2666666666666667";"0,1904761904761905";"1,05955249569707";"0,0595524956970741";"0,5685510071474984";"0,2516785791639593";"0,1797704136885424";"1";"0,5825588066551922";"0,2468158347676420";"0,1706253585771658";"1";FALSE;"0,5833411818260156";"0,2452096390181139";"0,1714491791558705";"1,06346552240007";"1";"0";"1";"A";"0";"0";"1"
"03/01/2022";"Man United";"Wolves";"IW";"Casa de apuestas";"1,70";"3,65";"5,50";"0,5882352941176471";"0,2739726027397260";"0,1818181818181818";"1,04402607867555";"0,0440260786755549";"0,5634296940780242";"0,2624193095705866";"0,1741509963513893";"1";"0,5735599345591288";"0,2592972431812077";"0,1671428222596635";"1";FALSE;"0,5739561833044727";"0,2580279444899180";"0,1680158722056093";"1,04631108534350";"1";"0";"1";"A";"0";"0";"1"
"11/01/2022";"Southampton";"Brentford";"B365";"Casa de apuestas";"2,10";"3,25";"3,60";"0,4761904761904762";"0,3076923076923077";"0,2777777777777778";"1,06166056166056";"0,0616605616605617";"0,4485336400230017";"0,2898217366302472";"0,2616446233467510";"1";"0,4556369556369557";"0,2871387871387872";"0,2572242572242572";"1";FALSE;"0,4556689339555228";"0,2868958966529669";"0,2574351693915102";"1,05937349125273";"1";"4";"1";"H";"1";"0";"0"
"11/01/2022";"Southampton";"Brentford";"BW";"Casa de apuestas";"2,10";"3,30";"3,50";"0,4761904761904762";"0,3030303030303030";"0,2857142857142857";"1,06493506493507";"0,0649350649350651";"0,4471544715447154";"0,2845528455284552";"0,2682926829268292";"1";"0,4545454545454545";"0,2813852813852813";"0,2640692640692640";"1";FALSE;"0,4545959408082414";"0,2812240603045699";"0,2641799988871888";"1,06255103932190";"1";"4";"1";"H";"1";"0";"0"
"11/01/2022";"Southampton";"Brentford";"IW";"Casa de apuestas";"2,20";"3,20";"3,60";"0,4545454545454545";"0,3125000000000000";"0,2777777777777778";"1,04482323232323";"0,0448232323232323";"0,4350453172205437";"0,2990936555891239";"0,2658610271903323";"1";"0,4396043771043771";"0,2975589225589226";"0,2628367003367004";"1";FALSE;"0,4395481943412335";"0,2974094799636550";"0,2630423256951116";"1,04255214294008";"1";"4";"1";"H";"1";"0";"0"
"12/01/2022";"West Ham";"Norwich";"B365";"Casa de apuestas";"1,36";"5,00";"8,00";"0,7352941176470588";"0,2000000000000000";"0,1250000000000000";"1,06029411764706";"0,0602941176470588";"0,6934812760055478";"0,1886269070735090";"0,1178918169209431";"1";"0,7151960784313725";"0,1799019607843138";"0,1049019607843137";"1";FALSE;"0,7176990192097074";"0,1761865539900733";"0,1061144268002193";"1,07876909450494";"1";"2";"0";"H";"1";"0";"0"
"12/01/2022";"West Ham";"Norwich";"BW";"Casa de apuestas";"1,41";"4,80";"7,50";"0,7092198581560284";"0,2083333333333333";"0,1333333333333333";"1,05088652482269";"0,0508865248226951";"0,6748776784207864";"0,1982453180361060";"0,1268770035431078";"1";"0,6922576832151300";"0,1913711583924349";"0,1163711583924349";"1";FALSE;"0,6939707415608374";"0,1886526317674195";"0,1173766266717431";"1,06326084230842";"1";"2";"0";"H";"1";"0";"0"
"12/01/2022";"West Ham";"Norwich";"IW";"Casa de apuestas";"1,45";"4,70";"6,75";"0,6896551724137931";"0,2127659574468085";"0,1481481481481481";"1,05056927800875";"0,0505692780087497";"0,6564585380994259";"0,2025244426051420";"0,1410170192954322";"1";"0,6727987464108766";"0,1959095314438919";"0,1312917221452315";"1";FALSE;"0,6743065592690043";"0,1937273193387070";"0,1319661213922886";"1,06057343069154";"1";"2";"0";"H";"1";"0";"0"
"14/01/2022";"Brighton";"Crystal Palace";"B365";"Casa de apuestas";"2,05";"3,30";"3,80";"0,4878048780487805";"0,3030303030303030";"0,2631578947368421";"1,05399307581593";"0,0539930758159257";"0,4628160177154457";"0,2875069200959586";"0,2496770621885957";"1";"0,4698071861101386";"0,2850326110916611";"0,2451602027982002";"1";FALSE;"0,4698546726756980";"0,2847112327258565";"0,2454340945984454";"1,05222898810126";"1";"1";"1";"D";"0";"1";"0"
"14/01/2022";"Brighton";"Crystal Palace";"BW";"Casa de apuestas";"1,98";"3,30";"4,00";"0,5050505050505051";"0,3030303030303030";"0,2500000000000000";"1,05808080808081";"0,0580808080808082";"0,4773269689737471";"0,2863961813842482";"0,2362768496420048";"1";"0,4856902356902357";"0,2836700336700336";"0,2306397306397306";"1";FALSE;"0,4858093561417987";"0,2831407590071063";"0,2310498848510951";"1,05686186219112";"1";"1";"1";"D";"0";"1";"0"
"14/01/2022";"Brighton";"Crystal Palace";"IW";"Casa de apuestas";"2,10";"3,25";"3,70";"0,4761904761904762";"0,3076923076923077";"0,2702702702702702";"1,05415305415305";"0,0541530541530542";"0,4517280240420736";"0,2918858001502630";"0,2563861758076633";"1";"0,4581394581394582";"0,2896412896412897";"0,2522192522192521";"1";FALSE;"0,4581473642171457";"0,2893788309372686";"0,2524738048455858";"1,05206240962621";"1";"1";"1";"D";"0";"1";"0"
"15/01/2022";"Aston Villa";"Man United";"B365";"Casa de apuestas";"2,50";"3,50";"2,75";"0,4000000000000000";"0,2857142857142857";"0,3636363636363636";"1,04935064935065";"0,0493506493506493";"0,3811881188118812";"0,2722772277227723";"0,3465346534653465";"1";"0,3835497835497836";"0,2692640692640693";"0,3471861471861472";"1";FALSE;"0,3833865430803059";"0,2696147518025763";"0,3469987051171177";"1,04629624041858";"1";"2";"2";"D";"0";"1";"0"
"15/01/2022";"Aston Villa";"Man United";"BW";"Casa de apuestas";"2,50";"3,60";"2,65";"0,4000000000000000";"0,2777777777777778";"0,3773584905660378";"1,05513626834382";"0,0551362683438157";"0,3790979535068547";"0,2632624677130935";"0,3576395787800517";"1";"0,3816212438853948";"0,2593990216631726";"0,3589797344514326";"1";FALSE;"0,3813956071597485";"0,2598853255425435";"0,3587190672977081";"1,05197844965972";"1";"2";"2";"D";"0";"1";"0"
"15/01/2022";"Aston Villa";"Man United";"IW";"Casa de apuestas";"2,55";"3,35";"2,75";"0,3921568627450981";"0,2985074626865671";"0,3636363636363636";"1,05430068906803";"0,0543006890680289";"0,3719592207530030";"0,2831331381851216";"0,3449076410618754";"1";"0,3740566330557551";"0,2804072329972241";"0,3455361339470207";"1";FALSE;"0,3739137269968473";"0,2806959873650909";"0,3453902856380618";"1,05088896851957";"1";"2";"2";"D";"0";"1";"0"
"15/01/2022";"Man City";"Chelsea";"B365";"Casa de apuestas";"1,60";"4,20";"5,25";"0,6250000000000000";"0,2380952380952381";"0,1904761904761905";"1,05357142857143";"0,0535714285714286";"0,5932203389830508";"0,2259887005649718";"0,1807909604519774";"1";"0,6071428571428571";"0,2202380952380952";"0,1726190476190476";"1";FALSE;"0,6081015071457037";"0,2189796960474037";"0,1729187968068926";"1,05831833513067";"1";"1";"0";"H";"1";"0";"0"
"15/01/2022";"Man City";"Chelsea";"BW";"Casa de apuestas";"1,61";"4,20";"5,00";"0,6211180124223602";"0,2380952380952381";"0,2000000000000000";"1,05921325051760";"0,0592132505175982";"0,5863956215793588";"0,2247849882720876";"0,1888193901485536";"1";"0,6013802622498274";"0,2183574879227054";"0,1802622498274673";"1";FALSE;"0,6024407022207369";"0,2171668649335304";"0,1803924328457327";"1,06411102008567";"1";"1";"0";"H";"1";"0";"0"
"15/01/2022";"Man City";"Chelsea";"IW";"Casa de apuestas";"1,67";"3,95";"5,25";"0,5988023952095809";"0,2531645569620253";"0,1904761904761905";"1,04244314264780";"0,0424431426477967";"0,5744221154245669";"0,2428569450022852";"0,1827209395731479";"1";"0,5846546809936487";"0,2390168427460931";"0,1763284762602583";"1";FALSE;"0,5851711367042833";"0,2380202569054723";"0,1768086063902443";"1,04490297549086";"1";"1";"0";"H";"1";"0";"0"
"15/01/2022";"Newcastle";"Watford";"B365";"Casa de apuestas";"1,80";"3,80";"4,33";"0,5555555555555556";"0,2631578947368421";"0,2309468822170901";"1,04966033250949";"0,0496603325094878";"0,5292717447246527";"0,2507076685537828";"0,2200205867215646";"1";"0,5390021113857263";"0,2466044505670128";"0,2143934380472608";"1";FALSE;"0,5393799069993153";"0,2460765722508881";"0,2145435207497968";"1,05027071296908";"1";"1";"1";"D";"0";"1";"0"
"15/01/2022";"Newcastle";"Watford";"BW";"Casa de apuestas";"1,83";"3,60";"4,33";"0,5464480874316939";"0,2777777777777778";"0,2309468822170901";"1,05517274742656";"0,0551727474265618";"0,5178754746693510";"0,2632533662902535";"0,2188711590403955";"1";"0,5280571716228400";"0,2593868619689239";"0,2125559664082362";"1";FALSE;"0,5284092755950104";"0,2586999455452135";"0,2128907788597761";"1,05554740791192";"1";"1";"1";"D";"0";"1";"0"
"15/01/2022";"Newcastle";"Watford";"IW";"Casa de apuestas";"1,83";"3,75";"4,20";"0,5464480874316939";"0,2666666666666667";"0,2380952380952381";"1,05120999219360";"0,0512099921935987";"0,5198277142432793";"0,2536759245507204";"0,2264963612060003";"1";"0,5293780900338277";"0,2495966692688005";"0,2210252406973719";"1";FALSE;"0,5297182717420464";"0,2491339812533601";"0,2211477470045935";"1,05145323203186";"1";"1";"1";"D";"0";"1";"0"
"15/01/2022";"Norwich";"Everton";"B365";"Casa de apuestas";"3,50";"3,30";"2,15";"0,2857142857142857";"0,3030303030303030";"0,4651162790697674";"1,05386086781436";"0,0538608678143562";"0,2711119602598395";"0,2875429881543752";"0,4413450515857852";"1";"0,2677606631095003";"0,2850766804255176";"0,4471626564649820";"1";FALSE;"0,2678762343919885";"0,2849727316125493";"0,4471510339954621";"1,05146005288736";"1";"2";"1";"H";"1";"0";"0"
"15/01/2022";"Norwich";"Everton";"BW";"Casa de apuestas";"3,25";"3,25";"2,25";"0,3076923076923077";"0,3076923076923077";"0,4444444444444444";"1,05982905982906";"0,0598290598290598";"0,2903225806451613";"0,2903225806451613";"0,4193548387096774";"1";"0,2877492877492878";"0,2877492877492878";"0,4245014245014245";"1";FALSE;"0,2877766794990818";"0,2877766794990818";"0,4244466410018364";"1,05677278076329";"1";"2";"1";"H";"1";"0";"0"
"15/01/2022";"Norwich";"Everton";"IW";"Casa de apuestas";"3,30";"3,30";"2,25";"0,3030303030303030";"0,3030303030303030";"0,4444444444444444";"1,05050505050505";"0,0505050505050506";"0,2884615384615384";"0,2884615384615384";"0,4230769230769231";"1";"0,2861952861952861";"0,2861952861952861";"0,4276094276094276";"1";FALSE;"0,2862247905245252";"0,2862247905245252";"0,4275504189509496";"1,04778813454199";"1";"2";"1";"H";"1";"0";"0"
"15/01/2022";"Wolves";"Southampton";"B365";"Casa de apuestas";"2,37";"3,00";"3,30";"0,4219409282700421";"0,3333333333333333";"0,3030303030303030";"1,05830456463368";"0,0583045646336784";"0,3986951794128307";"0,3149691917361363";"0,2863356288510330";"1";"0,4025060733921493";"0,3138984784554405";"0,2835954481524102";"1";FALSE;"0,4024029389979064";"0,3138075340557929";"0,2837895269463007";"1,05494489896505";"1";"3";"1";"H";"1";"0";"0"
"15/01/2022";"Wolves";"Southampton";"BW";"Casa de apuestas";"2,40";"3,00";"3,20";"0,4166666666666667";"0,3333333333333333";"0,3125000000000000";"1,06250000000000";"0,0625000000000000";"0,3921568627450980";"0,3137254901960784";"0,2941176470588235";"1";"0,3958333333333334";"0,3125000000000000";"0,2916666666666667";"1";FALSE;"0,3957323615167885";"0,3124535058479730";"0,2918141326352384";"1,05888093020652";"1";"3";"1";"H";"1";"0";"0"
"15/01/2022";"Wolves";"Southampton";"IW";"Casa de apuestas";"2,45";"3,05";"3,20";"0,4081632653061224";"0,3278688524590164";"0,3125000000000000";"1,04853211776514";"0,0485321177651388";"0,3892711137700668";"0,3126931897497258";"0,2980356964802074";"1";"0,3919858927177428";"0,3116914798706368";"0,2963226274116204";"1";FALSE;"0,3918913497838905";"0,3116827923144135";"0,2964258579016960";"1,04540025182483";"1";"3";"1";"H";"1";"0";"0"
"16/01/2022";"Liverpool";"Brentford";"B365";"Casa de apuestas";"1,22";"6,50";"12,00";"0,8196721311475410";"0,1538461538461539";"0,0833333333333333";"1,05685161832703";"0,0568516183270282";"0,7755791985681615";"0,1455702495774088";"0,0788505518544297";"1";"0,8007215917051983";"0,1348956144038112";"0,0643827938909906";"1";FALSE;"0,8046367053239735";"0,1292415784616291";"0,0661217162143975";"1,09310265258547";"1";"3";"0";"H";"1";"0";"0"
"16/01/2022";"Liverpool";"Brentford";"BW";"Casa de apuestas";"1,25";"6,00";"11,50";"0,8000000000000000";"0,1666666666666667";"0,0869565217391304";"1,05362318840580";"0,0536231884057972";"0,7592847317744154";"0,1581843191196699";"0,0825309491059147";"1";"0,7821256038647343";"0,1487922705314010";"0,0690821256038647";"1";FALSE;"0,7853322905716549";"0,1436542217950071";"0,0710134876333381";"1,08292778012837";"1";"3";"0";"H";"1";"0";"0"
"16/01/2022";"Liverpool";"Brentford";"IW";"Casa de apuestas";"1,27";"6,00";"11,00";"0,7874015748031495";"0,1666666666666667";"0,0909090909090909";"1,04497733237891";"0,0449773323789071";"0,7535106747345587";"0,1594930928188150";"0,0869962324466263";"1";"0,7724091306768471";"0,1516742225403643";"0,0759166467827885";"1";FALSE;"0,7748568923724581";"0,1477621557348633";"0,0773809518926784";"1,06719199010945";"1";"3";"0";"H";"1";"0";"0"
"16/01/2022";"West Ham";"Leeds";"B365";"Casa de apuestas";"1,61";"4,20";"5,00";"0,6211180124223602";"0,2380952380952381";"0,2000000000000000";"1,05921325051760";"0,0592132505175982";"0,5863956215793588";"0,2247849882720876";"0,1888193901485536";"1";"0,6013802622498274";"0,2183574879227054";"0,1802622498274673";"1";FALSE;"0,6024407022207369";"0,2171668649335304";"0,1803924328457327";"1,06411102008567";"1";"2";"3";"A";"0";"0";"1"
"16/01/2022";"West Ham";"Leeds";"BW";"Casa de apuestas";"1,65";"4,10";"4,80";"0,6060606060606061";"0,2439024390243903";"0,2083333333333333";"1,05829637841833";"0,0582963784183297";"0,5726756874727194";"0,2304670449585334";"0,1968572675687472";"1";"0,5866284799211628";"0,2244703128849471";"0,1889012071938901";"1";FALSE;"0,5875226296919008";"0,2234614162049451";"0,1890159541031541";"1,06203426550488";"1";"2";"3";"A";"0";"0";"1"
"16/01/2022";"West Ham";"Leeds";"IW";"Casa de apuestas";"1,67";"4,20";"4,60";"0,5988023952095809";"0,2380952380952381";"0,2173913043478261";"1,05428893765265";"0,0542889376526452";"0,5679680150517403";"0,2258349012229539";"0,2061970837253057";"1";"0,5807060826586992";"0,2199989255443564";"0,1992949917969444";"1";FALSE;"0,5814783201551134";"0,2193164120730828";"0,1992052677718039";"1,05724768204724";"1";"2";"3";"A";"0";"0";"1"
"18/01/2022";"Brighton";"Chelsea";"B365";"Casa de apuestas";"5,25";"3,60";"1,66";"0,1904761904761905";"0,2777777777777778";"0,6024096385542169";"1,07066360680819";"0,0706636068081852";"0,1779047959274806";"0,2594444940609092";"0,5626507100116103";"1";"0,1669216548734621";"0,2542232421750494";"0,5788551029514886";"1";FALSE;"0,1680530802316904";"0,2521619287139378";"0,5797849910543718";"1,07553081562501";"1";"1";"1";"D";"0";"1";"0"
"18/01/2022";"Brighton";"Chelsea";"BW";"Casa de apuestas";"5,25";"3,70";"1,66";"0,1904761904761905";"0,2702702702702702";"0,6024096385542169";"1,06315609930068";"0,0631560993006777";"0,1791610757832099";"0,2542150399626625";"0,5666238842541276";"1";"0,1694241573759646";"0,2492182371700443";"0,5813576054539911";"1";FALSE;"0,1703432190745887";"0,2474682802476481";"0,5821885006777633";"1,06736821459208";"1";"1";"1";"D";"0";"1";"0"
"18/01/2022";"Brighton";"Chelsea";"IW";"Casa de apuestas";"5,25";"3,70";"1,70";"0,1904761904761905";"0,2702702702702702";"0,5882352941176471";"1,04898175486411";"0,0489817548641078";"0,1815819861431871";"0,2576501154734411";"0,5607678983833719";"1";"0,1741489388548212";"0,2539430186489009";"0,5719080424962778";"1";FALSE;"0,1749092401589191";"0,2526873102016441";"0,5724034496394367";"1,05141632315555";"1";"1";"1";"D";"0";"1";"0"
"19/01/2022";"Brentford";"Man United";"B365";"Casa de apuestas";"4,60";"3,80";"1,75";"0,2173913043478261";"0,2631578947368421";"0,5714285714285714";"1,05197777051324";"0,0519777705132396";"0,2066500932256060";"0,2501553760099440";"0,5431945307644499";"1";"0,2000653808434129";"0,2458319712324289";"0,5541026479241582";"1";FALSE;"0,2003673676295412";"0,2450389060332030";"0,5545937263372558";"1,05343607279024";"1";"1";"3";"A";"0";"0";"1"
"19/01/2022";"Brentford";"Man United";"BW";"Casa de apuestas";"4,50";"3,60";"1,80";"0,2222222222222222";"0,2777777777777778";"0,5555555555555556";"1,05555555555556";"0,0555555555555556";"0,2105263157894737";"0,2631578947368421";"0,5263157894736842";"1";"0,2037037037037037";"0,2592592592592592";"0,5370370370370371";"1";FALSE;"0,2041465250352121";"0,2584153865167414";"0,5374380884480465";"1,05640659609153";"1";"1";"3";"A";"0";"0";"1"
"19/01/2022";"Brentford";"Man United";"IW";"Casa de apuestas";"4,50";"3,50";"1,85";"0,2222222222222222";"0,2857142857142857";"0,5405405405405405";"1,04847704847705";"0,0484770484770483";"0,2119476268412439";"0,2725040916530279";"0,5155482815057284";"1";"0,2060632060632061";"0,2695552695552696";"0,5243815243815244";"1";FALSE;"0,2065531755057482";"0,2688328592181441";"0,5246139652761077";"1,04861451585451";"1";"1";"3";"A";"0";"0";"1"
"19/01/2022";"Leicester";"Tottenham";"B365";"Casa de apuestas";"3,10";"3,50";"2,25";"0,3225806451612903";"0,2857142857142857";"0,4444444444444444";"1,05273937532002";"0,0527393753200205";"0,3064202334630350";"0,2714007782101167";"0,4221789883268482";"1";"0,3050008533879501";"0,2681344939409455";"0,4268646526711042";"1";FALSE;"0,3048422556451623";"0,2683700387361562";"0,4267877056186815";"1,04998993612127";"1";"2";"3";"A";"0";"0";"1"
"19/01/2022";"Leicester";"Tottenham";"BW";"Casa de apuestas";"3,20";"3,40";"2,20";"0,3125000000000000";"0,2941176470588235";"0,4545454545454545";"1,06116310160428";"0,0611631016042782";"0,2944881889763780";"0,2771653543307087";"0,4283464566929134";"1";"0,2921122994652406";"0,2737299465240641";"0,4341577540106951";"1";FALSE;"0,2920113011252281";"0,2738644983527315";"0,4341242005220405";"1,05830023467444";"1";"2";"3";"A";"0";"0";"1"
"19/01/2022";"Leicester";"Tottenham";"IW";"Casa de apuestas";"3,15";"3,30";"2,30";"0,3174603174603174";"0,3030303030303030";"0,4347826086956522";"1,05527322918627";"0,0552732291862728";"0,3008323424494648";"0,2871581450653983";"0,4120095124851367";"1";"0,2990359077315598";"0,2846058933015454";"0,4163581989668946";"1";FALSE;"0,2990011846178413";"0,2847178624535820";"0,4162809529285768";"1,05220948472006";"1";"2";"3";"A";"0";"0";"1"
"21/01/2022";"Watford";"Norwich";"B365";"Casa de apuestas";"2,00";"3,50";"3,75";"0,5000000000000000";"0,2857142857142857";"0,2666666666666667";"1,05238095238095";"0,0523809523809524";"0,4751131221719457";"0,2714932126696832";"0,2533936651583711";"1";"0,4825396825396825";"0,2682539682539682";"0,2492063492063493";"1";FALSE;"0,4826510951699511";"0,2680483142496864";"0,2493005905803625";"1,05094744239563";"1";"0";"3";"A";"0";"0";"1"
"21/01/2022";"Watford";"Norwich";"BW";"Casa de apuestas";"1,93";"3,60";"3,80";"0,5181347150259068";"0,2777777777777778";"0,2631578947368421";"1,05907038754053";"0,0590703875405267";"0,4892353908876332";"0,2622845290036478";"0,2484800801087189";"1";"0,4984445858457313";"0,2580876485976022";"0,2434677655566665";"1";FALSE;"0,4986850442763918";"0,2578259993943503";"0,2434889563292580";"1,05818918544370";"1";"0";"3";"A";"0";"0";"1"
"21/01/2022";"Watford";"Norwich";"IW";"Casa de apuestas";"2,05";"3,45";"3,65";"0,4878048780487805";"0,2898550724637681";"0,2739726027397260";"1,05163255325227";"0,0516325532522748";"0,4638548669306566";"0,2756239064370569";"0,2605212266322866";"1";"0,4705940269646889";"0,2726442213796765";"0,2567617516556344";"1";FALSE;"0,4706548243473348";"0,2724996664538660";"0,2568455091987992";"1,04985864233206";"1";"0";"3";"A";"0";"0";"1"
"22/01/2022";"Brentford";"Wolves";"B365";"Casa de apuestas";"2,37";"3,10";"3,25";"0,4219409282700421";"0,3225806451612903";"0,3076923076923077";"1,05221388112364";"0,0522138811236401";"0,4010030050349260";"0,3065732651396048";"0,2924237298254692";"1";"0,4045363012288287";"0,3051760181200769";"0,2902876806510943";"1";FALSE;"0,4044450126774916";"0,3051566949606911";"0,2903982923618171";"1,04907872124028";"1";"1";"2";"A";"0";"0";"1"
"22/01/2022";"Brentford";"Wolves";"BW";"Casa de apuestas";"2,30";"3,10";"3,30";"0,4347826086956522";"0,3225806451612903";"0,3030303030303030";"1,06039355688725";"0,0603935568872456";"0,4100200400801604";"0,3042084168336673";"0,2857715430861723";"1";"0,4146514230665703";"0,3024494595322085";"0,2828991174012211";"1";FALSE;"0,4145722917130467";"0,3023835390203203";"0,2830441692666329";"1,05714763872826";"1";"1";"2";"A";"0";"0";"1"
"22/01/2022";"Brentford";"Wolves";"IW";"Casa de apuestas";"2,50";"2,95";"3,20";"0,4000000000000000";"0,3389830508474576";"0,3125000000000000";"1,05148305084746";"0,0514830508474575";"0,3804150715293170";"0,3223856538384042";"0,2971992746322789";"1";"0,3828389830508475";"0,3218220338983051";"0,2953389830508475";"1";FALSE;"0,3827382515348842";"0,3217801340389126";"0,2954816144262031";"1,04814324360842";"1";"1";"2";"A";"0";"0";"1"
"22/01/2022";"Everton";"Aston Villa";"B365";"Casa de apuestas";"2,70";"3,40";"2,62";"0,3703703703703703";"0,2941176470588235";"0,3816793893129771";"1,04616740674217";"0,0461674067421709";"0,3540259120896589";"0,2811382243064939";"0,3648358636038471";"1";"0,3549812347896467";"0,2787285114780998";"0,3662902537322535";"1";FALSE;"0,3548445253422820";"0,2790014881903053";"0,3661539864674126";"1,04311471710746";"1";"0";"1";"A";"0";"0";"1"
"22/01/2022";"Everton";"Aston Villa";"BW";"Casa de apuestas";"2,80";"3,30";"2,50";"0,3571428571428572";"0,3030303030303030";"0,4000000000000000";"1,06017316017316";"0,0601731601731603";"0,3368721927317272";"0,2858309514087382";"0,3772968558595345";"1";"0,3370851370851371";"0,2829725829725829";"0,3799422799422799";"1";FALSE;"0,3369455308824495";"0,2832496202639497";"0,3798048488536008";"1,05653989519775";"1";"0";"1";"A";"0";"0";"1"
"22/01/2022";"Everton";"Aston Villa";"IW";"Casa de apuestas";"2,70";"3,30";"2,65";"0,3703703703703703";"0,3030303030303030";"0,3773584905660378";"1,05075916396671";"0,0507591639667111";"0,3524788391777509";"0,2883917775090689";"0,3591293833131803";"1";"0,3534506490481333";"0,2861105817080660";"0,3604387692438008";"1";FALSE;"0,3533313081831844";"0,2863515364402585";"0,3603171553765572";"1,04741732195913";"1";"0";"1";"A";"0";"0";"1"
"22/01/2022";"Leeds";"Newcastle";"B365";"Casa de apuestas";"1,90";"3,90";"3,75";"0,5263157894736842";"0,2564102564102564";"0,2666666666666667";"1,04939271255061";"0,0493927125506073";"0,5015432098765432";"0,2443415637860082";"0,2541152263374486";"1";"0,5098515519568151";"0,2399460188933873";"0,2502024291497976";"1";FALSE;"0,5100762087605749";"0,2399242503431475";"0,2499995408962777";"1,04882925847713";"1";"0";"1";"A";"0";"0";"1"
"22/01/2022";"Leeds";"Newcastle";"BW";"Casa de apuestas";"1,90";"3,70";"3,80";"0,5263157894736842";"0,2702702702702702";"0,2631578947368421";"1,05974395448080";"0,0597439544807965";"0,4966442953020134";"0,2550335570469798";"0,2483221476510067";"1";"0,5064011379800853";"0,2503556187766713";"0,2432432432432433";"1";FALSE;"0,5066988657181997";"0,2501338379361871";"0,2431672963456133";"1,05917938601837";"1";"0";"1";"A";"0";"0";"1"
"22/01/2022";"Leeds";"Newcastle";"IW";"Casa de apuestas";"1,90";"3,85";"3,90";"0,5263157894736842";"0,2597402597402597";"0,2564102564102564";"1,04246630562420";"0,0424663056242003";"0,5048755884330868";"0,2491593813046402";"0,2459650302622730";"1";"0,5121603542656175";"0,2455848245321929";"0,2422548212021896";"1";FALSE;"0,5123421800038233";"0,2454679469987470";"0,2421898729974298";"1,04192335865925";"1";"0";"1";"A";"0";"0";"1"
"22/01/2022";"Man United";"West Ham";"B365";"Casa de apuestas";"2,05";"3,60";"3,50";"0,4878048780487805";"0,2777777777777778";"0,2857142857142857";"1,05129694154084";"0,0512969415408442";"0,4640029460504511";"0,2642238998342847";"0,2717731541152642";"1";"0,4707058975351657";"0,2606787972641630";"0,2686153052006710";"1";FALSE;"0,4707684614741109";"0,2607042439702975";"0,2685272945555915";"1,04952233388446";"1";"1";"0";"H";"1";"0";"0"
"22/01/2022";"Man United";"West Ham";"BW";"Casa de apuestas";"2,00";"3,70";"3,50";"0,5000000000000000";"0,2702702702702702";"0,2857142857142857";"1,05598455598456";"0,0559845559845558";"0,4734917733089580";"0,2559414990859232";"0,2705667276051189";"1";"0,4813384813384814";"0,2516087516087516";"0,2670527670527671";"1";FALSE;"0,4814667420732865";"0,2516725539700013";"0,2668607039567122";"1,05449194936915";"1";"1";"0";"H";"1";"0";"0"
"22/01/2022";"Man United";"West Ham";"IW";"Casa de apuestas";"2,10";"3,60";"3,40";"0,4761904761904762";"0,2777777777777778";"0,2941176470588235";"1,04808590102708";"0,0480859010270775";"0,4543429844097996";"0,2650334075723831";"0,2806236080178174";"1";"0,4601618425147837";"0,2617491441020853";"0,2780890133831310";"1";FALSE;"0,4601744578604878";"0,2618455780631236";"0,2779799640763886";"1,04611206147482";"1";"1";"0";"H";"1";"0";"0"
"22/01/2022";"Southampton";"Man City";"B365";"Casa de apuestas";"11,00";"6,00";"1,25";"0,0909090909090909";"0,1666666666666667";"0,8000000000000000";"1,05757575757576";"0,0575757575757576";"0,0859598853868195";"0,1575931232091691";"0,7564469914040115";"1";"0,0717171717171717";"0,1474747474747475";"0,7808080808080808";"1";FALSE;"0,0734945243780023";"0,1421808415346298";"0,7843246340873680";"1,08868156312365";"1";"1";"1";"D";"0";"1";"0"
"22/01/2022";"Southampton";"Man City";"BW";"Casa de apuestas";"10,50";"6,00";"1,27";"0,0952380952380952";"0,1666666666666667";"0,7874015748031495";"1,04930633670791";"0,0493063367079114";"0,0907629087010898";"0,1588350902269073";"0,7504020010720028";"1";"0,0788026496687914";"0,1502312210973629";"0,7709661292338458";"1";FALSE;"0,0801480075426809";"0,1461372359845609";"0,7737147564727582";"1,07336345045403";"1";"1";"1";"D";"0";"1";"0"
"22/01/2022";"Southampton";"Man City";"IW";"Casa de apuestas";"8,50";"5,50";"1,33";"0,1176470588235294";"0,1818181818181818";"0,7518796992481203";"1,05134493988983";"0,0513449398898316";"0,1119014838610983";"0,1729386568762429";"0,7151598592626587";"1";"0,1005320788602522";"0,1647032018549046";"0,7347647192848431";"1";FALSE;"0,1013831160318484";"0,1614973928656302";"0,7371194911025215";"1,06952240509773";"1";"1";"1";"D";"0";"1";"0"
"23/01/2022";"Arsenal";"Burnley";"B365";"Casa de apuestas";"1,28";"5,25";"11,00";"0,7812500000000000";"0,1904761904761905";"0,0909090909090909";"1,06263528138528";"0,0626352813852813";"0,7352005092297900";"0,1792488860598345";"0,0855506047103756";"1";"0,7603715728715729";"0,1695977633477634";"0,0700306637806638";"1";FALSE;"0,7636639179872851";"0,1634639006372227";"0,0728721813754923";"1,09222798105202";"1";"0";"0";"D";"0";"1";"0"
"23/01/2022";"Arsenal";"Burnley";"BW";"Casa de apuestas";"1,32";"5,00";"10,00";"0,7575757575757576";"0,2000000000000000";"0,1000000000000000";"1,05757575757576";"0,0575757575757576";"0,7163323782234957";"0,1891117478510029";"0,0945558739255014";"1";"0,7383838383838384";"0,1808080808080808";"0,0808080808080808";"1";FALSE;"0,7409504021805229";"0,1758589495341639";"0,0831906482853134";"1,07992549133371";"1";"0";"0";"D";"0";"1";"0"
"23/01/2022";"Arsenal";"Burnley";"IW";"Casa de apuestas";"1,30";"5,50";"9,50";"0,7692307692307692";"0,1818181818181818";"0,1052631578947368";"1,05631210894369";"0,0563121089436880";"0,7282229965156795";"0,1721254355400697";"0,0996515679442508";"1";"0,7504600662495399";"0,1630474788369525";"0,0864924549135075";"1";FALSE;"0,7533110886901692";"0,1587171629458010";"0,0879717483640299";"1,07970879602153";"1";"0";"0";"D";"0";"1";"0"
"23/01/2022";"Chelsea";"Tottenham";"B365";"Casa de apuestas";"1,70";"3,75";"5,00";"0,5882352941176471";"0,2666666666666667";"0,2000000000000000";"1,05490196078431";"0,0549019607843138";"0,5576208178438662";"0,2527881040892194";"0,1895910780669145";"1";"0,5699346405228758";"0,2483660130718955";"0,1816993464052288";"1";FALSE;"0,5705483036850130";"0,2471396274740118";"0,1823120688409753";"1,05753405157941";"1";"2";"0";"H";"1";"0";"0"
"23/01/2022";"Chelsea";"Tottenham";"BW";"Casa de apuestas";"1,71";"3,80";"4,75";"0,5847953216374269";"0,2631578947368421";"0,2105263157894737";"1,05847953216374";"0,0584795321637426";"0,5524861878453039";"0,2486187845303867";"0,1988950276243094";"1";"0,5653021442495126";"0,2436647173489279";"0,1910331384015595";"1";FALSE;"0,5659729319438779";"0,2425832930316257";"0,1914437750244963";"1,06098053885977";"1";"2";"0";"H";"1";"0";"0"
"23/01/2022";"Chelsea";"Tottenham";"IW";"Casa de apuestas";"1,73";"3,70";"4,90";"0,5780346820809249";"0,2702702702702702";"0,2040816326530612";"1,05238658500426";"0,0523865850042564";"0,5492607852641785";"0,2568165293262239";"0,1939226854095977";"1";"0,5605724870795061";"0,2528080752688514";"0,1866194376516424";"1";FALSE;"0,5610746908610770";"0,2517256452459151";"0,1871996638930080";"1,05433072775447";"1";"2";"0";"H";"1";"0";"0"
"23/01/2022";"Crystal Palace";"Liverpool";"B365";"Casa de apuestas";"5,75";"4,20";"1,55";"0,1739130434782609";"0,2380952380952381";"0,6451612903225806";"1,05716957189608";"0,0571695718960796";"0,1645081811864300";"0,2252195337671363";"0,6102722850464337";"1";"0,1548565195129010";"0,2190387141298782";"0,6261047663572208";"1";FALSE;"0,1554899887696841";"0,2171969617745401";"0,6273130494557758";"1,06401445507820";"1";"1";"3";"A";"0";"0";"1"
"23/01/2022";"Crystal Palace";"Liverpool";"BW";"Casa de apuestas";"6,00";"4,10";"1,55";"0,1666666666666667";"0,2439024390243903";"0,6451612903225806";"1,05573039601364";"0,0557303960136375";"0,1578685877530742";"0,2310272015898647";"0,6111042106570612";"1";"0,1480898679954542";"0,2253256403531778";"0,6265844916513681";"1";FALSE;"0,1489928655971517";"0,2232948488140637";"0,6277122855887846";"1,06256274281146";"1";"1";"3";"A";"0";"0";"1"
"23/01/2022";"Crystal Palace";"Liverpool";"IW";"Casa de apuestas";"5,75";"4,20";"1,57";"0,1739130434782609";"0,2380952380952381";"0,6369426751592356";"1,04895095673273";"0,0489509567327346";"0,1657971160252945";"0,2269841469393913";"0,6072187370353141";"1";"0,1575960579006827";"0,2217782525176599";"0,6206256895816574";"1";FALSE;"0,1581762336144343";"0,2202706888666372";"0,6215530775189286";"1,05422228332655";"1";"1";"3";"A";"0";"0";"1"
"23/01/2022";"Leicester";"Brighton";"B365";"Casa de apuestas";"2,50";"3,40";"2,80";"0,4000000000000000";"0,2941176470588235";"0,3571428571428572";"1,05126050420168";"0,0512605042016807";"0,3804956035171863";"0,2797761790567546";"0,3397282174260592";"1";"0,3829131652661065";"0,2770308123249299";"0,3400560224089637";"1";FALSE;"0,3827722196140826";"0,2773227127104679";"0,3399050676754494";"1,04804638983266";"1";"1";"1";"D";"0";"1";"0"
"23/01/2022";"Leicester";"Brighton";"BW";"Casa de apuestas";"2,55";"3,30";"2,70";"0,3921568627450981";"0,3030303030303030";"0,3703703703703703";"1,06555753614577";"0,0655575361457714";"0,3680297397769517";"0,2843866171003717";"0,3475836431226765";"1";"0,3703043506965076";"0,2811777909817125";"0,3485178583217798";"1";FALSE;"0,3701443953485043";"0,2815057234632560";"0,3483498811882398";"1,06171257603708";"1";"1";"1";"D";"0";"1";"0"
"23/01/2022";"Leicester";"Brighton";"IW";"Casa de apuestas";"2,60";"3,45";"2,65";"0,3846153846153846";"0,2898550724637681";"0,3773584905660378";"1,05182894764519";"0,0518289476451903";"0,3656634336566343";"0,2755724427557244";"0,3587641235876413";"1";"0,3673390687336545";"0,2725787565820380";"0,3600821746843077";"1";FALSE;"0,3671664527721198";"0,2729280304838362";"0,3599055167440440";"1,04859024889401";"1";"1";"1";"D";"0";"1";"0"
"05/02/2022";"Burnley";"Watford";"B365";"Casa de apuestas";"2,15";"3,25";"3,60";"0,4651162790697674";"0,3076923076923077";"0,2777777777777778";"1,05058636453985";"0,0505863645398530";"0,4427206508371960";"0,2928767382461451";"0,2644026109166588";"1";"0,4482541575564831";"0,2908301861790234";"0,2609156562644935";"1";FALSE;"0,4482300383282022";"0,2906610338890796";"0,2611089277827180";"1,04831144532209";"1";"0";"0";"D";"0";"1";"0"
"05/02/2022";"Burnley";"Watford";"BW";"Casa de apuestas";"2,15";"3,20";"3,50";"0,4651162790697674";"0,3125000000000000";"0,2857142857142857";"1,06333056478405";"0,0633305647840530";"0,4374145674672916";"0,2938879125170866";"0,2686975200156220";"1";"0,4440060908084164";"0,2913898117386490";"0,2646040974529347";"1";FALSE;"0,4440028370416040";"0,2912006299991632";"0,2647965329592327";"1,06069031530777";"1";"0";"0";"D";"0";"1";"0"
"05/02/2022";"Burnley";"Watford";"IW";"Casa de apuestas";"2,20";"3,15";"3,55";"0,4545454545454545";"0,3174603174603174";"0,2816901408450704";"1,05369591285084";"0,0536959128508425";"0,4313820040505352";"0,3012826694956119";"0,2673353264538528";"1";"0,4366468169285070";"0,2995616798433699";"0,2637915032281229";"1";FALSE;"0,4365927814116070";"0,2993790843571350";"0,2640281342312581";"1,05110867157454";"1";"0";"0";"D";"0";"1";"0"
"08/02/2022";"Burnley";"Man United";"B365";"Casa de apuestas";"6,00";"4,20";"1,55";"0,1666666666666667";"0,2380952380952381";"0,6451612903225806";"1,04992319508449";"0,0499231950844854";"0,1587417702999269";"0,2267739575713241";"0,6144842721287491";"1";"0,1500256016385049";"0,2214541730670763";"0,6285202252944189";"1";FALSE;"0,1507599184678014";"0,2197149727831643";"0,6295251087490342";"1,05598250428469";"1";"1";"1";"D";"0";"1";"0"
"08/02/2022";"Burnley";"Man United";"BW";"Casa de apuestas";"5,75";"4,00";"1,58";"0,1739130434782609";"0,2500000000000000";"0,6329113924050632";"1,05682443588332";"0,0568244358833241";"0,1645619060018227";"0,2365577398776201";"0,5988803541205572";"1";"0,1549715648504862";"0,2310585213722253";"0,6139699137772885";"1";FALSE;"0,1558315350526622";"0,2291683732638925";"0,6150000916834453";"1,06276006920879";"1";"1";"1";"D";"0";"1";"0"
"08/02/2022";"Burnley";"Man United";"IW";"Casa de apuestas";"5,75";"4,10";"1,57";"0,1739130434782609";"0,2439024390243903";"0,6369426751592356";"1,05475815766189";"0,0547581576618867";"0,1648842838663405";"0,2312401542027947";"0,6038755619308649";"1";"0,1556603242576320";"0,2256497198037614";"0,6186899559386068";"1";FALSE;"0,1563889898724420";"0,2238766270078041";"0,6197343831197539";"1,06071861684797";"1";"1";"1";"D";"0";"1";"0"
"08/02/2022";"Newcastle";"Everton";"B365";"Casa de apuestas";"2,50";"3,30";"2,80";"0,4000000000000000";"0,3030303030303030";"0,3571428571428572";"1,06017316017316";"0,0601731601731603";"0,3772968558595345";"0,2858309514087382";"0,3368721927317272";"1";"0,3799422799422799";"0,2829725829725829";"0,3370851370851371";"1";FALSE;"0,3798048488536008";"0,2832496202639497";"0,3369455308824495";"1,05653989519775";"1";"3";"1";"H";"1";"0";"0"
"08/02/2022";"Newcastle";"Everton";"BW";"Casa de apuestas";"2,40";"3,30";"2,87";"0,4166666666666667";"0,3030303030303030";"0,3484320557491289";"1,06812902544610";"0,0681290254460987";"0,3900902014086247";"0,2837019646608179";"0,3262078339305572";"1";"0,3939569915179671";"0,2803206278816034";"0,3257223806004294";"1";FALSE;"0,3938287854043345";"0,2806077289447091";"0,3255634856509565";"1,06438868594934";"1";"3";"1";"H";"1";"0";"0"
"08/02/2022";"Newcastle";"Everton";"IW";"Casa de apuestas";"2,45";"3,25";"2,95";"0,4081632653061224";"0,3076923076923077";"0,3389830508474576";"1,05483862384589";"0,0548386238458878";"0,3869437998183836";"0,2916960952477046";"0,3213601049339118";"1";"0,3898837240241598";"0,2894127664103451";"0,3207035095654950";"1";FALSE;"0,3897754759935562";"0,2895905835075893";"0,3206339404988546";"1,05144180303671";"1";"3";"1";"H";"1";"0";"0"
"08/02/2022";"West Ham";"Watford";"B365";"Casa de apuestas";"1,53";"4,20";"6,00";"0,6535947712418301";"0,2380952380952381";"0,1666666666666667";"1,05835667600373";"0,0583566760037348";"0,6175562417291575";"0,2249669166299074";"0,1574768416409352";"1";"0,6341425459072518";"0,2186430127606598";"0,1472144413320884";"1";FALSE;"0,6354532202834264";"0,2165194757464452";"0,1480273039701284";"1,06619139943595";"1";"1";"0";"H";"1";"0";"0"
"08/02/2022";"West Ham";"Watford";"BW";"Casa de apuestas";"1,57";"4,00";"5,75";"0,6369426751592356";"0,2500000000000000";"0,1739130434782609";"1,06085571863750";"0,0608557186374965";"0,6004046205051230";"0,2356588135482608";"0,1639365659466162";"1";"0,6166574356134035";"0,2297147604541678";"0,1536278039324287";"1";FALSE;"0,6178241946809809";"0,2276477888316001";"0,1545280164874190";"1,06756232426013";"1";"1";"0";"H";"1";"0";"0"
"08/02/2022";"West Ham";"Watford";"IW";"Casa de apuestas";"1,55";"4,20";"6,00";"0,6451612903225806";"0,2380952380952381";"0,1666666666666667";"1,04992319508449";"0,0499231950844854";"0,6144842721287491";"0,2267739575713241";"0,1587417702999269";"1";"0,6285202252944189";"0,2214541730670763";"0,1500256016385049";"1";FALSE;"0,6295251087490342";"0,2197149727831643";"0,1507599184678014";"1,05598250428469";"1";"1";"0";"H";"1";"0";"0"
"09/02/2022";"Aston Villa";"Leeds";"B365";"Casa de apuestas";"1,95";"3,80";"3,60";"0,5128205128205129";"0,2631578947368421";"0,2777777777777778";"1,05375618533513";"0,0537561853351329";"0,4866595517609391";"0,2497331910352187";"0,2636072572038420";"1";"0,4949017843754686";"0,2452391662917978";"0,2598590493327335";"1";FALSE;"0,4950822508903397";"0,2452761922046867";"0,2596415569049736";"1,05271106014821";"1";"3";"3";"D";"0";"1";"0"
"09/02/2022";"Aston Villa";"Leeds";"BW";"Casa de apuestas";"1,83";"3,70";"4,10";"0,5464480874316939";"0,2702702702702702";"0,2439024390243903";"1,06062079672635";"0,0606207967263543";"0,5152153240048907";"0,2548227143051215";"0,2299619616899879";"1";"0,5262411551895758";"0,2500633380281521";"0,2236955067822722";"1";FALSE;"0,5266718204428544";"0,2495395921083151";"0,2237885874488306";"1,06099737752211";"1";"3";"3";"D";"0";"1";"0"
"09/02/2022";"Aston Villa";"Leeds";"IW";"Casa de apuestas";"1,85";"3,80";"3,95";"0,5405405405405405";"0,2631578947368421";"0,2531645569620253";"1,05686299223941";"0,0568629922394079";"0,5114575347133486";"0,2489990629525513";"0,2395434023341000";"1";"0,5215862097940711";"0,2442035639903728";"0,2342102262155560";"1";FALSE;"0,5219517794490146";"0,2439134744574527";"0,2341347460935327";"1,05688434610152";"1";"3";"3";"D";"0";"1";"0"
"09/02/2022";"Man City";"Brentford";"B365";"Casa de apuestas";"1,07";"11,00";"26,00";"0,9345794392523364";"0,0909090909090909";"0,0384615384615385";"1,06395006862297";"0,0639500686229659";"0,8784053564298657";"0,0854448846709051";"0,0361497588992291";"1";"0,9132627497113478";"0,0695924013681023";"0,0171448489205499";"1";FALSE;"0,9224097150655048";"0,0571299929164564";"0,0204602920180388";"1,19372437266420";"1";"2";"0";"H";"1";"0";"0"
"09/02/2022";"Man City";"Brentford";"BW";"Casa de apuestas";"1,11";"10,00";"23,00";"0,9009009009009008";"0,1000000000000000";"0,0434782608695652";"1,04437916177047";"0,0443791617704661";"0,8626186100588831";"0,0957506657165360";"0,0416307242245809";"1";"0,8861078469774121";"0,0852069460765113";"0,0286852069460765";"1";FALSE;"0,8908603001462636";"0,0780919036954996";"0,0310477961582368";"1,10739398997206";"1";"2";"0";"H";"1";"0";"0"
"09/02/2022";"Man City";"Brentford";"IW";"Casa de apuestas";"1,10";"9,50";"27,00";"0,9090909090909092";"0,1052631578947368";"0,0370370370370370";"1,05139110402268";"0,0513911040226829";"0,8646553177144785";"0,1001179841564133";"0,0352266981291083";"1";"0,8919605410833482";"0,0881327898871758";"0,0199066690294760";"1";FALSE;"0,8977507682924916";"0,0782541778236304";"0,0239950538838780";"1,13170272367483";"1";"2";"0";"H";"1";"0";"0"
"09/02/2022";"Norwich";"Crystal Palace";"B365";"Casa de apuestas";"3,60";"3,30";"2,15";"0,2777777777777778";"0,3030303030303030";"0,4651162790697674";"1,04592435987785";"0,0459243598778483";"0,2655811341942729";"0,2897248736664795";"0,4446939921392475";"1";"0,2624696578184950";"0,2877221830710202";"0,4498081591104846";"1";FALSE;"0,2626242678964182";"0,2875930080665215";"0,4497827240370602";"1,04379387912663";"1";"1";"1";"D";"0";"1";"0"
"09/02/2022";"Norwich";"Crystal Palace";"BW";"Casa de apuestas";"3,30";"3,20";"2,25";"0,3030303030303030";"0,3125000000000000";"0,4444444444444444";"1,05997474747475";"0,0599747474747474";"0,2858844550327576";"0,2948183442525313";"0,4192972007147112";"1";"0,2830387205387205";"0,2925084175084176";"0,4244528619528620";"1";FALSE;"0,2831219141255262";"0,2924812917454913";"0,4243967941289825";"1,05691761019846";"1";"1";"1";"D";"0";"1";"0"
"09/02/2022";"Norwich";"Crystal Palace";"IW";"Casa de apuestas";"3,35";"3,20";"2,25";"0,2985074626865671";"0,3125000000000000";"0,4444444444444444";"1,05545190713101";"0,0554519071310116";"0,2828243150348619";"0,2960817048021212";"0,4210939801630168";"1";"0,2800234936428965";"0,2940160309563294";"0,4259604754007739";"1";FALSE;"0,2801307643751472";"0,2939687953032962";"0,4259004403215566";"1,05255625098626";"1";"1";"1";"D";"0";"1";"0"
"09/02/2022";"Tottenham";"Southampton";"B365";"Casa de apuestas";"1,61";"4,00";"5,25";"0,6211180124223602";"0,2500000000000000";"0,1904761904761905";"1,06159420289855";"0,0615942028985508";"0,5850804485616772";"0,2354948805460751";"0,1794246708922477";"1";"0,6005866114561766";"0,2294685990338164";"0,1699447895100069";"1";FALSE;"0,6016496460359673";"0,2278663636542595";"0,1704839903097733";"1,06687005853097";"1";"2";"3";"A";"0";"0";"1"
"09/02/2022";"Tottenham";"Southampton";"BW";"Casa de apuestas";"1,55";"4,10";"5,75";"0,6451612903225806";"0,2439024390243903";"0,1739130434782609";"1,06297677282523";"0,0629767728252317";"0,6069382763725300";"0,2294522752140053";"0,1636094484134646";"1";"0,6241690327141700";"0,2229101814159797";"0,1529207858698503";"1";FALSE;"0,6255079850625587";"0,2207801169595990";"0,1537118979778423";"1,07058962753114";"1";"2";"3";"A";"0";"0";"1"
"09/02/2022";"Tottenham";"Southampton";"IW";"Casa de apuestas";"1,60";"4,10";"5,50";"0,6250000000000000";"0,2439024390243903";"0,1818181818181818";"1,05072062084257";"0,0507206208425721";"0,5948298601951991";"0,2321287259298339";"0,1730414138749670";"1";"0,6080931263858093";"0,2269955654101996";"0,1649113082039911";"1";FALSE;"0,6089581720467357";"0,2255874983477670";"0,1654543296054973";"1,05532312045612";"1";"2";"3";"A";"0";"0";"1"
"10/02/2022";"Liverpool";"Leicester";"B365";"Casa de apuestas";"1,18";"7,00";"13,00";"0,8474576271186441";"0,1428571428571428";"0,0769230769230769";"1,06723784689886";"0,0672378468988639";"0,7940663176265270";"0,1338568935427573";"0,0720767888307155";"1";"0,8250450114856895";"0,1204445272241882";"0,0545104612901223";"1";FALSE;"0,8306705732737272";"0,1129134525439562";"0,0564159741823167";"1,12088097257507";"1";"2";"0";"H";"1";"0";"0"
"10/02/2022";"Liverpool";"Leicester";"BW";"Casa de apuestas";"1,23";"6,75";"11,50";"0,8130081300813008";"0,1481481481481481";"0,0869565217391304";"1,04811279996858";"0,0481127999685793";"0,7756876264708087";"0,1413475230457918";"0,0829648504833995";"1";"0,7969705300917743";"0,1321105481586217";"0,0709189217496040";"1";FALSE;"0,8001255777109976";"0,1278528217927988";"0,0720216004962037";"1,07715617804074";"1";"2";"0";"H";"1";"0";"0"
"10/02/2022";"Liverpool";"Leicester";"IW";"Casa de apuestas";"1,27";"6,25";"10,00";"0,7874015748031495";"0,1600000000000000";"0,1000000000000000";"1,04740157480315";"0,0474015748031495";"0,7517666516313336";"0,1527589836114870";"0,0954743647571794";"1";"0,7716010498687663";"0,1441994750656168";"0,0841994750656168";"1";FALSE;"0,7742825923478807";"0,1406612121223264";"0,0850561955297930";"1,07029404670275";"1";"2";"0";"H";"1";"0";"0"
"10/02/2022";"Wolves";"Arsenal";"B365";"Casa de apuestas";"4,00";"3,20";"2,05";"0,2500000000000000";"0,3125000000000000";"0,4878048780487805";"1,05030487804878";"0,0503048780487805";"0,2380261248185777";"0,2975326560232220";"0,4644412191582003";"1";"0,2332317073170732";"0,2957317073170732";"0,4710365853658536";"1";FALSE;"0,2336739217756888";"0,2952849397947382";"0,4710411384295729";"1,04871567893741";"1";"0";"1";"A";"0";"0";"1"
"10/02/2022";"Wolves";"Arsenal";"BW";"Casa de apuestas";"3,60";"3,10";"2,15";"0,2777777777777778";"0,3225806451612903";"0,4651162790697674";"1,06547470200884";"0,0654747020088355";"0,2607079992176805";"0,3027576765108547";"0,4365343242714648";"1";"0,2559528771081659";"0,3007557444916785";"0,4432913784001555";"1";FALSE;"0,2562914155794765";"0,3004390474139089";"0,4432695370066148";"1,06284968941877";"1";"0";"1";"A";"0";"0";"1"
"10/02/2022";"Wolves";"Arsenal";"IW";"Casa de apuestas";"3,55";"3,05";"2,25";"0,2816901408450704";"0,3278688524590164";"0,4444444444444444";"1,05400343774853";"0,0540034377485312";"0,2672573264531204";"0,3110700029208451";"0,4216726706260345";"1";"0,2636889949288933";"0,3098677065428393";"0,4264432985282673";"1";FALSE;"0,2639844830811319";"0,3096599478493226";"0,4263555690695455";"1,05123917524689";"1";"0";"1";"A";"0";"0";"1"
"12/02/2022";"Brentford";"Crystal Palace";"B365";"Casa de apuestas";"3,00";"3,10";"2,50";"0,3333333333333333";"0,3225806451612903";"0,4000000000000000";"1,05591397849462";"0,0559139784946237";"0,3156822810590631";"0,3054989816700611";"0,3788187372708758";"1";"0,3146953405017921";"0,3039426523297491";"0,3813620071684588";"1";FALSE;"0,3147038915045402";"0,3040298372544014";"0,3812662712410584";"1,05234860482970";"1";"0";"0";"D";"0";"1";"0"
"12/02/2022";"Brentford";"Crystal Palace";"BW";"Casa de apuestas";"2,85";"3,10";"2,60";"0,3508771929824561";"0,3225806451612903";"0,3846153846153846";"1,05807322275913";"0,0580732227591310";"0,3316190084344785";"0,3048755400123432";"0,3635054515531784";"1";"0,3315194520627458";"0,3032229042415800";"0,3652576436956743";"1";FALSE;"0,3314771650741432";"0,3033567348453595";"0,3651661000804973";"1,05430758097240";"1";"0";"0";"D";"0";"1";"0"
"12/02/2022";"Brentford";"Crystal Palace";"IW";"Casa de apuestas";"2,95";"3,00";"2,65";"0,3389830508474576";"0,3333333333333333";"0,3773584905660378";"1,04967487474683";"0,0496748747468287";"0,3229409972580481";"0,3175586473037473";"0,3595003554382046";"1";"0,3224247592651814";"0,3167750417510571";"0,3608001989837616";"1";FALSE;"0,3224443002424986";"0,3168239242607990";"0,3607317754967024";"1,04623725335052";"1";"0";"0";"D";"0";"1";"0"
"12/02/2022";"Everton";"Leeds";"B365";"Casa de apuestas";"2,55";"3,60";"2,60";"0,3921568627450981";"0,2777777777777778";"0,3846153846153846";"1,05455002513826";"0,0545500251382605";"0,3718712753277712";"0,2634088200238379";"0,3647199046483909";"1";"0,3739735210323446";"0,2595944360650243";"0,3664320429026311";"1";FALSE;"0,3737366320420717";"0,2600796102496365";"0,3661837577082918";"1,05139504771268";"1";"3";"0";"H";"1";"0";"0"
"12/02/2022";"Everton";"Leeds";"BW";"Casa de apuestas";"2,55";"3,50";"2,65";"0,3921568627450981";"0,2857142857142857";"0,3773584905660378";"1,05522963902542";"0,0552296390254217";"0,3716317740158269";"0,2707602924972453";"0,3576079334869278";"1";"0,3737469830699575";"0,2673044060391451";"0,3589486108908972";"1";FALSE;"0,3735481378066804";"0,2677172433168137";"0,3587346188765058";"1,05193396582812";"1";"3";"0";"H";"1";"0";"0"
"12/02/2022";"Everton";"Leeds";"IW";"Casa de apuestas";"2,40";"3,50";"2,85";"0,4166666666666667";"0,2857142857142857";"0,3508771929824561";"1,05325814536341";"0,0532581453634084";"0,3955978584176086";"0,2712671029149316";"0,3331350386674599";"1";"0,3989139515455306";"0,2679615705931496";"0,3331244778613200";"1";FALSE;"0,3987658590289233";"0,2683134044224613";"0,3329207365486155";"1,05015840610530";"1";"3";"0";"H";"1";"0";"0"
"12/02/2022";"Man United";"Southampton";"B365";"Casa de apuestas";"1,53";"4,33";"5,75";"0,6535947712418301";"0,2309468822170901";"0,1739130434782609";"1,05845469693718";"0,0584546969371811";"0,6174990513369328";"0,2181925054377615";"0,1643084432253056";"1";"0,6341098722627697";"0,2114619832380297";"0,1544281444992005";"1";FALSE;"0,6354698466357117";"0,2096144598957499";"0,1549156934685385";"1,06612987533482";"1";"1";"1";"D";"0";"1";"0"
"12/02/2022";"Man United";"Southampton";"BW";"Casa de apuestas";"1,57";"4,50";"5,00";"0,6369426751592356";"0,2222222222222222";"0,2000000000000000";"1,05916489738146";"0,0591648973814578";"0,6013630896699185";"0,2098089001737271";"0,1888280101563544";"1";"0,6172210426987497";"0,2025005897617363";"0,1802783675395141";"1";FALSE;"0,6184753053480647";"0,2014560290801582";"0,1800686655717771";"1,06522719030741";"1";"1";"1";"D";"0";"1";"0"
"12/02/2022";"Man United";"Southampton";"IW";"Casa de apuestas";"1,65";"4,10";"4,90";"0,6060606060606061";"0,2439024390243903";"0,2040816326530612";"1,05404467773806";"0,0540446777380574";"0,5749856897538637";"0,2313966800228964";"0,1936176302232398";"1";"0,5880457134812536";"0,2258875464450378";"0,1860667400737087";"1";FALSE;"0,5888539740870793";"0,2248911081935101";"0,1862549177194106";"1,05751433947447";"1";"1";"1";"D";"0";"1";"0"
"12/02/2022";"Norwich";"Man City";"B365";"Casa de apuestas";"15,00";"7,50";"1,18";"0,0666666666666667";"0,1333333333333333";"0,8474576271186441";"1,04745762711864";"0,0474576271186442";"0,0636461704422870";"0,1272923408845739";"0,8090614886731391";"1";"0,0508474576271186";"0,1175141242937852";"0,8316384180790961";"1";FALSE;"0,0526986177724488";"0,1119347594133679";"0,8353666228141834";"1,08682108286163";"1";"0";"4";"A";"0";"0";"1"
"12/02/2022";"Norwich";"Man City";"BW";"Casa de apuestas";"15,00";"7,00";"1,19";"0,0666666666666667";"0,1428571428571428";"0,8403361344537815";"1,04985994397759";"0,0498599439775911";"0,0635005336179296";"0,1360725720384204";"0,8004268943436499";"1";"0,0500466853408030";"0,1262371615312791";"0,8237161531279178";"1";FALSE;"0,0524008340249488";"0,1201603616063009";"0,8274388043687503";"1,08891362873367";"1";"0";"4";"A";"0";"0";"1"
"12/02/2022";"Norwich";"Man City";"IW";"Casa de apuestas";"15,00";"6,75";"1,20";"0,0666666666666667";"0,1481481481481481";"0,8333333333333334";"1,04814814814815";"0,0481481481481483";"0,0636042402826855";"0,1413427561837455";"0,7950530035335689";"1";"0,0506172839506173";"0,1320987654320987";"0,8172839506172840";"1";FALSE;"0,0531125389137864";"0,1262092285127543";"0,8206782325734593";"1,08393198903017";"1";"0";"4";"A";"0";"0";"1"
"12/02/2022";"Watford";"Brighton";"B365";"Casa de apuestas";"4,00";"3,40";"1,95";"0,2500000000000000";"0,2941176470588235";"0,5128205128205129";"1,05693815987934";"0,0569381598793366";"0,2365322868355333";"0,2782732786300392";"0,4851944345344275";"1";"0,2310206133735545";"0,2751382604323779";"0,4938411261940673";"1";FALSE;"0,2313395521002488";"0,2746505959753011";"0,4940098519244502";"1,05595807519874";"1";"0";"2";"A";"0";"0";"1"
"12/02/2022";"Watford";"Brighton";"BW";"Casa de apuestas";"3,80";"3,25";"2,05";"0,2631578947368421";"0,3076923076923077";"0,4878048780487805";"1,05865508047793";"0,0586550804779302";"0,2485775580636135";"0,2906445294282250";"0,4607779125081616";"1";"0,2436062012441987";"0,2881406141996643";"0,4682531845561371";"1";FALSE;"0,2439331739256750";"0,2877593575057134";"0,4683074685686116";"1,05682385109049";"1";"0";"2";"A";"0";"0";"1"
"12/02/2022";"Watford";"Brighton";"IW";"Casa de apuestas";"3,70";"3,25";"2,10";"0,2702702702702702";"0,3076923076923077";"0,4761904761904762";"1,05415305415305";"0,0541530541530539";"0,2563861758076633";"0,2918858001502630";"0,4517280240420736";"1";"0,2522192522192522";"0,2896412896412898";"0,4581394581394583";"1";FALSE;"0,2524738048455857";"0,2893788309372686";"0,4581473642171456";"1,05206240962621";"1";"0";"2";"A";"0";"0";"1"
"13/02/2022";"Burnley";"Liverpool";"B365";"Casa de apuestas";"12,00";"6,50";"1,20";"0,0833333333333333";"0,1538461538461539";"0,8333333333333334";"1,07051282051282";"0,0705128205128205";"0,0778443113772455";"0,1437125748502994";"0,7784431137724550";"1";"0,0598290598290598";"0,1303418803418804";"0,8098290598290598";"1";FALSE;"0,0618347167862274";"0,1228777619302793";"0,8152875212834934";"1,12007841911858";"1";"0";"1";"A";"0";"0";"1"
"13/02/2022";"Burnley";"Liverpool";"BW";"Casa de apuestas";"10,50";"6,25";"1,26";"0,0952380952380952";"0,1600000000000000";"0,7936507936507936";"1,04888888888889";"0,0488888888888890";"0,0907990314769976";"0,1525423728813559";"0,7566585956416465";"1";"0,0789417989417989";"0,1437037037037037";"0,7773544973544972";"1";FALSE;"0,0800491487244844";"0,1397377443457679";"0,7802131069297479";"1,07388834096161";"1";"0";"1";"A";"0";"0";"1"
"13/02/2022";"Burnley";"Liverpool";"IW";"Casa de apuestas";"11,00";"6,00";"1,27";"0,0909090909090909";"0,1666666666666667";"0,7874015748031495";"1,04497733237891";"0,0449773323789071";"0,0869962324466263";"0,1594930928188150";"0,7535106747345587";"1";"0,0759166467827885";"0,1516742225403643";"0,7724091306768471";"1";FALSE;"0,0773809518926784";"0,1477621557348633";"0,7748568923724581";"1,06719199010945";"1";"0";"1";"A";"0";"0";"1"
"13/02/2022";"Leicester";"West Ham";"B365";"Casa de apuestas";"2,90";"3,40";"2,40";"0,3448275862068966";"0,2941176470588235";"0,4166666666666667";"1,05561189993239";"0,0556118999323869";"0,3266613290632506";"0,2786228983186549";"0,3947157726180945";"1";"0,3262902862294343";"0,2755803470813612";"0,3981293666892044";"1";FALSE;"0,3261331979263022";"0,2758656554504438";"0,3980011466232541";"1,05235099030895";"1";"2";"2";"D";"0";"1";"0"
"13/02/2022";"Leicester";"West Ham";"BW";"Casa de apuestas";"2,80";"3,40";"2,45";"0,3571428571428572";"0,2941176470588235";"0,4081632653061224";"1,05942376950780";"0,0594237695078030";"0,3371104815864023";"0,2776203966005665";"0,3852691218130311";"1";"0,3373349339735895";"0,2743097238895558";"0,3883553421368547";"1";FALSE;"0,3371476798009507";"0,2746508285089564";"0,3882014916900929";"1,05595738336242";"1";"2";"2";"D";"0";"1";"0"
"13/02/2022";"Leicester";"West Ham";"IW";"Casa de apuestas";"2,85";"3,45";"2,45";"0,3508771929824561";"0,2898550724637681";"0,4081632653061224";"1,04889553075235";"0,0488955307523466";"0,3345206292668448";"0,2763431285247848";"0,3891362422083704";"1";"0,3345786827316739";"0,2735565622129859";"0,3918647550553402";"1";FALSE;"0,3344211169779596";"0,2738506947436157";"0,3917281882784248";"1,04586497226693";"1";"2";"2";"D";"0";"1";"0"
"13/02/2022";"Newcastle";"Aston Villa";"B365";"Casa de apuestas";"2,75";"3,30";"2,55";"0,3636363636363636";"0,3030303030303030";"0,3921568627450981";"1,05882352941176";"0,0588235294117649";"0,3434343434343435";"0,2861952861952862";"0,3703703703703705";"1";"0,3440285204991086";"0,2834224598930480";"0,3725490196078431";"1";FALSE;"0,3438878955119805";"0,2837036827225187";"0,3724084217655007";"1,05519829760661";"1";"1";"0";"H";"1";"0";"0"
"13/02/2022";"Newcastle";"Aston Villa";"BW";"Casa de apuestas";"2,75";"3,40";"2,50";"0,3636363636363636";"0,2941176470588235";"0,4000000000000000";"1,05775401069519";"0,0577540106951870";"0,3437815975733063";"0,2780586450960566";"0,3781597573306371";"1";"0,3443850267379679";"0,2748663101604278";"0,3807486631016044";"1";FALSE;"0,3442025045922310";"0,2752103637106809";"0,3805871316970882";"1,05429434311279";"1";"1";"0";"H";"1";"0";"0"
"13/02/2022";"Newcastle";"Aston Villa";"IW";"Casa de apuestas";"2,75";"3,35";"2,55";"0,3636363636363636";"0,2985074626865671";"0,3921568627450981";"1,05430068906803";"0,0543006890680289";"0,3449076410618754";"0,2831331381851215";"0,3719592207530030";"1";"0,3455361339470207";"0,2804072329972241";"0,3740566330557551";"1";FALSE;"0,3453902856380618";"0,2806959873650909";"0,3739137269968473";"1,05088896851957";"1";"1";"0";"H";"1";"0";"0"
"13/02/2022";"Tottenham";"Wolves";"B365";"Casa de apuestas";"1,66";"3,75";"5,50";"0,6024096385542169";"0,2666666666666667";"0,1818181818181818";"1,05089448703907";"0,0508944870390655";"0,5732351306281267";"0,2537520844913841";"0,1730127848804891";"1";"0,5854448095411950";"0,2497018376536449";"0,1648533528051599";"1";FALSE;"0,5860576658694354";"0,2481987777111395";"0,1657435564194251";"1,05429859939567";"1";"0";"2";"A";"0";"0";"1"
"13/02/2022";"Tottenham";"Wolves";"BW";"Casa de apuestas";"1,71";"3,70";"5,00";"0,5847953216374269";"0,2702702702702702";"0,2000000000000000";"1,05506559190770";"0,0550655919076970";"0,5542739011894419";"0,2561644246037690";"0,1895616742067892";"1";"0,5664401243348612";"0,2519150729677045";"0,1816448026974344";"1";FALSE;"0,5670186421620512";"0,2506709786694808";"0,1823103791684681";"1,05753981015276";"1";"0";"2";"A";"0";"0";"1"
"13/02/2022";"Tottenham";"Wolves";"IW";"Casa de apuestas";"1,70";"3,55";"5,50";"0,5882352941176471";"0,2816901408450704";"0,1818181818181818";"1,05174361678090";"0,0517436167808993";"0,5592953308507591";"0,2678315668862790";"0,1728731022629619";"1";"0,5709874218573473";"0,2644422685847706";"0,1645703095578820";"1";FALSE;"0,5714509666155770";"0,2628778657768239";"0,1656711676075992";"1,05455485267891";"1";"0";"2";"A";"0";"0";"1"
"15/02/2022";"Man United";"Brighton";"B365";"Casa de apuestas";"1,75";"3,60";"4,75";"0,5714285714285714";"0,2777777777777778";"0,2105263157894737";"1,05973266499582";"0,0597326649958227";"0,5392195506503744";"0,2621206148994876";"0,1986598344501380";"1";"0,5515176830966305";"0,2578668894458369";"0,1906154274575328";"1";FALSE;"0,5520568918631894";"0,2566925756210491";"0,1912505325157615";"1,06162868499143";"1";"2";"0";"H";"1";"0";"0"
"15/02/2022";"Man United";"Brighton";"BW";"Casa de apuestas";"1,80";"3,50";"4,50";"0,5555555555555556";"0,2857142857142857";"0,2222222222222222";"1,06349206349206";"0,0634920634920635";"0,5223880597014926";"0,2686567164179104";"0,2089552238805970";"1";"0,5343915343915344";"0,2645502645502645";"0,2010582010582010";"1";FALSE;"0,5348543850888423";"0,2635010345884239";"0,2016445803227336";"1,06460521121445";"1";"2";"0";"H";"1";"0";"0"
"15/02/2022";"Man United";"Brighton";"IW";"Casa de apuestas";"1,90";"3,55";"4,20";"0,5263157894736842";"0,2816901408450704";"0,2380952380952381";"1,04610116841399";"0,0461011684139927";"0,5031213092626962";"0,2692761936898937";"0,2276024970474102";"1";"0,5109487333356866";"0,2663230847070728";"0,2227281819572405";"1";FALSE;"0,5111262137952551";"0,2658687287759910";"0,2230050574287540";"1,04562539856247";"1";"2";"0";"H";"1";"0";"0"
"19/02/2022";"Arsenal";"Brentford";"B365";"Casa de apuestas";"1,50";"3,75";"8,00";"0,6666666666666666";"0,2666666666666667";"0,1250000000000000";"1,05833333333333";"0,0583333333333333";"0,6299212598425197";"0,2519685039370079";"0,1181102362204724";"1";"0,6472222222222221";"0,2472222222222223";"0,1055555555555556";"1";FALSE;"0,6482775630450986";"0,2434270729648478";"0,1082953639900536";"1,06898553695581";"1";"2";"1";"H";"1";"0";"0"
"19/02/2022";"Arsenal";"Brentford";"BW";"Casa de apuestas";"1,53";"3,90";"6,75";"0,6535947712418301";"0,2564102564102564";"0,1481481481481481";"1,05815317580023";"0,0581531758002347";"0,6176750079189104";"0,2423186569528033";"0,1400063351282863";"1";"0,6342103793084185";"0,2370258644768448";"0,1287637562147365";"1";FALSE;"0,6353459934114319";"0,2341949105225236";"0,1304590960660445";"1,06658822008374";"1";"2";"1";"H";"1";"0";"0"
"19/02/2022";"Arsenal";"Brentford";"IW";"Casa de apuestas";"1,55";"3,90";"6,50";"0,6451612903225806";"0,2564102564102564";"0,1538461538461539";"1,05541770057899";"0,0554177005789911";"0,6112852664576802";"0,2429467084639498";"0,1457680250783700";"1";"0,6266887234629169";"0,2379376895505927";"0,1353735869864902";"1";FALSE;"0,6276998008918555";"0,2354669430388872";"0,1368332560692574";"1,06260812598723";"1";"2";"1";"H";"1";"0";"0"
"19/02/2022";"Aston Villa";"Watford";"B365";"Casa de apuestas";"1,60";"3,80";"6,00";"0,6250000000000000";"0,2631578947368421";"0,1666666666666667";"1,05482456140351";"0,0548245614035088";"0,5925155925155925";"0,2494802494802495";"0,1580041580041580";"1";"0,6067251461988304";"0,2448830409356725";"0,1483918128654971";"1";FALSE;"0,6075557791427413";"0,2428269294743783";"0,1496172913828804";"1,06022860134757";"1";"0";"1";"A";"0";"0";"1"
"19/02/2022";"Aston Villa";"Watford";"BW";"Casa de apuestas";"1,63";"4,00";"5,00";"0,6134969325153374";"0,2500000000000000";"0,2000000000000000";"1,06349693251534";"0,0634969325153374";"0,5768676088837612";"0,2350735506201327";"0,1880588404961062";"1";"0,5923312883435583";"0,2288343558282209";"0,1788343558282209";"1";FALSE;"0,5933760402832927";"0,2274300008720279";"0,1791939588446794";"1,06825275925902";"1";"0";"1";"A";"0";"0";"1"
"19/02/2022";"Aston Villa";"Watford";"IW";"Casa de apuestas";"1,67";"3,95";"5,00";"0,5988023952095809";"0,2531645569620253";"0,2000000000000000";"1,05196695217161";"0,0519669521716062";"0,5692216794201145";"0,2406582796535673";"0,1901200409263182";"1";"0,5814800778190455";"0,2358422395714899";"0,1826776826094646";"1";FALSE;"0,5821660124803902";"0,2347600260591468";"0,1830739614604628";"1,05494286774803";"1";"0";"1";"A";"0";"0";"1"
"19/02/2022";"Brighton";"Burnley";"B365";"Casa de apuestas";"1,65";"3,60";"6,00";"0,6060606060606061";"0,2777777777777778";"0,1666666666666667";"1,05050505050505";"0,0505050505050506";"0,5769230769230769";"0,2644230769230769";"0,1586538461538462";"1";"0,5892255892255892";"0,2609427609427609";"0,1498316498316498";"1";FALSE;"0,5897594076682543";"0,2590651123045705";"0,1511754800271752";"1,05444621890792";"1";"0";"3";"A";"0";"0";"1"
"19/02/2022";"Brighton";"Burnley";"BW";"Casa de apuestas";"1,62";"3,80";"5,50";"0,6172839506172839";"0,2631578947368421";"0,1818181818181818";"1,06226002717231";"0,0622600271723079";"0,5811043763554468";"0,2477339709725852";"0,1711616526719680";"1";"0,5965306082265146";"0,2424045523460728";"0,1610648394274125";"1";FALSE;"0,5974926560169757";"0,2404655806241755";"0,1620417633588489";"1,06754844703949";"1";"0";"3";"A";"0";"0";"1"
"19/02/2022";"Brighton";"Burnley";"IW";"Casa de apuestas";"1,63";"3,85";"6,00";"0,6134969325153374";"0,2597402597402597";"0,1666666666666667";"1,03990385892226";"0,0399038589222638";"0,5899554341024889";"0,2497733396330017";"0,1602712262645095";"1";"0,6001956462079162";"0,2464389734328384";"0,1533653803592454";"1";FALSE;"0,6006895432919596";"0,2450523673961436";"0,1542580893118968";"1,04318029669026";"1";"0";"3";"A";"0";"0";"1"
"19/02/2022";"Crystal Palace";"Chelsea";"B365";"Casa de apuestas";"5,50";"3,75";"1,65";"0,1818181818181818";"0,2666666666666667";"0,6060606060606061";"1,05454545454545";"0,0545454545454547";"0,1724137931034482";"0,2528735632183908";"0,5747126436781609";"1";"0,1636363636363636";"0,2484848484848485";"0,5878787878787879";"1";FALSE;"0,1645767534288934";"0,2468429770758482";"0,5885802694952584";"1,05844273392386";"1";"0";"1";"A";"0";"0";"1"
"19/02/2022";"Crystal Palace";"Chelsea";"BW";"Casa de apuestas";"5,25";"3,70";"1,66";"0,1904761904761905";"0,2702702702702702";"0,6024096385542169";"1,06315609930068";"0,0631560993006777";"0,1791610757832099";"0,2542150399626625";"0,5666238842541276";"1";"0,1694241573759646";"0,2492182371700443";"0,5813576054539911";"1";FALSE;"0,1703432190745887";"0,2474682802476481";"0,5821885006777633";"1,06736821459208";"1";"0";"1";"A";"0";"0";"1"
"19/02/2022";"Crystal Palace";"Chelsea";"IW";"Casa de apuestas";"5,25";"3,65";"1,70";"0,1904761904761905";"0,2739726027397260";"0,5882352941176471";"1,05268408733356";"0,0526840873335637";"0,1809433549609973";"0,2602609900123933";"0,5587956550266093";"1";"0,1729148280316693";"0,2564112402952048";"0,5706739316731259";"1";FALSE;"0,1737695922702850";"0,2550230673262487";"0,5712073404034663";"1,05535846625572";"1";"0";"1";"A";"0";"0";"1"
"19/02/2022";"Liverpool";"Norwich";"B365";"Casa de apuestas";"1,12";"9,50";"17,00";"0,8928571428571428";"0,1052631578947368";"0,0588235294117647";"1,05694383016364";"0,0569438301636442";"0,8447536353175019";"0,0995920075321686";"0,0556543571503295";"1";"0,8738758661359280";"0,0862818811735221";"0,0398422526905500";"1";FALSE;"0,8800395549052711";"0,0789818869882394";"0,0409785581064896";"1,12759116033055";"1";"3";"1";"H";"1";"0";"0"
"19/02/2022";"Liverpool";"Norwich";"BW";"Casa de apuestas";"1,11";"9,50";"26,00";"0,9009009009009008";"0,1052631578947368";"0,0384615384615385";"1,04462559725718";"0,0446255972571763";"0,8624151114680261";"0,1007663972346851";"0,0368184912972888";"1";"0,8860257018151754";"0,0903879588090114";"0,0235863393758131";"1";FALSE;"0,8907025241116323";"0,0823408512922201";"0,0269566245961476";"1,10909120065860";"1";"3";"1";"H";"1";"0";"0"
"19/02/2022";"Liverpool";"Norwich";"IW";"Casa de apuestas";"1,12";"9,00";"23,00";"0,8928571428571428";"0,1111111111111111";"0,0434782608695652";"1,04744651483782";"0,0474465148378191";"0,8524131115137539";"0,1060780760994894";"0,0415088123867567";"1";"0,8770416379112030";"0,0952956061651714";"0,0276627559236255";"1";FALSE;"0,8818353731792578";"0,0873311717812602";"0,0308334550394822";"1,10960337870763";"1";"3";"1";"H";"1";"0";"0"
"19/02/2022";"Man City";"Tottenham";"B365";"Casa de apuestas";"1,28";"5,75";"10,00";"0,7812500000000000";"0,1739130434782609";"0,1000000000000000";"1,05516304347826";"0,0551630434782608";"0,7404069018799897";"0,1648210146793717";"0,0947720834406387";"1";"0,7628623188405798";"0,1555253623188406";"0,0816123188405797";"1";FALSE;"0,7658695640532117";"0,1510583587767011";"0,0830720771700872";"1,08054493011225";"1";"2";"3";"A";"0";"0";"1"
"19/02/2022";"Man City";"Tottenham";"BW";"Casa de apuestas";"1,28";"5,50";"11,00";"0,7812500000000000";"0,1818181818181818";"0,0909090909090909";"1,05397727272727";"0,0539772727272727";"0,7412398921832885";"0,1725067385444744";"0,0862533692722372";"1";"0,7632575757575758";"0,1638257575757576";"0,0729166666666667";"1";FALSE;"0,7660756074058733";"0,1587857773682928";"0,0751386152258339";"1,07945526129658";"1";"2";"3";"A";"0";"0";"1"
"19/02/2022";"Man City";"Tottenham";"IW";"Casa de apuestas";"1,33";"5,25";"8,75";"0,7518796992481203";"0,1904761904761905";"0,1142857142857143";"1,05664160401003";"0,0566416040100250";"0,7115749525616698";"0,1802656546489564";"0,1081593927893738";"1";"0,7329991645781119";"0,1715956558061822";"0,0954051796157060";"1";FALSE;"0,7355792665243753";"0,1676838866018755";"0,0967368468737493";"1,07685711310035";"1";"2";"3";"A";"0";"0";"1"
"19/02/2022";"Southampton";"Everton";"B365";"Casa de apuestas";"2,00";"3,60";"3,60";"0,5000000000000000";"0,2777777777777778";"0,2777777777777778";"1,05555555555556";"0,0555555555555556";"0,4736842105263158";"0,2631578947368421";"0,2631578947368421";"1";"0,4814814814814815";"0,2592592592592592";"0,2592592592592592";"1";FALSE;"0,4816117416787322";"0,2591941291606339";"0,2591941291606339";"1,05405752950241";"1";"2";"0";"H";"1";"0";"0"
"19/02/2022";"Southampton";"Everton";"BW";"Casa de apuestas";"2,10";"3,40";"3,40";"0,4761904761904762";"0,2941176470588235";"0,2941176470588235";"1,06442577030812";"0,0644257703081232";"0,4473684210526317";"0,2763157894736842";"0,2763157894736842";"1";"0,4547152194211018";"0,2726423902894491";"0,2726423902894491";"1";FALSE;"0,4547695778742107";"0,2726152110628947";"0,2726152110628947";"1,06203632443942";"1";"2";"0";"H";"1";"0";"0"
"19/02/2022";"Southampton";"Everton";"IW";"Casa de apuestas";"2,15";"3,45";"3,45";"0,4651162790697674";"0,2898550724637681";"0,2898550724637681";"1,04482642399730";"0,0448264239973037";"0,4451612903225807";"0,2774193548387097";"0,2774193548387097";"1";"0,4501741377373328";"0,2749129311313336";"0,2749129311313336";"1";FALSE;"0,4501555425683535";"0,2749222287158232";"0,2749222287158232";"1,04271147898019";"1";"2";"0";"H";"1";"0";"0"
"19/02/2022";"West Ham";"Newcastle";"B365";"Casa de apuestas";"1,61";"4,00";"5,50";"0,6211180124223602";"0,2500000000000000";"0,1818181818181818";"1,05293619424054";"0,0529361942405420";"0,5898914063547392";"0,2374312910577826";"0,1726773025874782";"1";"0,6034726143421796";"0,2323546019198193";"0,1641727837380011";"1";FALSE;"0,6043315230341694";"0,2308356943141559";"0,1648327826516747";"1,05753088426399";"1";"1";"1";"D";"0";"1";"0"
"19/02/2022";"West Ham";"Newcastle";"BW";"Casa de apuestas";"1,60";"3,90";"5,75";"0,6250000000000000";"0,2564102564102564";"0,1739130434782609";"1,05532329988852";"0,0553232998885171";"0,5922355737488445";"0,2429684405123465";"0,1647959857388089";"1";"0,6065589000371610";"0,2379691564474173";"0,1554719435154219";"1";FALSE;"0,6074553981470225";"0,2361177322395135";"0,1564268696134639";"1,06058016179727";"1";"1";"1";"D";"0";"1";"0"
"19/02/2022";"West Ham";"Newcastle";"IW";"Casa de apuestas";"1,67";"3,90";"5,25";"0,5988023952095809";"0,2564102564102564";"0,1904761904761905";"1,04568884209603";"0,0456888420960277";"0,5726391743927508";"0,2452070310861266";"0,1821537945211226";"1";"0,5835727811775716";"0,2411806423782472";"0,1752465764441813";"1";FALSE;"0,5841313389568097";"0,2400739277070470";"0,1757947333361434";"1,04837101540973";"1";"1";"1";"D";"0";"1";"0"
"20/02/2022";"Leeds";"Man United";"B365";"Casa de apuestas";"4,75";"4,20";"1,66";"0,2105263157894737";"0,2380952380952381";"0,6024096385542169";"1,05103119243893";"0,0510311924389286";"0,2003045364438187";"0,2265348924066998";"0,5731605711494814";"1";"0,1935159183098308";"0,2210848406155952";"0,5853992410745741";"1";FALSE;"0,1935292583605294";"0,2203324128124042";"0,5861383288270664";"1,05402704788994";"1";"2";"4";"A";"0";"0";"1"
"20/02/2022";"Leeds";"Man United";"BW";"Casa de apuestas";"4,40";"4,00";"1,71";"0,2272727272727273";"0,2500000000000000";"0,5847953216374269";"1,06206804891015";"0,0620680489101542";"0,2139907395820298";"0,2353898135402328";"0,5506194468777375";"1";"0,2065833776360092";"0,2293106503632819";"0,5641059720007088";"1";FALSE;"0,2065325367508362";"0,2285886193381097";"0,5648788439110543";"1,06458725825100";"1";"2";"4";"A";"0";"0";"1"
"20/02/2022";"Leeds";"Man United";"IW";"Casa de apuestas";"4,70";"3,80";"1,73";"0,2127659574468085";"0,2631578947368421";"0,5780346820809249";"1,05395853426458";"0,0539585342645754";"0,2018731767234761";"0,2496852448948257";"0,5484415783816982";"1";"0,1947797793586167";"0,2451717166486503";"0,5600485039927331";"1";FALSE;"0,1951464257456258";"0,2442481504404317";"0,5606054238139426";"1,05585725406321";"1";"2";"4";"A";"0";"0";"1"
"20/02/2022";"Wolves";"Leicester";"B365";"Casa de apuestas";"2,20";"3,20";"3,60";"0,4545454545454545";"0,3125000000000000";"0,2777777777777778";"1,04482323232323";"0,0448232323232323";"0,4350453172205437";"0,2990936555891239";"0,2658610271903323";"1";"0,4396043771043771";"0,2975589225589226";"0,2628367003367004";"1";FALSE;"0,4395481943412335";"0,2974094799636550";"0,2630423256951116";"1,04255214294008";"1";"2";"1";"H";"1";"0";"0"
"20/02/2022";"Wolves";"Leicester";"BW";"Casa de apuestas";"2,20";"3,20";"3,30";"0,4545454545454545";"0,3125000000000000";"0,3030303030303030";"1,07007575757576";"0,0700757575757576";"0,4247787610619470";"0,2920353982300886";"0,2831858407079646";"1";"0,4311868686868686";"0,2891414141414141";"0,2796717171717171";"1";FALSE;"0,4311693162045523";"0,2890839139721375";"0,2797467698233101";"1,06696248052141";"1";"2";"1";"H";"1";"0";"0"
"20/02/2022";"Wolves";"Leicester";"IW";"Casa de apuestas";"2,20";"3,15";"3,55";"0,4545454545454545";"0,3174603174603174";"0,2816901408450704";"1,05369591285084";"0,0536959128508425";"0,4313820040505352";"0,3012826694956119";"0,2673353264538528";"1";"0,4366468169285070";"0,2995616798433699";"0,2637915032281229";"1";FALSE;"0,4365927814116070";"0,2993790843571350";"0,2640281342312581";"1,05110867157454";"1";"2";"1";"H";"1";"0";"0"
"23/02/2022";"Burnley";"Tottenham";"B365";"Casa de apuestas";"4,50";"3,60";"1,83";"0,2222222222222222";"0,2777777777777778";"0,5464480874316939";"1,04644808743169";"0,0464480874316939";"0,2123585726718886";"0,2654482158398608";"0,5221932114882506";"1";"0,2067395264116576";"0,2622950819672132";"0,5309653916211293";"1";FALSE;"0,2071361591454793";"0,2616348352830049";"0,5312290055715159";"1,04674063427838";"1";"1";"0";"H";"1";"0";"0"
"23/02/2022";"Burnley";"Tottenham";"BW";"Casa de apuestas";"4,50";"3,70";"1,77";"0,2222222222222222";"0,2702702702702702";"0,5649717514124294";"1,05746424390492";"0,0574642439049218";"0,2101463226800154";"0,2555833654216403";"0,5342703118983443";"1";"0,2030674742539149";"0,2511155223019629";"0,5458170034441221";"1";FALSE;"0,2034163543373433";"0,2502616731471972";"0,5463219725154594";"1,05878886100422";"1";"1";"0";"H";"1";"0";"0"
"23/02/2022";"Burnley";"Tottenham";"IW";"Casa de apuestas";"4,40";"3,50";"1,85";"0,2272727272727273";"0,2857142857142857";"0,5405405405405405";"1,05352755352755";"0,0535275535275535";"0,2157254705980343";"0,2711977344661003";"0,5130767949358653";"1";"0,2094302094302095";"0,2678717678717679";"0,5226980226980227";"1";FALSE;"0,2098936486923494";"0,2671283937477112";"0,5229779575599394";"1,05369163513132";"1";"1";"0";"H";"1";"0";"0"
"23/02/2022";"Liverpool";"Leeds";"B365";"Casa de apuestas";"1,18";"7,50";"13,00";"0,8474576271186441";"0,1333333333333333";"0,0769230769230769";"1,05771403737505";"0,0577140373750544";"0,8012162051113485";"0,1260580162708521";"0,0727257786177993";"1";"0,8282196146602927";"0,1140953208749818";"0,0576850644647254";"1";FALSE;"0,8329855871951853";"0,1081120776464880";"0,0589023351583267";"1,10406645445880";"1";"6";"0";"H";"1";"0";"0"
"23/02/2022";"Liverpool";"Leeds";"BW";"Casa de apuestas";"1,18";"7,75";"14,00";"0,8474576271186441";"0,1290322580645161";"0,0714285714285714";"1,04791845661173";"0,0479184566117317";"0,8087056982074312";"0,1231319643722282";"0,0681623374203406";"1";"0,8314848082480669";"0,1130594391939389";"0,0554557525579942";"1";FALSE;"0,8353164784294569";"0,1079358285587546";"0,0567476930117885";"1,08718376180174";"1";"6";"0";"H";"1";"0";"0"
"23/02/2022";"Liverpool";"Leeds";"IW";"Casa de apuestas";"1,20";"7,25";"12,00";"0,8333333333333334";"0,1379310344827586";"0,0833333333333333";"1,05459770114943";"0,0545977011494252";"0,7901907356948230";"0,1307901907356948";"0,0790190735694823";"1";"0,8151340996168583";"0,1197318007662835";"0,0651340996168582";"1";FALSE;"0,8192716756760160";"0,1146456689476791";"0,0660826553763050";"1,09334045467762";"1";"6";"0";"H";"1";"0";"0"
"23/02/2022";"Watford";"Crystal Palace";"B365";"Casa de apuestas";"2,87";"3,10";"2,60";"0,3484320557491289";"0,3225806451612903";"0,3846153846153846";"1,05562808552580";"0,0556280855258038";"0,3300708464720095";"0,3055817191531185";"0,3643474343748720";"1";"0,3298893605738610";"0,3040379499860224";"0,3660726894401167";"1";FALSE;"0,3298552032123719";"0,3041611182952641";"0,3659836784923639";"1,05196703408343";"1";"1";"4";"A";"0";"0";"1"
"23/02/2022";"Watford";"Crystal Palace";"BW";"Casa de apuestas";"2,90";"3,10";"2,55";"0,3448275862068966";"0,3225806451612903";"0,3921568627450981";"1,05956509411328";"0,0595650941132848";"0,3254425689584192";"0,3044462741869082";"0,3701111568546728";"1";"0,3249725548358016";"0,3027256137901954";"0,3723018313740031";"1";FALSE;"0,3249439632469300";"0,3028510763859830";"0,3722049603670868";"1,05578209483694";"1";"1";"4";"A";"0";"0";"1"
"23/02/2022";"Watford";"Crystal Palace";"IW";"Casa de apuestas";"2,95";"3,05";"2,65";"0,3389830508474576";"0,3278688524590164";"0,3773584905660378";"1,04421039387251";"0,0442103938725118";"0,3246309870468922";"0,3139873481273220";"0,3613816648257858";"1";"0,3242462528899537";"0,3131320545015125";"0,3626216926085339";"1";FALSE;"0,3242530550201406";"0,3131927505037308";"0,3625541944761286";"1,04106641832669";"1";"1";"4";"A";"0";"0";"1"
"24/02/2022";"Arsenal";"Wolves";"B365";"Casa de apuestas";"1,61";"3,60";"5,75";"0,6211180124223602";"0,2777777777777778";"0,1739130434782609";"1,07280883367840";"0,0728088336783990";"0,5789642972016725";"0,2589256995818591";"0,1621100032164683";"1";"0,5968484011962272";"0,2535081665516448";"0,1496434322521279";"1";FALSE;"0,5979568132211214";"0,2507873546884069";"0,1512558320904717";"1,07979806786840";"1";"2";"1";"H";"1";"0";"0"
"24/02/2022";"Arsenal";"Wolves";"BW";"Casa de apuestas";"1,63";"3,70";"5,75";"0,6134969325153374";"0,2702702702702702";"0,1739130434782609";"1,05768024626387";"0,0576802462638684";"0,5800400779748354";"0,2555311694862112";"0,1644287525389534";"1";"0,5942701837607146";"0,2510435215156473";"0,1546862947236381";"1";FALSE;"0,5950467943295299";"0,2490501869199700";"0,1559030187505000";"1,06249788131349";"1";"2";"1";"H";"1";"0";"0"
"24/02/2022";"Arsenal";"Wolves";"IW";"Casa de apuestas";"1,73";"3,45";"5,50";"0,5780346820809249";"0,2898550724637681";"0,1818181818181818";"1,04970793636287";"0,0497079363628750";"0,5506623909920628";"0,2761292569322518";"0,1732083520756852";"1";"0,5614653699599665";"0,2732857603428098";"0,1652488696972235";"1";FALSE;"0,5618037963114459";"0,2717909739619206";"0,1664052297266335";"1,05196147783250";"1";"2";"1";"H";"1";"0";"0"
"25/02/2022";"Southampton";"Norwich";"B365";"Casa de apuestas";"1,45";"4,50";"7,00";"0,6896551724137931";"0,2222222222222222";"0,1428571428571428";"1,05473453749316";"0,0547345374931583";"0,6538661131292164";"0,2106901920083030";"0,1354436948624805";"1";"0,6714103265827404";"0,2039773763911694";"0,1246122970260900";"1";FALSE;"0,6730080260002491";"0,2012942846251109";"0,1256976893746400";"1,06576120517436";"1";"2";"0";"H";"1";"0";"0"
"25/02/2022";"Southampton";"Norwich";"BW";"Casa de apuestas";"1,50";"4,50";"6,00";"0,6666666666666666";"0,2222222222222222";"0,1666666666666667";"1,05555555555556";"0,0555555555555556";"0,6315789473684210";"0,2105263157894737";"0,1578947368421053";"1";"0,6481481481481481";"0,2037037037037037";"0,1481481481481482";"1";FALSE;"0,6495807443214580";"0,2018182920876909";"0,1486009635908511";"1,06403269802740";"1";"2";"0";"H";"1";"0";"0"
"25/02/2022";"Southampton";"Norwich";"IW";"Casa de apuestas";"1,57";"4,20";"5,75";"0,6369426751592356";"0,2380952380952381";"0,1739130434782609";"1,04895095673273";"0,0489509567327344";"0,6072187370353141";"0,2269841469393913";"0,1657971160252945";"1";"0,6206256895816575";"0,2217782525176600";"0,1575960579006828";"1";FALSE;"0,6215530775189286";"0,2202706888666371";"0,1581762336144342";"1,05422228332655";"1";"2";"0";"H";"1";"0";"0"
"26/02/2022";"Brentford";"Newcastle";"B365";"Casa de apuestas";"2,25";"3,10";"3,50";"0,4444444444444444";"0,3225806451612903";"0,2857142857142857";"1,05273937532002";"0,0527393753200203";"0,4221789883268483";"0,3064202334630351";"0,2714007782101168";"1";"0,4268646526711043";"0,3050008533879502";"0,2681344939409456";"1";FALSE;"0,4267877056186815";"0,3048422556451623";"0,2683700387361562";"1,04998993612127";"1";"0";"2";"A";"0";"0";"1"
"26/02/2022";"Brentford";"Newcastle";"BW";"Casa de apuestas";"2,35";"3,10";"3,20";"0,4255319148936170";"0,3225806451612903";"0,3125000000000000";"1,06061256005491";"0,0606125600549072";"0,4012133468149647";"0,3041456016177958";"0,2946410515672397";"1";"0,4053277282086479";"0,3023764584763212";"0,2922958133150310";"1";FALSE;"0,4052398257657718";"0,3023702944736398";"0,2923898797605884";"1,05718635303432";"1";"0";"2";"A";"0";"0";"1"
"26/02/2022";"Brentford";"Newcastle";"IW";"Casa de apuestas";"2,45";"3,05";"3,20";"0,4081632653061224";"0,3278688524590164";"0,3125000000000000";"1,04853211776514";"0,0485321177651388";"0,3892711137700668";"0,3126931897497258";"0,2980356964802074";"1";"0,3919858927177428";"0,3116914798706368";"0,2963226274116204";"1";FALSE;"0,3918913497838905";"0,3116827923144135";"0,2964258579016960";"1,04540025182483";"1";"0";"2";"A";"0";"0";"1"
"26/02/2022";"Brighton";"Aston Villa";"B365";"Casa de apuestas";"2,15";"3,40";"3,40";"0,4651162790697674";"0,2941176470588235";"0,2941176470588235";"1,05335157318741";"0,0533515731874146";"0,4415584415584415";"0,2792207792207792";"0,2792207792207792";"1";"0,4473324213406292";"0,2763337893296853";"0,2763337893296853";"1";FALSE;"0,4473244008592953";"0,2763377995703524";"0,2763377995703524";"1,05095364469160";"1";"0";"2";"A";"0";"0";"1"
"26/02/2022";"Brighton";"Aston Villa";"BW";"Casa de apuestas";"2,20";"3,30";"3,30";"0,4545454545454545";"0,3030303030303030";"0,3030303030303030";"1,06060606060606";"0,0606060606060606";"0,4285714285714285";"0,2857142857142857";"0,2857142857142857";"1";"0,4343434343434343";"0,2828282828282828";"0,2828282828282828";"1";FALSE;"0,4343146158243357";"0,2828426920878321";"0,2828426920878321";"1,05774405590011";"1";"0";"2";"A";"0";"0";"1"
"26/02/2022";"Brighton";"Aston Villa";"IW";"Casa de apuestas";"2,20";"3,20";"3,50";"0,4545454545454545";"0,3125000000000000";"0,2857142857142857";"1,05275974025974";"0,0527597402597402";"0,4317656129529683";"0,2968388589051658";"0,2713955281418658";"1";"0,4369588744588744";"0,2949134199134199";"0,2681277056277056";"1";FALSE;"0,4369121903057241";"0,2947820433857282";"0,2683057663085477";"1,05018112990936";"1";"0";"2";"A";"0";"0";"1"
"26/02/2022";"Crystal Palace";"Burnley";"B365";"Casa de apuestas";"1,90";"3,30";"4,50";"0,5263157894736842";"0,3030303030303030";"0,2222222222222222";"1,05156831472621";"0,0515683147262096";"0,5005055611729019";"0,2881698685540950";"0,2113245702730030";"1";"0,5091263512316143";"0,2858408647882331";"0,2050327839801523";"1";FALSE;"0,5092626916481228";"0,2850217255739205";"0,2057155827779569";"1,05131606505477";"1";"1";"1";"D";"0";"1";"0"
"26/02/2022";"Crystal Palace";"Burnley";"BW";"Casa de apuestas";"1,87";"3,30";"4,50";"0,5347593582887700";"0,3030303030303030";"0,2222222222222222";"1,06001188354130";"0,0600118835412951";"0,5044843049327354";"0,2858744394618835";"0,2096412556053812";"1";"0,5147553971083383";"0,2830263418498713";"0,2022182610417905";"1";FALSE;"0,5149893107017309";"0,2820203577093679";"0,2029903315889012";"1,06018276195972";"1";"1";"1";"D";"0";"1";"0"
"26/02/2022";"Crystal Palace";"Burnley";"IW";"Casa de apuestas";"1,90";"3,35";"4,60";"0,5263157894736842";"0,2985074626865671";"0,2173913043478261";"1,04221455650808";"0,0422145565080774";"0,5049975421923645";"0,2864165164673111";"0,2085859413403245";"1";"0,5122442706376584";"0,2844359438505413";"0,2033197855118003";"1";FALSE;"0,5123368492434686";"0,2837494575761406";"0,2039136931803908";"1,04193956911152";"1";"1";"1";"D";"0";"1";"0"
"26/02/2022";"Everton";"Man City";"B365";"Casa de apuestas";"12,00";"6,00";"1,25";"0,0833333333333333";"0,1666666666666667";"0,8000000000000000";"1,05000000000000";"0,0500000000000000";"0,0793650793650793";"0,1587301587301588";"0,7619047619047619";"1";"0,0666666666666666";"0,1500000000000000";"0,7833333333333333";"1";FALSE;"0,0687137463763981";"0,1450247427458338";"0,7862615108777682";"1,07762841199007";"1";"0";"1";"A";"0";"0";"1"
"26/02/2022";"Everton";"Man City";"BW";"Casa de apuestas";"12,00";"6,00";"1,25";"0,0833333333333333";"0,1666666666666667";"0,8000000000000000";"1,05000000000000";"0,0500000000000000";"0,0793650793650793";"0,1587301587301588";"0,7619047619047619";"1";"0,0666666666666666";"0,1500000000000000";"0,7833333333333333";"1";FALSE;"0,0687137463763981";"0,1450247427458338";"0,7862615108777682";"1,07762841199007";"1";"0";"1";"A";"0";"0";"1"
"26/02/2022";"Everton";"Man City";"IW";"Casa de apuestas";"11,00";"6,25";"1,25";"0,0909090909090909";"0,1600000000000000";"0,8000000000000000";"1,05090909090909";"0,0509090909090910";"0,0865051903114187";"0,1522491349480969";"0,7612456747404844";"1";"0,0739393939393939";"0,1430303030303030";"0,7830303030303031";"1";FALSE;"0,0753164642542024";"0,1385695502125668";"0,7861139855332309";"1,07846933459455";"1";"0";"1";"A";"0";"0";"1"
"26/02/2022";"Leeds";"Tottenham";"B365";"Casa de apuestas";"3,75";"3,60";"1,95";"0,2666666666666667";"0,2777777777777778";"0,5128205128205129";"1,05726495726496";"0,0572649572649575";"0,2522231204527082";"0,2627324171382376";"0,4850444624090541";"1";"0,2475783475783475";"0,2586894586894586";"0,4937321937321937";"1";FALSE;"0,2475792293379047";"0,2584872606687534";"0,4939335099933419";"1,05618949236652";"1";"0";"4";"A";"0";"0";"1"
"26/02/2022";"Leeds";"Tottenham";"BW";"Casa de apuestas";"3,60";"3,70";"1,95";"0,2777777777777778";"0,2702702702702702";"0,5128205128205129";"1,06086856086856";"0,0608685608685611";"0,2618399564507349";"0,2547632008709852";"0,4833968426782799";"1";"0,2574882574882574";"0,2499807499807498";"0,4925309925309925";"1";FALSE;"0,2573048110135895";"0,2499409865621105";"0,4927542024243000";"1,05976890735436";"1";"0";"4";"A";"0";"0";"1"
"26/02/2022";"Leeds";"Tottenham";"IW";"Casa de apuestas";"3,60";"3,75";"1,97";"0,2777777777777778";"0,2666666666666667";"0,5076142131979695";"1,05205865764241";"0,0520586576424140";"0,2640325952929823";"0,2534712914812631";"0,4824961132257545";"1";"0,2604248918969731";"0,2493137807858621";"0,4902613273171648";"1";FALSE;"0,2602596079576343";"0,2493310746977019";"0,4904093173446637";"1,05085493583629";"1";"0";"4";"A";"0";"0";"1"
"26/02/2022";"Man United";"Watford";"B365";"Casa de apuestas";"1,36";"5,00";"7,50";"0,7352941176470588";"0,2000000000000000";"0,1333333333333333";"1,06862745098039";"0,0686274509803921";"0,6880733944954128";"0,1871559633027523";"0,1247706422018348";"1";"0,7124183006535947";"0,1771241830065360";"0,1104575163398693";"1";FALSE;"0,7153844515495508";"0,1732327205641506";"0,1113828278862986";"1,08927431704293";"1";"0";"0";"D";"0";"1";"0"
"26/02/2022";"Man United";"Watford";"BW";"Casa de apuestas";"1,37";"4,60";"9,00";"0,7299270072992701";"0,2173913043478261";"0,1111111111111111";"1,05842942275821";"0,0584294227582074";"0,6896321961620469";"0,2053904584221748";"0,1049773454157782";"1";"0,7104505330465343";"0,1979148300950903";"0,0916346368583753";"1";FALSE;"0,7125841503987801";"0,1934719559661761";"0,0939438936350439";"1,07638407813727";"1";"0";"0";"D";"0";"1";"0"
"26/02/2022";"Man United";"Watford";"IW";"Casa de apuestas";"1,35";"5,25";"8,25";"0,7407407407407407";"0,1904761904761905";"0,1212121212121212";"1,05242905242905";"0,0524290524290523";"0,7038391224862889";"0,1809872029250457";"0,1151736745886655";"1";"0,7232643899310566";"0,1729998396665064";"0,1037357704024371";"1";FALSE;"0,7254901172754111";"0,1697928067676696";"0,1047170759569193";"1,06931995302135";"1";"0";"0";"D";"0";"1";"0"
"27/02/2022";"West Ham";"Wolves";"B365";"Casa de apuestas";"1,95";"3,30";"4,33";"0,5128205128205129";"0,3030303030303030";"0,2309468822170901";"1,04679769806791";"0,0467976980679061";"0,4898945744407303";"0,2894831576240678";"0,2206222679352019";"1";"0,4972212801312109";"0,2874310703410010";"0,2153476495277881";"1";FALSE;"0,4972949922211313";"0,2868250371917751";"0,2158799705870934";"1,04603348090743";"1";"1";"0";"H";"1";"0";"0"
"27/02/2022";"West Ham";"Wolves";"BW";"Casa de apuestas";"1,85";"3,40";"4,40";"0,5405405405405405";"0,2941176470588235";"0,2272727272727273";"1,06193091487209";"0,0619309148720912";"0,5090166723375298";"0,2769649540660089";"0,2140183735964614";"1";"0,5198969022498434";"0,2734740087681264";"0,2066290889820302";"1";FALSE;"0,5202235163369746";"0,2725353811688232";"0,2072411024942021";"1,06227564352426";"1";"1";"0";"H";"1";"0";"0"
"27/02/2022";"West Ham";"Wolves";"IW";"Casa de apuestas";"1,95";"3,35";"4,30";"0,5128205128205129";"0,2985074626865671";"0,2325581395348837";"1,04388611504196";"0,0438861150419638";"0,4912609770653936";"0,2859578821723932";"0,2227811407622133";"1";"0,4981918078065249";"0,2838787576725791";"0,2179294345208957";"1";FALSE;"0,4982668378177803";"0,2833482194969418";"0,2183849426852779";"1,04311004450026";"1";"1";"0";"H";"1";"0";"0"
"01/03/2022";"Burnley";"Leicester";"B365";"Casa de apuestas";"2,90";"3,25";"2,50";"0,3448275862068966";"0,3076923076923077";"0,4000000000000000";"1,05251989389920";"0,0525198938992042";"0,3276209677419355";"0,2923387096774194";"0,3800403225806452";"1";"0,3273209549071618";"0,2901856763925730";"0,3824933687002653";"1";FALSE;"0,3272446436681756";"0,2903719763443232";"0,3823833799875011";"1,04915560933254";"1";"0";"2";"A";"0";"0";"1"
"01/03/2022";"Burnley";"Leicester";"BW";"Casa de apuestas";"2,85";"3,30";"2,45";"0,3508771929824561";"0,3030303030303030";"0,4081632653061224";"1,06207076131888";"0,0620707613188816";"0,3303708243947288";"0,2853202574318112";"0,3843089181734600";"1";"0,3301869392094956";"0,2823400492573425";"0,3874730115331619";"1";FALSE;"0,3300482414617140";"0,2826103093850323";"0,3873414491532537";"1,05843248810707";"1";"0";"2";"A";"0";"0";"1"
"01/03/2022";"Burnley";"Leicester";"IW";"Casa de apuestas";"2,85";"3,25";"2,55";"0,3508771929824561";"0,3076923076923077";"0,3921568627450981";"1,05072636341986";"0,0507263634198618";"0,3339377455424600";"0,2928377153218495";"0,3732245391356906";"1";"0,3339684051758355";"0,2907835198856871";"0,3752480749384775";"1";FALSE;"0,3338858248437198";"0,2909753287187058";"0,3751388464375746";"1,04739453043671";"1";"0";"2";"A";"0";"0";"1"
"05/03/2022";"Aston Villa";"Southampton";"B365";"Casa de apuestas";"2,15";"3,60";"3,10";"0,4651162790697674";"0,2777777777777778";"0,3225806451612903";"1,06547470200884";"0,0654747020088355";"0,4365343242714648";"0,2607079992176805";"0,3027576765108547";"1";"0,4432913784001555";"0,2559528771081659";"0,3007557444916785";"1";FALSE;"0,4432695370066147";"0,2562914155794763";"0,3004390474139088";"1,06284968941877";"1";"4";"0";"H";"1";"0";"0"
"05/03/2022";"Aston Villa";"Southampton";"BW";"Casa de apuestas";"2,20";"3,50";"3,20";"0,4545454545454545";"0,2857142857142857";"0,3125000000000000";"1,05275974025974";"0,0527597402597402";"0,4317656129529683";"0,2713955281418658";"0,2968388589051658";"1";"0,4369588744588744";"0,2681277056277056";"0,2949134199134199";"1";FALSE;"0,4369121903057241";"0,2683057663085477";"0,2947820433857282";"1,05018112990936";"1";"4";"0";"H";"1";"0";"0"
"05/03/2022";"Aston Villa";"Southampton";"IW";"Casa de apuestas";"2,30";"3,45";"3,10";"0,4347826086956522";"0,2898550724637681";"0,3225806451612903";"1,04721832632071";"0,0472183263207107";"0,4151785714285715";"0,2767857142857143";"0,3080357142857142";"1";"0,4190431665887486";"0,2741156303568645";"0,3068412030543867";"1";FALSE;"0,4189564763511771";"0,2743080094676503";"0,3067355141811728";"1,04451760168802";"1";"4";"0";"H";"1";"0";"0"
"05/03/2022";"Burnley";"Chelsea";"B365";"Casa de apuestas";"7,00";"3,80";"1,50";"0,1428571428571428";"0,2631578947368421";"0,6666666666666666";"1,07268170426065";"0,0726817042606516";"0,1331775700934579";"0,2453271028037383";"0,6214953271028038";"1";"0,1186299081035923";"0,2389306599832915";"0,6424394319131161";"1";FALSE;"0,1210531606347604";"0,2348936855107302";"0,6440531538545095";"1,08510944701373";"1";"0";"4";"A";"0";"0";"1"
"05/03/2022";"Burnley";"Chelsea";"BW";"Casa de apuestas";"7,50";"3,90";"1,50";"0,1333333333333333";"0,2564102564102564";"0,6666666666666666";"1,05641025641026";"0,0564102564102564";"0,1262135922330097";"0,2427184466019418";"0,6310679611650486";"1";"0,1145299145299145";"0,2376068376068376";"0,6478632478632478";"1";FALSE;"0,1166799919933884";"0,2343138386750342";"0,6490061693315774";"1,06621518787773";"1";"0";"4";"A";"0";"0";"1"
"05/03/2022";"Burnley";"Chelsea";"IW";"Casa de apuestas";"7,00";"4,20";"1,50";"0,1428571428571428";"0,2380952380952381";"0,6666666666666666";"1,04761904761905";"0,0476190476190474";"0,1363636363636363";"0,2272727272727273";"0,6363636363636365";"1";"0,1269841269841270";"0,2222222222222223";"0,6507936507936508";"1";FALSE;"0,1282532493617190";"0,2198930609722040";"0,6518536896660770";"1,05541792877513";"1";"0";"4";"A";"0";"0";"1"
"05/03/2022";"Leicester";"Leeds";"B365";"Casa de apuestas";"2,05";"3,60";"3,60";"0,4878048780487805";"0,2777777777777778";"0,2777777777777778";"1,04336043360434";"0,0433604336043363";"0,4675324675324675";"0,2662337662337663";"0,2662337662337663";"1";"0,4733514001806684";"0,2633242999096657";"0,2633242999096657";"1";FALSE;"0,4733930320148204";"0,2633034839925898";"0,2633034839925898";"1,04177743859949";"1";"1";"0";"H";"1";"0";"0"
"05/03/2022";"Leicester";"Leeds";"BW";"Casa de apuestas";"2,00";"3,70";"3,40";"0,5000000000000000";"0,2702702702702702";"0,2941176470588235";"1,06438791732909";"0,0643879173290938";"0,4697535474234504";"0,2539208364451083";"0,2763256161314414";"1";"0,4785373608903021";"0,2488076311605723";"0,2726550079491256";"1";FALSE;"0,4786972632684462";"0,2489470291132130";"0,2723557076183409";"1,06281453675182";"1";"1";"0";"H";"1";"0";"0"
"05/03/2022";"Leicester";"Leeds";"IW";"Casa de apuestas";"2,00";"3,80";"3,45";"0,5000000000000000";"0,2631578947368421";"0,2898550724637681";"1,05301296720061";"0,0530129672006101";"0,4748279608837379";"0,2499094530967041";"0,2752625860195582";"1";"0,4823290109331300";"0,2454869056699721";"0,2721840833968981";"1";FALSE;"0,4824375949258333";"0,2456449424195943";"0,2719174626545725";"1,05158575833820";"1";"1";"0";"H";"1";"0";"0"
"05/03/2022";"Liverpool";"West Ham";"B365";"Casa de apuestas";"1,22";"7,00";"12,00";"0,8196721311475410";"0,1428571428571428";"0,0833333333333333";"1,04586260733802";"0,0458626073380171";"0,7837283075200598";"0,1365926478820675";"0,0796790445978727";"1";"0,8043845953682019";"0,1275696070778038";"0,0680457975539943";"1";FALSE;"0,8074933817239479";"0,1233907739450024";"0,0691158443310497";"1,07528034465482";"1";"1";"0";"H";"1";"0";"0"
"05/03/2022";"Liverpool";"West Ham";"BW";"Casa de apuestas";"1,24";"6,75";"10,50";"0,8064516129032259";"0,1481481481481481";"0,0952380952380952";"1,04983785628947";"0,0498378562894692";"0,7681677775971387";"0,1411152658104373";"0,0907169565924240";"1";"0,7898389941400694";"0,1315355293849917";"0,0786254764749388";"1";FALSE;"0,7930448743271800";"0,1276635171396946";"0,0792916085331254";"1,07793214523001";"1";"1";"0";"H";"1";"0";"0"
"05/03/2022";"Liverpool";"West Ham";"IW";"Casa de apuestas";"1,27";"6,00";"10,00";"0,7874015748031495";"0,1666666666666667";"0,1000000000000000";"1,05406824146982";"0,0540682414698161";"0,7470119521912350";"0,1581175298804781";"0,0948705179282869";"1";"0,7693788276465442";"0,1486439195100613";"0,0819772528433946";"1";FALSE;"0,7724667308039364";"0,1443793935749230";"0,0831538756211407";"1,08011750445227";"1";"1";"0";"H";"1";"0";"0"
"05/03/2022";"Newcastle";"Brighton";"B365";"Casa de apuestas";"2,70";"3,20";"2,70";"0,3703703703703703";"0,3125000000000000";"0,3703703703703703";"1,05324074074074";"0,0532407407407407";"0,3516483516483517";"0,2967032967032968";"0,3516483516483517";"1";"0,3526234567901234";"0,2947530864197531";"0,3526234567901234";"1";FALSE;"0,3525279987447703";"0,2949440025104594";"0,3525279987447703";"1,04970890478356";"1";"2";"1";"H";"1";"0";"0"
"05/03/2022";"Newcastle";"Brighton";"BW";"Casa de apuestas";"2,60";"3,10";"2,87";"0,3846153846153846";"0,3225806451612903";"0,3484320557491289";"1,05562808552580";"0,0556280855258038";"0,3643474343748720";"0,3055817191531185";"0,3300708464720095";"1";"0,3660726894401167";"0,3040379499860224";"0,3298893605738610";"1";FALSE;"0,3659836784923640";"0,3041611182952642";"0,3298552032123719";"1,05196703408343";"1";"2";"1";"H";"1";"0";"0"
"05/03/2022";"Newcastle";"Brighton";"IW";"Casa de apuestas";"2,60";"3,05";"2,90";"0,3846153846153846";"0,3278688524590164";"0,3448275862068966";"1,05731182328130";"0,0573118232812977";"0,3637672218794982";"0,3100966481595723";"0,3261361299609294";"1";"0,3655114435216187";"0,3087649113652505";"0,3257236451131307";"1";FALSE;"0,3654269511987328";"0,3088594820224309";"0,3257135667788363";"1,05356025291716";"1";"2";"1";"H";"1";"0";"0"
"05/03/2022";"Norwich";"Brentford";"B365";"Casa de apuestas";"3,10";"3,10";"2,40";"0,3225806451612903";"0,3225806451612903";"0,4166666666666667";"1,06182795698925";"0,0618279569892473";"0,3037974683544304";"0,3037974683544304";"0,3924050632911393";"1";"0,3019713261648745";"0,3019713261648745";"0,3960573476702509";"1";FALSE;"0,3020184856714490";"0,3020184856714490";"0,3959630286571020";"1,05821532458522";"1";"1";"3";"A";"0";"0";"1"
"05/03/2022";"Norwich";"Brentford";"BW";"Casa de apuestas";"3,00";"3,10";"2,45";"0,3333333333333333";"0,3225806451612903";"0,4081632653061224";"1,06407724380075";"0,0640772438007460";"0,3132604660754795";"0,3031552897504640";"0,3835842441740565";"1";"0,3119742520664180";"0,3012215638943750";"0,3868041840392071";"1";FALSE;"0,3119775664845505";"0,3013177232144840";"0,3867047103009655";"1,06026849332171";"1";"1";"3";"A";"0";"0";"1"
"05/03/2022";"Norwich";"Brentford";"IW";"Casa de apuestas";"3,05";"3,15";"2,45";"0,3278688524590164";"0,3174603174603174";"0,4081632653061224";"1,05349243522546";"0,0534924352254562";"0,3112208892025407";"0,3013408609738885";"0,3874382498235709";"1";"0,3100380407171977";"0,2996295057184987";"0,3903324535643037";"1";FALSE;"0,3100456685844509";"0,2997179110516445";"0,3902364203639044";"1,05012285811029";"1";"1";"3";"A";"0";"0";"1"
"05/03/2022";"Wolves";"Crystal Palace";"B365";"Casa de apuestas";"2,30";"3,10";"3,40";"0,4347826086956522";"0,3225806451612903";"0,2941176470588235";"1,05148090091577";"0,0514809009157662";"0,4134954884268340";"0,3067869752844252";"0,2797175362887406";"1";"0,4176223083903968";"0,3054203448560349";"0,2769573467535681";"1";FALSE;"0,4175372813365307";"0,3053249504469756";"0,2771377682164938";"1,04859151858700";"1";"0";"2";"A";"0";"0";"1"
"05/03/2022";"Wolves";"Crystal Palace";"BW";"Casa de apuestas";"2,37";"2,95";"3,30";"0,4219409282700421";"0,3389830508474576";"0,3030303030303030";"1,06395428214780";"0,0639542821478027";"0,3965780629391994";"0,3186067827681027";"0,2848151542926978";"1";"0,4006228342207745";"0,3176649567981901";"0,2817122089810354";"1";FALSE;"0,4005125052752649";"0,3175409683866237";"0,2819465263381114";"1,06040206325881";"1";"0";"2";"A";"0";"0";"1"
"05/03/2022";"Wolves";"Crystal Palace";"IW";"Casa de apuestas";"2,35";"2,95";"3,45";"0,4255319148936170";"0,3389830508474576";"0,2898550724637681";"1,05437003820484";"0,0543700382048427";"0,4035887776345792";"0,3215029245563597";"0,2749082978090612";"1";"0,4074085688253361";"0,3208597047791767";"0,2717317263954872";"1";FALSE;"0,4072898467039664";"0,3206898875730891";"0,2720202657229445";"1,05128052287593";"1";"0";"2";"A";"0";"0";"1"
"06/03/2022";"Man City";"Man United";"B365";"Casa de apuestas";"1,40";"4,50";"7,00";"0,7142857142857143";"0,2222222222222222";"0,1428571428571428";"1,07936507936508";"0,0793650793650793";"0,6617647058823530";"0,2058823529411765";"0,1323529411764705";"1";"0,6878306878306879";"0,1957671957671958";"0,1164021164021164";"1";FALSE;"0,6908261199078555";"0,1914062491316325";"0,1177676309605120";"1,09925004820190";"1";"4";"1";"H";"1";"0";"0"
"06/03/2022";"Man City";"Man United";"BW";"Casa de apuestas";"1,37";"5,00";"7,75";"0,7299270072992701";"0,2000000000000000";"0,1290322580645161";"1,05895926536379";"0,0589592653637863";"0,6892871436830169";"0,1888646773691467";"0,1218481789478365";"1";"0,7102739188446746";"0,1803469115454046";"0,1093791696099207";"1";FALSE;"0,7126459027469706";"0,1769425237283095";"0,1104115735247201";"1,07610881442593";"1";"4";"1";"H";"1";"0";"0"
"06/03/2022";"Man City";"Man United";"IW";"Casa de apuestas";"1,45";"4,80";"6,75";"0,6896551724137931";"0,2083333333333333";"0,1481481481481481";"1,04613665389527";"0,0461366538952745";"0,6592400427285213";"0,1991454295742408";"0,1416145276972379";"1";"0,6742762877820350";"0,1929544487015751";"0,1327692635163900";"1";FALSE;"0,6756434364454310";"0,1910403145243387";"0,1333162490302302";"1,05524289502376";"1";"4";"1";"H";"1";"0";"0"
"06/03/2022";"Watford";"Arsenal";"B365";"Casa de apuestas";"6,50";"4,20";"1,50";"0,1538461538461539";"0,2380952380952381";"0,6666666666666666";"1,05860805860806";"0,0586080586080586";"0,1453287197231835";"0,2249134948096886";"0,6297577854671280";"1";"0,1343101343101344";"0,2185592185592186";"0,6471306471306471";"1";FALSE;"0,1354732899194603";"0,2159754402653866";"0,6485512698151532";"1,06794446823867";"1";"2";"3";"A";"0";"0";"1"
"06/03/2022";"Watford";"Arsenal";"BW";"Casa de apuestas";"6,25";"4,20";"1,51";"0,1600000000000000";"0,2380952380952381";"0,6622516556291391";"1,06034689372438";"0,0603468937243772";"0,1508940149180932";"0,2245446650566864";"0,6245613200252205";"1";"0,1398843687585409";"0,2179796068537790";"0,6421360243876800";"1";FALSE;"0,1408931273140687";"0,2155262946543389";"0,6435805780315925";"1,06939510034429";"1";"2";"3";"A";"0";"0";"1"
"06/03/2022";"Watford";"Arsenal";"IW";"Casa de apuestas";"6,50";"4,10";"1,53";"0,1538461538461539";"0,2439024390243903";"0,6535947712418301";"1,05134336411237";"0,0513433641123742";"0,1463329289913222";"0,2319912288886816";"0,6216758421199963";"1";"0,1367316991420292";"0,2267879843202656";"0,6364803165377053";"1";FALSE;"0,1378885311259781";"0,2245773619116496";"0,6375341069623723";"1,05850377253577";"1";"2";"3";"A";"0";"0";"1"
"07/03/2022";"Tottenham";"Everton";"B365";"Casa de apuestas";"1,70";"3,80";"4,75";"0,5882352941176471";"0,2631578947368421";"0,2105263157894737";"1,06191950464396";"0,0619195046439629";"0,5539358600583091";"0,2478134110787172";"0,1982507288629738";"1";"0,5675954592363261";"0,2425180598555211";"0,1898864809081527";"1";FALSE;"0,5683494645458463";"0,2413459707543401";"0,1903045646998135";"1,06481099308093";"1";"5";"0";"H";"1";"0";"0"
"07/03/2022";"Tottenham";"Everton";"BW";"Casa de apuestas";"1,65";"3,90";"5,25";"0,6060606060606061";"0,2564102564102564";"0,1904761904761905";"1,05294705294705";"0,0529470529470530";"0,5755850727387729";"0,2435167615433270";"0,1808981657179001";"1";"0,5884115884115884";"0,2387612387612387";"0,1728271728271728";"1";FALSE;"0,5891444732256762";"0,2374230258036568";"0,1734325009706670";"1,05652945056716";"1";"5";"0";"H";"1";"0";"0"
"07/03/2022";"Tottenham";"Everton";"IW";"Casa de apuestas";"1,73";"3,90";"4,60";"0,5780346820809249";"0,2564102564102564";"0,2173913043478261";"1,05183624283901";"0,0518362428390076";"0,5495481697043958";"0,2437739316893858";"0,2066778986062184";"1";"0,5607559344679224";"0,2391315087972539";"0,2001125567348236";"1";FALSE;"0,5613033291757993";"0,2383755784865323";"0,2003210923376684";"1,05358742953280";"1";"5";"0";"H";"1";"0";"0"
"10/03/2022";"Leeds";"Aston Villa";"B365";"Casa de apuestas";"2,80";"3,50";"2,40";"0,3571428571428572";"0,2857142857142857";"0,4166666666666667";"1,05952380952381";"0,0595238095238095";"0,3370786516853933";"0,2696629213483146";"0,3932584269662922";"1";"0,3373015873015874";"0,2658730158730159";"0,3968253968253969";"1";FALSE;"0,3370580595993131";"0,2662850899480594";"0,3966568504526276";"1,05621558960953";"1";"0";"3";"A";"0";"0";"1"
"10/03/2022";"Leeds";"Aston Villa";"BW";"Casa de apuestas";"2,70";"3,50";"2,45";"0,3703703703703703";"0,2857142857142857";"0,4081632653061224";"1,06424792139078";"0,0642479213907785";"0,3480113636363636";"0,2684659090909091";"0,3835227272727272";"1";"0,3489543965734441";"0,2642983119173595";"0,3867472915091962";"1";FALSE;"0,3486838619250082";"0,2647774730908181";"0,3865386649841736";"1,06074777381342";"1";"0";"3";"A";"0";"0";"1"
"10/03/2022";"Leeds";"Aston Villa";"IW";"Casa de apuestas";"2,80";"3,50";"2,45";"0,3571428571428572";"0,2857142857142857";"0,4081632653061224";"1,05102040816327";"0,0510204081632653";"0,3398058252427185";"0,2718446601941747";"0,3883495145631068";"1";"0,3401360544217688";"0,2687074829931972";"0,3911564625850339";"1";FALSE;"0,3399413224328504";"0,2690591767043629";"0,3909995008627868";"1,04794280230223";"1";"0";"3";"A";"0";"0";"1"
"10/03/2022";"Norwich";"Chelsea";"B365";"Casa de apuestas";"8,50";"4,75";"1,36";"0,1176470588235294";"0,2105263157894737";"0,7352941176470588";"1,06346749226006";"0,0634674922600618";"0,1106259097525473";"0,1979621542940321";"0,6914119359534208";"1";"0,0964912280701755";"0,1893704850361198";"0,7141382868937048";"1";FALSE;"0,0984264372059797";"0,1848852844448286";"0,7166882783491917";"1,08335241207183";"1";"1";"3";"A";"0";"0";"1"
"10/03/2022";"Norwich";"Chelsea";"BW";"Casa de apuestas";"9,50";"4,80";"1,35";"0,1052631578947368";"0,2083333333333333";"0,7407407407407407";"1,05433723196881";"0,0543372319688109";"0,0998382250982204";"0,1975964871735613";"0,7025652877282182";"1";"0,0871507472384665";"0,1902209226770630";"0,7226283300844704";"1";FALSE;"0,0893693296673250";"0,1858777371786058";"0,7247529331540692";"1,07270755650473";"1";"1";"3";"A";"0";"0";"1"
"10/03/2022";"Norwich";"Chelsea";"IW";"Casa de apuestas";"8,75";"4,80";"1,37";"0,1142857142857143";"0,2083333333333333";"0,7299270072992701";"1,05254605491832";"0,0525460549183177";"0,1085802504809002";"0,1979327482724743";"0,6934870012466254";"1";"0,0967703626462751";"0,1908179816938941";"0,7124116556598309";"1";FALSE;"0,0985151564455666";"0,1871206395299826";"0,7143642040244507";"1,06845896424907";"1";"1";"3";"A";"0";"0";"1"
"10/03/2022";"Southampton";"Newcastle";"B365";"Casa de apuestas";"1,90";"3,60";"4,00";"0,5263157894736842";"0,2777777777777778";"0,2500000000000000";"1,05409356725146";"0,0540935672514620";"0,4993065187239945";"0,2635228848821082";"0,2371705963938974";"1";"0,5082846003898636";"0,2597465886939571";"0,2319688109161793";"1";FALSE;"0,5085300683909525";"0,2593597015324766";"0,2321102300765709";"1,05355899257493";"1";"1";"2";"A";"0";"0";"1"
"10/03/2022";"Southampton";"Newcastle";"BW";"Casa de apuestas";"1,87";"3,50";"4,20";"0,5347593582887700";"0,2857142857142857";"0,2380952380952381";"1,05856888209829";"0,0585688820982937";"0,5051719990377677";"0,2699061823430359";"0,2249218186191966";"1";"0,5152363975893387";"0,2661913250148545";"0,2185722773958069";"1";FALSE;"0,5155391036628248";"0,2655314021392887";"0,2189294941978864";"1,05847810253300";"1";"1";"2";"A";"0";"0";"1"
"10/03/2022";"Southampton";"Newcastle";"IW";"Casa de apuestas";"2,05";"3,40";"3,75";"0,4878048780487805";"0,2941176470588235";"0,2666666666666667";"1,04858919177427";"0,0485891917742707";"0,4652011310772599";"0,2804889172671713";"0,2543099516555688";"1";"0,4716084807906902";"0,2779212498007332";"0,2504702694085765";"1";FALSE;"0,4716536733939177";"0,2777102369312870";"0,2506360896747952";"1,04690532998874";"1";"1";"2";"A";"0";"0";"1"
"10/03/2022";"Wolves";"Watford";"B365";"Casa de apuestas";"1,90";"3,40";"4,20";"0,5263157894736842";"0,2941176470588235";"0,2380952380952381";"1,05852867462775";"0,0585286746277458";"0,4972144846796657";"0,2778551532033426";"0,2249303621169917";"1";"0,5068062312644356";"0,2746080888495749";"0,2185856798859895";"1";FALSE;"0,5070400298505489";"0,2739213119203170";"0,2190386582291342";"1,05813073473382";"1";"4";"0";"H";"1";"0";"0"
"10/03/2022";"Wolves";"Watford";"BW";"Casa de apuestas";"1,90";"3,40";"4,20";"0,5263157894736842";"0,2941176470588235";"0,2380952380952381";"1,05852867462775";"0,0585286746277458";"0,4972144846796657";"0,2778551532033426";"0,2249303621169917";"1";"0,5068062312644356";"0,2746080888495749";"0,2185856798859895";"1";FALSE;"0,5070400298505489";"0,2739213119203170";"0,2190386582291342";"1,05813073473382";"1";"4";"0";"H";"1";"0";"0"
"10/03/2022";"Wolves";"Watford";"IW";"Casa de apuestas";"1,95";"3,40";"4,20";"0,5128205128205129";"0,2941176470588235";"0,2380952380952381";"1,04503339797457";"0,0450333979745745";"0,4907216494845361";"0,2814432989690721";"0,2278350515463917";"1";"0,4978093801623214";"0,2791065144006320";"0,2230841054370466";"1";FALSE;"0,4979052304812763";"0,2786321558993378";"0,2234626136193860";"1,04419713918210";"1";"4";"0";"H";"1";"0";"0"
"12/03/2022";"Brentford";"Burnley";"B365";"Casa de apuestas";"2,05";"3,25";"3,80";"0,4878048780487805";"0,3076923076923077";"0,2631578947368421";"1,05865508047793";"0,0586550804779302";"0,4607779125081616";"0,2906445294282250";"0,2485775580636135";"1";"0,4682531845561371";"0,2881406141996643";"0,2436062012441987";"1";FALSE;"0,4683074685686116";"0,2877593575057134";"0,2439331739256750";"1,05682385109049";"1";"2";"0";"H";"1";"0";"0"
"12/03/2022";"Brentford";"Burnley";"BW";"Casa de apuestas";"2,10";"3,25";"3,60";"0,4761904761904762";"0,3076923076923077";"0,2777777777777778";"1,06166056166056";"0,0616605616605617";"0,4485336400230017";"0,2898217366302472";"0,2616446233467510";"1";"0,4556369556369557";"0,2871387871387872";"0,2572242572242572";"1";FALSE;"0,4556689339555228";"0,2868958966529669";"0,2574351693915102";"1,05937349125273";"1";"2";"0";"H";"1";"0";"0"
"12/03/2022";"Brentford";"Burnley";"IW";"Casa de apuestas";"2,10";"3,20";"3,75";"0,4761904761904762";"0,3125000000000000";"0,2666666666666667";"1,05535714285714";"0,0553571428571429";"0,4512126339537507";"0,2961082910321489";"0,2526790750141004";"1";"0,4577380952380953";"0,2940476190476191";"0,2482142857142857";"1";FALSE;"0,4577376195703286";"0,2937253992374316";"0,2485369811922399";"1,05326837584566";"1";"2";"0";"H";"1";"0";"0"
"12/03/2022";"Brighton";"Liverpool";"B365";"Casa de apuestas";"7,00";"4,50";"1,45";"0,1428571428571428";"0,2222222222222222";"0,6896551724137931";"1,05473453749316";"0,0547345374931583";"0,1354436948624805";"0,2106901920083030";"0,6538661131292164";"1";"0,1246122970260900";"0,2039773763911694";"0,6714103265827404";"1";FALSE;"0,1256976893746400";"0,2012942846251109";"0,6730080260002491";"1,06576120517436";"1";"0";"2";"A";"0";"0";"1"
"12/03/2022";"Brighton";"Liverpool";"BW";"Casa de apuestas";"6,50";"4,60";"1,46";"0,1538461538461539";"0,2173913043478261";"0,6849315068493150";"1,05616896504330";"0,0561689650432950";"0,1456643386977834";"0,2058300438120852";"0,6485056174901314";"1";"0,1351231654983889";"0,1986683160000611";"0,6662085185015501";"1";FALSE;"0,1357890172575478";"0,1963521535089897";"0,6678588292334625";"1,06670083311115";"1";"0";"2";"A";"0";"0";"1"
"12/03/2022";"Brighton";"Liverpool";"IW";"Casa de apuestas";"6,25";"4,60";"1,50";"0,1600000000000000";"0,2173913043478261";"0,6666666666666666";"1,04405797101449";"0,0440579710144928";"0,1532481954469739";"0,2082176568573015";"0,6385341476957245";"1";"0,1453140096618357";"0,2027053140096619";"0,6519806763285023";"1";FALSE;"0,1457683373897262";"0,2011649690898021";"0,6530666935204716";"1,05083276556335";"1";"0";"2";"A";"0";"0";"1"
"12/03/2022";"Man United";"Tottenham";"B365";"Casa de apuestas";"2,25";"3,50";"3,10";"0,4444444444444444";"0,2857142857142857";"0,3225806451612903";"1,05273937532002";"0,0527393753200205";"0,4221789883268482";"0,2714007782101167";"0,3064202334630350";"1";"0,4268646526711042";"0,2681344939409455";"0,3050008533879501";"1";FALSE;"0,4267877056186815";"0,2683700387361562";"0,3048422556451623";"1,04998993612127";"1";"3";"2";"H";"1";"0";"0"
"12/03/2022";"Man United";"Tottenham";"BW";"Casa de apuestas";"2,30";"3,50";"2,95";"0,4347826086956522";"0,2857142857142857";"0,3389830508474576";"1,05947994525740";"0,0594799452573955";"0,4103736089030207";"0,2696740858505564";"0,3199523052464229";"1";"0,4149559602765204";"0,2658876372951539";"0,3191564024283258";"1";FALSE;"0,4148396967578990";"0,2662324251599045";"0,3189278780821965";"1,05637347703191";"1";"3";"2";"H";"1";"0";"0"
"12/03/2022";"Man United";"Tottenham";"IW";"Casa de apuestas";"2,35";"3,45";"3,00";"0,4255319148936170";"0,2898550724637681";"0,3333333333333333";"1,04872032069072";"0,0487203206907185";"0,4057630108791532";"0,2763892972655101";"0,3178476918553366";"1";"0,4092918079967108";"0,2736149655668619";"0,3170932264364271";"1";FALSE;"0,4091845210365141";"0,2738562478240676";"0,3169592311394183";"1,04584859792674";"1";"3";"2";"H";"1";"0";"0"
"13/03/2022";"Arsenal";"Leicester";"B365";"Casa de apuestas";"1,40";"4,75";"7,00";"0,7142857142857143";"0,2105263157894737";"0,1428571428571428";"1,06766917293233";"0,0676691729323309";"0,6690140845070424";"0,1971830985915493";"0,1338028169014084";"1";"0,6917293233082706";"0,1879699248120301";"0,1203007518796992";"1";FALSE;"0,6942585733989529";"0,1845492905093994";"0,1211921360916477";"1,08451980283302";"1";"2";"0";"H";"1";"0";"0"
"13/03/2022";"Arsenal";"Leicester";"BW";"Casa de apuestas";"1,44";"4,75";"6,50";"0,6944444444444444";"0,2105263157894737";"0,1538461538461539";"1,05881691408007";"0,0588169140800718";"0,6558682952734997";"0,1988316516197557";"0,1453000531067446";"1";"0,6748388064177538";"0,1909206777627831";"0,1342405158194633";"1";FALSE;"0,6767351217232904";"0,1885244739808282";"0,1347404042958815";"1,07084247877565";"1";"2";"0";"H";"1";"0";"0"
"13/03/2022";"Arsenal";"Leicester";"IW";"Casa de apuestas";"1,45";"4,70";"6,75";"0,6896551724137931";"0,2127659574468085";"0,1481481481481481";"1,05056927800875";"0,0505692780087497";"0,6564585380994259";"0,2025244426051420";"0,1410170192954322";"1";"0,6727987464108766";"0,1959095314438919";"0,1312917221452315";"1";FALSE;"0,6743065592690043";"0,1937273193387070";"0,1319661213922886";"1,06057343069154";"1";"2";"0";"H";"1";"0";"0"
"13/03/2022";"Chelsea";"Newcastle";"B365";"Casa de apuestas";"1,40";"4,75";"7,50";"0,7142857142857143";"0,2105263157894737";"0,1333333333333333";"1,05814536340852";"0,0581453634085214";"0,6750355281856941";"0,1989578398863099";"0,1260066319279962";"1";"0,6949039264828738";"0,1911445279866332";"0,1139515455304928";"1";FALSE;"0,6969726231234951";"0,1879140129830402";"0,1151133638934648";"1,07292402718496";"1";"1";"0";"H";"1";"0";"0"
"13/03/2022";"Chelsea";"Newcastle";"BW";"Casa de apuestas";"1,38";"4,80";"8,50";"0,7246376811594204";"0,2083333333333333";"0,1176470588235294";"1,05061807331628";"0,0506180733162831";"0,6897251242519526";"0,1982959732224363";"0,1119789025256111";"1";"0,7077649900539927";"0,1914606422279056";"0,1007743677181017";"1";FALSE;"0,7095839899281782";"0,1880860118894325";"0,1023299981823893";"1,06517847463256";"1";"1";"0";"H";"1";"0";"0"
"13/03/2022";"Chelsea";"Newcastle";"IW";"Casa de apuestas";"1,43";"4,60";"8,00";"0,6993006993006994";"0,2173913043478261";"0,1250000000000000";"1,04169200364853";"0,0416920036485255";"0,6713123426611697";"0,2086905760881462";"0,1199970812506841";"1";"0,6854033647511909";"0,2034939697983176";"0,1111026654504915";"1";FALSE;"0,6865988763047985";"0,2010371164170111";"0,1123640072781904";"1,05124937101281";"1";"1";"0";"H";"1";"0";"0"
"13/03/2022";"Everton";"Wolves";"B365";"Casa de apuestas";"2,25";"3,00";"3,60";"0,4444444444444444";"0,3333333333333333";"0,2777777777777778";"1,05555555555556";"0,0555555555555554";"0,4210526315789474";"0,3157894736842106";"0,2631578947368421";"1";"0,4259259259259259";"0,3148148148148148";"0,2592592592592593";"1";FALSE;"0,4258243248718157";"0,3145559331765307";"0,2596197419516536";"1,05277665528282";"1";"0";"1";"A";"0";"0";"1"
"13/03/2022";"Everton";"Wolves";"BW";"Casa de apuestas";"2,20";"3,10";"3,50";"0,4545454545454545";"0,3225806451612903";"0,2857142857142857";"1,06284038542103";"0,0628403854210307";"0,4276704769412691";"0,3035080804099330";"0,2688214426487978";"1";"0,4335986594051109";"0,3016338500209467";"0,2647674905739421";"1";FALSE;"0,4335502987308795";"0,3014167701901340";"0,2650329310789864";"1,05997800532758";"1";"0";"1";"A";"0";"0";"1"
"13/03/2022";"Everton";"Wolves";"IW";"Casa de apuestas";"2,30";"3,05";"3,55";"0,4347826086956522";"0,3278688524590164";"0,2816901408450704";"1,04434160199974";"0,0443416019997391";"0,4163222147457464";"0,3139478996443333";"0,2697298856099201";"1";"0,4200020746957392";"0,3130883184591034";"0,2669096068451574";"1";FALSE;"0,4199048788635448";"0,3129356649998742";"0,2671594561365808";"1,04180281900799";"1";"0";"1";"A";"0";"0";"1"
"13/03/2022";"Leeds";"Norwich";"B365";"Casa de apuestas";"1,65";"4,00";"5,00";"0,6060606060606061";"0,2500000000000000";"0,2000000000000000";"1,05606060606061";"0,0560606060606061";"0,5738880918220947";"0,2367288378766140";"0,1893830703012913";"1";"0,5873737373737373";"0,2313131313131313";"0,1813131313131313";"1";FALSE;"0,5882000379923291";"0,2301320207263900";"0,1816679412812811";"1,05973317989315";"1";"2";"1";"H";"1";"0";"0"
"13/03/2022";"Leeds";"Norwich";"BW";"Casa de apuestas";"1,58";"4,00";"5,75";"0,6329113924050632";"0,2500000000000000";"0,1739130434782609";"1,05682443588332";"0,0568244358833241";"0,5988803541205572";"0,2365577398776201";"0,1645619060018227";"1";"0,6139699137772885";"0,2310585213722253";"0,1549715648504862";"1";FALSE;"0,6150000916834453";"0,2291683732638925";"0,1558315350526622";"1,06276006920879";"1";"2";"1";"H";"1";"0";"0"
"13/03/2022";"Leeds";"Norwich";"IW";"Casa de apuestas";"1,63";"4,20";"5,25";"0,6134969325153374";"0,2380952380952381";"0,1904761904761905";"1,04206836108677";"0,0420683610867660";"0,5887300252312868";"0,2284833193159518";"0,1827866554527614";"1";"0,5994741454864154";"0,2240724510663161";"0,1764534034472685";"1";FALSE;"0,6001100641430718";"0,2231554177598037";"0,1767345180971245";"1,04515572651935";"1";"2";"1";"H";"1";"0";"0"
"13/03/2022";"Southampton";"Watford";"B365";"Casa de apuestas";"1,66";"4,20";"4,75";"0,6024096385542169";"0,2380952380952381";"0,2105263157894737";"1,05103119243893";"0,0510311924389286";"0,5731605711494814";"0,2265348924066998";"0,2003045364438187";"1";"0,5853992410745741";"0,2210848406155952";"0,1935159183098308";"1";FALSE;"0,5861383288270664";"0,2203324128124042";"0,1935292583605294";"1,05402704788994";"1";"1";"2";"A";"0";"0";"1"
"13/03/2022";"Southampton";"Watford";"BW";"Casa de apuestas";"1,57";"4,20";"5,50";"0,6369426751592356";"0,2380952380952381";"0,1818181818181818";"1,05685609507266";"0,0568560950726555";"0,6026768243366641";"0,2252863367163245";"0,1720368389470114";"1";"0,6179906434683504";"0,2191432064043529";"0,1628661501272966";"1";FALSE;"0,6191247398974001";"0,2175444500678315";"0,1633308100347683";"1,06290051514439";"1";"1";"2";"A";"0";"0";"1"
"13/03/2022";"Southampton";"Watford";"IW";"Casa de apuestas";"1,67";"3,95";"4,90";"0,5988023952095809";"0,2531645569620253";"0,2040816326530612";"1,05604858482467";"0,0560485848246675";"0,5670216350027099";"0,2397281342922849";"0,1932502307050052";"1";"0,5801195336013584";"0,2344816953538028";"0,1853987710448387";"1";FALSE;"0,5808820282643502";"0,2333756264849612";"0,1857423452506886";"1,05924837353817";"1";"1";"2";"A";"0";"0";"1"
"13/03/2022";"West Ham";"Aston Villa";"B365";"Casa de apuestas";"2,40";"3,30";"2,90";"0,4166666666666667";"0,3030303030303030";"0,3448275862068966";"1,06452455590387";"0,0645245559038663";"0,3914110429447853";"0,2846625766871165";"0,3239263803680982";"1";"0,3951584813653779";"0,2815221177290142";"0,3233194009056078";"1";FALSE;"0,3950366509683573";"0,2817820538862814";"0,3231812951453613";"1,06089080225874";"1";"2";"1";"H";"1";"0";"0"
"13/03/2022";"West Ham";"Aston Villa";"BW";"Casa de apuestas";"2,45";"3,20";"2,95";"0,4081632653061224";"0,3125000000000000";"0,3389830508474576";"1,05964631615358";"0,0596463161535801";"0,3851882076915230";"0,2949097215138223";"0,3199020707946547";"1";"0,3882811599215957";"0,2926178946154733";"0,3191009454629309";"1";FALSE;"0,3881741956688273";"0,2927814189813067";"0,3190443853498659";"1,05603585392090";"1";"2";"1";"H";"1";"0";"0"
"13/03/2022";"West Ham";"Aston Villa";"IW";"Casa de apuestas";"2,50";"3,20";"2,90";"0,4000000000000000";"0,3125000000000000";"0,3448275862068966";"1,05732758620690";"0,0573275862068967";"0,3783122706889523";"0,2955564614757439";"0,3261312678353037";"1";"0,3808908045977011";"0,2933908045977011";"0,3257183908045977";"1";FALSE;"0,3807818253755107";"0,2935656154610062";"0,3256525591634832";"1,05373618994195";"1";"2";"1";"H";"1";"0";"0"
"14/03/2022";"Crystal Palace";"Man City";"B365";"Casa de apuestas";"9,00";"5,25";"1,33";"0,1111111111111111";"0,1904761904761905";"0,7518796992481203";"1,05346700083542";"0,0534670008354219";"0,1054718477398890";"0,1808088818398097";"0,7137192704203014";"1";"0,0932887774993038";"0,1726538568643832";"0,7340573656363130";"1";FALSE;"0,0947065199268752";"0,1688425720429707";"0,7364509080301542";"1,07270438226794";"1";"0";"0";"D";"0";"1";"0"
"14/03/2022";"Crystal Palace";"Man City";"BW";"Casa de apuestas";"9,25";"5,25";"1,33";"0,1081081081081081";"0,1904761904761905";"0,7518796992481203";"1,05046399783242";"0,0504639978324188";"0,1029146247098272";"0,1813257673458860";"0,7157596079442868";"1";"0,0912867754973018";"0,1736548578653842";"0,7350583666373139";"1";FALSE;"0,0927727378477324";"0,1699487909281044";"0,7372784712241632";"1,06876619817909";"1";"0";"0";"D";"0";"1";"0"
"14/03/2022";"Crystal Palace";"Man City";"IW";"Casa de apuestas";"10,00";"5,00";"1,33";"0,1000000000000000";"0,2000000000000000";"0,7518796992481203";"1,05187969924812";"0,0518796992481203";"0,0950679056468906";"0,1901358112937813";"0,7147962830593281";"1";"0,0827067669172932";"0,1827067669172932";"0,7345864661654135";"1";FALSE;"0,0848812474200179";"0,1783493564570458";"0,7367693961229362";"1,07118824664148";"1";"0";"0";"D";"0";"1";"0"
"16/03/2022";"Arsenal";"Liverpool";"B365";"Casa de apuestas";"3,50";"3,75";"2,00";"0,2857142857142857";"0,2666666666666667";"0,5000000000000000";"1,05238095238095";"0,0523809523809524";"0,2714932126696832";"0,2533936651583711";"0,4751131221719457";"1";"0,2682539682539682";"0,2492063492063493";"0,4825396825396825";"1";FALSE;"0,2680483142496864";"0,2493005905803625";"0,4826510951699511";"1,05094744239563";"1";"0";"2";"A";"0";"0";"1"
"16/03/2022";"Arsenal";"Liverpool";"BW";"Casa de apuestas";"3,50";"3,75";"1,95";"0,2857142857142857";"0,2666666666666667";"0,5128205128205129";"1,06520146520147";"0,0652014652014654";"0,2682255845942227";"0,2503438789546080";"0,4814305364511692";"1";"0,2639804639804639";"0,2449328449328449";"0,4910866910866911";"1";FALSE;"0,2636668676463753";"0,2450031137307251";"0,4913300186228995";"1,06410300364702";"1";"0";"2";"A";"0";"0";"1"
"16/03/2022";"Arsenal";"Liverpool";"IW";"Casa de apuestas";"3,50";"3,60";"2,05";"0,2857142857142857";"0,2777777777777778";"0,4878048780487805";"1,05129694154084";"0,0512969415408440";"0,2717731541152642";"0,2642238998342847";"0,4640029460504511";"1";"0,2686153052006710";"0,2606787972641631";"0,4707058975351658";"1";FALSE;"0,2685272945555915";"0,2607042439702975";"0,4707684614741109";"1,04952233388446";"1";"0";"2";"A";"0";"0";"1"
"16/03/2022";"Brighton";"Tottenham";"B365";"Casa de apuestas";"3,50";"3,40";"2,10";"0,2857142857142857";"0,2941176470588235";"0,4761904761904762";"1,05602240896359";"0,0560224089635852";"0,2705570291777188";"0,2785145888594164";"0,4509283819628647";"1";"0,2670401493930906";"0,2754435107376284";"0,4575163398692811";"1";FALSE;"0,2670834788814519";"0,2753681915514927";"0,4575483295670553";"1,05382586144543";"1";"0";"2";"A";"0";"0";"1"
"16/03/2022";"Brighton";"Tottenham";"BW";"Casa de apuestas";"3,50";"3,40";"2,10";"0,2857142857142857";"0,2941176470588235";"0,4761904761904762";"1,05602240896359";"0,0560224089635852";"0,2705570291777188";"0,2785145888594164";"0,4509283819628647";"1";"0,2670401493930906";"0,2754435107376284";"0,4575163398692811";"1";FALSE;"0,2670834788814519";"0,2753681915514927";"0,4575483295670553";"1,05382586144543";"1";"0";"2";"A";"0";"0";"1"
"16/03/2022";"Brighton";"Tottenham";"IW";"Casa de apuestas";"3,65";"3,30";"2,10";"0,2739726027397260";"0,3030303030303030";"0,4761904761904762";"1,05319338196051";"0,0531933819605053";"0,2601351351351351";"0,2877252252252252";"0,4521396396396397";"1";"0,2562414754195576";"0,2852991757101345";"0,4584593488703078";"1";FALSE;"0,2564320780297445";"0,2850942809552404";"0,4584736410150150";"1,05110287827612";"1";"0";"2";"A";"0";"0";"1"
"17/03/2022";"Everton";"Newcastle";"B365";"Casa de apuestas";"2,40";"3,25";"3,10";"0,4166666666666667";"0,3076923076923077";"0,3225806451612903";"1,04693961952026";"0,0469396195202647";"0,3979853841595892";"0,2938968990716966";"0,3081177167687142";"1";"0,4010201268265784";"0,2920457678522195";"0,3069341053212021";"1";FALSE;"0,4009287953685984";"0,2921488982300403";"0,3069223064013614";"1,04397952331730";"1";"1";"0";"H";"1";"0";"0"
"17/03/2022";"Everton";"Newcastle";"BW";"Casa de apuestas";"2,50";"3,00";"3,00";"0,4000000000000000";"0,3333333333333333";"0,3333333333333333";"1,06666666666667";"0,0666666666666667";"0,3750000000000000";"0,3125000000000000";"0,3125000000000000";"1";"0,3777777777777778";"0,3111111111111111";"0,3111111111111111";"1";FALSE;"0,3776813165015090";"0,3111593417492455";"0,3111593417492455";"1,06265891721884";"1";"1";"0";"H";"1";"0";"0"
"17/03/2022";"Everton";"Newcastle";"IW";"Casa de apuestas";"2,40";"3,15";"3,20";"0,4166666666666667";"0,3174603174603174";"0,3125000000000000";"1,04662698412698";"0,0466269841269842";"0,3981042654028436";"0,3033175355450236";"0,2985781990521327";"1";"0,4011243386243386";"0,3019179894179893";"0,2969576719576719";"1";FALSE;"0,4010355184115649";"0,3019433565724335";"0,2970211250160016";"1,04367551006710";"1";"1";"0";"H";"1";"0";"0"
"18/03/2022";"Wolves";"Leeds";"B365";"Casa de apuestas";"2,15";"3,50";"3,25";"0,4651162790697674";"0,2857142857142857";"0,3076923076923077";"1,05852287247636";"0,0585228724763609";"0,4394012554321583";"0,2699179140511830";"0,2906808305166586";"1";"0,4456086549109804";"0,2662066615554987";"0,2881846835335207";"1";FALSE;"0,4456012331207959";"0,2663584215539049";"0,2880403453252993";"1,05599579570420";"1";"2";"3";"A";"0";"0";"1"
"18/03/2022";"Wolves";"Leeds";"BW";"Casa de apuestas";"2,15";"3,40";"3,30";"0,4651162790697674";"0,2941176470588235";"0,3030303030303030";"1,06226422915889";"0,0622642291588940";"0,4378536585365853";"0,2768780487804878";"0,2852682926829268";"1";"0,4443615360168027";"0,2733629040058588";"0,2822755599773383";"1";FALSE;"0,4443670226684833";"0,2734228020379482";"0,2822101752935683";"1,05961921028520";"1";"2";"3";"A";"0";"0";"1"
"18/03/2022";"Wolves";"Leeds";"IW";"Casa de apuestas";"2,20";"3,30";"3,40";"0,4545454545454545";"0,3030303030303030";"0,2941176470588235";"1,05169340463458";"0,0516934046345812";"0,4322033898305085";"0,2881355932203390";"0,2796610169491525";"1";"0,4373143196672608";"0,2857991681521093";"0,2768865121806298";"1";FALSE;"0,4372757046806532";"0,2857678526118356";"0,2769564427075112";"1,04912633357969";"1";"2";"3";"A";"0";"0";"1"
"19/03/2022";"Aston Villa";"Arsenal";"B365";"Casa de apuestas";"2,80";"3,40";"2,45";"0,3571428571428572";"0,2941176470588235";"0,4081632653061224";"1,05942376950780";"0,0594237695078030";"0,3371104815864023";"0,2776203966005665";"0,3852691218130311";"1";"0,3373349339735895";"0,2743097238895558";"0,3883553421368547";"1";FALSE;"0,3371476798009507";"0,2746508285089564";"0,3882014916900929";"1,05595738336242";"1";"0";"1";"A";"0";"0";"1"
"19/03/2022";"Aston Villa";"Arsenal";"BW";"Casa de apuestas";"2,95";"3,40";"2,35";"0,3389830508474576";"0,2941176470588235";"0,4255319148936170";"1,05863261279990";"0,0586326127998982";"0,3202083959523094";"0,2778278729586213";"0,4019637310890692";"1";"0,3194388465808249";"0,2745734427921908";"0,4059877106269843";"1";FALSE;"0,3192770295648879";"0,2748509996131943";"0,4058719708219177";"1,05536204957907";"1";"0";"1";"A";"0";"0";"1"
"19/03/2022";"Aston Villa";"Arsenal";"IW";"Casa de apuestas";"2,90";"3,30";"2,50";"0,3448275862068966";"0,3030303030303030";"0,4000000000000000";"1,04785788923720";"0,0478578892371995";"0,3290785799760670";"0,2891902672516952";"0,3817311527722378";"1";"0,3288749564611634";"0,2870776732845698";"0,3840473702542668";"1";FALSE;"0,3287905374706932";"0,2872720324471534";"0,3839374300821533";"1,04472919878540";"1";"0";"1";"A";"0";"0";"1"
"20/03/2022";"Leicester";"Brentford";"B365";"Casa de apuestas";"2,10";"3,40";"3,60";"0,4761904761904762";"0,2941176470588235";"0,2777777777777778";"1,04808590102708";"0,0480859010270773";"0,4543429844097996";"0,2806236080178174";"0,2650334075723831";"1";"0,4601618425147838";"0,2780890133831311";"0,2617491441020854";"1";FALSE;"0,4601744578604878";"0,2779799640763886";"0,2618455780631236";"1,04611206147482";"1";"2";"1";"H";"1";"0";"0"
"20/03/2022";"Leicester";"Brentford";"BW";"Casa de apuestas";"2,10";"3,30";"3,50";"0,4761904761904762";"0,3030303030303030";"0,2857142857142857";"1,06493506493507";"0,0649350649350651";"0,4471544715447154";"0,2845528455284552";"0,2682926829268292";"1";"0,4545454545454545";"0,2813852813852813";"0,2640692640692640";"1";FALSE;"0,4545959408082414";"0,2812240603045699";"0,2641799988871888";"1,06255103932190";"1";"2";"1";"H";"1";"0";"0"
"20/03/2022";"Leicester";"Brentford";"IW";"Casa de apuestas";"2,15";"3,30";"3,45";"0,4651162790697674";"0,3030303030303030";"0,2898550724637681";"1,05800165456384";"0,0580016545638387";"0,4396177237185057";"0,2864176078772082";"0,2739646684042862";"1";"0,4457823942151545";"0,2836964181756901";"0,2705211876091552";"1";FALSE;"0,4457789598115139";"0,2836100244107399";"0,2706110157777462";"1,05547484968244";"1";"2";"1";"H";"1";"0";"0"
"20/03/2022";"Tottenham";"West Ham";"B365";"Casa de apuestas";"1,70";"3,75";"5,25";"0,5882352941176471";"0,2666666666666667";"0,1904761904761905";"1,04537815126050";"0,0453781512605043";"0,5627009646302251";"0,2550911039657021";"0,1822079314040729";"1";"0,5731092436974790";"0,2515406162464986";"0,1753501400560224";"1";FALSE;"0,5735672260018344";"0,2504098246052648";"0,1760229493929008";"1,04758864156060";"1";"3";"1";"H";"1";"0";"0"
"20/03/2022";"Tottenham";"West Ham";"BW";"Casa de apuestas";"1,70";"3,70";"5,00";"0,5882352941176471";"0,2702702702702702";"0,2000000000000000";"1,05850556438792";"0,0585055643879173";"0,5557224391709222";"0,2553319315109642";"0,1889456293181136";"1";"0,5687334393216746";"0,2507684154742977";"0,1804981452040276";"1";FALSE;"0,5693894308256437";"0,2494193455506908";"0,1811912236236654";"1,06136577751593";"1";"3";"1";"H";"1";"0";"0"
"20/03/2022";"Tottenham";"West Ham";"IW";"Casa de apuestas";"1,73";"3,75";"4,90";"0,5780346820809249";"0,2666666666666667";"0,2040816326530612";"1,04878298140065";"0,0487829814006528";"0,5511480376130415";"0,2542629613521499";"0,1945890010348085";"1";"0,5617736882807073";"0,2504056728664491";"0,1878206388528436";"1";FALSE;"0,5622392578316235";"0,2494322807581340";"0,1883284614102423";"1,05054789881408";"1";"3";"1";"H";"1";"0";"0"
"02/04/2022";"Brighton";"Norwich";"B365";"Casa de apuestas";"1,50";"4,20";"7,00";"0,6666666666666666";"0,2380952380952381";"0,1428571428571428";"1,04761904761905";"0,0476190476190474";"0,6363636363636365";"0,2272727272727273";"0,1363636363636363";"1";"0,6507936507936508";"0,2222222222222223";"0,1269841269841270";"1";FALSE;"0,6518536896660770";"0,2198930609722040";"0,1282532493617190";"1,05541792877513";"1";"0";"0";"D";"0";"1";"0"
"02/04/2022";"Brighton";"Norwich";"BW";"Casa de apuestas";"1,49";"4,00";"7,25";"0,6711409395973155";"0,2500000000000000";"0,1379310344827586";"1,05907197408007";"0,0590719740800740";"0,6337066375307293";"0,2360557224801967";"0,1302376399890740";"1";"0,6514502815706241";"0,2303093419733087";"0,1182403764560673";"1";FALSE;"0,6527883855698594";"0,2270282593754112";"0,1201833550547294";"1,06952810325992";"1";"0";"0";"D";"0";"1";"0"
"02/04/2022";"Brighton";"Norwich";"IW";"Casa de apuestas";"1,55";"4,00";"6,25";"0,6451612903225806";"0,2500000000000000";"0,1600000000000000";"1,05516129032258";"0,0551612903225807";"0,6114338122898196";"0,2369306022623051";"0,1516355854478753";"1";"0,6267741935483870";"0,2316129032258064";"0,1416129032258064";"1";FALSE;"0,6278373051448369";"0,2293755199041883";"0,1427871749509749";"1,06210833345247";"1";"0";"0";"D";"0";"1";"0"
"02/04/2022";"Burnley";"Man City";"B365";"Casa de apuestas";"19,00";"7,00";"1,16";"0,0526315789473684";"0,1428571428571428";"0,8620689655172414";"1,05755768732175";"0,0575576873217527";"0,0497670997793577";"0,1350821279725422";"0,8151507722481001";"1";"0,0334456831734508";"0,1236712470832252";"0,8428830697433238";"1";FALSE;"0,0377050592174603";"0,1145977658699760";"0,8476971749125637";"1,11327183887170";"1";"0";"2";"A";"0";"0";"1"
"02/04/2022";"Burnley";"Man City";"BW";"Casa de apuestas";"13,00";"6,25";"1,23";"0,0769230769230769";"0,1600000000000000";"0,8130081300813008";"1,04993120700438";"0,0499312070043778";"0,0732648733649424";"0,1523909365990803";"0,7743441900359773";"1";"0,0602793412549510";"0,1433562643318741";"0,7963643944131749";"1";FALSE;"0,0625173531780199";"0,1379677406565890";"0,7995149061653911";"1,08084438465210";"1";"0";"2";"A";"0";"0";"1"
"02/04/2022";"Burnley";"Man City";"IW";"Casa de apuestas";"15,00";"6,50";"1,20";"0,0666666666666667";"0,1538461538461539";"0,8333333333333334";"1,05384615384615";"0,0538461538461539";"0,0632603406326034";"0,1459854014598540";"0,7907542579075424";"1";"0,0487179487179487";"0,1358974358974359";"0,8153846153846154";"1";FALSE;"0,0517151620128432";"0,1290784356299539";"0,8192064023572030";"1,09377746031072";"1";"0";"2";"A";"0";"0";"1"
"02/04/2022";"Chelsea";"Brentford";"B365";"Casa de apuestas";"1,40";"4,50";"8,50";"0,7142857142857143";"0,2222222222222222";"0,1176470588235294";"1,05415499533147";"0,0541549953314659";"0,6775907883082374";"0,2108060230292294";"0,1116031886625332";"1";"0,6962340491752257";"0,2041705571117336";"0,0995953937130408";"1";FALSE;"0,6979850667044432";"0,2004336457100779";"0,1015812875854789";"1,06860992296267";"1";"1";"4";"A";"0";"0";"1"
"02/04/2022";"Chelsea";"Brentford";"BW";"Casa de apuestas";"1,37";"4,80";"8,75";"0,7299270072992701";"0,2083333333333333";"0,1142857142857143";"1,05254605491832";"0,0525460549183177";"0,6934870012466254";"0,1979327482724743";"0,1085802504809002";"1";"0,7124116556598309";"0,1908179816938941";"0,0967703626462751";"1";FALSE;"0,7143642040244507";"0,1871206395299826";"0,0985151564455666";"1,06845896424907";"1";"1";"4";"A";"0";"0";"1"
"02/04/2022";"Chelsea";"Brentford";"IW";"Casa de apuestas";"1,40";"4,60";"8,50";"0,7142857142857143";"0,2173913043478261";"0,1176470588235294";"1,04932407745707";"0,0493240774570698";"0,6807103064066853";"0,2071727019498607";"0,1121169916434540";"1";"0,6978443551333577";"0,2009499451954695";"0,1012056996711728";"1";FALSE;"0,6994355606425183";"0,1976330052284826";"0,1029314341289992";"1,06244014286669";"1";"1";"4";"A";"0";"0";"1"
"02/04/2022";"Leeds";"Southampton";"B365";"Casa de apuestas";"2,40";"3,60";"2,80";"0,4166666666666667";"0,2777777777777778";"0,3571428571428572";"1,05158730158730";"0,0515873015873016";"0,3962264150943396";"0,2641509433962264";"0,3396226415094340";"1";"0,3994708994708995";"0,2605820105820106";"0,3399470899470900";"1";FALSE;"0,3992987520518669";"0,2610014086522106";"0,3396998392959224";"1,04863297921101";"1";"1";"1";"D";"0";"1";"0"
"02/04/2022";"Leeds";"Southampton";"BW";"Casa de apuestas";"2,35";"3,60";"2,80";"0,4255319148936170";"0,2777777777777778";"0,3571428571428572";"1,06045254981425";"0,0604525498142521";"0,4012738853503184";"0,2619426751592356";"0,3367834394904459";"1";"0,4053810649555330";"0,2576269278396938";"0,3369920072047732";"1";FALSE;"0,4051997205847417";"0,2581191038172622";"0,3366811755979962";"1,05730218830592";"1";"1";"1";"D";"0";"1";"0"
"02/04/2022";"Leeds";"Southampton";"IW";"Casa de apuestas";"2,40";"3,55";"2,80";"0,4166666666666667";"0,2816901408450704";"0,3571428571428572";"1,05549966465459";"0,0554996646545942";"0,3947577442414615";"0,2668784749801429";"0,3383637807783956";"1";"0,3981667784484686";"0,2631902526268723";"0,3386429689246591";"1";FALSE;"0,3979957560812871";"0,2636077263789808";"0,3383965175397321";"1,05236646102471";"1";"1";"1";"D";"0";"1";"0"
"02/04/2022";"Liverpool";"Watford";"B365";"Casa de apuestas";"1,14";"8,50";"15,00";"0,8771929824561404";"0,1176470588235294";"0,0666666666666667";"1,06150670794634";"0,0615067079463365";"0,8263659342796034";"0,1108302547151468";"0,0628038110052499";"1";"0,8566907464740282";"0,0971448228414172";"0,0461644306845545";"1";FALSE;"0,8628129825104387";"0,0898123401070189";"0,0473746773825424";"1,12614877827178";"1";"2";"0";"H";"1";"0";"0"
"02/04/2022";"Liverpool";"Watford";"BW";"Casa de apuestas";"1,16";"7,50";"21,00";"0,8620689655172414";"0,1333333333333333";"0,0476190476190476";"1,04302134646962";"0,0430213464696223";"0,8265113350125946";"0,1278337531486146";"0,0456549118387909";"1";"0,8477285166940340";"0,1189928845101259";"0,0332785987958402";"1";FALSE;"0,8511611864143148";"0,1121663268118856";"0,0366724867737996";"1,08579540859994";"1";"2";"0";"H";"1";"0";"0"
"02/04/2022";"Liverpool";"Watford";"IW";"Casa de apuestas";"1,15";"8,00";"20,00";"0,8695652173913044";"0,1250000000000000";"0,0500000000000000";"1,04456521739130";"0,0445652173913045";"0,8324661810613944";"0,1196670135275754";"0,0478668054110302";"1";"0,8547101449275363";"0,1101449275362318";"0,0351449275362318";"1";FALSE;"0,8585504816385015";"0,1034041770694497";"0,0380453412920488";"1,09121120986198";"1";"2";"0";"H";"1";"0";"0"
"02/04/2022";"Man United";"Leicester";"B365";"Casa de apuestas";"1,53";"4,33";"5,75";"0,6535947712418301";"0,2309468822170901";"0,1739130434782609";"1,05845469693718";"0,0584546969371811";"0,6174990513369328";"0,2181925054377615";"0,1643084432253056";"1";"0,6341098722627697";"0,2114619832380297";"0,1544281444992005";"1";FALSE;"0,6354698466357117";"0,2096144598957499";"0,1549156934685385";"1,06612987533482";"1";"1";"1";"D";"0";"1";"0"
"02/04/2022";"Man United";"Leicester";"BW";"Casa de apuestas";"1,51";"4,60";"5,75";"0,6622516556291391";"0,2173913043478261";"0,1739130434782609";"1,05355600345523";"0,0535560034552263";"0,6285870456408854";"0,2063405301995080";"0,1650724241596064";"1";"0,6443996544773970";"0,1995393031960840";"0,1560610423265188";"1";FALSE;"0,6457506738550692";"0,1979992891839593";"0,1562500369609716";"1,06122679390335";"1";"1";"1";"D";"0";"1";"0"
"02/04/2022";"Man United";"Leicester";"IW";"Casa de apuestas";"1,63";"4,10";"5,25";"0,6134969325153374";"0,2439024390243903";"0,1904761904761905";"1,04787556201592";"0,0478755620159181";"0,5854673539051557";"0,2327589724061961";"0,1817736736886483";"1";"0,5975384118433648";"0,2279439183524176";"0,1745176698042178";"1";FALSE;"0,5982704610460020";"0,2268270355798927";"0,1749025033741054";"1,05143955073861";"1";"1";"1";"D";"0";"1";"0"
"02/04/2022";"Wolves";"Aston Villa";"B365";"Casa de apuestas";"3,00";"3,10";"2,50";"0,3333333333333333";"0,3225806451612903";"0,4000000000000000";"1,05591397849462";"0,0559139784946237";"0,3156822810590631";"0,3054989816700611";"0,3788187372708758";"1";"0,3146953405017921";"0,3039426523297491";"0,3813620071684588";"1";FALSE;"0,3147038915045402";"0,3040298372544014";"0,3812662712410584";"1,05234860482970";"1";"2";"1";"H";"1";"0";"0"
"02/04/2022";"Wolves";"Aston Villa";"BW";"Casa de apuestas";"2,90";"3,00";"2,60";"0,3448275862068966";"0,3333333333333333";"0,3846153846153846";"1,06277630415561";"0,0627763041556144";"0,3244592346089851";"0,3136439267886855";"0,3618968386023295";"1";"0,3239021514883584";"0,3124078986147952";"0,3636899498968464";"1";FALSE;"0,3239065984234856";"0,3124863327652102";"0,3636070688113043";"1,05878530388878";"1";"2";"1";"H";"1";"0";"0"
"02/04/2022";"Wolves";"Aston Villa";"IW";"Casa de apuestas";"3,00";"3,00";"2,60";"0,3333333333333333";"0,3333333333333333";"0,3846153846153846";"1,05128205128205";"0,0512820512820511";"0,3170731707317074";"0,3170731707317074";"0,3658536585365854";"1";"0,3162393162393163";"0,3162393162393163";"0,3675213675213675";"1";FALSE;"0,3162788884546537";"0,3162788884546537";"0,3674422230906925";"1,04780449672164";"1";"2";"1";"H";"1";"0";"0"
"03/04/2022";"Tottenham";"Newcastle";"B365";"Casa de apuestas";"1,53";"4,20";"6,00";"0,6535947712418301";"0,2380952380952381";"0,1666666666666667";"1,05835667600373";"0,0583566760037348";"0,6175562417291575";"0,2249669166299074";"0,1574768416409352";"1";"0,6341425459072518";"0,2186430127606598";"0,1472144413320884";"1";FALSE;"0,6354532202834264";"0,2165194757464452";"0,1480273039701284";"1,06619139943595";"1";"5";"1";"H";"1";"0";"0"
"03/04/2022";"Tottenham";"Newcastle";"BW";"Casa de apuestas";"1,53";"4,20";"6,00";"0,6535947712418301";"0,2380952380952381";"0,1666666666666667";"1,05835667600373";"0,0583566760037348";"0,6175562417291575";"0,2249669166299074";"0,1574768416409352";"1";"0,6341425459072518";"0,2186430127606598";"0,1472144413320884";"1";FALSE;"0,6354532202834264";"0,2165194757464452";"0,1480273039701284";"1,06619139943595";"1";"5";"1";"H";"1";"0";"0"
"03/04/2022";"Tottenham";"Newcastle";"IW";"Casa de apuestas";"1,55";"4,20";"6,00";"0,6451612903225806";"0,2380952380952381";"0,1666666666666667";"1,04992319508449";"0,0499231950844854";"0,6144842721287491";"0,2267739575713241";"0,1587417702999269";"1";"0,6285202252944189";"0,2214541730670763";"0,1500256016385049";"1";FALSE;"0,6295251087490342";"0,2197149727831643";"0,1507599184678014";"1,05598250428469";"1";"5";"1";"H";"1";"0";"0"
"03/04/2022";"West Ham";"Everton";"B365";"Casa de apuestas";"1,75";"3,75";"4,75";"0,5714285714285714";"0,2666666666666667";"0,2105263157894737";"1,04862155388471";"0,0486215538847117";"0,5449330783938814";"0,2543021032504780";"0,2007648183556405";"1";"0,5552213868003342";"0,2504594820384295";"0,1943191311612365";"1";FALSE;"0,5556540667909700";"0,2496054458817933";"0,1947404873272368";"1,05002284257490";"1";"2";"1";"H";"1";"0";"0"
"03/04/2022";"West Ham";"Everton";"BW";"Casa de apuestas";"1,78";"3,70";"4,40";"0,5617977528089888";"0,2702702702702702";"0,2272727272727273";"1,05934075035199";"0,0593407503519863";"0,5303277086455144";"0,2551306274024366";"0,2145416639520490";"1";"0,5420175026916600";"0,2504900201529414";"0,2074924771553985";"1";FALSE;"0,5425285838860213";"0,2496929455357713";"0,2077784705782072";"1,06052780532213";"1";"2";"1";"H";"1";"0";"0"
"03/04/2022";"West Ham";"Everton";"IW";"Casa de apuestas";"1,77";"3,75";"4,60";"0,5649717514124294";"0,2666666666666667";"0,2173913043478261";"1,04902972242692";"0,0490297224269223";"0,5385660094600290";"0,2542031564651337";"0,2072308340748373";"1";"0,5486285106034553";"0,2503234258576926";"0,2010480635388520";"1";FALSE;"0,5490360861110696";"0,2495768214186929";"0,2013870924702374";"1,05010961004972";"1";"2";"1";"H";"1";"0";"0"
"04/04/2022";"Crystal Palace";"Arsenal";"B365";"Casa de apuestas";"4,00";"3,40";"1,95";"0,2500000000000000";"0,2941176470588235";"0,5128205128205129";"1,05693815987934";"0,0569381598793366";"0,2365322868355333";"0,2782732786300392";"0,4851944345344275";"1";"0,2310206133735545";"0,2751382604323779";"0,4938411261940673";"1";FALSE;"0,2313395521002488";"0,2746505959753011";"0,4940098519244502";"1,05595807519874";"1";"3";"0";"H";"1";"0";"0"
"04/04/2022";"Crystal Palace";"Arsenal";"BW";"Casa de apuestas";"3,90";"3,30";"1,98";"0,2564102564102564";"0,3030303030303030";"0,5050505050505051";"1,06449106449106";"0,0644910644910646";"0,2408759124087591";"0,2846715328467153";"0,4744525547445256";"1";"0,2349132349132348";"0,2815332815332814";"0,4835534835534835";"1";FALSE;"0,2352792422894114";"0,2810082382481541";"0,4837125194624345";"1,06319407330792";"1";"3";"0";"H";"1";"0";"0"
"04/04/2022";"Crystal Palace";"Arsenal";"IW";"Casa de apuestas";"3,85";"3,35";"2,05";"0,2597402597402597";"0,2985074626865671";"0,4878048780487805";"1,04605260047561";"0,0460526004756074";"0,2483051613486396";"0,2853656331917201";"0,4663292054596403";"1";"0,2443893929150572";"0,2831565958613646";"0,4724540112235780";"1";FALSE;"0,2446304847397892";"0,2828866798230956";"0,4724828354371152";"1,04445848081927";"1";"3";"0";"H";"1";"0";"0"
"06/04/2022";"Burnley";"Everton";"B365";"Casa de apuestas";"2,45";"3,10";"3,10";"0,4081632653061224";"0,3225806451612903";"0,3225806451612903";"1,05332455562870";"0,0533245556287030";"0,3875000000000000";"0,3062500000000000";"0,3062500000000000";"1";"0,3903884134298881";"0,3048057932850560";"0,3048057932850560";"1";FALSE;"0,3902938665248439";"0,3048530667375780";"0,3048530667375780";"1,04995859101638";"1";"3";"2";"H";"1";"0";"0"
"06/04/2022";"Burnley";"Everton";"BW";"Casa de apuestas";"2,45";"3,10";"3,10";"0,4081632653061224";"0,3225806451612903";"0,3225806451612903";"1,05332455562870";"0,0533245556287030";"0,3875000000000000";"0,3062500000000000";"0,3062500000000000";"1";"0,3903884134298881";"0,3048057932850560";"0,3048057932850560";"1";FALSE;"0,3902938665248439";"0,3048530667375780";"0,3048530667375780";"1,04995859101638";"1";"3";"2";"H";"1";"0";"0"
"06/04/2022";"Burnley";"Everton";"IW";"Casa de apuestas";"2,50";"3,10";"3,05";"0,4000000000000000";"0,3225806451612903";"0,3278688524590164";"1,05044949762031";"0,0504494976203067";"0,3807893677003625";"0,3070881997583568";"0,3121224325412807";"1";"0,3831835007932311";"0,3057641459545214";"0,3110523532522475";"1";FALSE;"0,3830916873205626";"0,3058281991376196";"0,3110801135418177";"1,04713590631536";"1";"3";"2";"H";"1";"0";"0"
"08/04/2022";"Newcastle";"Wolves";"B365";"Casa de apuestas";"1,95";"3,20";"4,33";"0,5128205128205129";"0,3125000000000000";"0,2309468822170901";"1,05626739503760";"0,0562673950376029";"0,4855025490986177";"0,2958531158569702";"0,2186443350444121";"1";"0,4940647144746452";"0,2937442016541323";"0,2121910838712225";"1";FALSE;"0,4941507482503165";"0,2929533742456823";"0,2128958775040013";"1,05553106660379";"1";"1";"0";"H";"1";"0";"0"
"08/04/2022";"Newcastle";"Wolves";"BW";"Casa de apuestas";"1,98";"3,25";"4,00";"0,5050505050505051";"0,3076923076923077";"0,2500000000000000";"1,06274281274281";"0,0627428127428127";"0,4752330469749589";"0,2895265947724365";"0,2352403582526047";"1";"0,4841362341362342";"0,2867780367780368";"0,2290857290857291";"1";FALSE;"0,4842661106339601";"0,2861710950976905";"0,2295627942683495";"1,06151962729499";"1";"1";"0";"H";"1";"0";"0"
"08/04/2022";"Newcastle";"Wolves";"IW";"Casa de apuestas";"1,97";"3,25";"4,30";"0,5076142131979695";"0,3076923076923077";"0,2325581395348837";"1,04786466042516";"0,0478646604251609";"0,4844272665823179";"0,2936374508206666";"0,2219352825970154";"1";"0,4916593263895825";"0,2917374208839207";"0,2166032527264967";"1";FALSE;"0,4917086470021809";"0,2911269636673889";"0,2171643893304303";"1,04695250902935";"1";"1";"0";"H";"1";"0";"0"
"09/04/2022";"Arsenal";"Brighton";"B365";"Casa de apuestas";"1,57";"3,75";"6,00";"0,6369426751592356";"0,2666666666666667";"0,1666666666666667";"1,07027600849257";"0,0702760084925691";"0,5951200158698670";"0,2491569133108510";"0,1557230708192819";"1";"0,6135173389950459";"0,2432413305024770";"0,1432413305024770";"1";FALSE;"0,6147942661596639";"0,2403972522239191";"0,1448084816164169";"1,07846128860112";"1";"1";"2";"A";"0";"0";"1"
"09/04/2022";"Arsenal";"Brighton";"BW";"Casa de apuestas";"1,68";"3,50";"5,75";"0,5952380952380952";"0,2857142857142857";"0,1739130434782609";"1,05486542443064";"0,0548654244306417";"0,5642787046123651";"0,2708537782139352";"0,1648675171736997";"1";"0,5769496204278813";"0,2674258109040718";"0,1556245686680470";"1";FALSE;"0,5774557199332008";"0,2655367594363933";"0,1570075206304059";"1,05846199768779";"1";"1";"2";"A";"0";"0";"1"
"09/04/2022";"Arsenal";"Brighton";"IW";"Casa de apuestas";"1,60";"3,75";"6,25";"0,6250000000000000";"0,2666666666666667";"0,1600000000000000";"1,05166666666667";"0,0516666666666665";"0,5942947702060222";"0,2535657686212361";"0,1521394611727417";"1";"0,6077777777777779";"0,2494444444444446";"0,1427777777777778";"1";FALSE;"0,6085036225071788";"0,2473429527114826";"0,1441534247813385";"1,05691186724271";"1";"1";"2";"A";"0";"0";"1"
"09/04/2022";"Aston Villa";"Tottenham";"B365";"Casa de apuestas";"3,30";"3,40";"2,20";"0,3030303030303030";"0,2941176470588235";"0,4545454545454545";"1,05169340463458";"0,0516934046345812";"0,2881355932203390";"0,2796610169491525";"0,4322033898305085";"1";"0,2857991681521093";"0,2768865121806298";"0,4373143196672608";"1";FALSE;"0,2857678526118356";"0,2769564427075112";"0,4372757046806532";"1,04912633357969";"1";"0";"4";"A";"0";"0";"1"
"09/04/2022";"Aston Villa";"Tottenham";"BW";"Casa de apuestas";"3,10";"3,60";"2,20";"0,3225806451612903";"0,2777777777777778";"0,4545454545454545";"1,05490387748452";"0,0549038774845227";"0,3057915057915058";"0,2633204633204633";"0,4308880308880308";"1";"0,3042793526664494";"0,2594764852829369";"0,4362441620506136";"1";FALSE;"0,3040439485562435";"0,2597757817693923";"0,4361802696743642";"1,05230758217031";"1";"0";"4";"A";"0";"0";"1"
"09/04/2022";"Aston Villa";"Tottenham";"IW";"Casa de apuestas";"3,30";"3,45";"2,20";"0,3030303030303030";"0,2898550724637681";"0,4545454545454545";"1,04743083003953";"0,0474308300395256";"0,2893081761006290";"0,2767295597484278";"0,4339622641509435";"1";"0,2872200263504611";"0,2740447957839263";"0,4387351778656126";"1";FALSE;"0,2871711557276239";"0,2741362563622887";"0,4386925879100874";"1,04502336835270";"1";"0";"4";"A";"0";"0";"1"
"09/04/2022";"Everton";"Man United";"B365";"Casa de apuestas";"4,00";"3,75";"1,90";"0,2500000000000000";"0,2666666666666667";"0,5263157894736842";"1,04298245614035";"0,0429824561403507";"0,2396972245584525";"0,2556770395290160";"0,5046257359125315";"1";"0,2356725146198831";"0,2523391812865498";"0,5119883040935673";"1";FALSE;"0,2357131657240606";"0,2521171122357193";"0,5121697220402202";"1,04244787626516";"1";"1";"0";"H";"1";"0";"0"
"09/04/2022";"Everton";"Man United";"BW";"Casa de apuestas";"3,80";"3,75";"1,88";"0,2631578947368421";"0,2666666666666667";"0,5319148936170213";"1,06173945502053";"0,0617394550205299";"0,2478554352411756";"0,2511601743777247";"0,5009843903810997";"1";"0,2425780763966655";"0,2460868483264901";"0,5113350752768446";"1";FALSE;"0,2424409047586217";"0,2458733933036882";"0,5116857019376901";"1,06142034289728";"1";"1";"0";"H";"1";"0";"0"
"09/04/2022";"Everton";"Man United";"IW";"Casa de apuestas";"3,90";"3,75";"1,90";"0,2564102564102564";"0,2666666666666667";"0,5263157894736842";"1,04939271255061";"0,0493927125506073";"0,2443415637860082";"0,2541152263374486";"0,5015432098765432";"1";"0,2399460188933873";"0,2502024291497976";"0,5098515519568151";"1";FALSE;"0,2399242503431475";"0,2499995408962777";"0,5100762087605749";"1,04882925847713";"1";"1";"0";"H";"1";"0";"0"
"09/04/2022";"Southampton";"Chelsea";"B365";"Casa de apuestas";"3,60";"3,60";"2,00";"0,2777777777777778";"0,2777777777777778";"0,5000000000000000";"1,05555555555556";"0,0555555555555556";"0,2631578947368421";"0,2631578947368421";"0,4736842105263158";"1";"0,2592592592592592";"0,2592592592592592";"0,4814814814814815";"1";FALSE;"0,2591941291606339";"0,2591941291606339";"0,4816117416787322";"1,05405752950241";"1";"0";"6";"A";"0";"0";"1"
"09/04/2022";"Southampton";"Chelsea";"BW";"Casa de apuestas";"3,80";"3,60";"1,93";"0,2631578947368421";"0,2777777777777778";"0,5181347150259068";"1,05907038754053";"0,0590703875405267";"0,2484800801087189";"0,2622845290036478";"0,4892353908876332";"1";"0,2434677655566665";"0,2580876485976022";"0,4984445858457313";"1";FALSE;"0,2434889563292580";"0,2578259993943503";"0,4986850442763918";"1,05818918544370";"1";"0";"6";"A";"0";"0";"1"
"09/04/2022";"Southampton";"Chelsea";"IW";"Casa de apuestas";"3,70";"3,55";"2,00";"0,2702702702702702";"0,2816901408450704";"0,5000000000000000";"1,05196041111534";"0,0519604111153407";"0,2569205717387370";"0,2677763705445992";"0,4753030577166636";"1";"0,2529501332318232";"0,2643700038066235";"0,4826798629615531";"1";FALSE;"0,2529827991278295";"0,2642241040854627";"0,4827930967867077";"1,05052304701063";"1";"0";"6";"A";"0";"0";"1"
"09/04/2022";"Watford";"Leeds";"B365";"Casa de apuestas";"2,80";"3,30";"2,55";"0,3571428571428572";"0,3030303030303030";"0,3921568627450981";"1,05233002291826";"0,0523300229182584";"0,3393829401088929";"0,2879612825166363";"0,3726557773744706";"1";"0,3396995161701044";"0,2855869620575502";"0,3747135217723453";"1";FALSE;"0,3395856138951283";"0,2858247401250850";"0,3745896459797867";"1,04895961491265";"1";"0";"3";"A";"0";"0";"1"
"09/04/2022";"Watford";"Leeds";"BW";"Casa de apuestas";"2,65";"3,50";"2,50";"0,3773584905660378";"0,2857142857142857";"0,4000000000000000";"1,06307277628032";"0,0630727762803236";"0,3549695740365112";"0,2687626774847870";"0,3762677484787018";"1";"0,3563342318059299";"0,2646900269541778";"0,3789757412398921";"1";FALSE;"0,3560765503786021";"0,2651700063603309";"0,3787534432610672";"1,05956526385000";"1";"0";"3";"A";"0";"0";"1"
"09/04/2022";"Watford";"Leeds";"IW";"Casa de apuestas";"2,75";"3,35";"2,55";"0,3636363636363636";"0,2985074626865671";"0,3921568627450981";"1,05430068906803";"0,0543006890680289";"0,3449076410618754";"0,2831331381851215";"0,3719592207530030";"1";"0,3455361339470207";"0,2804072329972241";"0,3740566330557551";"1";FALSE;"0,3453902856380618";"0,2806959873650909";"0,3739137269968473";"1,05088896851957";"1";"0";"3";"A";"0";"0";"1"
"10/04/2022";"Brentford";"West Ham";"B365";"Casa de apuestas";"2,62";"3,25";"2,60";"0,3816793893129771";"0,3076923076923077";"0,3846153846153846";"1,07398708162067";"0,0739870816206694";"0,3553854565336250";"0,2864953526517223";"0,3581191908146528";"1";"0,3570170287727540";"0,2830299471520846";"0,3599530240751614";"1";FALSE;"0,3568443516509198";"0,2833738077254864";"0,3597818406235936";"1,06985367345505";"1";"2";"0";"H";"1";"0";"0"
"10/04/2022";"Brentford";"West Ham";"BW";"Casa de apuestas";"2,60";"3,10";"2,80";"0,3846153846153846";"0,3225806451612903";"0,3571428571428572";"1,06433888691953";"0,0643388869195320";"0,3613655287260616";"0,3030807660283097";"0,3355537052456287";"1";"0,3631690889755406";"0,3011343495214463";"0,3356965615030132";"1";FALSE;"0,3630705366988495";"0,3012965069078383";"0,3356329563933124";"1,06033072957102";"1";"2";"0";"H";"1";"0";"0"
"10/04/2022";"Brentford";"West Ham";"IW";"Casa de apuestas";"2,65";"3,20";"2,75";"0,3773584905660378";"0,3125000000000000";"0,3636363636363636";"1,05349485420240";"0,0534948542024014";"0,3581968047216852";"0,2966317289101455";"0,3451714663681693";"1";"0,3595268724985707";"0,2946683819325329";"0,3458047455688965";"1";FALSE;"0,3594259727777162";"0,2948584361332321";"0,3457155910890516";"1,04995835882956";"1";"2";"0";"H";"1";"0";"0"
"10/04/2022";"Leicester";"Crystal Palace";"B365";"Casa de apuestas";"2,40";"3,20";"3,00";"0,4166666666666667";"0,3125000000000000";"0,3333333333333333";"1,06250000000000";"0,0625000000000000";"0,3921568627450980";"0,2941176470588235";"0,3137254901960784";"1";"0,3958333333333334";"0,2916666666666667";"0,3125000000000000";"1";FALSE;"0,3957323615167885";"0,2918141326352384";"0,3124535058479730";"1,05888093020652";"1";"2";"1";"H";"1";"0";"0"
"10/04/2022";"Leicester";"Crystal Palace";"BW";"Casa de apuestas";"2,50";"3,30";"2,80";"0,4000000000000000";"0,3030303030303030";"0,3571428571428572";"1,06017316017316";"0,0601731601731603";"0,3772968558595345";"0,2858309514087382";"0,3368721927317272";"1";"0,3799422799422799";"0,2829725829725829";"0,3370851370851371";"1";FALSE;"0,3798048488536008";"0,2832496202639497";"0,3369455308824495";"1,05653989519775";"1";"2";"1";"H";"1";"0";"0"
"10/04/2022";"Leicester";"Crystal Palace";"IW";"Casa de apuestas";"2,50";"3,20";"2,95";"0,4000000000000000";"0,3125000000000000";"0,3389830508474576";"1,05148305084746";"0,0514830508474575";"0,3804150715293170";"0,2971992746322789";"0,3223856538384042";"1";"0,3828389830508475";"0,2953389830508475";"0,3218220338983051";"1";FALSE;"0,3827382515348842";"0,2954816144262031";"0,3217801340389126";"1,04814324360842";"1";"2";"1";"H";"1";"0";"0"
"10/04/2022";"Man City";"Liverpool";"B365";"Casa de apuestas";"1,95";"3,75";"3,80";"0,5128205128205129";"0,2666666666666667";"0,2631578947368421";"1,04264507422402";"0,0426450742240216";"0,4918457157649496";"0,2557597721977738";"0,2523945120372767";"1";"0,4986054880791724";"0,2524516419253262";"0,2489428699955016";"1";FALSE;"0,4987325786131773";"0,2523627675317279";"0,2489046538550949";"1,04171105682869";"1";"2";"2";"D";"0";"1";"0"
"10/04/2022";"Man City";"Liverpool";"BW";"Casa de apuestas";"1,93";"3,75";"3,60";"0,5181347150259068";"0,2666666666666667";"0,2777777777777778";"1,06257915947035";"0,0625791594703511";"0,4876198732188330";"0,2509616947499594";"0,2614184320312076";"1";"0,4972749952024564";"0,2458069468432164";"0,2569180579543274";"1";FALSE;"0,4975395796318071";"0,2457868829401097";"0,2566735374280834";"1,06168658809223";"1";"2";"2";"D";"0";"1";"0"
"10/04/2022";"Man City";"Liverpool";"IW";"Casa de apuestas";"2,00";"3,60";"3,60";"0,5000000000000000";"0,2777777777777778";"0,2777777777777778";"1,05555555555556";"0,0555555555555556";"0,4736842105263158";"0,2631578947368421";"0,2631578947368421";"1";"0,4814814814814815";"0,2592592592592592";"0,2592592592592592";"1";FALSE;"0,4816117416787322";"0,2591941291606339";"0,2591941291606339";"1,05405752950241";"1";"2";"2";"D";"0";"1";"0"
"10/04/2022";"Norwich";"Burnley";"B365";"Casa de apuestas";"3,00";"3,50";"2,30";"0,3333333333333333";"0,2857142857142857";"0,4347826086956522";"1,05383022774327";"0,0538302277432714";"0,3163064833005893";"0,2711198428290766";"0,4125736738703339";"1";"0,3153899240855762";"0,2677708764665286";"0,4168391994478951";"1";FALSE;"0,3152035783081729";"0,2680627437099449";"0,4167336779818822";"1,05090447328055";"1";"2";"0";"H";"1";"0";"0"
"10/04/2022";"Norwich";"Burnley";"BW";"Casa de apuestas";"3,10";"3,30";"2,25";"0,3225806451612903";"0,3030303030303030";"0,4444444444444444";"1,07005539263604";"0,0700553926360379";"0,3014616321559074";"0,2831912302070645";"0,4153471376370280";"1";"0,2992288476159444";"0,2796785054849570";"0,4210926468990985";"1";FALSE;"0,2991294349793055";"0,2798308265227732";"0,4210397384979213";"1,06671084851044";"1";"2";"0";"H";"1";"0";"0"
"10/04/2022";"Norwich";"Burnley";"IW";"Casa de apuestas";"3,10";"3,30";"2,35";"0,3225806451612903";"0,3030303030303030";"0,4255319148936170";"1,05114286308521";"0,0511428630852104";"0,3068856351404828";"0,2882865057380293";"0,4048278591214880";"1";"0,3055330241328869";"0,2859826820018995";"0,4084842938652136";"1";FALSE;"0,3054910598363180";"0,2861145494486715";"0,4083943907150106";"1,04811079349506";"1";"2";"0";"H";"1";"0";"0"
"16/04/2022";"Man United";"Norwich";"B365";"Casa de apuestas";"1,28";"6,00";"10,00";"0,7812500000000000";"0,1666666666666667";"0,1000000000000000";"1,04791666666667";"0,0479166666666666";"0,7455268389662026";"0,1590457256461233";"0,0954274353876740";"1";"0,7652777777777778";"0,1506944444444445";"0,0840277777777778";"1";FALSE;"0,7678657527088402";"0,1470205060996242";"0,0851137411915357";"1,07000031956402";"1";"3";"2";"H";"1";"0";"0"
"16/04/2022";"Man United";"Norwich";"BW";"Casa de apuestas";"1,27";"6,00";"10,00";"0,7874015748031495";"0,1666666666666667";"0,1000000000000000";"1,05406824146982";"0,0540682414698161";"0,7470119521912350";"0,1581175298804781";"0,0948705179282869";"1";"0,7693788276465442";"0,1486439195100613";"0,0819772528433946";"1";FALSE;"0,7724667308039364";"0,1443793935749230";"0,0831538756211407";"1,08011750445227";"1";"3";"2";"H";"1";"0";"0"
"16/04/2022";"Man United";"Norwich";"IW";"Casa de apuestas";"1,27";"6,25";"9,50";"0,7874015748031495";"0,1600000000000000";"0,1052631578947368";"1,05266473269789";"0,0526647326978864";"0,7480079367578973";"0,1519952127492048";"0,0999968504928978";"1";"0,7698466639038540";"0,1424450891007045";"0,0877082469954413";"1";FALSE;"0,7728990916328111";"0,1387456198168384";"0,0883552885503506";"1,07777642348390";"1";"3";"2";"H";"1";"0";"0"
"16/04/2022";"Southampton";"Arsenal";"B365";"Casa de apuestas";"3,80";"3,75";"1,90";"0,2631578947368421";"0,2666666666666667";"0,5263157894736842";"1,05614035087719";"0,0561403508771929";"0,2491694352159468";"0,2524916943521595";"0,4983388704318936";"1";"0,2444444444444445";"0,2479532163742691";"0,5076023391812865";"1";FALSE;"0,2443425118956607";"0,2477827154434117";"0,5078747726609276";"1,05556792113957";"1";"1";"0";"H";"1";"0";"0"
"16/04/2022";"Southampton";"Arsenal";"BW";"Casa de apuestas";"3,90";"3,60";"1,90";"0,2564102564102564";"0,2777777777777778";"0,5263157894736842";"1,06050382366172";"0,0605038236617186";"0,2417815482502651";"0,2619300106044539";"0,4962884411452810";"1";"0,2362423151896835";"0,2576098365572049";"0,5061478482531113";"1";FALSE;"0,2363157895633246";"0,2572404879028021";"0,5064437225338734";"1,05996409248148";"1";"1";"0";"H";"1";"0";"0"
"16/04/2022";"Southampton";"Arsenal";"IW";"Casa de apuestas";"3,80";"3,55";"1,97";"0,2631578947368421";"0,2816901408450704";"0,5076142131979695";"1,05246224877988";"0,0524622487798820";"0,2500402223850980";"0,2676486887502458";"0,4823110888646561";"1";"0,2456704784768814";"0,2642027245851097";"0,4901267969380089";"1";FALSE;"0,2457504884235127";"0,2639761877115719";"0,4902733238649152";"1,05126397832084";"1";"1";"0";"H";"1";"0";"0"
"16/04/2022";"Tottenham";"Brighton";"B365";"Casa de apuestas";"1,50";"4,33";"5,75";"0,6666666666666666";"0,2309468822170901";"0,1739130434782609";"1,07152659236202";"0,0715265923620176";"0,6221653026800774";"0,2155307053164241";"0,1623039920034985";"1";"0,6428244692126608";"0,2071046847630842";"0,1500708460242550";"1";FALSE;"0,6447593766680365";"0,2046733642594136";"0,1505672590725501";"1,08240655593642";"1";"0";"1";"A";"0";"0";"1"
"16/04/2022";"Tottenham";"Brighton";"BW";"Casa de apuestas";"1,52";"4,33";"6,00";"0,6578947368421053";"0,2309468822170901";"0,1666666666666667";"1,05550828572586";"0,0555082857258620";"0,6232966104947986";"0,2188015815131857";"0,1579018079920157";"1";"0,6393919749334847";"0,2124441203084694";"0,1481639047580461";"1";FALSE;"0,6406967265199721";"0,2104971371469856";"0,1488061363330423";"1,06326264844962";"1";"0";"1";"A";"0";"0";"1"
"16/04/2022";"Tottenham";"Brighton";"IW";"Casa de apuestas";"1,50";"4,40";"6,25";"0,6666666666666666";"0,2272727272727273";"0,1600000000000000";"1,05393939393939";"0,0539393939393940";"0,6325474410580794";"0,2156411730879816";"0,1518113858539391";"1";"0,6486868686868686";"0,2092929292929293";"0,1420202020202020";"1";FALSE;"0,6500347578968778";"0,2072307014113643";"0,1427345406917578";"1,06230951867679";"1";"0";"1";"A";"0";"0";"1"
"16/04/2022";"Watford";"Brentford";"B365";"Casa de apuestas";"2,87";"3,30";"2,45";"0,3484320557491289";"0,3030303030303030";"0,4081632653061224";"1,05962562408555";"0,0596256240855544";"0,3288256227758007";"0,2859786476868327";"0,3851957295373665";"1";"0,3285568477206108";"0,2831550950017849";"0,3882880572776043";"1";FALSE;"0,3284306282803807";"0,2834078236205252";"0,3881615480990941";"1,05607221500496";"1";"1";"2";"A";"0";"0";"1"
"16/04/2022";"Watford";"Brentford";"BW";"Casa de apuestas";"2,87";"3,25";"2,50";"0,3484320557491289";"0,3076923076923077";"0,4000000000000000";"1,05612436344144";"0,0561243634414366";"0,3299157445944574";"0,2913409806111055";"0,3787432747944371";"1";"0,3297239346019833";"0,2889841865451622";"0,3812918788528545";"1";FALSE;"0,3296320903742830";"0,2891925281303681";"0,3811753814953488";"1,05260880344330";"1";"1";"2";"A";"0";"0";"1"
"16/04/2022";"Watford";"Brentford";"IW";"Casa de apuestas";"2,95";"3,25";"2,50";"0,3389830508474576";"0,3076923076923077";"0,4000000000000000";"1,04667535853977";"0,0466753585397655";"0,3238664673642251";"0,2939711011459890";"0,3821624314897857";"1";"0,3234245980008691";"0,2921338548457192";"0,3844415471534115";"1";FALSE;"0,3233722161259968";"0,2922861826988856";"0,3843416011751176";"1,04358093145012";"1";"1";"2";"A";"0";"0";"1"
"17/04/2022";"Newcastle";"Leicester";"B365";"Casa de apuestas";"2,00";"3,50";"3,60";"0,5000000000000000";"0,2857142857142857";"0,2777777777777778";"1,06349206349206";"0,0634920634920635";"0,4701492537313433";"0,2686567164179104";"0,2611940298507463";"1";"0,4788359788359788";"0,2645502645502645";"0,2566137566137566";"1";FALSE;"0,4790008960326625";"0,2643956375036393";"0,2566034664636982";"1,06189974017712";"1";"2";"1";"H";"1";"0";"0"
"17/04/2022";"Newcastle";"Leicester";"BW";"Casa de apuestas";"2,00";"3,50";"3,70";"0,5000000000000000";"0,2857142857142857";"0,2702702702702702";"1,05598455598456";"0,0559845559845560";"0,4734917733089580";"0,2705667276051189";"0,2559414990859232";"1";"0,4813384813384813";"0,2670527670527670";"0,2516087516087515";"1";FALSE;"0,4814667420732865";"0,2668607039567122";"0,2516725539700013";"1,05449194936915";"1";"2";"1";"H";"1";"0";"0"
"17/04/2022";"Newcastle";"Leicester";"IW";"Casa de apuestas";"2,00";"3,50";"3,70";"0,5000000000000000";"0,2857142857142857";"0,2702702702702702";"1,05598455598456";"0,0559845559845560";"0,4734917733089580";"0,2705667276051189";"0,2559414990859232";"1";"0,4813384813384813";"0,2670527670527670";"0,2516087516087515";"1";FALSE;"0,4814667420732865";"0,2668607039567122";"0,2516725539700013";"1,05449194936915";"1";"2";"1";"H";"1";"0";"0"
"17/04/2022";"West Ham";"Burnley";"B365";"Casa de apuestas";"1,75";"3,75";"4,50";"0,5714285714285714";"0,2666666666666667";"0,2222222222222222";"1,06031746031746";"0,0603174603174601";"0,5389221556886227";"0,2514970059880240";"0,2095808383233533";"1";"0,5513227513227513";"0,2465608465608467";"0,2021164021164022";"1";FALSE;"0,5519212688840937";"0,2456630912128948";"0,2024156399030115";"1,06206773383465";"1";"1";"1";"D";"0";"1";"0"
"17/04/2022";"West Ham";"Burnley";"BW";"Casa de apuestas";"1,77";"3,75";"4,40";"0,5649717514124294";"0,2666666666666667";"0,2272727272727273";"1,05891114535182";"0,0589111453518234";"0,5335402822913130";"0,2518310132414998";"0,2146287044671873";"1";"0,5453347029618216";"0,2470296182160589";"0,2076356788221195";"1";FALSE;"0,5458715155570938";"0,2462593974788940";"0,2078690869640122";"1,06023351281430";"1";"1";"1";"D";"0";"1";"0"
"17/04/2022";"West Ham";"Burnley";"IW";"Casa de apuestas";"1,83";"3,40";"4,80";"0,5464480874316939";"0,2941176470588235";"0,2083333333333333";"1,04889906782385";"0,0488990678238508";"0,5209729936793718";"0,2804060524803677";"0,1986209538402605";"1";"0,5301483981570770";"0,2778179577842065";"0,1920336440587164";"1";FALSE;"0,5303629723415914";"0,2768499803110399";"0,1927870473473687";"1,04944050488793";"1";"1";"1";"D";"0";"1";"0"
"19/04/2022";"Liverpool";"Man United";"B365";"Casa de apuestas";"1,30";"5,75";"9,00";"0,7692307692307692";"0,1739130434782609";"0,1111111111111111";"1,05425492382014";"0,0542549238201411";"0,7296439901304195";"0,1649629890729644";"0,1053930207966162";"1";"0,7511457946240555";"0,1558280688715472";"0,0930261365043974";"1";FALSE;"0,7539465922147727";"0,1521323501361771";"0,0939210576490502";"1,07649472256663";"1";"4";"0";"H";"1";"0";"0"
"19/04/2022";"Liverpool";"Man United";"BW";"Casa de apuestas";"1,34";"5,50";"8,00";"0,7462686567164178";"0,1818181818181818";"0,1250000000000000";"1,05308683853460";"0,0530868385345997";"0,7086487357062330";"0,1726526010629731";"0,1186986632307940";"1";"0,7285730438715513";"0,1641225689733152";"0,1073043871551334";"1";FALSE;"0,7309649582566439";"0,1611468503702974";"0,1078881913730588";"1,07079704264273";"1";"4";"0";"H";"1";"0";"0"
"19/04/2022";"Liverpool";"Man United";"IW";"Casa de apuestas";"1,40";"5,25";"7,25";"0,7142857142857143";"0,1904761904761905";"0,1379310344827586";"1,04269293924466";"0,0426929392446633";"0,6850393700787402";"0,1826771653543307";"0,1322834645669291";"1";"0,7000547345374932";"0,1762452107279694";"0,1237000547345375";"1";FALSE;"0,7015704946072164";"0,1743399623477727";"0,1240895430450108";"1,05338228438793";"1";"4";"0";"H";"1";"0";"0"
"20/04/2022";"Chelsea";"Arsenal";"B365";"Casa de apuestas";"1,90";"3,50";"4,20";"0,5263157894736842";"0,2857142857142857";"0,2380952380952381";"1,05012531328321";"0,0501253132832080";"0,5011933174224343";"0,2720763723150358";"0,2267303102625298";"1";"0,5096073517126148";"0,2690058479532164";"0,2213868003341688";"1";FALSE;"0,5098033415780939";"0,2684800012087348";"0,2217166572131712";"1,04966293247039";"1";"2";"4";"A";"0";"0";"1"
"20/04/2022";"Chelsea";"Arsenal";"BW";"Casa de apuestas";"1,83";"3,60";"4,20";"0,5464480874316939";"0,2777777777777778";"0,2380952380952381";"1,06232110330471";"0,0623211033047097";"0,5143906919779547";"0,2614819350887937";"0,2241273729332517";"1";"0,5256743863301240";"0,2570040766762079";"0,2173215369936682";"1";FALSE;"0,5261043840777627";"0,2563139072657316";"0,2175817086565057";"1,06278118127504";"1";"2";"4";"A";"0";"0";"1"
"20/04/2022";"Chelsea";"Arsenal";"IW";"Casa de apuestas";"1,90";"3,45";"4,30";"0,5263157894736842";"0,2898550724637681";"0,2325581395348837";"1,04872900147234";"0,0487290014723361";"0,5018606224627875";"0,2763870094722598";"0,2217523680649526";"1";"0,5100727889829055";"0,2736120719729894";"0,2163151390441050";"1";FALSE;"0,5102449638164658";"0,2730214505356987";"0,2167335856478355";"1,04831389490348";"1";"2";"4";"A";"0";"0";"1"
"20/04/2022";"Everton";"Leicester";"B365";"Casa de apuestas";"2,60";"3,30";"2,70";"0,3846153846153846";"0,3030303030303030";"0,3703703703703703";"1,05801605801606";"0,0580160580160580";"0,3635250917992656";"0,2864137086903305";"0,3500611995104039";"1";"0,3652766986100319";"0,2836916170249503";"0,3510316843650176";"1";FALSE;"0,3651347625634686";"0,2839750934674465";"0,3508901439690849";"1,05439739762639";"1";"1";"1";"D";"0";"1";"0"
"20/04/2022";"Everton";"Leicester";"BW";"Casa de apuestas";"2,40";"3,30";"2,90";"0,4166666666666667";"0,3030303030303030";"0,3448275862068966";"1,06452455590387";"0,0645245559038663";"0,3914110429447853";"0,2846625766871165";"0,3239263803680982";"1";"0,3951584813653779";"0,2815221177290142";"0,3233194009056078";"1";FALSE;"0,3950366509683573";"0,2817820538862814";"0,3231812951453613";"1,06089080225874";"1";"1";"1";"D";"0";"1";"0"
"20/04/2022";"Everton";"Leicester";"IW";"Casa de apuestas";"2,55";"3,25";"2,85";"0,3921568627450981";"0,3076923076923077";"0,3508771929824561";"1,05072636341986";"0,0507263634198618";"0,3732245391356906";"0,2928377153218495";"0,3339377455424600";"1";"0,3752480749384775";"0,2907835198856871";"0,3339684051758355";"1";FALSE;"0,3751388464375745";"0,2909753287187057";"0,3338858248437197";"1,04739453043671";"1";"1";"1";"D";"0";"1";"0"
"20/04/2022";"Man City";"Brighton";"B365";"Casa de apuestas";"1,22";"6,50";"13,00";"0,8196721311475410";"0,1538461538461539";"0,0769230769230769";"1,05044136191677";"0,0504413619167718";"0,7803121248499399";"0,1464585834333734";"0,0732292917166866";"1";"0,8028583438419504";"0,1370323665405633";"0,0601092896174863";"1";FALSE;"0,8062162063297548";"0,1316495067205826";"0,0621342869496626";"1,08324061429579";"1";"3";"0";"H";"1";"0";"0"
"20/04/2022";"Man City";"Brighton";"BW";"Casa de apuestas";"1,21";"6,50";"14,50";"0,8264462809917356";"0,1538461538461539";"0,0689655172413793";"1,04925795207927";"0,0492579520792686";"0,7876483369547050";"0,1466237673407990";"0,0657278957044961";"1";"0,8100269636319793";"0,1374268364863977";"0,0525461998816231";"1";FALSE;"0,8133548135557462";"0,1315201362016259";"0,0551250502426279";"1,08376586859005";"1";"3";"0";"H";"1";"0";"0"
"20/04/2022";"Man City";"Brighton";"IW";"Casa de apuestas";"1,22";"6,25";"14,00";"0,8196721311475410";"0,1600000000000000";"0,0714285714285714";"1,05110070257611";"0,0511007025761125";"0,7798226460496414";"0,1522213805088900";"0,0679559734414687";"1";"0,8026385636221701";"0,1429664324746292";"0,0543950039032006";"1";FALSE;"0,8059539028734390";"0,1369518945208838";"0,0570942026056772";"1,08487703768099";"1";"3";"0";"H";"1";"0";"0"
"20/04/2022";"Newcastle";"Crystal Palace";"B365";"Casa de apuestas";"2,20";"3,30";"3,30";"0,4545454545454545";"0,3030303030303030";"0,3030303030303030";"1,06060606060606";"0,0606060606060606";"0,4285714285714285";"0,2857142857142857";"0,2857142857142857";"1";"0,4343434343434343";"0,2828282828282828";"0,2828282828282828";"1";FALSE;"0,4343146158243357";"0,2828426920878321";"0,2828426920878321";"1,05774405590011";"1";"1";"0";"H";"1";"0";"0"
"20/04/2022";"Newcastle";"Crystal Palace";"BW";"Casa de apuestas";"2,25";"3,10";"3,40";"0,4444444444444444";"0,3225806451612903";"0,2941176470588235";"1,06114273666456";"0,0611427366645583";"0,4188356844824161";"0,3039936419630440";"0,2771706735545401";"1";"0,4240635322229250";"0,3021997329397709";"0,2737367348373040";"1";FALSE;"0,4239969427342956";"0,3020647339476175";"0,2739383233180869";"1,05807998906728";"1";"1";"0";"H";"1";"0";"0"
"20/04/2022";"Newcastle";"Crystal Palace";"IW";"Casa de apuestas";"2,30";"3,10";"3,40";"0,4347826086956522";"0,3225806451612903";"0,2941176470588235";"1,05148090091577";"0,0514809009157662";"0,4134954884268340";"0,3067869752844252";"0,2797175362887406";"1";"0,4176223083903968";"0,3054203448560349";"0,2769573467535681";"1";FALSE;"0,4175372813365307";"0,3053249504469756";"0,2771377682164938";"1,04859151858700";"1";"1";"0";"H";"1";"0";"0"
"21/04/2022";"Burnley";"Southampton";"B365";"Casa de apuestas";"2,60";"3,30";"2,75";"0,3846153846153846";"0,3030303030303030";"0,3636363636363636";"1,05128205128205";"0,0512820512820511";"0,3658536585365854";"0,2882483370288249";"0,3458980044345898";"1";"0,3675213675213675";"0,2859362859362859";"0,3465423465423466";"1";FALSE;"0,3673981060468034";"0,2861762603350111";"0,3464256336181855";"1,04793015975074";"1";"2";"0";"H";"1";"0";"0"
"21/04/2022";"Burnley";"Southampton";"BW";"Casa de apuestas";"2,65";"3,40";"2,60";"0,3773584905660378";"0,2941176470588235";"0,3846153846153846";"1,05609152224025";"0,0560915222402458";"0,3573160873080033";"0,2784963621665319";"0,3641875505254648";"1";"0,3586613164859559";"0,2754204729787416";"0,3659182105353027";"1";FALSE;"0,3584863887556393";"0,2757666744477218";"0,3657469367966389";"1,05264423516863";"1";"2";"0";"H";"1";"0";"0"
"21/04/2022";"Burnley";"Southampton";"IW";"Casa de apuestas";"2,65";"3,30";"2,75";"0,3773584905660378";"0,3030303030303030";"0,3636363636363636";"1,04402515723270";"0,0440251572327046";"0,3614457831325302";"0,2902519167579408";"0,3483023001095290";"1";"0,3626834381551363";"0,2883552506194014";"0,3489613112254620";"1";FALSE;"0,3625795485887887";"0,2885557651889409";"0,3488646862222704";"1,04099466337523";"1";"2";"0";"H";"1";"0";"0"
"23/04/2022";"Arsenal";"Man United";"B365";"Casa de apuestas";"2,00";"3,60";"3,60";"0,5000000000000000";"0,2777777777777778";"0,2777777777777778";"1,05555555555556";"0,0555555555555556";"0,4736842105263158";"0,2631578947368421";"0,2631578947368421";"1";"0,4814814814814815";"0,2592592592592592";"0,2592592592592592";"1";FALSE;"0,4816117416787322";"0,2591941291606339";"0,2591941291606339";"1,05405752950241";"1";"3";"1";"H";"1";"0";"0"
"23/04/2022";"Arsenal";"Man United";"BW";"Casa de apuestas";"2,00";"3,60";"3,50";"0,5000000000000000";"0,2777777777777778";"0,2857142857142857";"1,06349206349206";"0,0634920634920635";"0,4701492537313433";"0,2611940298507463";"0,2686567164179104";"1";"0,4788359788359788";"0,2566137566137566";"0,2645502645502645";"1";FALSE;"0,4790008960326625";"0,2566034664636982";"0,2643956375036393";"1,06189974017712";"1";"3";"1";"H";"1";"0";"0"
"23/04/2022";"Arsenal";"Man United";"IW";"Casa de apuestas";"2,00";"3,60";"3,65";"0,5000000000000000";"0,2777777777777778";"0,2739726027397260";"1,05175038051750";"0,0517503805175039";"0,4753979739507959";"0,2641099855282200";"0,2604920405209840";"1";"0,4827498731608320";"0,2605276509386098";"0,2567224759005580";"1";FALSE;"0,4828639983438547";"0,2604409416638785";"0,2566950599922667";"1,05031119266692";"1";"3";"1";"H";"1";"0";"0"
"23/04/2022";"Brentford";"Tottenham";"B365";"Casa de apuestas";"4,75";"3,80";"1,70";"0,2105263157894737";"0,2631578947368421";"0,5882352941176471";"1,06191950464396";"0,0619195046439629";"0,1982507288629738";"0,2478134110787172";"0,5539358600583091";"1";"0,1898864809081527";"0,2425180598555211";"0,5675954592363261";"1";FALSE;"0,1903045646998135";"0,2413459707543401";"0,5683494645458463";"1,06481099308093";"1";"0";"0";"D";"0";"1";"0"
"23/04/2022";"Brentford";"Tottenham";"BW";"Casa de apuestas";"4,75";"3,70";"1,73";"0,2105263157894737";"0,2702702702702702";"0,5780346820809249";"1,05883126814067";"0,0588312681406689";"0,1988289561557457";"0,2552533896594032";"0,5459176541848509";"1";"0,1909158930759174";"0,2506598475567139";"0,5584242593673686";"1";FALSE;"0,1914366588892810";"0,2495373009916965";"0,5590260401190226";"1,06100439516869";"1";"0";"0";"D";"0";"1";"0"
"23/04/2022";"Brentford";"Tottenham";"IW";"Casa de apuestas";"4,70";"3,95";"1,70";"0,2127659574468085";"0,2531645569620253";"0,5882352941176471";"1,05416580852648";"0,0541658085264809";"0,2018334836188759";"0,2401562969642320";"0,5580102194168921";"1";"0,1947106879379815";"0,2351092874531983";"0,5701800246088201";"1";FALSE;"0,1949288808789684";"0,2342332983087386";"0,5708378208122930";"1,05657800003202";"1";"0";"0";"D";"0";"1";"0"
"23/04/2022";"Leicester";"Aston Villa";"B365";"Casa de apuestas";"2,90";"3,30";"2,45";"0,3448275862068966";"0,3030303030303030";"0,4081632653061224";"1,05602115454332";"0,0560211545433220";"0,3265347334410340";"0,2869547657512116";"0,3865105008077544";"1";"0,3261538680257892";"0,2843565848491956";"0,3894895471250150";"1";FALSE;"0,3260457224609817";"0,2845841453993034";"0,3893701321397148";"1,05260294234276";"1";"0";"0";"D";"0";"1";"0"
"23/04/2022";"Leicester";"Aston Villa";"BW";"Casa de apuestas";"2,90";"3,30";"2,45";"0,3448275862068966";"0,3030303030303030";"0,4081632653061224";"1,05602115454332";"0,0560211545433220";"0,3265347334410340";"0,2869547657512116";"0,3865105008077544";"1";"0,3261538680257892";"0,2843565848491956";"0,3894895471250150";"1";FALSE;"0,3260457224609817";"0,2845841453993034";"0,3893701321397148";"1,05260294234276";"1";"0";"0";"D";"0";"1";"0"
"23/04/2022";"Leicester";"Aston Villa";"IW";"Casa de apuestas";"2,95";"3,30";"2,45";"0,3389830508474576";"0,3030303030303030";"0,4081632653061224";"1,05017661918388";"0,0501766191838831";"0,3227867052600060";"0,2885517516718235";"0,3886615430681705";"1";"0,3222575111194966";"0,2863047633023419";"0,3914377255781614";"1";FALSE;"0,3221774890165031";"0,2864934044014081";"0,3913291065820888";"1,04700246237784";"1";"0";"0";"D";"0";"1";"0"
"23/04/2022";"Man City";"Watford";"B365";"Casa de apuestas";"1,10";"10,00";"23,00";"0,9090909090909092";"0,1000000000000000";"0,0434782608695652";"1,05256916996047";"0,0525691699604742";"0,8636875704093128";"0,0950056327450244";"0,0413067968456628";"1";"0,8915678524374178";"0,0824769433465086";"0,0259552042160738";"1";FALSE;"0,8976613555683501";"0,0736634836239833";"0,0286751608076666";"1,13274774675047";"1";"5";"1";"H";"1";"0";"0"
"23/04/2022";"Man City";"Watford";"BW";"Casa de apuestas";"1,12";"9,75";"23,00";"0,8928571428571428";"0,1025641025641026";"0,0434782608695652";"1,03889950629081";"0,0388995062908106";"0,8594258996665772";"0,0987237956540069";"0,0418503046794159";"1";"0,8798906407602060";"0,0895976004671657";"0,0305117587726283";"1";FALSE;"0,8837604288167322";"0,0834886075355059";"0,0327509636477620";"1,09036172849756";"1";"5";"1";"H";"1";"0";"0"
"23/04/2022";"Man City";"Watford";"IW";"Casa de apuestas";"1,12";"9,50";"22,00";"0,8928571428571428";"0,1052631578947368";"0,0454545454545455";"1,04357484620643";"0,0435748462064252";"0,8555755690191583";"0,1008678565580481";"0,0435565744227936";"1";"0,8783321941216677";"0,0907382091592617";"0,0309295967190704";"1";FALSE;"0,8827427041527800";"0,0839434434386496";"0,0333138524085703";"1,10052903885341";"1";"5";"1";"H";"1";"0";"0"
"23/04/2022";"Norwich";"Newcastle";"B365";"Casa de apuestas";"3,30";"3,40";"2,20";"0,3030303030303030";"0,2941176470588235";"0,4545454545454545";"1,05169340463458";"0,0516934046345812";"0,2881355932203390";"0,2796610169491525";"0,4322033898305085";"1";"0,2857991681521093";"0,2768865121806298";"0,4373143196672608";"1";FALSE;"0,2857678526118356";"0,2769564427075112";"0,4372757046806532";"1,04912633357969";"1";"0";"3";"A";"0";"0";"1"
"23/04/2022";"Norwich";"Newcastle";"BW";"Casa de apuestas";"3,40";"3,25";"2,15";"0,2941176470588235";"0,3076923076923077";"0,4651162790697674";"1,06692623382090";"0,0669262338208987";"0,2756682118552125";"0,2883913600946839";"0,4359404280501035";"1";"0,2718089024518572";"0,2853835630853415";"0,4428075344628011";"1";FALSE;"0,2719027842986166";"0,2852769923663434";"0,4428202233350400";"1,06417456470195";"1";"0";"3";"A";"0";"0";"1"
"23/04/2022";"Norwich";"Newcastle";"IW";"Casa de apuestas";"3,40";"3,30";"2,20";"0,2941176470588235";"0,3030303030303030";"0,4545454545454545";"1,05169340463458";"0,0516934046345812";"0,2796610169491525";"0,2881355932203390";"0,4322033898305085";"1";"0,2768865121806298";"0,2857991681521093";"0,4373143196672608";"1";FALSE;"0,2769564427075112";"0,2857678526118356";"0,4372757046806532";"1,04912633357969";"1";"0";"3";"A";"0";"0";"1"
"24/04/2022";"Brighton";"Southampton";"B365";"Casa de apuestas";"2,10";"3,30";"3,75";"0,4761904761904762";"0,3030303030303030";"0,2666666666666667";"1,04588744588745";"0,0458874458874459";"0,4552980132450331";"0,2897350993377483";"0,2549668874172186";"1";"0,4608946608946609";"0,2877344877344877";"0,2513708513708514";"1";FALSE;"0,4608898135004773";"0,2875159069703896";"0,2515942795291334";"1,04401845563510";"1";"2";"2";"D";"0";"1";"0"
"24/04/2022";"Brighton";"Southampton";"BW";"Casa de apuestas";"1,90";"3,50";"4,00";"0,5263157894736842";"0,2857142857142857";"0,2500000000000000";"1,06203007518797";"0,0620300751879699";"0,4955752212389380";"0,2690265486725664";"0,2353982300884956";"1";"0,5056390977443609";"0,2650375939849624";"0,2293233082706767";"1";FALSE;"0,5059307650575013";"0,2645138525014339";"0,2295553824410646";"1,06154291760893";"1";"2";"2";"D";"0";"1";"0"
"24/04/2022";"Brighton";"Southampton";"IW";"Casa de apuestas";"2,10";"3,40";"3,65";"0,4761904761904762";"0,2941176470588235";"0,2739726027397260";"1,04428072598903";"0,0442807259890257";"0,4559985302223040";"0,2816461510196582";"0,2623553187580379";"1";"0,4614302341941343";"0,2793574050624816";"0,2592123607433841";"1";FALSE;"0,4614344949050549";"0,2792365571051096";"0,2593289479898356";"1,04242653391401";"1";"2";"2";"D";"0";"1";"0"
"24/04/2022";"Burnley";"Wolves";"B365";"Casa de apuestas";"2,45";"3,10";"3,10";"0,4081632653061224";"0,3225806451612903";"0,3225806451612903";"1,05332455562870";"0,0533245556287030";"0,3875000000000000";"0,3062500000000000";"0,3062500000000000";"1";"0,3903884134298881";"0,3048057932850560";"0,3048057932850560";"1";FALSE;"0,3902938665248439";"0,3048530667375780";"0,3048530667375780";"1,04995859101638";"1";"1";"0";"H";"1";"0";"0"
"24/04/2022";"Burnley";"Wolves";"BW";"Casa de apuestas";"2,65";"3,00";"2,85";"0,3773584905660378";"0,3333333333333333";"0,3508771929824561";"1,06156901688183";"0,0615690168818273";"0,3554724041159963";"0,3140006236357967";"0,3305269722482070";"1";"0,3568354849387620";"0,3128103277060575";"0,3303541873551804";"1";FALSE;"0,3567629293313474";"0,3128972156949528";"0,3303398549736999";"1,05758923208633";"1";"1";"0";"H";"1";"0";"0"
"24/04/2022";"Burnley";"Wolves";"IW";"Casa de apuestas";"2,55";"3,05";"3,00";"0,3921568627450981";"0,3278688524590164";"0,3333333333333333";"1,05335904853745";"0,0533590485374478";"0,3722917302410742";"0,3112602990540129";"0,3164479707049130";"1";"0,3743705132326155";"0,3100825029465338";"0,3155469838208507";"1";FALSE;"0,3742820890566641";"0,3101444912753962";"0,3155734196679396";"1,04983707813791";"1";"1";"0";"H";"1";"0";"0"
"24/04/2022";"Chelsea";"West Ham";"B365";"Casa de apuestas";"1,40";"4,75";"8,00";"0,7142857142857143";"0,2105263157894737";"0,1250000000000000";"1,04981203007519";"0,0498120300751879";"0,6803939122649956";"0,2005371530886303";"0,1190689346463742";"1";"0,6976817042606517";"0,1939223057644111";"0,1083959899749374";"1";FALSE;"0,6993663437505887";"0,1909213559176248";"0,1097123003317865";"1,06273427104978";"1";"1";"0";"H";"1";"0";"0"
"24/04/2022";"Chelsea";"West Ham";"BW";"Casa de apuestas";"1,42";"4,80";"7,00";"0,7042253521126761";"0,2083333333333333";"0,1428571428571428";"1,05541582830315";"0,0554158283031523";"0,6672491857971246";"0,1973945507983159";"0,1353562634045595";"1";"0,6857534093449587";"0,1898613905656159";"0,1243852000894254";"1";FALSE;"0,6876199831912807";"0,1872408246624116";"0,1251391921463078";"1,06804963478966";"1";"1";"0";"H";"1";"0";"0"
"24/04/2022";"Chelsea";"West Ham";"IW";"Casa de apuestas";"1,40";"4,80";"7,75";"0,7142857142857143";"0,2083333333333333";"0,1290322580645161";"1,05165130568356";"0,0516513056835639";"0,6792039437648348";"0,1981011502647435";"0,1226949059704217";"1";"0,6970686123911930";"0,1911162314388120";"0,1118151561699948";"1";FALSE;"0,6988568480005921";"0,1881681295477418";"0,1129750224516662";"1,06490020318178";"1";"1";"0";"H";"1";"0";"0"
"24/04/2022";"Liverpool";"Everton";"B365";"Casa de apuestas";"1,18";"7,00";"15,00";"0,8474576271186441";"0,1428571428571428";"0,0666666666666667";"1,05698143664245";"0,0569814366424537";"0,8017715332926084";"0,1351557727550396";"0,0630726939523519";"1";"0,8284638149044929";"0,1238633306429916";"0,0476728544525155";"1";FALSE;"0,8329996931091622";"0,1166922641654583";"0,0503080427253794";"1,10396414302244";"1";"2";"0";"H";"1";"0";"0"
"24/04/2022";"Liverpool";"Everton";"BW";"Casa de apuestas";"1,19";"7,25";"14,00";"0,8403361344537815";"0,1379310344827586";"0,0714285714285714";"1,04969574036511";"0,0496957403651115";"0,8005521048999310";"0,1314009661835749";"0,0680469289164941";"1";"0,8237708876654111";"0,1213657876943881";"0,0548633246402009";"1";FALSE;"0,8275535521415582";"0,1158382656308492";"0,0566081822275926";"1,08811646858570";"1";"2";"0";"H";"1";"0";"0"
"24/04/2022";"Liverpool";"Everton";"IW";"Casa de apuestas";"1,20";"7,00";"14,00";"0,8333333333333334";"0,1428571428571428";"0,0714285714285714";"1,04761904761905";"0,0476190476190477";"0,7954545454545456";"0,1363636363636363";"0,0681818181818182";"1";"0,8174603174603174";"0,1269841269841269";"0,0555555555555555";"1";FALSE;"0,8208882372451656";"0,1216626184567779";"0,0574491442980566";"1,08252865046310";"1";"2";"0";"H";"1";"0";"0"
"25/04/2022";"Crystal Palace";"Leeds";"B365";"Casa de apuestas";"2,37";"3,50";"2,90";"0,4219409282700421";"0,2857142857142857";"0,3448275862068966";"1,05248280019122";"0,0524828001912243";"0,4009005450667509";"0,2714669405166285";"0,3276325144166207";"1";"0,4044466615396340";"0,2682200189838776";"0,3273333194764885";"1";FALSE;"0,4043123627534996";"0,2685486418476732";"0,3271389953988270";"1,04945887854282";"1";"0";"0";"D";"0";"1";"0"
"25/04/2022";"Crystal Palace";"Leeds";"BW";"Casa de apuestas";"2,40";"3,40";"2,80";"0,4166666666666667";"0,2941176470588235";"0,3571428571428572";"1,06792717086835";"0,0679271708683473";"0,3901639344262295";"0,2754098360655737";"0,3344262295081968";"1";"0,3940242763772176";"0,2714752567693744";"0,3345004668534081";"1";FALSE;"0,3938645982815852";"0,2718660994042913";"0,3342693023141237";"1,06428482043637";"1";"0";"0";"D";"0";"1";"0"
"25/04/2022";"Crystal Palace";"Leeds";"IW";"Casa de apuestas";"2,40";"3,35";"2,95";"0,4166666666666667";"0,2985074626865671";"0,3389830508474576";"1,05415718020069";"0,0541571802006915";"0,3952604739526048";"0,2831716828317168";"0,3215678432156785";"1";"0,3986142732664362";"0,2804550692863366";"0,3209306574472271";"1";FALSE;"0,3984998970223346";"0,2806852889128773";"0,3208148140647880";"1,05092049539765";"1";"0";"0";"D";"0";"1";"0"
"28/04/2022";"Man United";"Chelsea";"B365";"Casa de apuestas";"3,50";"3,60";"2,05";"0,2857142857142857";"0,2777777777777778";"0,4878048780487805";"1,05129694154084";"0,0512969415408440";"0,2717731541152642";"0,2642238998342847";"0,4640029460504511";"1";"0,2686153052006710";"0,2606787972641631";"0,4707058975351658";"1";FALSE;"0,2685272945555915";"0,2607042439702975";"0,4707684614741109";"1,04952233388446";"1";"1";"1";"D";"0";"1";"0"
"28/04/2022";"Man United";"Chelsea";"BW";"Casa de apuestas";"3,30";"3,60";"2,05";"0,3030303030303030";"0,2777777777777778";"0,4878048780487805";"1,06861295885686";"0,0686129588568614";"0,2835734870317002";"0,2599423631123919";"0,4564841498559077";"1";"0,2801593167446825";"0,2549067914921573";"0,4649338917631600";"1";FALSE;"0,2798801040336915";"0,2550751389783142";"0,4650447569879942";"1,06656336656898";"1";"1";"1";"D";"0";"1";"0"
"28/04/2022";"Man United";"Chelsea";"IW";"Casa de apuestas";"3,50";"3,55";"2,05";"0,2857142857142857";"0,2816901408450704";"0,4878048780487805";"1,05520930460814";"0,0552093046081366";"0,2707655101850991";"0,2669519114500977";"0,4622825783648033";"1";"0,2673111841782402";"0,2632870393090249";"0,4694017765127350";"1";FALSE;"0,2672431033217865";"0,2632798074682404";"0,4694770892099732";"1,05334893246992";"1";"1";"1";"D";"0";"1";"0"
"30/04/2022";"Aston Villa";"Norwich";"B365";"Casa de apuestas";"1,40";"4,75";"8,50";"0,7142857142857143";"0,2105263157894737";"0,1176470588235294";"1,04245908889872";"0,0424590888987173";"0,6851930420025457";"0,2019516334323293";"0,1128553245651251";"1";"0,7001326846528085";"0,1963732861565679";"0,1034940291906236";"1";FALSE;"0,7014960457022504";"0,1936286024780426";"0,1048753518197070";"1,05369768374771";"1";"2";"0";"H";"1";"0";"0"
"30/04/2022";"Aston Villa";"Norwich";"BW";"Casa de apuestas";"1,43";"4,75";"7,00";"0,6993006993006994";"0,2105263157894737";"0,1428571428571428";"1,05268415794732";"0,0526841579473158";"0,6643024823934869";"0,1999900104889866";"0,1357075071175265";"1";"0,6817393133182608";"0,1929649298070351";"0,1252957568747042";"1";FALSE;"0,6834283817051883";"0,1904889220937146";"0,1260826962010971";"1,06418956150818";"1";"2";"0";"H";"1";"0";"0"
"30/04/2022";"Aston Villa";"Norwich";"IW";"Casa de apuestas";"1,43";"4,80";"7,25";"0,6993006993006994";"0,2083333333333333";"0,1379310344827586";"1,04556506711679";"0,0455650671167913";"0,6688256152522991";"0,1992542978772474";"0,1319200868704535";"1";"0,6841123435951023";"0,1931449776277362";"0,1227426787771615";"1";FALSE;"0,6855281188923076";"0,1909294644440548";"0,1235424166636376";"1,05561291093406";"1";"2";"0";"H";"1";"0";"0"
"30/04/2022";"Newcastle";"Liverpool";"B365";"Casa de apuestas";"6,00";"4,33";"1,53";"0,1666666666666667";"0,2309468822170901";"0,6535947712418301";"1,05120832012559";"0,0512083201255868";"0,1585477050322007";"0,2196965889591695";"0,6217557060086298";"1";"0,1495972266248045";"0,2138774421752278";"0,6365253311999678";"1";FALSE;"0,1502116374935339";"0,2121219768712003";"0,6376663856352658";"1,05801593083622";"1";"0";"1";"A";"0";"0";"1"
"30/04/2022";"Newcastle";"Liverpool";"BW";"Casa de apuestas";"6,00";"4,33";"1,52";"0,1666666666666667";"0,2309468822170901";"0,6578947368421053";"1,05550828572586";"0,0555082857258620";"0,1579018079920157";"0,2188015815131857";"0,6232966104947986";"1";"0,1481639047580461";"0,2124441203084694";"0,6393919749334847";"1";FALSE;"0,1488061363330423";"0,2104971371469856";"0,6406967265199721";"1,06326264844962";"1";"0";"1";"A";"0";"0";"1"
"30/04/2022";"Newcastle";"Liverpool";"IW";"Casa de apuestas";"6,75";"4,30";"1,50";"0,1481481481481481";"0,2325581395348837";"0,6666666666666666";"1,04737295434970";"0,0473729543496986";"0,1414473684210526";"0,2220394736842105";"0,6365131578947368";"1";"0,1323571633649152";"0,2167671547516508";"0,6508756818834338";"1";FALSE;"0,1333865360447022";"0,2146405468208077";"0,6519729171344903";"1,05496687014901";"1";"0";"1";"A";"0";"0";"1"
"30/04/2022";"Southampton";"Crystal Palace";"B365";"Casa de apuestas";"2,45";"3,10";"3,00";"0,4081632653061224";"0,3225806451612903";"0,3333333333333333";"1,06407724380075";"0,0640772438007460";"0,3835842441740565";"0,3031552897504640";"0,3132604660754795";"1";"0,3868041840392071";"0,3012215638943750";"0,3119742520664180";"1";FALSE;"0,3867047103009655";"0,3013177232144840";"0,3119775664845505";"1,06026849332171";"1";"1";"2";"A";"0";"0";"1"
"30/04/2022";"Southampton";"Crystal Palace";"BW";"Casa de apuestas";"2,45";"3,10";"3,00";"0,4081632653061224";"0,3225806451612903";"0,3333333333333333";"1,06407724380075";"0,0640772438007460";"0,3835842441740565";"0,3031552897504640";"0,3132604660754795";"1";"0,3868041840392071";"0,3012215638943750";"0,3119742520664180";"1";FALSE;"0,3867047103009655";"0,3013177232144840";"0,3119775664845505";"1,06026849332171";"1";"1";"2";"A";"0";"0";"1"
"30/04/2022";"Southampton";"Crystal Palace";"IW";"Casa de apuestas";"2,45";"3,15";"3,10";"0,4081632653061224";"0,3174603174603174";"0,3225806451612903";"1,04820422792773";"0,0482042279277302";"0,3893928820655966";"0,3028611304954640";"0,3077459874389393";"1";"0,3920951893302123";"0,3013922414844073";"0,3065125691853802";"1";FALSE;"0,3920033602891399";"0,3014567011000050";"0,3065399386108552";"1,04508133285856";"1";"1";"2";"A";"0";"0";"1"
"30/04/2022";"Watford";"Burnley";"B365";"Casa de apuestas";"2,60";"3,20";"2,87";"0,3846153846153846";"0,3125000000000000";"0,3484320557491289";"1,04554744036451";"0,0455474403645135";"0,3678602899943924";"0,2988864856204438";"0,3332532243851638";"1";"0,3694329044938801";"0,2973175198784955";"0,3332495756276244";"1";FALSE;"0,3693426381165549";"0,2974601687577373";"0,3331971931257078";"1,04240562725587";"1";"1";"2";"A";"0";"0";"1"
"30/04/2022";"Watford";"Burnley";"BW";"Casa de apuestas";"2,60";"3,10";"2,80";"0,3846153846153846";"0,3225806451612903";"0,3571428571428572";"1,06433888691953";"0,0643388869195320";"0,3613655287260616";"0,3030807660283097";"0,3355537052456287";"1";"0,3631690889755406";"0,3011343495214463";"0,3356965615030132";"1";FALSE;"0,3630705366988495";"0,3012965069078383";"0,3356329563933124";"1,06033072957102";"1";"1";"2";"A";"0";"0";"1"
"30/04/2022";"Watford";"Burnley";"IW";"Casa de apuestas";"2,60";"3,10";"2,85";"0,3846153846153846";"0,3225806451612903";"0,3508771929824561";"1,05807322275913";"0,0580732227591310";"0,3635054515531784";"0,3048755400123432";"0,3316190084344785";"1";"0,3652576436956743";"0,3032229042415800";"0,3315194520627458";"1";FALSE;"0,3651661000804973";"0,3033567348453595";"0,3314771650741432";"1,05430758097240";"1";"1";"2";"A";"0";"0";"1"
"30/04/2022";"Wolves";"Brighton";"B365";"Casa de apuestas";"2,70";"3,00";"3,00";"0,3703703703703703";"0,3333333333333333";"0,3333333333333333";"1,03703703703704";"0,0370370370370370";"0,3571428571428571";"0,3214285714285715";"0,3214285714285715";"1";"0,3580246913580246";"0,3209876543209876";"0,3209876543209876";"1";FALSE;"0,3579724832318149";"0,3210137583840926";"0,3210137583840926";"1,03427870549176";"1";"0";"3";"A";"0";"0";"1"
"30/04/2022";"Wolves";"Brighton";"BW";"Casa de apuestas";"2,75";"2,90";"2,85";"0,3636363636363636";"0,3448275862068966";"0,3508771929824561";"1,05934114282572";"0,0593411428257165";"0,3432665351469214";"0,3255113695358738";"0,3312220953172049";"1";"0,3438559826944581";"0,3250472052649911";"0,3310968120405506";"1";FALSE;"0,3438203905494328";"0,3250788266276561";"0,3311007828229110";"1,05539236484622";"1";"0";"3";"A";"0";"0";"1"
"30/04/2022";"Wolves";"Brighton";"IW";"Casa de apuestas";"2,65";"3,00";"2,95";"0,3773584905660378";"0,3333333333333333";"0,3389830508474576";"1,04967487474683";"0,0496748747468287";"0,3595003554382046";"0,3175586473037473";"0,3229409972580481";"1";"0,3608001989837616";"0,3167750417510571";"0,3224247592651814";"1";FALSE;"0,3607317754967024";"0,3168239242607990";"0,3224443002424986";"1,04623725335052";"1";"0";"3";"A";"0";"0";"1"
"01/05/2022";"West Ham";"Arsenal";"B365";"Casa de apuestas";"4,20";"4,00";"1,80";"0,2380952380952381";"0,2500000000000000";"0,5555555555555556";"1,04365079365079";"0,0436507936507937";"0,2281368821292776";"0,2395437262357414";"0,5323193916349810";"1";"0,2235449735449735";"0,2354497354497354";"0,5410052910052910";"1";FALSE;"0,2234912696898418";"0,2351713839694256";"0,5413373463407327";"1,04410778673805";"1";"1";"2";"A";"0";"0";"1"
"01/05/2022";"West Ham";"Arsenal";"BW";"Casa de apuestas";"4,40";"3,75";"1,77";"0,2272727272727273";"0,2666666666666667";"0,5649717514124294";"1,05891114535182";"0,0589111453518232";"0,2146287044671873";"0,2518310132414998";"0,5335402822913130";"1";"0,2076356788221196";"0,2470296182160590";"0,5453347029618216";"1";FALSE;"0,2078690869640122";"0,2462593974788940";"0,5458715155570938";"1,06023351281430";"1";"1";"2";"A";"0";"0";"1"
"01/05/2022";"West Ham";"Arsenal";"IW";"Casa de apuestas";"4,60";"3,95";"1,73";"0,2173913043478261";"0,2531645569620253";"0,5780346820809249";"1,04859054339078";"0,0485905433907763";"0,2073176281419232";"0,2414331872032522";"0,5512491846548246";"1";"0,2011944565509007";"0,2369677091650998";"0,5618378342839995";"1";FALSE;"0,2013591971475663";"0,2362944391866536";"0,5623463636657803";"1,05020038359140";"1";"1";"2";"A";"0";"0";"1"
"02/05/2022";"Man United";"Brentford";"B365";"Casa de apuestas";"1,72";"3,80";"4,50";"0,5813953488372093";"0,2631578947368421";"0,2222222222222222";"1,06677546579627";"0,0667754657962738";"0,5450025497195308";"0,2466853646098928";"0,2083120856705762";"1";"0,5591368602384514";"0,2408994061380842";"0,1999637336234643";"1";FALSE;"0,5599240055548050";"0,2398762880995527";"0,2001997063456423";"1,06938637755908";"1";"3";"0";"H";"1";"0";"0"
"02/05/2022";"Man United";"Brentford";"BW";"Casa de apuestas";"1,70";"4,00";"4,75";"0,5882352941176471";"0,2500000000000000";"0,2105263157894737";"1,04876160990712";"0,0487616099071206";"0,5608856088560885";"0,2383763837638376";"0,2007380073800738";"1";"0,5719814241486069";"0,2337461300309598";"0,1942724458204335";"1";FALSE;"0,5725595746344588";"0,2329666346896577";"0,1944737906758835";"1,05090237346872";"1";"3";"0";"H";"1";"0";"0"
"02/05/2022";"Man United";"Brentford";"IW";"Casa de apuestas";"1,75";"3,95";"4,30";"0,5714285714285714";"0,2531645569620253";"0,2325581395348837";"1,05715126792548";"0,0571512679254804";"0,5405362399554460";"0,2394780809929191";"0,2199856790516350";"1";"0,5523781487867446";"0,2341141343201985";"0,2135077168930569";"1";FALSE;"0,5529660750808042";"0,2335552853745387";"0,2134786395446572";"1,05868819137205";"1";"3";"0";"H";"1";"0";"0"
"07/05/2022";"Brentford";"Southampton";"B365";"Casa de apuestas";"2,10";"3,40";"3,50";"0,4761904761904762";"0,2941176470588235";"0,2857142857142857";"1,05602240896359";"0,0560224089635852";"0,4509283819628648";"0,2785145888594164";"0,2705570291777188";"1";"0,4575163398692811";"0,2754435107376284";"0,2670401493930906";"1";FALSE;"0,4575483295670553";"0,2753681915514927";"0,2670834788814519";"1,05382586144543";"1";"3";"0";"H";"1";"0";"0"
"07/05/2022";"Brentford";"Southampton";"BW";"Casa de apuestas";"2,10";"3,50";"3,40";"0,4761904761904762";"0,2857142857142857";"0,2941176470588235";"1,05602240896359";"0,0560224089635855";"0,4509283819628648";"0,2705570291777188";"0,2785145888594164";"1";"0,4575163398692810";"0,2670401493930905";"0,2754435107376283";"1";FALSE;"0,4575483295670553";"0,2670834788814519";"0,2753681915514927";"1,05382586144543";"1";"3";"0";"H";"1";"0";"0"
"07/05/2022";"Brentford";"Southampton";"IW";"Casa de apuestas";"2,15";"3,20";"3,65";"0,4651162790697674";"0,3125000000000000";"0,2739726027397260";"1,05158888180949";"0,0515888818094934";"0,4422985894158856";"0,2971693647637982";"0,2605320458203162";"1";"0,4479199851332696";"0,2953037060635022";"0,2567763088032282";"1";FALSE;"0,4478887486697318";"0,2950820748131774";"0,2570291765170907";"1,04930653131425";"1";"3";"0";"H";"1";"0";"0"
"07/05/2022";"Brighton";"Man United";"B365";"Casa de apuestas";"2,87";"3,40";"2,45";"0,3484320557491289";"0,2941176470588235";"0,4081632653061224";"1,05071296811407";"0,0507129681140748";"0,3316148808694441";"0,2799219729692072";"0,3884631461613487";"1";"0,3315277330444373";"0,2772133243541319";"0,3912589426014308";"1";FALSE;"0,3313870741635179";"0,2774836239628694";"0,3911293018736127";"1,04757239535697";"1";"4";"0";"H";"1";"0";"0"
"07/05/2022";"Brighton";"Man United";"BW";"Casa de apuestas";"3,00";"3,30";"2,35";"0,3333333333333333";"0,3030303030303030";"0,4255319148936170";"1,06189555125725";"0,0618955512572534";"0,3139040680024287";"0,2853673345476624";"0,4007285974499090";"1";"0,3127014829142489";"0,2823984526112185";"0,4049000644745326";"1";FALSE;"0,3125986552418397";"0,2826016409190771";"0,4047997038390832";"1,05845817933029";"1";"4";"0";"H";"1";"0";"0"
"07/05/2022";"Brighton";"Man United";"IW";"Casa de apuestas";"3,00";"3,30";"2,40";"0,3333333333333333";"0,3030303030303030";"0,4166666666666667";"1,05303030303030";"0,0530303030303030";"0,3165467625899280";"0,2877697841726619";"0,3956834532374101";"1";"0,3156565656565656";"0,2853535353535353";"0,3989898989898990";"1";FALSE;"0,3155811331473949";"0,2855330448285791";"0,3988858220240261";"1,04981482966789";"1";"4";"0";"H";"1";"0";"0"
"07/05/2022";"Burnley";"Aston Villa";"B365";"Casa de apuestas";"3,00";"3,20";"2,50";"0,3333333333333333";"0,3125000000000000";"0,4000000000000000";"1,04583333333333";"0,0458333333333334";"0,3187250996015936";"0,2988047808764940";"0,3824701195219123";"1";"0,3180555555555555";"0,2972222222222222";"0,3847222222222222";"1";FALSE;"0,3180349023261687";"0,2973359483988259";"0,3846291492750053";"1,04276472992202";"1";"1";"3";"A";"0";"0";"1"
"07/05/2022";"Burnley";"Aston Villa";"BW";"Casa de apuestas";"3,00";"3,10";"2,45";"0,3333333333333333";"0,3225806451612903";"0,4081632653061224";"1,06407724380075";"0,0640772438007460";"0,3132604660754795";"0,3031552897504640";"0,3835842441740565";"1";"0,3119742520664180";"0,3012215638943750";"0,3868041840392071";"1";FALSE;"0,3119775664845505";"0,3013177232144840";"0,3867047103009655";"1,06026849332171";"1";"1";"3";"A";"0";"0";"1"
"07/05/2022";"Burnley";"Aston Villa";"IW";"Casa de apuestas";"3,05";"3,10";"2,50";"0,3278688524590164";"0,3225806451612903";"0,4000000000000000";"1,05044949762031";"0,0504494976203067";"0,3121224325412807";"0,3070881997583568";"0,3807893677003625";"1";"0,3110523532522475";"0,3057641459545214";"0,3831835007932311";"1";FALSE;"0,3110801135418177";"0,3058281991376196";"0,3830916873205626";"1,04713590631536";"1";"1";"3";"A";"0";"0";"1"
"07/05/2022";"Chelsea";"Wolves";"B365";"Casa de apuestas";"1,40";"4,75";"8,00";"0,7142857142857143";"0,2105263157894737";"0,1250000000000000";"1,04981203007519";"0,0498120300751879";"0,6803939122649956";"0,2005371530886303";"0,1190689346463742";"1";"0,6976817042606517";"0,1939223057644111";"0,1083959899749374";"1";FALSE;"0,6993663437505887";"0,1909213559176248";"0,1097123003317865";"1,06273427104978";"1";"2";"2";"D";"0";"1";"0"
"07/05/2022";"Chelsea";"Wolves";"BW";"Casa de apuestas";"1,39";"4,75";"8,25";"0,7194244604316548";"0,2105263157894737";"0,1212121212121212";"1,05116289743325";"0,0511628974332496";"0,6844081561367507";"0,2002794393747544";"0,1153124044884949";"1";"0,7023701612872382";"0,1934720166450572";"0,1041578220677047";"1";FALSE;"0,7041539452007896";"0,1902037187629028";"0,1056423360363077";"1,06515117915516";"1";"2";"2";"D";"0";"1";"0"
"07/05/2022";"Chelsea";"Wolves";"IW";"Casa de apuestas";"1,40";"4,70";"8,25";"0,7142857142857143";"0,2127659574468085";"0,1212121212121212";"1,04826379294464";"0,0482637929446441";"0,6813988225990687";"0,2029698620507864";"0,1156313153501450";"1";"0,6981977833041663";"0,1966780264652605";"0,1051241902305732";"1";FALSE;"0,6997913418786957";"0,1936208202900280";"0,1065878378312763";"1,06092875593361";"1";"2";"2";"D";"0";"1";"0"
"07/05/2022";"Crystal Palace";"Watford";"B365";"Casa de apuestas";"1,66";"3,80";"5,25";"0,6024096385542169";"0,2631578947368421";"0,1904761904761905";"1,05604372376725";"0,0560437237672495";"0,5704400537557545";"0,2491922340090927";"0,1803677122351528";"1";"0,5837283972984670";"0,2444766534810923";"0,1717949492204407";"1";FALSE;"0,5844630476254917";"0,2430066013394067";"0,1725303510351016";"1,05967456150986";"1";"1";"0";"H";"1";"0";"0"
"07/05/2022";"Crystal Palace";"Watford";"BW";"Casa de apuestas";"1,68";"3,70";"5,25";"0,5952380952380952";"0,2702702702702702";"0,1904761904761905";"1,05598455598456";"0,0559845559845560";"0,5636806825106643";"0,2559414990859231";"0,1803778184034126";"1";"0,5765765765765766";"0,2516087516087515";"0,1718146718146718";"1";FALSE;"0,5772255080286647";"0,2501170787510287";"0,1726574132203067";"1,05923059861142";"1";"1";"0";"H";"1";"0";"0"
"07/05/2022";"Crystal Palace";"Watford";"IW";"Casa de apuestas";"1,67";"3,75";"5,50";"0,5988023952095809";"0,2666666666666667";"0,1818181818181818";"1,04728724369443";"0,0472872436944294";"0,5717651950932151";"0,2546261002148452";"0,1736087046919398";"1";"0,5830399806447711";"0,2509042521018569";"0,1660557672533720";"1";FALSE;"0,5835717910182403";"0,2495338672946757";"0,1668943416870840";"1,05023983276748";"1";"1";"0";"H";"1";"0";"0"
"07/05/2022";"Liverpool";"Tottenham";"B365";"Casa de apuestas";"1,40";"5,25";"6,50";"0,7142857142857143";"0,1904761904761905";"0,1538461538461539";"1,05860805860806";"0,0586080586080586";"0,6747404844290658";"0,1799307958477509";"0,1453287197231835";"1";"0,6947496947496947";"0,1709401709401710";"0,1343101343101344";"1";FALSE;"0,6969817648873767";"0,1687919976586506";"0,1342262374539726";"1,07288504535730";"1";"1";"1";"D";"0";"1";"0"
"07/05/2022";"Liverpool";"Tottenham";"BW";"Casa de apuestas";"1,43";"5,00";"6,50";"0,6993006993006994";"0,2000000000000000";"0,1538461538461539";"1,05314685314685";"0,0531468531468531";"0,6640106241699867";"0,1899070385126162";"0,1460823373173971";"1";"0,6815850815850817";"0,1822843822843823";"0,1361305361305362";"1";FALSE;"0,6833581970829540";"0,1802862976262372";"0,1363555052908087";"1,06447669466525";"1";"1";"1";"D";"0";"1";"0"
"07/05/2022";"Liverpool";"Tottenham";"IW";"Casa de apuestas";"1,43";"5,00";"6,75";"0,6993006993006994";"0,2000000000000000";"0,1481481481481481";"1,04744884744885";"0,0474488474488475";"0,6676227684090797";"0,1909401117649968";"0,1414371198259235";"1";"0,6834844168177502";"0,1841837175170508";"0,1323318656651989";"1";FALSE;"0,6850251830745475";"0,1822737019417445";"0,1327011149837078";"1,05766482297435";"1";"1";"1";"D";"0";"1";"0"
"08/05/2022";"Arsenal";"Leeds";"B365";"Casa de apuestas";"1,53";"4,50";"5,50";"0,6535947712418301";"0,2222222222222222";"0,1818181818181818";"1,05763517528223";"0,0576351752822342";"0,6179775280898876";"0,2101123595505618";"0,1719101123595505";"1";"0,6343830461477520";"0,2030104971281441";"0,1626064567241037";"1";FALSE;"0,6357601945363219";"0,2015079884881717";"0,1627318169755064";"1,06505573231278";"1";"2";"1";"H";"1";"0";"0"
"08/05/2022";"Arsenal";"Leeds";"BW";"Casa de apuestas";"1,51";"4,33";"6,00";"0,6622516556291391";"0,2309468822170901";"0,1666666666666667";"1,05986520451290";"0,0598652045128958";"0,6248451716400141";"0,2179021268305823";"0,1572527015294036";"1";"0,6422965874581739";"0,2109918140461248";"0,1467115984957015";"1";FALSE;"0,6437793179138366";"0,2088429522582912";"0,1473777298278723";"1,06864589258513";"1";"2";"1";"H";"1";"0";"0"
"08/05/2022";"Arsenal";"Leeds";"IW";"Casa de apuestas";"1,53";"4,40";"6,00";"0,6535947712418301";"0,2272727272727273";"0,1666666666666667";"1,04753416518122";"0,0475341651812240";"0,6239364719228587";"0,2169597277368123";"0,1591038003403290";"1";"0,6377500495147554";"0,2114280055456526";"0,1508219449395921";"1";FALSE;"0,6388039186813437";"0,2098522105349742";"0,1513438707836821";"1,05382489878361";"1";"2";"1";"H";"1";"0";"0"
"08/05/2022";"Leicester";"Everton";"B365";"Casa de apuestas";"2,60";"3,25";"2,70";"0,3846153846153846";"0,3076923076923077";"0,3703703703703703";"1,06267806267806";"0,0626780626780628";"0,3619302949061662";"0,2895442359249331";"0,3485254691689008";"1";"0,3637226970560303";"0,2867996201329535";"0,3494776828110160";"1";FALSE;"0,3635848268849556";"0,2870731991935079";"0,3493419739215365";"1,05884932415424";"1";"1";"2";"A";"0";"0";"1"
"08/05/2022";"Leicester";"Everton";"BW";"Casa de apuestas";"2,60";"3,25";"2,75";"0,3846153846153846";"0,3076923076923077";"0,3636363636363636";"1,05594405594406";"0,0559440559440558";"0,3642384105960265";"0,2913907284768212";"0,3443708609271523";"1";"0,3659673659673660";"0,2890442890442891";"0,3449883449883450";"1";FALSE;"0,3658461743659625";"0,2892772408375042";"0,3448765847965334";"1,05236031214205";"1";"1";"2";"A";"0";"0";"1"
"08/05/2022";"Leicester";"Everton";"IW";"Casa de apuestas";"2,65";"3,25";"2,70";"0,3773584905660378";"0,3076923076923077";"0,3703703703703703";"1,05542116862872";"0,0554211686287158";"0,3575430375878579";"0,2915350921870225";"0,3509218702251196";"1";"0,3588847676897992";"0,2892185848160691";"0,3518966474941317";"1";FALSE;"0,3587658721959626";"0,2894531392122874";"0,3517809885917500";"1,05184457447265";"1";"1";"2";"A";"0";"0";"1"
"08/05/2022";"Man City";"Newcastle";"B365";"Casa de apuestas";"1,16";"7,50";"15,00";"0,8620689655172414";"0,1333333333333333";"0,0666666666666667";"1,06206896551724";"0,0620689655172415";"0,8116883116883117";"0,1255411255411255";"0,0627705627705628";"1";"0,8413793103448276";"0,1126436781609195";"0,0459770114942529";"1";FALSE;"0,8469270663099508";"0,1048238961896571";"0,0482490375003920";"1,11939557041472";"1";"5";"0";"H";"1";"0";"0"
"08/05/2022";"Man City";"Newcastle";"BW";"Casa de apuestas";"1,18";"7,50";"15,00";"0,8474576271186441";"0,1333333333333333";"0,0666666666666667";"1,04745762711864";"0,0474576271186442";"0,8090614886731391";"0,1272923408845739";"0,0636461704422870";"1";"0,8316384180790961";"0,1175141242937852";"0,0508474576271186";"1";FALSE;"0,8353666228141834";"0,1119347594133679";"0,0526986177724488";"1,08682108286163";"1";"5";"0";"H";"1";"0";"0"
"08/05/2022";"Man City";"Newcastle";"IW";"Casa de apuestas";"1,20";"7,50";"12,00";"0,8333333333333334";"0,1333333333333333";"0,0833333333333333";"1,05000000000000";"0,0500000000000000";"0,7936507936507936";"0,1269841269841269";"0,0793650793650793";"1";"0,8166666666666667";"0,1166666666666666";"0,0666666666666666";"1";FALSE;"0,8204272578465465";"0,1122083332647808";"0,0673644088886728";"1,08560957764644";"1";"5";"0";"H";"1";"0";"0"
"08/05/2022";"Norwich";"West Ham";"B365";"Casa de apuestas";"4,50";"3,80";"1,72";"0,2222222222222222";"0,2631578947368421";"0,5813953488372093";"1,06677546579627";"0,0667754657962736";"0,2083120856705762";"0,2466853646098929";"0,5450025497195309";"1";"0,1999637336234643";"0,2408994061380842";"0,5591368602384514";"1";FALSE;"0,2001997063456423";"0,2398762880995527";"0,5599240055548050";"1,06938637755908";"1";"0";"4";"A";"0";"0";"1"
"08/05/2022";"Norwich";"West Ham";"BW";"Casa de apuestas";"4,75";"4,00";"1,68";"0,2105263157894737";"0,2500000000000000";"0,5952380952380952";"1,05576441102757";"0,0557644110275688";"0,1994065281899110";"0,2367952522255193";"0,5637982195845698";"1";"0,1919381787802841";"0,2314118629908104";"0,5766499582289056";"1";FALSE;"0,1921345336720370";"0,2304717668056031";"0,5773936995223600";"1,05866903303678";"1";"0";"4";"A";"0";"0";"1"
"08/05/2022";"Norwich";"West Ham";"IW";"Casa de apuestas";"4,80";"3,95";"1,70";"0,2083333333333333";"0,2531645569620253";"0,5882352941176471";"1,04973318441301";"0,0497331844130056";"0,1984631298950791";"0,2411703856952860";"0,5603664844096351";"1";"0,1917556051956648";"0,2365868288243567";"0,5716575659799785";"1";FALSE;"0,1920302242311861";"0,2357278153648979";"0,5722419604039160";"1,05194807895805";"1";"0";"4";"A";"0";"0";"1"
"10/05/2022";"Aston Villa";"Liverpool";"B365";"Casa de apuestas";"6,25";"4,50";"1,50";"0,1600000000000000";"0,2222222222222222";"0,6666666666666666";"1,04888888888889";"0,0488888888888890";"0,1525423728813559";"0,2118644067796610";"0,6355932203389829";"1";"0,1437037037037037";"0,2059259259259259";"0,6503703703703703";"1";FALSE;"0,1442787628908214";"0,2041369997464706";"0,6515842373627080";"1,05643761854237";"1";"1";"2";"A";"0";"0";"1"
"10/05/2022";"Aston Villa";"Liverpool";"BW";"Casa de apuestas";"6,00";"4,50";"1,51";"0,1666666666666667";"0,2222222222222222";"0,6622516556291391";"1,05114054451803";"0,0511405445180280";"0,1585579278963948";"0,2114105705285264";"0,6300315015750787";"1";"0,1496198184939907";"0,2051753740495462";"0,6452048074564631";"1";FALSE;"0,1500613087547539";"0,2034818710855885";"0,6464568201596577";"1,05857475622923";"1";"1";"2";"A";"0";"0";"1"
"10/05/2022";"Aston Villa";"Liverpool";"IW";"Casa de apuestas";"6,00";"4,50";"1,50";"0,1666666666666667";"0,2222222222222222";"0,6666666666666666";"1,05555555555556";"0,0555555555555554";"0,1578947368421053";"0,2105263157894737";"0,6315789473684210";"1";"0,1481481481481483";"0,2037037037037037";"0,6481481481481481";"1";FALSE;"0,1486009635908511";"0,2018182920876909";"0,6495807443214580";"1,06403269802740";"1";"1";"2";"A";"0";"0";"1"
"11/05/2022";"Leeds";"Chelsea";"B365";"Casa de apuestas";"4,75";"4,00";"1,70";"0,2105263157894737";"0,2500000000000000";"0,5882352941176471";"1,04876160990712";"0,0487616099071206";"0,2007380073800738";"0,2383763837638377";"0,5608856088560886";"1";"0,1942724458204335";"0,2337461300309598";"0,5719814241486069";"1";FALSE;"0,1944737906758835";"0,2329666346896577";"0,5725595746344588";"1,05090237346872";"1";"0";"3";"A";"0";"0";"1"
"11/05/2022";"Leeds";"Chelsea";"BW";"Casa de apuestas";"4,50";"4,00";"1,68";"0,2222222222222222";"0,2500000000000000";"0,5952380952380952";"1,06746031746032";"0,0674603174603174";"0,2081784386617100";"0,2342007434944238";"0,5576208178438662";"1";"0,1997354497354497";"0,2275132275132275";"0,5727513227513228";"1";FALSE;"0,1997171541198495";"0,2265683557275685";"0,5737144901525820";"1,07099085875080";"1";"0";"3";"A";"0";"0";"1"
"11/05/2022";"Leeds";"Chelsea";"IW";"Casa de apuestas";"4,80";"4,10";"1,67";"0,2083333333333333";"0,2439024390243903";"0,5988023952095809";"1,05103816756730";"0,0510381675673046";"0,1982167153981993";"0,2320585936369163";"0,5697246909648843";"1";"0,1913206108108984";"0,2268897165019554";"0,5817896726871460";"1";FALSE;"0,1914557448684698";"0,2260542974487743";"0,5824899576827560";"1,05385810221767";"1";"0";"3";"A";"0";"0";"1"
"11/05/2022";"Leicester";"Norwich";"B365";"Casa de apuestas";"1,33";"5,50";"8,50";"0,7518796992481203";"0,1818181818181818";"0,1176470588235294";"1,05134493988983";"0,0513449398898316";"0,7151598592626588";"0,1729386568762429";"0,1119014838610984";"1";"0,7347647192848431";"0,1647032018549046";"0,1005320788602522";"1";FALSE;"0,7371194911025215";"0,1614973928656302";"0,1013831160318484";"1,06952240509773";"1";"3";"0";"H";"1";"0";"0"
"11/05/2022";"Leicester";"Norwich";"BW";"Casa de apuestas";"1,35";"5,25";"8,25";"0,7407407407407407";"0,1904761904761905";"0,1212121212121212";"1,05242905242905";"0,0524290524290523";"0,7038391224862889";"0,1809872029250457";"0,1151736745886655";"1";"0,7232643899310566";"0,1729998396665064";"0,1037357704024371";"1";FALSE;"0,7254901172754111";"0,1697928067676696";"0,1047170759569193";"1,06931995302135";"1";"3";"0";"H";"1";"0";"0"
"11/05/2022";"Leicester";"Norwich";"IW";"Casa de apuestas";"1,33";"5,50";"8,50";"0,7518796992481203";"0,1818181818181818";"0,1176470588235294";"1,05134493988983";"0,0513449398898316";"0,7151598592626588";"0,1729386568762429";"0,1119014838610984";"1";"0,7347647192848431";"0,1647032018549046";"0,1005320788602522";"1";FALSE;"0,7371194911025215";"0,1614973928656302";"0,1013831160318484";"1,06952240509773";"1";"3";"0";"H";"1";"0";"0"
"11/05/2022";"Watford";"Everton";"B365";"Casa de apuestas";"5,50";"3,75";"1,65";"0,1818181818181818";"0,2666666666666667";"0,6060606060606061";"1,05454545454545";"0,0545454545454547";"0,1724137931034482";"0,2528735632183908";"0,5747126436781609";"1";"0,1636363636363636";"0,2484848484848485";"0,5878787878787879";"1";FALSE;"0,1645767534288934";"0,2468429770758482";"0,5885802694952584";"1,05844273392386";"1";"0";"0";"D";"0";"1";"0"
"11/05/2022";"Watford";"Everton";"BW";"Casa de apuestas";"5,50";"3,70";"1,66";"0,1818181818181818";"0,2702702702702702";"0,6024096385542169";"1,05449809064267";"0,0544980906426691";"0,1724215372522598";"0,2563022851047105";"0,5712761776430297";"1";"0,1636521516039588";"0,2521042400560471";"0,5842436083399939";"1";FALSE;"0,1646450478399251";"0,2504547638869041";"0,5849001882731709";"1,05819936430268";"1";"0";"0";"D";"0";"1";"0"
"11/05/2022";"Watford";"Everton";"IW";"Casa de apuestas";"5,50";"3,70";"1,67";"0,1818181818181818";"0,2702702702702702";"0,5988023952095809";"1,05089084729803";"0,0508908472980329";"0,1730133841070728";"0,2571820574564596";"0,5698045584364675";"1";"0,1648545660521708";"0,2533066545042592";"0,5818387794435699";"1";FALSE;"0,1657937749683908";"0,2517947616957252";"0,5824114633358840";"1,05412089363425";"1";"0";"0";"D";"0";"1";"0"
"11/05/2022";"Wolves";"Man City";"B365";"Casa de apuestas";"10,00";"5,75";"1,28";"0,1000000000000000";"0,1739130434782609";"0,7812500000000000";"1,05516304347826";"0,0551630434782608";"0,0947720834406387";"0,1648210146793717";"0,7404069018799897";"1";"0,0816123188405797";"0,1555253623188406";"0,7628623188405798";"1";FALSE;"0,0830720771700872";"0,1510583587767011";"0,7658695640532117";"1,08054493011225";"1";"1";"5";"A";"0";"0";"1"
"11/05/2022";"Wolves";"Man City";"BW";"Casa de apuestas";"10,50";"6,00";"1,27";"0,0952380952380952";"0,1666666666666667";"0,7874015748031495";"1,04930633670791";"0,0493063367079114";"0,0907629087010898";"0,1588350902269073";"0,7504020010720028";"1";"0,0788026496687914";"0,1502312210973629";"0,7709661292338458";"1";FALSE;"0,0801480075426809";"0,1461372359845609";"0,7737147564727582";"1,07336345045403";"1";"1";"5";"A";"0";"0";"1"
"11/05/2022";"Wolves";"Man City";"IW";"Casa de apuestas";"13,00";"5,50";"1,27";"0,0769230769230769";"0,1818181818181818";"0,7874015748031495";"1,04614283354441";"0,0461428335444083";"0,0735301857992526";"0,1737986209800516";"0,7526711932206958";"1";"0,0615421324082741";"0,1664372373033790";"0,7720206302883468";"1";FALSE;"0,0642850090614076";"0,1613731441149547";"0,7743418468236376";"1,06997387979825";"1";"1";"5";"A";"0";"0";"1"
"12/05/2022";"Tottenham";"Arsenal";"B365";"Casa de apuestas";"2,20";"3,50";"3,20";"0,4545454545454545";"0,2857142857142857";"0,3125000000000000";"1,05275974025974";"0,0527597402597402";"0,4317656129529683";"0,2713955281418658";"0,2968388589051658";"1";"0,4369588744588744";"0,2681277056277056";"0,2949134199134199";"1";FALSE;"0,4369121903057241";"0,2683057663085477";"0,2947820433857282";"1,05018112990936";"1";"3";"0";"H";"1";"0";"0"
"12/05/2022";"Tottenham";"Arsenal";"BW";"Casa de apuestas";"2,25";"3,40";"3,20";"0,4444444444444444";"0,2941176470588235";"0,3125000000000000";"1,05106209150327";"0,0510620915032680";"0,4228527011270889";"0,2798289933929265";"0,2973183054799844";"1";"0,4274237472766884";"0,2770969498910675";"0,2954793028322440";"1";FALSE;"0,4273603996021702";"0,2772243351584543";"0,2954152652393754";"1,04833631497831";"1";"3";"0";"H";"1";"0";"0"
"12/05/2022";"Tottenham";"Arsenal";"IW";"Casa de apuestas";"2,20";"3,45";"3,25";"0,4545454545454545";"0,2898550724637681";"0,3076923076923077";"1,05209283470153";"0,0520928347015304";"0,4320393025720065";"0,2755033233792505";"0,2924573740487429";"1";"0,4371811763116110";"0,2724907942299247";"0,2903280294584643";"1";FALSE;"0,4371395766150084";"0,2726135527046757";"0,2902468706803159";"1,04952122865889";"1";"3";"0";"H";"1";"0";"0"
"15/05/2022";"Aston Villa";"Crystal Palace";"B365";"Casa de apuestas";"1,80";"3,50";"4,50";"0,5555555555555556";"0,2857142857142857";"0,2222222222222222";"1,06349206349206";"0,0634920634920635";"0,5223880597014926";"0,2686567164179104";"0,2089552238805970";"1";"0,5343915343915344";"0,2645502645502645";"0,2010582010582010";"1";FALSE;"0,5348543850888423";"0,2635010345884239";"0,2016445803227336";"1,06460521121445";"1";"1";"1";"D";"0";"1";"0"
"15/05/2022";"Aston Villa";"Crystal Palace";"BW";"Casa de apuestas";"1,83";"3,50";"4,50";"0,5464480874316939";"0,2857142857142857";"0,2222222222222222";"1,05438459536820";"0,0543845953682018";"0,5182625863770978";"0,2709772951628825";"0,2107601184600197";"1";"0,5283198889756267";"0,2675860872582184";"0,2040940237661549";"1";FALSE;"0,5286326564449692";"0,2667416922138550";"0,2046256513411760";"1,05484801752867";"1";"1";"1";"D";"0";"1";"0"
"15/05/2022";"Aston Villa";"Crystal Palace";"IW";"Casa de apuestas";"1,83";"3,55";"4,40";"0,5464480874316939";"0,2816901408450704";"0,2272727272727273";"1,05541095554949";"0,0554109555494917";"0,5177585892570065";"0,2669009065747385";"0,2153405041682550";"1";"0,5279777689151967";"0,2632198223285732";"0,2088024087562301";"1";FALSE;"0,5283182888739196";"0,2624527309544745";"0,2092289801716058";"1,05583236594617";"1";"1";"1";"D";"0";"1";"0"
"15/05/2022";"Everton";"Brentford";"B365";"Casa de apuestas";"1,85";"3,50";"4,20";"0,5405405405405405";"0,2857142857142857";"0,2380952380952381";"1,06435006435006";"0,0643500643500643";"0,5078597339782346";"0,2684401451027811";"0,2237001209189843";"1";"0,5190905190905191";"0,2642642642642642";"0,2166452166452167";"1";FALSE;"0,5194810206279655";"0,2635036286038067";"0,2170153507682278";"1,06459735308502";"1";"2";"3";"A";"0";"0";"1"
"15/05/2022";"Everton";"Brentford";"BW";"Casa de apuestas";"1,90";"3,60";"4,00";"0,5263157894736842";"0,2777777777777778";"0,2500000000000000";"1,05409356725146";"0,0540935672514620";"0,4993065187239945";"0,2635228848821082";"0,2371705963938974";"1";"0,5082846003898636";"0,2597465886939571";"0,2319688109161793";"1";FALSE;"0,5085300683909525";"0,2593597015324766";"0,2321102300765709";"1,05355899257493";"1";"2";"3";"A";"0";"0";"1"
"15/05/2022";"Everton";"Brentford";"IW";"Casa de apuestas";"1,90";"3,60";"4,10";"0,5263157894736842";"0,2777777777777778";"0,2439024390243903";"1,04799600627585";"0,0479960062758522";"0,5022116366110921";"0,2650561415447431";"0,2327322218441647";"1";"0,5103171207150667";"0,2617791090191604";"0,2279037702657729";"1";FALSE;"0,5105170944964309";"0,2613860957923016";"0,2280968097112676";"1,04748318991439";"1";"2";"3";"A";"0";"0";"1"
"15/05/2022";"Leeds";"Brighton";"B365";"Casa de apuestas";"2,62";"3,40";"2,62";"0,3816793893129771";"0,2941176470588235";"0,3816793893129771";"1,05747642568478";"0,0574764256847777";"0,3609341825902336";"0,2781316348195328";"0,3609341825902336";"1";"0,3625205807513845";"0,2749588384972309";"0,3625205807513845";"1";FALSE;"0,3623419492405688";"0,2753161015188624";"0,3623419492405688";"1,05398045102173";"1";"1";"1";"D";"0";"1";"0"
"15/05/2022";"Leeds";"Brighton";"BW";"Casa de apuestas";"2,60";"3,40";"2,65";"0,3846153846153846";"0,2941176470588235";"0,3773584905660378";"1,05609152224025";"0,0560915222402461";"0,3641875505254648";"0,2784963621665319";"0,3573160873080033";"1";"0,3659182105353025";"0,2754204729787414";"0,3586613164859558";"1";FALSE;"0,3657469367966389";"0,2757666744477218";"0,3584863887556393";"1,05264423516863";"1";"1";"1";"D";"0";"1";"0"
"15/05/2022";"Leeds";"Brighton";"IW";"Casa de apuestas";"2,55";"3,40";"2,80";"0,3921568627450981";"0,2941176470588235";"0,3571428571428572";"1,04341736694678";"0,0434173669467788";"0,3758389261744967";"0,2818791946308724";"0,3422818791946309";"1";"0,3776844070961718";"0,2796451914098972";"0,3426704014939310";"1";FALSE;"0,3775611021517178";"0,2798891893423535";"0,3425497085059287";"1,04051893312191";"1";"1";"1";"D";"0";"1";"0"
"15/05/2022";"Tottenham";"Burnley";"B365";"Casa de apuestas";"1,30";"5,50";"9,50";"0,7692307692307692";"0,1818181818181818";"0,1052631578947368";"1,05631210894369";"0,0563121089436880";"0,7282229965156795";"0,1721254355400697";"0,0996515679442508";"1";"0,7504600662495399";"0,1630474788369525";"0,0864924549135075";"1";FALSE;"0,7533110886901692";"0,1587171629458010";"0,0879717483640299";"1,07970879602153";"1";"1";"0";"H";"1";"0";"0"
"15/05/2022";"Tottenham";"Burnley";"BW";"Casa de apuestas";"1,32";"5,50";"9,50";"0,7575757575757576";"0,1818181818181818";"0,1052631578947368";"1,04465709728868";"0,0446570972886762";"0,7251908396946565";"0,1740458015267176";"0,1007633587786259";"1";"0,7426900584795322";"0,1669324827219564";"0,0903774587985114";"1";FALSE;"0,7447132184084242";"0,1636709870776551";"0,0916157945139207";"1,06168005162833";"1";"1";"0";"H";"1";"0";"0"
"15/05/2022";"Tottenham";"Burnley";"IW";"Casa de apuestas";"1,33";"5,50";"9,50";"0,7518796992481203";"0,1818181818181818";"0,1052631578947368";"1,03896103896104";"0,0389610389610389";"0,7236842105263158";"0,1750000000000000";"0,1013157894736842";"1";"0,7388926862611073";"0,1688311688311688";"0,0922761449077238";"1";FALSE;"0,7405602756328238";"0,1660564533174419";"0,0933832710497345";"1,05319224370371";"1";"1";"0";"H";"1";"0";"0"
"15/05/2022";"Watford";"Leicester";"B365";"Casa de apuestas";"5,50";"4,00";"1,65";"0,1818181818181818";"0,2500000000000000";"0,6060606060606061";"1,03787878787879";"0,0378787878787878";"0,1751824817518248";"0,2408759124087591";"0,5839416058394161";"1";"0,1691919191919192";"0,2373737373737374";"0,5934343434343434";"1";FALSE;"0,1697101696240486";"0,2363749798397238";"0,5939148505362276";"1,04042537987945";"1";"1";"5";"A";"0";"0";"1"
"15/05/2022";"Watford";"Leicester";"BW";"Casa de apuestas";"5,00";"3,90";"1,68";"0,2000000000000000";"0,2564102564102564";"0,5952380952380952";"1,05164835164835";"0,0516483516483517";"0,1901776384535005";"0,2438174851967955";"0,5660048763497039";"1";"0,1827838827838828";"0,2391941391941391";"0,5780219780219780";"1";FALSE;"0,1832275716622246";"0,2381050593616860";"0,5786673689760893";"1,05442174849723";"1";"1";"5";"A";"0";"0";"1"
"15/05/2022";"Watford";"Leicester";"IW";"Casa de apuestas";"4,80";"3,90";"1,70";"0,2083333333333333";"0,2564102564102564";"0,5882352941176471";"1,05297888386124";"0,0529788838612368";"0,1978513876454790";"0,2435094001790510";"0,5586392121754701";"1";"0,1906737053795877";"0,2387506284565108";"0,5705756661639014";"1";FALSE;"0,1910009206331280";"0,2377965583313759";"0,5712025210354962";"1,05537436664551";"1";"1";"5";"A";"0";"0";"1"
"15/05/2022";"West Ham";"Man City";"B365";"Casa de apuestas";"7,50";"5,00";"1,40";"0,1333333333333333";"0,2000000000000000";"0,7142857142857143";"1,04761904761905";"0,0476190476190477";"0,1272727272727272";"0,1909090909090909";"0,6818181818181818";"1";"0,1174603174603174";"0,1841269841269841";"0,6984126984126984";"1";FALSE;"0,1182279682314422";"0,1816852103780404";"0,7000868213905175";"1,05967411948284";"1";"2";"2";"D";"0";"1";"0"
"15/05/2022";"West Ham";"Man City";"BW";"Casa de apuestas";"7,25";"5,00";"1,39";"0,1379310344827586";"0,2000000000000000";"0,7194244604316548";"1,05735549491441";"0,0573554949144133";"0,1304490638637323";"0,1891511426024119";"0,6803997935338558";"1";"0,1188125361779542";"0,1808815016951956";"0,7003059621268504";"1";FALSE;"0,1195082891505242";"0,1780100319304602";"0,7024816789190158";"1,07237151416921";"1";"2";"2";"D";"0";"1";"0"
"15/05/2022";"West Ham";"Man City";"IW";"Casa de apuestas";"7,25";"5,25";"1,40";"0,1379310344827586";"0,1904761904761905";"0,7142857142857143";"1,04269293924466";"0,0426929392446633";"0,1322834645669291";"0,1826771653543307";"0,6850393700787402";"1";"0,1237000547345375";"0,1762452107279694";"0,7000547345374932";"1";FALSE;"0,1240895430450108";"0,1743399623477727";"0,7015704946072164";"1,05338228438793";"1";"2";"2";"D";"0";"1";"0"
"15/05/2022";"Wolves";"Norwich";"B365";"Casa de apuestas";"1,55";"4,50";"5,75";"0,6451612903225806";"0,2222222222222222";"0,1739130434782609";"1,04129655602306";"0,0412965560230636";"0,6195749775516312";"0,2134091589344507";"0,1670158635139180";"1";"0,6313957716482261";"0,2084567035478677";"0,1601475248039064";"1";FALSE;"0,6322470349671275";"0,2073240325635040";"0,1604289324693683";"1,04613787715193";"1";"1";"1";"D";"0";"1";"0"
"15/05/2022";"Wolves";"Norwich";"BW";"Casa de apuestas";"1,53";"4,20";"5,75";"0,6535947712418301";"0,2380952380952381";"0,1739130434782609";"1,06560305281533";"0,0656030528153289";"0,6133566993028305";"0,2234370833174597";"0,1632062173797097";"1";"0,6317270869700538";"0,2162275538234618";"0,1520453592064846";"1";FALSE;"0,6332664471280818";"0,2140153454439259";"0,1527182074279923";"1,07429738923458";"1";"1";"1";"D";"0";"1";"0"
"15/05/2022";"Wolves";"Norwich";"IW";"Casa de apuestas";"1,53";"4,40";"5,75";"0,6535947712418301";"0,2272727272727273";"0,1739130434782609";"1,05478054199282";"0,0547805419928182";"0,6196500079599310";"0,2154692073133396";"0,1648807847267295";"1";"0,6353345905775574";"0,2090125466084546";"0,1556528628139882";"1";FALSE;"0,6366023318034513";"0,2073432609526134";"0,1560544072439353";"1,06194301528519";"1";"1";"1";"D";"0";"1";"0"
"16/05/2022";"Newcastle";"Arsenal";"B365";"Casa de apuestas";"4,20";"3,75";"1,83";"0,2380952380952381";"0,2666666666666667";"0,5464480874316939";"1,05120999219360";"0,0512099921935987";"0,2264963612060003";"0,2536759245507204";"0,5198277142432792";"1";"0,2210252406973719";"0,2495966692688005";"0,5293780900338277";"1";FALSE;"0,2211477470045935";"0,2491339812533601";"0,5297182717420464";"1,05145323203186";"1";"2";"0";"H";"1";"0";"0"
"16/05/2022";"Newcastle";"Arsenal";"BW";"Casa de apuestas";"4,20";"3,75";"1,82";"0,2380952380952381";"0,2666666666666667";"0,5494505494505494";"1,05421245421245";"0,0542124542124540";"0,2258512856150104";"0,2529534398888117";"0,5211952744961779";"1";"0,2200244200244201";"0,2485958485958487";"0,5313797313797314";"1";FALSE;"0,2201423858109238";"0,2480906447527674";"0,5317669694363089";"1,05462828640153";"1";"2";"0";"H";"1";"0";"0"
"16/05/2022";"Newcastle";"Arsenal";"IW";"Casa de apuestas";"4,70";"3,75";"1,75";"0,2127659574468085";"0,2666666666666667";"0,5714285714285714";"1,05086119554205";"0,0508611955420466";"0,2024681835711531";"0,2537601234091786";"0,5437716930196683";"1";"0,1958122255994597";"0,2497129348193179";"0,5544748395812226";"1";FALSE;"0,1962155009092398";"0,2488464381278991";"0,5549380609628610";"1,05232694650196";"1";"2";"0";"H";"1";"0";"0"
"17/05/2022";"Southampton";"Liverpool";"B365";"Casa de apuestas";"6,50";"5,00";"1,44";"0,1538461538461539";"0,2000000000000000";"0,6944444444444444";"1,04829059829060";"0,0482905982905983";"0,1467590705258867";"0,1907867916836527";"0,6624541377904606";"1";"0,1377492877492878";"0,1839031339031339";"0,6783475783475783";"1";FALSE;"0,1379844712109690";"0,1821366489636177";"0,6798788798254133";"1,05813218514998";"1";"1";"2";"A";"0";"0";"1"
"17/05/2022";"Southampton";"Liverpool";"BW";"Casa de apuestas";"6,50";"4,75";"1,46";"0,1538461538461539";"0,2105263157894737";"0,6849315068493150";"1,04930397648494";"0,0493039764849426";"0,1466173361522199";"0,2006342494714587";"0,6527484143763213";"1";"0,1374114950178397";"0,1940916569611595";"0,6684968480210008";"1";FALSE;"0,1378865155053009";"0,1921816760908885";"0,6699318084038106";"1,05851158204758";"1";"1";"2";"A";"0";"0";"1"
"17/05/2022";"Southampton";"Liverpool";"IW";"Casa de apuestas";"6,75";"4,80";"1,45";"0,1481481481481481";"0,2083333333333333";"0,6896551724137931";"1,04613665389527";"0,0461366538952745";"0,1416145276972379";"0,1991454295742408";"0,6592400427285213";"1";"0,1327692635163900";"0,1929544487015751";"0,6742762877820350";"1";FALSE;"0,1333162490302302";"0,1910403145243387";"0,6756434364454310";"1,05524289502376";"1";"1";"2";"A";"0";"0";"1"
"19/05/2022";"Aston Villa";"Burnley";"B365";"Casa de apuestas";"1,95";"3,50";"3,80";"0,5128205128205129";"0,2857142857142857";"0,2631578947368421";"1,06169269327164";"0,0616926932716406";"0,4830216088614491";"0,2691120392228074";"0,2478663519157436";"1";"0,4922562817299660";"0,2651500546237388";"0,2425936636462952";"1";FALSE;"0,4924761624508611";"0,2648218309182591";"0,2427020066308798";"1,06061405763660";"1";"1";"1";"D";"0";"1";"0"
"19/05/2022";"Aston Villa";"Burnley";"BW";"Casa de apuestas";"2,05";"3,30";"3,70";"0,4878048780487805";"0,3030303030303030";"0,2702702702702702";"1,06110545134935";"0,0611054513493539";"0,4597138554216868";"0,2855798192771084";"0,2547063253012047";"1";"0,4674363942656625";"0,2826618192471850";"0,2499017864871522";"1";FALSE;"0,4675134175798427";"0,2823555338927857";"0,2501310485273717";"1,05918790963500";"1";"1";"1";"D";"0";"1";"0"
"19/05/2022";"Aston Villa";"Burnley";"IW";"Casa de apuestas";"2,10";"3,40";"3,50";"0,4761904761904762";"0,2941176470588235";"0,2857142857142857";"1,05602240896359";"0,0560224089635852";"0,4509283819628648";"0,2785145888594164";"0,2705570291777188";"1";"0,4575163398692811";"0,2754435107376284";"0,2670401493930906";"1";FALSE;"0,4575483295670553";"0,2753681915514927";"0,2670834788814519";"1,05382586144543";"1";"1";"1";"D";"0";"1";"0"
"19/05/2022";"Chelsea";"Leicester";"B365";"Casa de apuestas";"1,40";"4,75";"8,00";"0,7142857142857143";"0,2105263157894737";"0,1250000000000000";"1,04981203007519";"0,0498120300751879";"0,6803939122649956";"0,2005371530886303";"0,1190689346463742";"1";"0,6976817042606517";"0,1939223057644111";"0,1083959899749374";"1";FALSE;"0,6993663437505887";"0,1909213559176248";"0,1097123003317865";"1,06273427104978";"1";"1";"1";"D";"0";"1";"0"
"19/05/2022";"Chelsea";"Leicester";"BW";"Casa de apuestas";"1,44";"4,75";"6,75";"0,6944444444444444";"0,2105263157894737";"0,1481481481481481";"1,05311890838207";"0,0531189083820662";"0,6594169366034244";"0,1999074502545118";"0,1406756131420638";"1";"0,6767381416504223";"0,1928200129954516";"0,1304418453541260";"1";FALSE;"0,6784019461497520";"0,1905166556361587";"0,1310813982140892";"1,06409612937917";"1";"1";"1";"D";"0";"1";"0"
"19/05/2022";"Chelsea";"Leicester";"IW";"Casa de apuestas";"1,43";"4,60";"7,50";"0,6993006993006994";"0,2173913043478261";"0,1333333333333333";"1,05002533698186";"0,0500253369818588";"0,6659845954867478";"0,2070343416404455";"0,1269810628728066";"1";"0,6826255869734131";"0,2007161920205398";"0,1166582210060470";"1";FALSE;"0,6841495796543244";"0,1979950671562102";"0,1178553531894653";"1,06124076696340";"1";"1";"1";"D";"0";"1";"0"
"19/05/2022";"Everton";"Crystal Palace";"B365";"Casa de apuestas";"1,85";"3,50";"4,33";"0,5405405405405405";"0,2857142857142857";"0,2309468822170901";"1,05720170847192";"0,0572017084719163";"0,5112936691351360";"0,2702552251142862";"0,2184511057505778";"1";"0,5214733043832350";"0,2666470495569803";"0,2118796460597847";"1";FALSE;"0,5217895405387121";"0,2658937076560309";"0,2123167518052569";"1,05738968875251";"1";"3";"2";"H";"1";"0";"0"
"19/05/2022";"Everton";"Crystal Palace";"BW";"Casa de apuestas";"1,87";"3,30";"4,50";"0,5347593582887700";"0,3030303030303030";"0,2222222222222222";"1,06001188354130";"0,0600118835412951";"0,5044843049327354";"0,2858744394618835";"0,2096412556053812";"1";"0,5147553971083383";"0,2830263418498713";"0,2022182610417905";"1";FALSE;"0,5149893107017309";"0,2820203577093679";"0,2029903315889012";"1,06018276195972";"1";"3";"2";"H";"1";"0";"0"
"19/05/2022";"Everton";"Crystal Palace";"IW";"Casa de apuestas";"1,80";"3,55";"4,80";"0,5555555555555556";"0,2816901408450704";"0,2083333333333333";"1,04557902973396";"0,0455790297339593";"0,5313376987839102";"0,2694106641721234";"0,1992516370439663";"1";"0,5403625456442358";"0,2664971309337506";"0,1931403234220135";"1";FALSE;"0,5406333048974385";"0,2656342330979274";"0,1937324620046341";"1,04632186552990";"1";"3";"2";"H";"1";"0";"0"
"22/05/2022";"Arsenal";"Everton";"B365";"Casa de apuestas";"1,33";"5,25";"8,50";"0,7518796992481203";"0,1904761904761905";"0,1176470588235294";"1,06000294854784";"0,0600029485478402";"0,7093184979137691";"0,1796940194714882";"0,1109874826147427";"1";"0,7318787163988402";"0,1704752076269104";"0,0976460759742493";"1";FALSE;"0,7346597008591613";"0,1664686397093560";"0,0988716594314825";"1,08124350485496";"1";"5";"1";"H";"1";"0";"0"
"22/05/2022";"Arsenal";"Everton";"BW";"Casa de apuestas";"1,34";"5,50";"8,25";"0,7462686567164178";"0,1818181818181818";"0,1212121212121212";"1,04929895974672";"0,0492989597467210";"0,7112068965517242";"0,1732758620689655";"0,1155172413793104";"1";"0,7298356701341775";"0,1653851952359415";"0,1047791346298809";"1";FALSE;"0,7320173475372386";"0,1625029537631307";"0,1054796986996306";"1,06588129275321";"1";"5";"1";"H";"1";"0";"0"
"22/05/2022";"Arsenal";"Everton";"IW";"Casa de apuestas";"1,35";"5,25";"8,75";"0,7407407407407407";"0,1904761904761905";"0,1142857142857143";"1,04550264550265";"0,0455026455026455";"0,7085020242914980";"0,1821862348178138";"0,1093117408906883";"1";"0,7255731922398588";"0,1753086419753087";"0,0991181657848325";"1";FALSE;"0,7274317406754237";"0,1723189309898624";"0,1002493283347139";"1,06041400096695";"1";"5";"1";"H";"1";"0";"0"
"22/05/2022";"Brentford";"Leeds";"B365";"Casa de apuestas";"2,30";"3,80";"2,80";"0,4347826086956522";"0,2631578947368421";"0,3571428571428572";"1,05508336057535";"0,0550833605753516";"0,4120836560805577";"0,2494190549961270";"0,3384972889233153";"1";"0,4164214885038683";"0,2447967745450582";"0,3387817369510733";"1";FALSE;"0,4162224267167752";"0,2453851786227637";"0,3383923946604612";"1,05237829418246";"1";"1";"2";"A";"0";"0";"1"
"22/05/2022";"Brentford";"Leeds";"BW";"Casa de apuestas";"2,30";"3,70";"2,80";"0,4347826086956522";"0,2702702702702702";"0,3571428571428572";"1,06219573610878";"0,0621957361087797";"0,4093243777163176";"0,2544448834452784";"0,3362307388384038";"1";"0,4140506966593923";"0,2495383582340103";"0,3364109451065973";"1";FALSE;"0,4138590532734499";"0,2501221920747690";"0,3360187546517812";"1,05921497299110";"1";"1";"2";"A";"0";"0";"1"
"22/05/2022";"Brentford";"Leeds";"IW";"Casa de apuestas";"2,40";"3,70";"2,75";"0,4166666666666667";"0,2702702702702702";"0,3636363636363636";"1,05057330057330";"0,0505733005733005";"0,3966088481777432";"0,2572597934125901";"0,3461313584096667";"1";"0,3998088998088998";"0,2534125034125033";"0,3467785967785967";"1";FALSE;"0,3996080058363254";"0,2539027496588816";"0,3464892445047930";"1,04774866154037";"1";"1";"2";"A";"0";"0";"1"
"22/05/2022";"Brighton";"West Ham";"B365";"Casa de apuestas";"2,60";"3,40";"2,62";"0,3846153846153846";"0,2941176470588235";"0,3816793893129771";"1,06041242098719";"0,0604124209871852";"0,3627035830618892";"0,2773615635179152";"0,3599348534201955";"1";"0,3644779109529895";"0,2739801733964284";"0,3615419156505821";"1";FALSE;"0,3642892121956767";"0,2743597877586740";"0,3613510000456494";"1,05682374929199";"1";"3";"1";"H";"1";"0";"0"
"22/05/2022";"Brighton";"West Ham";"BW";"Casa de apuestas";"2,60";"3,40";"2,60";"0,3846153846153846";"0,2941176470588235";"0,3846153846153846";"1,06334841628959";"0,0633484162895928";"0,3617021276595745";"0,2765957446808511";"0,3617021276595745";"1";"0,3634992458521870";"0,2730015082956259";"0,3634992458521870";"1";FALSE;"0,3632979845068861";"0,2734040309862280";"0,3632979845068861";"1,05967531082688";"1";"3";"1";"H";"1";"0";"0"
"22/05/2022";"Brighton";"West Ham";"IW";"Casa de apuestas";"2,65";"3,45";"2,60";"0,3773584905660378";"0,2898550724637681";"0,3846153846153846";"1,05182894764519";"0,0518289476451905";"0,3587641235876413";"0,2755724427557244";"0,3656634336566343";"1";"0,3600821746843076";"0,2725787565820380";"0,3673390687336544";"1";FALSE;"0,3599055167440439";"0,2729280304838362";"0,3671664527721197";"1,04859024889401";"1";"3";"1";"H";"1";"0";"0"
"22/05/2022";"Burnley";"Newcastle";"B365";"Casa de apuestas";"2,45";"3,30";"2,90";"0,4081632653061224";"0,3030303030303030";"0,3448275862068966";"1,05602115454332";"0,0560211545433220";"0,3865105008077544";"0,2869547657512116";"0,3265347334410340";"1";"0,3894895471250150";"0,2843565848491956";"0,3261538680257892";"1";FALSE;"0,3893701321397149";"0,2845841453993035";"0,3260457224609817";"1,05260294234276";"1";"1";"2";"A";"0";"0";"1"
"22/05/2022";"Burnley";"Newcastle";"BW";"Casa de apuestas";"2,45";"3,20";"2,95";"0,4081632653061224";"0,3125000000000000";"0,3389830508474576";"1,05964631615358";"0,0596463161535801";"0,3851882076915230";"0,2949097215138223";"0,3199020707946547";"1";"0,3882811599215957";"0,2926178946154733";"0,3191009454629309";"1";FALSE;"0,3881741956688273";"0,2927814189813067";"0,3190443853498659";"1,05603585392090";"1";"1";"2";"A";"0";"0";"1"
"22/05/2022";"Burnley";"Newcastle";"IW";"Casa de apuestas";"2,35";"3,40";"3,05";"0,4255319148936170";"0,2941176470588235";"0,3278688524590164";"1,04751841441146";"0,0475184144114569";"0,4062285770247772";"0,2807756341200666";"0,3129957888551563";"1";"0,4096924434231314";"0,2782781755883378";"0,3120293809885308";"1";FALSE;"0,4095952805531477";"0,2784695025458372";"0,3119352169010151";"1,04467429129176";"1";"1";"2";"A";"0";"0";"1"
"22/05/2022";"Chelsea";"Watford";"B365";"Casa de apuestas";"1,20";"7,00";"13,00";"0,8333333333333334";"0,1428571428571428";"0,0769230769230769";"1,05311355311355";"0,0531135531135531";"0,7913043478260869";"0,1356521739130434";"0,0730434782608695";"1";"0,8156288156288156";"0,1251526251526251";"0,0592185592185592";"1";FALSE;"0,8195645169110973";"0,1195849816300824";"0,0608505014588204";"1,09138030758318";"1";"2";"1";"H";"1";"0";"0"
"22/05/2022";"Chelsea";"Watford";"BW";"Casa de apuestas";"1,20";"7,00";"14,00";"0,8333333333333334";"0,1428571428571428";"0,0714285714285714";"1,04761904761905";"0,0476190476190477";"0,7954545454545456";"0,1363636363636363";"0,0681818181818182";"1";"0,8174603174603174";"0,1269841269841269";"0,0555555555555555";"1";FALSE;"0,8208882372451656";"0,1216626184567779";"0,0574491442980566";"1,08252865046310";"1";"2";"1";"H";"1";"0";"0"
"22/05/2022";"Chelsea";"Watford";"IW";"Casa de apuestas";"1,22";"6,75";"13,00";"0,8196721311475410";"0,1481481481481481";"0,0769230769230769";"1,04474335621877";"0,0447433562187660";"0,7845679288300774";"0,1418033886181769";"0,0736286825517457";"1";"0,8047576790746190";"0,1332336960752261";"0,0620086248501549";"1";FALSE;"0,8077133047271036";"0,1286475857553473";"0,0636391095175489";"1,07391089812105";"1";"2";"1";"H";"1";"0";"0"
"22/05/2022";"Crystal Palace";"Man United";"B365";"Casa de apuestas";"2,70";"3,50";"2,50";"0,3703703703703703";"0,2857142857142857";"0,4000000000000000";"1,05608465608466";"0,0560846560846562";"0,3507014028056111";"0,2705410821643286";"0,3787575150300601";"1";"0,3516754850088182";"0,2670194003527336";"0,3813051146384480";"1";FALSE;"0,3514531021072062";"0,2674324995042838";"0,3811143983885100";"1,05278342029421";"1";"1";"0";"H";"1";"0";"0"
"22/05/2022";"Crystal Palace";"Man United";"BW";"Casa de apuestas";"2,75";"3,40";"2,45";"0,3636363636363636";"0,2941176470588235";"0,4081632653061224";"1,06591727600131";"0,0659172760013096";"0,3411487662537114";"0,2759291491757960";"0,3829220845704924";"1";"0,3416639383025937";"0,2721452217250536";"0,3861908399723525";"1";FALSE;"0,3414414358679428";"0,2725419435087509";"0,3860166206233064";"1,06225596788403";"1";"1";"0";"H";"1";"0";"0"
"22/05/2022";"Crystal Palace";"Man United";"IW";"Casa de apuestas";"2,95";"3,45";"2,40";"0,3389830508474576";"0,2898550724637681";"0,4166666666666667";"1,04550478997789";"0,0455047899778924";"0,3242290748898678";"0,2772393538913363";"0,3985315712187959";"1";"0,3238147875214935";"0,2746868091378040";"0,4014984033407025";"1";FALSE;"0,3236856322911725";"0,2749310924685288";"0,4013832752402987";"1,04268544450259";"1";"1";"0";"H";"1";"0";"0"
"22/05/2022";"Leicester";"Southampton";"B365";"Casa de apuestas";"1,65";"4,33";"4,50";"0,6060606060606061";"0,2309468822170901";"0,2222222222222222";"1,05922971049992";"0,0592297104999182";"0,5721710787120646";"0,2180328590935119";"0,2097960621944236";"1";"0,5863173692273000";"0,2112036453837840";"0,2024789853889161";"1";FALSE;"0,5872551834540666";"0,2105956219524496";"0,2021491945934839";"1,06294348318267";"1";"4";"1";"H";"1";"0";"0"
"22/05/2022";"Leicester";"Southampton";"BW";"Casa de apuestas";"1,71";"4,10";"4,40";"0,5847953216374269";"0,2439024390243903";"0,2272727272727273";"1,05597048793454";"0,0559704879345444";"0,5537989255564083";"0,2309746738296240";"0,2152264006139678";"1";"0,5661384923259121";"0,2252456097128755";"0,2086158979612125";"1";FALSE;"0,5668218360290584";"0,2246777993763301";"0,2085003645946115";"1,05818688171110";"1";"4";"1";"H";"1";"0";"0"
"22/05/2022";"Leicester";"Southampton";"IW";"Casa de apuestas";"1,73";"4,20";"4,30";"0,5780346820809249";"0,2380952380952381";"0,2325581395348837";"1,04868805971105";"0,0486880597110466";"0,5511979246146804";"0,2270410499008088";"0,2217610254845109";"1";"0,5618053288439093";"0,2218658848582226";"0,2163287862978682";"1";FALSE;"0,5623365060674435";"0,2215355480377401";"0,2161279458948166";"1,05023236475555";"1";"4";"1";"H";"1";"0";"0"
"22/05/2022";"Liverpool";"Wolves";"B365";"Casa de apuestas";"1,12";"9,00";"17,00";"0,8928571428571428";"0,1111111111111111";"0,0588235294117647";"1,06279178338002";"0,0627917833800187";"0,8401054249945090";"0,1045464528882056";"0,0553481221172853";"1";"0,8719265483971366";"0,0901805166511049";"0,0378929349517585";"1";FALSE;"0,8787889043536188";"0,0816638722403417";"0,0395472234060395";"1,14013997521966";"1";"3";"1";"H";"1";"0";"0"
"22/05/2022";"Liverpool";"Wolves";"BW";"Casa de apuestas";"1,13";"8,75";"16,50";"0,8849557522123894";"0,1142857142857143";"0,0606060606060606";"1,05984752710416";"0,0598475271041643";"0,8349840232494253";"0,1078322224310686";"0,0571837543195061";"1";"0,8650065765110013";"0,0943365385843262";"0,0406568849046725";"1";FALSE;"0,8711853795916742";"0,0865195637417380";"0,0422950566665878";"1,12831910052541";"1";"3";"1";"H";"1";"0";"0"
"22/05/2022";"Liverpool";"Wolves";"IW";"Casa de apuestas";"1,15";"8,00";"17,00";"0,8695652173913044";"0,1250000000000000";"0,0588235294117647";"1,05338874680307";"0,0533887468030692";"0,8254931714719271";"0,1186646433990895";"0,0558421851289833";"1";"0,8517689684569481";"0,1072037510656436";"0,0410272804774083";"1";FALSE;"0,8566148132831300";"0,0999892684839951";"0,0433959182328748";"1,10736097541487";"1";"3";"1";"H";"1";"0";"0"
"22/05/2022";"Man City";"Aston Villa";"B365";"Casa de apuestas";"1,18";"7,50";"13,00";"0,8474576271186441";"0,1333333333333333";"0,0769230769230769";"1,05771403737505";"0,0577140373750544";"0,8012162051113485";"0,1260580162708521";"0,0727257786177993";"1";"0,8282196146602927";"0,1140953208749818";"0,0576850644647254";"1";FALSE;"0,8329855871951853";"0,1081120776464880";"0,0589023351583267";"1,10406645445880";"1";"3";"2";"H";"1";"0";"0"
"22/05/2022";"Man City";"Aston Villa";"BW";"Casa de apuestas";"1,18";"8,00";"14,00";"0,8474576271186441";"0,1250000000000000";"0,0714285714285714";"1,04388619854722";"0,0438861985472156";"0,8118295158016816";"0,1197448535807480";"0,0684256306175703";"1";"0,8328288942695723";"0,1103712671509281";"0,0567998385794995";"1";FALSE;"0,8363137302625208";"0,1058486596836554";"0,0578376100538238";"1,07997503121900";"1";"3";"2";"H";"1";"0";"0"
"22/05/2022";"Man City";"Aston Villa";"IW";"Casa de apuestas";"1,15";"8,00";"17,00";"0,8695652173913044";"0,1250000000000000";"0,0588235294117647";"1,05338874680307";"0,0533887468030692";"0,8254931714719271";"0,1186646433990895";"0,0558421851289833";"1";"0,8517689684569481";"0,1072037510656436";"0,0410272804774083";"1";FALSE;"0,8566148132831300";"0,0999892684839951";"0,0433959182328748";"1,10736097541487";"1";"3";"2";"H";"1";"0";"0"
"22/05/2022";"Norwich";"Tottenham";"B365";"Casa de apuestas";"8,50";"5,25";"1,33";"0,1176470588235294";"0,1904761904761905";"0,7518796992481203";"1,06000294854784";"0,0600029485478402";"0,1109874826147427";"0,1796940194714882";"0,7093184979137691";"1";"0,0976460759742493";"0,1704752076269104";"0,7318787163988402";"1";FALSE;"0,0988716594314825";"0,1664686397093560";"0,7346597008591613";"1,08124350485496";"1";"0";"5";"A";"0";"0";"1"
"22/05/2022";"Norwich";"Tottenham";"BW";"Casa de apuestas";"9,50";"5,50";"1,31";"0,1052631578947368";"0,1818181818181818";"0,7633587786259541";"1,05044011833887";"0,0504401183388727";"0,1002086230876217";"0,1730876216968011";"0,7267037552155772";"1";"0,0884497851151126";"0,1650048090385576";"0,7465454058463299";"1";FALSE;"0,0898124168184577";"0,1612255221094767";"0,7489620610720655";"1,07051073645982";"1";"0";"5";"A";"0";"0";"1"
"22/05/2022";"Norwich";"Tottenham";"IW";"Casa de apuestas";"12,00";"6,25";"1,25";"0,0833333333333333";"0,1600000000000000";"0,8000000000000000";"1,04333333333333";"0,0433333333333334";"0,0798722044728434";"0,1533546325878594";"0,7667731629392971";"1";"0,0688888888888888";"0,1455555555555555";"0,7855555555555556";"1";FALSE;"0,0704969763895062";"0,1414304670876989";"0,7880725565227948";"1,06731794468095";"1";"0";"5";"A";"0";"0";"1"
