"Date";"HomeTeam";"AwayTeam";"casa";"tipo";"dif_mult_adit_L";"dif_mult_adit_E";"dif_mult_adit_V";"dif_mult_log_L";"dif_mult_log_E";"dif_mult_log_V";"dif_adit_log_L";"dif_adit_log_E";"dif_adit_log_V";"diferencia_maxima";"clasificacion"
"13/08/2021";"Brentford";"Arsenal";"B365";"Casa de apuestas";"4,97135681941480e-03";"0,002503915228560694";"7,47527204797549e-03";"4,64438413793847e-03";"0,002885171922511587";"7,52955606045003e-03";"3,26972681476329e-04";"3,81256693950893e-04";"5,42840124745370e-05";"0,007529556060450027";"Similar"
"14/08/2021";"Man United";"Leeds";"B365";"Casa de apuestas";"1,28388890930697e-02";"0,005292366496379819";"7,54652259668978e-03";"1,36806787862364e-02";"0,006430754808684602";"7,24992397755156e-03";"8,41789693166617e-04";"1,13838831230478e-03";"2,96598619138222e-04";"0,013680678786236355";"Diferente"
"14/08/2021";"Burnley";"Brighton";"B365";"Casa de apuestas";"1,44420671494405e-03";"0,001444206714944052";"2,88841342988805e-03";"1,39693326242202e-03";"0,001396933262422018";"2,79386652484387e-03";"4,72734525220342e-05";"4,72734525220342e-05";"9,45469050441794e-05";"0,002888413429888048";"Similar"
"14/08/2021";"Chelsea";"Crystal Palace";"B365";"Casa de apuestas";"2,01875954649330e-02";"0,007695350960010228";"1,24922445049228e-02";"2,25542760334797e-02";"0,012416358561237267";"1,01379174722425e-02";"2,36668056854672e-03";"4,72100760122704e-03";"2,35432703268022e-03";"0,022554276033479703";"Diferente"
"14/08/2021";"Everton";"Southampton";"B365";"Casa de apuestas";"7,20618101640857e-03";"0,002696272427280433";"4,50990858912828e-03";"7,29466340975843e-03";"0,003029898818922627";"4,26476459083586e-03";"8,84823933498535e-05";"3,33626391642194e-04";"2,45143998292424e-04";"0,007294663409758428";"Similar"
"14/08/2021";"Leicester";"Wolves";"B365";"Casa de apuestas";"1,23138226790096e-02";"0,004422091017323909";"7,89173166168575e-03";"1,29274858411468e-02";"0,005648476615207565";"7,27900922593916e-03";"6,13663162137179e-04";"1,22638559788366e-03";"6,12722435746588e-04";"0,012927485841146780";"Diferente"
"14/08/2021";"Watford";"Aston Villa";"B365";"Casa de apuestas";"2,77450476852276e-03";"0,002336425068229731";"5,11092983675226e-03";"2,70457424164128e-03";"0,002367740608503421";"5,07231485014470e-03";"6,99305268814787e-05";"3,13155402736909e-05";"3,86149866075658e-05";"0,005110929836752265";"Similar"
"14/08/2021";"Norwich";"Liverpool";"B365";"Casa de apuestas";"1,10595372872813e-02";"0,007910973856972620";"1,89705111442542e-02";"1,05596488108631e-02";"0,010307177638927523";"2,08668264497908e-02";"4,99888476418159e-04";"2,39620378195490e-03";"1,89631530553658e-03";"0,020866826449790765";"Diferente"
"15/08/2021";"Newcastle";"West Ham";"B365";"Casa de apuestas";"2,33642506822973e-03";"0,002774504768522756";"5,11092983675226e-03";"2,36774060850342e-03";"0,002704574241641278";"5,07231485014470e-03";"3,13155402736909e-05";"6,99305268814787e-05";"3,86149866075658e-05";"0,005110929836752265";"Similar"
"15/08/2021";"Tottenham";"Man City";"B365";"Casa de apuestas";"9,77871975762001e-03";"0,005701561236686886";"1,54802809943069e-02";"8,87572215592253e-03";"0,007732352775800977";"1,66080749317233e-02";"9,02997601697486e-04";"2,03079153911409e-03";"1,12779393741647e-03";"0,016608074931723338";"Diferente"
"21/08/2021";"Liverpool";"Burnley";"B365";"Casa de apuestas";"2,43610894040693e-02";"0,010118375734421592";"1,42427136696478e-02";"2,78776426833564e-02";"0,015412281674539396";"1,24653610088172e-02";"3,51655327928702e-03";"5,29390594011780e-03";"1,77735266083055e-03";"0,027877642683356352";"Diferente"
"21/08/2021";"Aston Villa";"Newcastle";"B365";"Casa de apuestas";"9,73036666107363e-03";"0,004103217986769964";"5,62714867430378e-03";"1,01081622746626e-02";"0,004631096302894683";"5,47706597176784e-03";"3,77795613588972e-04";"5,27878316124719e-04";"1,50082702535942e-04";"0,010108162274662602";"Diferente"
"21/08/2021";"Crystal Palace";"Brentford";"B365";"Casa de apuestas";"1,70845712376660e-03";"0,002003018696829728";"2,94561573063234e-04";"1,60320502634181e-03";"0,001815664420587615";"2,12459394245967e-04";"1,05252097424791e-04";"1,87354276242113e-04";"8,21021788172671e-05";"0,002003018696829728";"Similar"
"21/08/2021";"Leeds";"Everton";"B365";"Casa de apuestas";"6,70295148471461e-03";"0,003157848914593253";"3,54510257012164e-03";"6,76551542365983e-03";"0,003245859559672715";"3,51965586398717e-03";"6,25639389452148e-05";"8,80106450794615e-05";"2,54467061344688e-05";"0,006765515423659829";"Similar"
"21/08/2021";"Man City";"Norwich";"B365";"Casa de apuestas";"3,04231026573628e-02";"0,013522642639104424";"1,69004600182583e-02";"3,71848510320900e-02";"0,023639066535725464";"1,35457844963646e-02";"6,76174837472721e-03";"1,01164238966210e-02";"3,35467552189372e-03";"0,037184851032090016";"Diferente"
"21/08/2021";"Brighton";"Watford";"B365";"Casa de apuestas";"1,26225086194933e-02";"0,003977296717282697";"8,64521190221068e-03";"1,31943752445195e-02";"0,005505719975742340";"7,68865526877713e-03";"5,71866625026174e-04";"1,52842325845964e-03";"9,56556633433553e-04";"0,013194375244519496";"Diferente"
"22/08/2021";"Southampton";"Man United";"B365";"Casa de apuestas";"7,02415203325812e-03";"0,005228727301462455";"1,22528793347206e-02";"6,84648121740972e-03";"0,006225169391103375";"1,30716506085131e-02";"1,77670815848407e-04";"9,96442089640920e-04";"8,18771273792485e-04";"0,013071650608513119";"Diferente"
"22/08/2021";"Wolves";"Tottenham";"B365";"Casa de apuestas";"1,93330837803540e-04";"0,001806117037374988";"1,61278619957150e-03";"1,33611993014815e-04";"0,001653258705270222";"1,51964671225530e-03";"5,97188447887254e-05";"1,52858332104766e-04";"9,31394873162072e-05";"0,001806117037374988";"Similar"
"22/08/2021";"Arsenal";"Chelsea";"B365";"Casa de apuestas";"5,88442077803780e-03";"0,002948822097758264";"8,83324287579601e-03";"5,39445133549571e-03";"0,003671232434883709";"9,06568377037931e-03";"4,89969442542093e-04";"7,22410337125445e-04";"2,32440894583297e-04";"0,009065683770379307";"Similar"
"23/08/2021";"West Ham";"Leicester";"B365";"Casa de apuestas";"3,41359407110992e-03";"0,003042551237293634";"3,71042833816282e-04";"3,28537400515949e-03";"0,002757242868211218";"5,28131136948495e-04";"1,28220065950424e-04";"2,85308369082415e-04";"1,57088303132213e-04";"0,003413594071109916";"Similar"
"28/08/2021";"Man City";"Arsenal";"B365";"Casa de apuestas";"2,03380952160116e-02";"0,008155024975426500";"1,21830702405852e-02";"2,27316376098528e-02";"0,011966309796839047";"1,07653278130138e-02";"2,39354239384115e-03";"3,81128482141255e-03";"1,41774242757134e-03";"0,022731637609852751";"Diferente"
"28/08/2021";"Aston Villa";"Brentford";"B365";"Casa de apuestas";"8,04195804195806e-03";"0,002447552447552404";"5,59440559440560e-03";"8,12613845853444e-03";"0,002982505143925007";"5,14363331460940e-03";"8,41804165763738e-05";"5,34952696372604e-04";"4,50772279796202e-04";"0,008126138458534438";"Similar"
"28/08/2021";"Brighton";"Everton";"B365";"Casa de apuestas";"4,84776773436568e-03";"0,002302012611290927";"2,54575512307470e-03";"4,79009473771258e-03";"0,002298809426812765";"2,49128531089982e-03";"5,76729966531020e-05";"3,20318447816215e-06";"5,44698121748843e-05";"0,004847767734365682";"Similar"
"28/08/2021";"Newcastle";"Southampton";"B365";"Casa de apuestas";"3,04730407191917e-03";"0,002856076488458648";"1,91227583460518e-04";"2,91727970974376e-03";"0,002559635243638059";"3,57644466105811e-04";"1,30024362175407e-04";"2,96441244820589e-04";"1,66416882645293e-04";"0,003047304071919166";"Similar"
"28/08/2021";"Norwich";"Leicester";"B365";"Casa de apuestas";"6,08999136917912e-03";"0,003970903463289155";"1,00608948324685e-02";"5,83260749769129e-03";"0,004563640496234755";"1,03962479939262e-02";"2,57383871487826e-04";"5,92737032945601e-04";"3,35353161457719e-04";"0,010396247993926244";"Diferente"
"28/08/2021";"West Ham";"Crystal Palace";"B365";"Casa de apuestas";"1,63567466463546e-02";"0,005566801488379430";"1,07899451579750e-02";"1,75380454227633e-02";"0,008133136766430932";"9,40490865633242e-03";"1,18129877640871e-03";"2,56633527805150e-03";"1,38503650164259e-03";"0,017538045422763271";"Diferente"
"28/08/2021";"Liverpool";"Chelsea";"B365";"Casa de apuestas";"2,97904631726065e-03";"0,002598180902015967";"3,80865415244735e-04";"2,85963133196054e-03";"0,002370620351908104";"4,89010980052218e-04";"1,19414985300104e-04";"2,27560550107864e-04";"1,08145564807482e-04";"0,002979046317260647";"Similar"
"29/08/2021";"Burnley";"Leeds";"B365";"Casa de apuestas";"1,92543899174591e-03";"0,003267822514160246";"5,19326150590604e-03";"2,05681551943754e-03";"0,003089761833318105";"5,14657735275581e-03";"1,31376527691629e-04";"1,78060680842140e-04";"4,66841531502338e-05";"0,005193261505906044";"Similar"
"29/08/2021";"Tottenham";"Watford";"B365";"Casa de apuestas";"1,86432608669883e-02";"0,006635465917495809";"1,20077949494924e-02";"2,03942783962058e-02";"0,010372377319151499";"1,00219010770543e-02";"1,75101752921747e-03";"3,73691140165569e-03";"1,98589387243818e-03";"0,020394278396205778";"Diferente"
"29/08/2021";"Wolves";"Man United";"B365";"Casa de apuestas";"6,44568719440411e-03";"0,003842621212048591";"1,02883084064527e-02";"6,02433102840375e-03";"0,004696657368684826";"1,07209883970885e-02";"4,21356166000364e-04";"8,54036156636234e-04";"4,32679990635787e-04";"0,010720988397088460";"Diferente"
"11/09/2021";"Crystal Palace";"Tottenham";"B365";"Casa de apuestas";"3,67527025947617e-03";"0,002339795394142141";"6,01506565361831e-03";"3,49181115551969e-03";"0,002556930328106000";"6,04874148362577e-03";"1,83459103956479e-04";"2,17134933963858e-04";"3,36758300074624e-05";"0,006048741483625775";"Similar"
"11/09/2021";"Arsenal";"Norwich";"B365";"Casa de apuestas";"2,17148024258247e-02";"0,008724946289195262";"1,29898561366294e-02";"2,42177432041596e-02";"0,012440353083435690";"1,17773901207239e-02";"2,50294077833491e-03";"3,71540679424043e-03";"1,21246601590552e-03";"0,024217743204159592";"Diferente"
"11/09/2021";"Brentford";"Brighton";"B365";"Casa de apuestas";"1,22812247786053e-03";"0,000734939435570070";"1,96306191343060e-03";"1,15198863963495e-03";"0,000724461562785828";"1,87645020242072e-03";"7,61338382255783e-05";"1,04778727842425e-05";"8,66117110098763e-05";"0,001963061913430597";"Similar"
"11/09/2021";"Leicester";"Man City";"B365";"Casa de apuestas";"9,47988138224082e-03";"0,006026281512258674";"1,55061628944995e-02";"8,94068058247441e-03";"0,007628516891815595";"1,65691974742901e-02";"5,39200799766409e-04";"1,60223537955692e-03";"1,06303457979062e-03";"0,016569197474290087";"Diferente"
"11/09/2021";"Man United";"Newcastle";"B365";"Casa de apuestas";"2,66922816118845e-02";"0,011292442112048065";"1,53998394998364e-02";"3,12281598165538e-02";"0,018463508589581359";"1,27646512269724e-02";"4,53587820466927e-03";"7,17106647753329e-03";"2,63518827286399e-03";"0,031228159816553802";"Diferente"
"11/09/2021";"Southampton";"West Ham";"B365";"Casa de apuestas";"9,16559215013102e-04";"0,003348966362548000";"4,26552557756116e-03";"1,10290499241639e-03";"0,003057099119131657";"4,16000411154827e-03";"1,86345777403285e-04";"2,91867243416344e-04";"1,05521466012892e-04";"0,004265525577561158";"Similar"
"11/09/2021";"Watford";"Wolves";"B365";"Casa de apuestas";"4,75512210951451e-03";"0,002001932019176200";"6,75705412869071e-03";"4,41658363820396e-03";"0,002318629096945801";"6,73521273514993e-03";"3,38538471310545e-04";"3,16697077769601e-04";"2,18413935407780e-05";"0,006757054128690709";"Similar"
"11/09/2021";"Chelsea";"Aston Villa";"B365";"Casa de apuestas";"2,35580218141147e-02";"0,009145317798670755";"1,44127040154440e-02";"2,64021048307659e-02";"0,013915935242729383";"1,24861695880364e-02";"2,84408301665118e-03";"4,77061744405863e-03";"1,92653442740759e-03";"0,026402104830765882";"Diferente"
"12/09/2021";"Leeds";"Liverpool";"B365";"Casa de apuestas";"6,82571669197993e-03";"0,006366342496753580";"1,31920591887337e-02";"7,11326190623024e-03";"0,006913195410681972";"1,40264573169123e-02";"2,87545214250312e-04";"5,46852913928392e-04";"8,34398128178648e-04";"0,014026457316912322";"Diferente"
"13/09/2021";"Everton";"Burnley";"B365";"Casa de apuestas";"1,01010101010102e-02";"0,002886002886002825";"7,21500721500712e-03";"1,04226411563965e-02";"0,004127008493539530";"6,29563266285699e-03";"3,21631055386296e-04";"1,24100560753670e-03";"9,19374552150132e-04";"0,010422641156396462";"Diferente"
"17/09/2021";"Newcastle";"Leeds";"B365";"Casa de apuestas";"1,51215312505637e-03";"0,003843978037526452";"5,35613116258277e-03";"1,74755723526226e-03";"0,003544681551071072";"5,29223878633345e-03";"2,35404110205895e-04";"2,99296486455380e-04";"6,38923762493193e-05";"0,005356131162582767";"Similar"
"18/09/2021";"Wolves";"Brentford";"B365";"Casa de apuestas";"1,19648958877255e-02";"0,002779380914429086";"9,18551497329631e-03";"1,22675840205803e-02";"0,004341031220328806";"7,92655280025154e-03";"3,02688132854723e-04";"1,56165030589972e-03";"1,25896217304478e-03";"0,012267584020580258";"Diferente"
"18/09/2021";"Burnley";"Arsenal";"B365";"Casa de apuestas";"4,64477287436063e-03";"0,004042958448778999";"8,68773132313960e-03";"4,64389111480351e-03";"0,004245156469484257";"8,88904758428777e-03";"8,81759557119777e-07";"2,02198020705258e-04";"2,01316261148166e-04";"0,008889047584287768";"Similar"
"18/09/2021";"Liverpool";"Crystal Palace";"B365";"Casa de apuestas";"2,24554169605901e-02";"0,009295652360531037";"1,31597646000590e-02";"2,54626621732220e-02";"0,013762655902670562";"1,17000062705515e-02";"3,00724521263196e-03";"4,46700354213952e-03";"1,45975832950745e-03";"0,025462662173222017";"Diferente"
"18/09/2021";"Man City";"Southampton";"B365";"Casa de apuestas";"3,01064248020970e-02";"0,013150387441277361";"1,69560373608197e-02";"3,60343216866751e-02";"0,021708061954741398";"1,43262597319335e-02";"5,92789688457807e-03";"8,55767451346404e-03";"2,62977762888613e-03";"0,036034321686675086";"Diferente"
"18/09/2021";"Norwich";"Watford";"B365";"Casa de apuestas";"4,53250453250448e-03";"0,002266252266252267";"2,26625226625227e-03";"4,47349587402651e-03";"0,002236747937013228";"2,23674793701323e-03";"5,90086584779659e-05";"2,95043292390385e-05";"2,95043292390385e-05";"0,004532504532504478";"Similar"
"18/09/2021";"Aston Villa";"Everton";"B365";"Casa de apuestas";"6,58795790641631e-03";"0,003071078121788029";"3,51687978462822e-03";"6,61994760419049e-03";"0,003146397307923765";"3,47355029626695e-03";"3,19896977741818e-05";"7,53191861357361e-05";"4,33294883612767e-05";"0,006619947604190490";"Similar"
"19/09/2021";"Brighton";"Leicester";"B365";"Casa de apuestas";"2,91147452661311e-03";"0,001989386584269281";"9,22087942343774e-04";"2,81092856787751e-03";"0,001857703072730976";"9,53225495146481e-04";"1,00545958735598e-04";"1,31683511538305e-04";"3,11375528027069e-05";"0,002911474526613111";"Similar"
"19/09/2021";"West Ham";"Man United";"B365";"Casa de apuestas";"6,13743405505421e-03";"0,004790192433213047";"1,09276264882672e-02";"6,07355061672424e-03";"0,005313375228933298";"1,13869258456576e-02";"6,38834383299702e-05";"5,23182795720251e-04";"4,59299357390419e-04";"0,011386925845657592";"Diferente"
"19/09/2021";"Tottenham";"Chelsea";"B365";"Casa de apuestas";"7,64987476741091e-03";"0,003760701794055465";"1,14105765614664e-02";"7,06870915922195e-03";"0,004708181426392843";"1,17768905856148e-02";"5,81165608188966e-04";"9,47479632337378e-04";"3,66314024148440e-04";"0,011776890585614819";"Diferente"
"25/09/2021";"Chelsea";"Man City";"B365";"Casa de apuestas";"4,12877030705971e-04";"0,002165656878042821";"2,57853390874885e-03";"4,78708671820482e-04";"0,001990846014737757";"2,46955468655841e-03";"6,58316411145110e-05";"1,74810863305064e-04";"1,08979222190442e-04";"0,002578533908748848";"Similar"
"25/09/2021";"Man United";"Aston Villa";"B365";"Casa de apuestas";"2,17148024258247e-02";"0,008724946289195262";"1,29898561366294e-02";"2,42177432041596e-02";"0,012440353083435690";"1,17773901207239e-02";"2,50294077833491e-03";"3,71540679424043e-03";"1,21246601590552e-03";"0,024217743204159592";"Diferente"
"25/09/2021";"Everton";"Norwich";"B365";"Casa de apuestas";"1,04082790672538e-02";"0,003550487719203466";"6,85779134805048e-03";"1,08662613716093e-02";"0,004681279360437274";"6,18498201117204e-03";"4,57982304355453e-04";"1,13079164123381e-03";"6,72809336878438e-04";"0,010866261371609287";"Diferente"
"25/09/2021";"Leeds";"West Ham";"B365";"Casa de apuestas";"4,14380792624125e-04";"0,004053397571486927";"4,46777836411100e-03";"6,98641889453788e-04";"0,003629522654895190";"4,32816454434887e-03";"2,84261096829663e-04";"4,23874916591738e-04";"1,39613819762130e-04";"0,004467778364110997";"Similar"
"25/09/2021";"Leicester";"Burnley";"B365";"Casa de apuestas";"1,42423584354578e-02";"0,005074027366912898";"9,16833106854495e-03";"1,50737406757826e-02";"0,006672290212742682";"8,40145046303997e-03";"8,31382240324752e-04";"1,59826284582978e-03";"7,66880605504977e-04";"0,015073740675782599";"Diferente"
"25/09/2021";"Watford";"Newcastle";"B365";"Casa de apuestas";"7,53407910018944e-03";"0,003767039550094831";"3,76703955009483e-03";"7,62292418241878e-03";"0,003811462091209361";"3,81146209120936e-03";"8,88450822293385e-05";"4,44225411145305e-05";"4,44225411145305e-05";"0,007622924182418778";"Similar"
"25/09/2021";"Brentford";"Liverpool";"B365";"Casa de apuestas";"1,22605014852630e-02";"0,009071624770863956";"2,13321262561270e-02";"1,16909592124946e-02";"0,012166410505820763";"2,38573697183152e-02";"5,69542272768481e-04";"3,09478573495681e-03";"2,52524346218819e-03";"0,023857369718315202";"Diferente"
"26/09/2021";"Southampton";"Wolves";"B365";"Casa de apuestas";"6,67901179846569e-03";"0,002658635764437867";"4,02037603402794e-03";"6,70442642870461e-03";"0,002852176402967588";"3,85225002573680e-03";"2,54146302389180e-05";"1,93540638529721e-04";"1,68126008291136e-04";"0,006704426428704613";"Similar"
"26/09/2021";"Arsenal";"Tottenham";"B365";"Casa de apuestas";"5,77397978218763e-03";"0,002886989891093927";"2,88698989109393e-03";"5,76595930085377e-03";"0,002882979650426831";"2,88297965042683e-03";"8,02048133385913e-06";"4,01024066709610e-06";"4,01024066709610e-06";"0,005773979782187633";"Similar"
"27/09/2021";"Crystal Palace";"Brighton";"B365";"Casa de apuestas";"3,39251474160307e-04";"0,001309510690259030";"9,70259216098501e-04";"2,91414850645988e-04";"0,001192912848767214";"9,01497998121170e-04";"4,78366235143191e-05";"1,16597841491817e-04";"6,87612179773311e-05";"0,001309510690259030";"Similar"
"02/10/2021";"Man United";"Everton";"B365";"Casa de apuestas";"1,38047777877236e-02";"0,004656335125040434";"9,14844266268316e-03";"1,46985228662139e-02";"0,006763094235288286";"7,93542863092561e-03";"8,93745078490271e-04";"2,10675911024785e-03";"1,21301403175755e-03";"0,014698522866213870";"Diferente"
"02/10/2021";"Burnley";"Norwich";"B365";"Casa de apuestas";"8,97808166586911e-03";"0,003776296188151063";"5,20178547771805e-03";"9,22354966695804e-03";"0,004163183349631616";"5,06036631732648e-03";"2,45468001088933e-04";"3,86887161480554e-04";"1,41419160391565e-04";"0,009223549666958042";"Similar"
"02/10/2021";"Chelsea";"Southampton";"B365";"Casa de apuestas";"1,72877919956561e-02";"0,006614847324219214";"1,06729446714369e-02";"1,89724314855931e-02";"0,009615797171005497";"9,35663431458773e-03";"1,68463948993702e-03";"3,00094984678628e-03";"1,31631035684913e-03";"0,018972431485593133";"Diferente"
"02/10/2021";"Leeds";"Watford";"B365";"Casa de apuestas";"1,19914121893522e-02";"0,004621911980620674";"7,36950020873153e-03";"1,25853711358653e-02";"0,005617043361609592";"6,96832777425560e-03";"5,93958946513151e-04";"9,95131380988917e-04";"4,01172434475933e-04";"0,012585371135865331";"Diferente"
"02/10/2021";"Wolves";"Newcastle";"B365";"Casa de apuestas";"1,23138226790096e-02";"0,004422091017323909";"7,89173166168575e-03";"1,29274858411468e-02";"0,005648476615207565";"7,27900922593916e-03";"6,13663162137179e-04";"1,22638559788366e-03";"6,12722435746588e-04";"0,012927485841146780";"Diferente"
"02/10/2021";"Brighton";"Arsenal";"B365";"Casa de apuestas";"2,04054573740398e-03";"0,002291075374202645";"4,33162111160662e-03";"2,02754114845299e-03";"0,002229404762413900";"4,25694591086678e-03";"1,30045889509822e-05";"6,16706117887444e-05";"7,46752007398377e-05";"0,004331621111606621";"Similar"
"03/10/2021";"Crystal Palace";"Leicester";"B365";"Casa de apuestas";"3,69118741586794e-04";"0,001828815583316434";"1,45969684172959e-03";"2,87315210617867e-04";"0,001647047368769528";"1,35973215815177e-03";"8,18035309689269e-05";"1,81768214546907e-04";"9,99646835778134e-05";"0,001828815583316434";"Similar"
"03/10/2021";"Tottenham";"Aston Villa";"B365";"Casa de apuestas";"6,79939309603034e-03";"0,002808235903876799";"3,99115719215370e-03";"6,85717191919533e-03";"0,003010107555900476";"3,84706436329507e-03";"5,77788231649889e-05";"2,01871652023677e-04";"1,44092828858633e-04";"0,006857171919195326";"Similar"
"03/10/2021";"West Ham";"Brentford";"B365";"Casa de apuestas";"1,26482992761049e-02";"0,004770585623182139";"7,87771365292270e-03";"1,32836397421968e-02";"0,005871304376084185";"7,41233536611269e-03";"6,35340466091927e-04";"1,10071875290205e-03";"4,65378286810009e-04";"0,013283639742196818";"Diferente"
"03/10/2021";"Liverpool";"Man City";"B365";"Casa de apuestas";"4,14380792624125e-04";"0,004053397571486927";"4,46777836411100e-03";"6,98641889453788e-04";"0,003629522654895190";"4,32816454434887e-03";"2,84261096829663e-04";"4,23874916591738e-04";"1,39613819762130e-04";"0,004467778364110997";"Similar"
"16/10/2021";"Watford";"Liverpool";"B365";"Casa de apuestas";"1,23668842922187e-02";"0,009134920201417263";"2,15018044936360e-02";"1,14719631475660e-02";"0,012830638936787347";"2,43026020843532e-02";"8,94921144652783e-04";"3,69571873537008e-03";"2,80079759071716e-03";"0,024302602084353198";"Diferente"
"16/10/2021";"Aston Villa";"Wolves";"B365";"Casa de apuestas";"8,04195804195806e-03";"0,002447552447552404";"5,59440559440560e-03";"8,12613845853444e-03";"0,002982505143925007";"5,14363331460940e-03";"8,41804165763738e-05";"5,34952696372604e-04";"4,50772279796202e-04";"0,008126138458534438";"Similar"
"16/10/2021";"Leicester";"Man United";"B365";"Casa de apuestas";"4,04295844877900e-03";"0,004644772874360631";"8,68773132313960e-03";"4,24515646948426e-03";"0,004643891114803511";"8,88904758428777e-03";"2,02198020705258e-04";"8,81759557119777e-07";"2,01316261148166e-04";"0,008889047584287768";"Similar"
"16/10/2021";"Man City";"Burnley";"B365";"Casa de apuestas";"2,89618700944009e-02";"0,012914622216959867";"1,60472478774410e-02";"3,49764625278390e-02";"0,021275892046232217";"1,37005704816068e-02";"6,01459243343816e-03";"8,36126982927235e-03";"2,34667739583428e-03";"0,034976462527839036";"Diferente"
"16/10/2021";"Norwich";"Brighton";"B365";"Casa de apuestas";"4,96031746031753e-03";"0,003434065934066033";"8,39438339438331e-03";"4,78863041928504e-03";"0,003782159540567098";"8,57078995985217e-03";"1,71687041032487e-04";"3,48093606501065e-04";"1,76406565468856e-04";"0,008570789959852165";"Similar"
"16/10/2021";"Southampton";"Leeds";"B365";"Casa de apuestas";"6,67901179846575e-03";"0,004020376034027884";"2,65863576443781e-03";"6,70442642870450e-03";"0,003852250025736914";"2,85217640296775e-03";"2,54146302387515e-05";"1,68126008290970e-04";"1,93540638529943e-04";"0,006704426428704502";"Similar"
"16/10/2021";"Brentford";"Chelsea";"B365";"Casa de apuestas";"9,32404222338720e-03";"0,004999284064929249";"1,43233262883162e-02";"8,36911612534511e-03";"0,006850708272832962";"1,52198243981779e-02";"9,54926098042097e-04";"1,85142420790371e-03";"8,96498109861699e-04";"0,015219824398177928";"Diferente"
"17/10/2021";"Everton";"West Ham";"B365";"Casa de apuestas";"2,94561573063234e-04";"0,002003018696829728";"1,70845712376660e-03";"2,12459394245967e-04";"0,001815664420587615";"1,60320502634181e-03";"8,21021788172671e-05";"1,87354276242113e-04";"1,05252097424791e-04";"0,002003018696829728";"Similar"
"17/10/2021";"Newcastle";"Tottenham";"B365";"Casa de apuestas";"3,15784891459320e-03";"0,003545102570121583";"6,70295148471467e-03";"3,24585955967271e-03";"0,003519655863987170";"6,76551542365983e-03";"8,80106450795171e-05";"2,54467061344132e-05";"6,25639389451593e-05";"0,006765515423659829";"Similar"
"18/10/2021";"Arsenal";"Crystal Palace";"B365";"Casa de apuestas";"1,45388895128181e-02";"0,005149377585964066";"9,38951192685408e-03";"1,55107176369597e-02";"0,007107873754804844";"8,40284388215495e-03";"9,71828124141538e-04";"1,95849616884078e-03";"9,86668044699129e-04";"0,015510717636959659";"Diferente"
"22/10/2021";"Arsenal";"Aston Villa";"B365";"Casa de apuestas";"1,01804616717271e-02";"0,004639300570276284";"5,54116110145084e-03";"1,05458892163778e-02";"0,005001903529668922";"5,54398568670880e-03";"3,65427544650632e-04";"3,62602959392638e-04";"2,82458525796558e-06";"0,010545889216377780";"Diferente"
"23/10/2021";"Chelsea";"Norwich";"B365";"Casa de apuestas";"2,35916035477063e-02";"0,009278936179665243";"1,43126673680410e-02";"2,69441471991589e-02";"0,016077526188723656";"1,08666210104351e-02";"3,35254365145266e-03";"6,79859000905841e-03";"3,44604635760587e-03";"0,026944147199158941";"Diferente"
"23/10/2021";"Crystal Palace";"Newcastle";"B365";"Casa de apuestas";"1,00608948324684e-02";"0,003970903463289210";"6,08999136917920e-03";"1,03962479939262e-02";"0,004563640496234755";"5,83260749769129e-03";"3,35353161457830e-04";"5,92737032945545e-04";"2,57383871487910e-04";"0,010396247993926244";"Diferente"
"23/10/2021";"Everton";"Watford";"B365";"Casa de apuestas";"1,22981324462561e-02";"0,004253725453650659";"8,04440699260517e-03";"1,28373412128150e-02";"0,005428039278438490";"7,40930193437642e-03";"5,39208766558885e-04";"1,17431382478783e-03";"6,35105058228752e-04";"0,012837341212814990";"Diferente"
"23/10/2021";"Leeds";"Wolves";"B365";"Casa de apuestas";"3,39559636971276e-03";"0,002620683895432074";"7,74912474280853e-04";"3,28938505329690e-03";"0,002402246212363846";"8,87138840933110e-04";"1,06211316415861e-04";"2,18437683068229e-04";"1,12226366652257e-04";"0,003395596369712761";"Similar"
"23/10/2021";"Southampton";"Burnley";"B365";"Casa de apuestas";"8,97808166586911e-03";"0,003776296188151063";"5,20178547771805e-03";"9,22354966695804e-03";"0,004163183349631616";"5,06036631732648e-03";"2,45468001088933e-04";"3,86887161480554e-04";"1,41419160391565e-04";"0,009223549666958042";"Similar"
"23/10/2021";"Brighton";"Man City";"B365";"Casa de apuestas";"1,41346816823718e-02";"0,008591669257912327";"2,27263509402841e-02";"1,21994725465677e-02";"0,013076869849203476";"2,52763423957709e-02";"1,93520913580419e-03";"4,48520059129115e-03";"2,54999145548684e-03";"0,025276342395770923";"Diferente"
"24/10/2021";"Brentford";"Leicester";"B365";"Casa de apuestas";"6,57667540995444e-04";"0,002168073503790113";"1,51040596279461e-03";"5,36845686106180e-04";"0,001924330093915683";"1,38748440780961e-03";"1,20821854889264e-04";"2,43743409874431e-04";"1,22921554985000e-04";"0,002168073503790113";"Similar"
"24/10/2021";"West Ham";"Tottenham";"B365";"Casa de apuestas";"5,19326150590604e-03";"0,003267822514160246";"1,92543899174591e-03";"5,14657735275575e-03";"0,003089761833318161";"2,05681551943759e-03";"4,66841531502893e-05";"1,78060680842085e-04";"1,31376527691685e-04";"0,005193261505906044";"Similar"
"24/10/2021";"Man United";"Liverpool";"B365";"Casa de apuestas";"4,14380792624125e-04";"0,004053397571486927";"4,46777836411100e-03";"6,98641889453788e-04";"0,003629522654895190";"4,32816454434887e-03";"2,84261096829663e-04";"4,23874916591738e-04";"1,39613819762130e-04";"0,004467778364110997";"Similar"
"30/10/2021";"Leicester";"Arsenal";"B365";"Casa de apuestas";"2,80694802192716e-03";"0,003137177200977503";"3,30229179050234e-04";"2,64998629968005e-03";"0,002785483489811891";"1,35497190131895e-04";"1,56961722247106e-04";"3,51693711165613e-04";"1,94731988918340e-04";"0,003137177200977503";"Similar"
"30/10/2021";"Burnley";"Brentford";"B365";"Casa de apuestas";"1,72525506524468e-03";"0,001543769167096087";"1,81485898148537e-04";"1,63624411749197e-03";"0,001420600857854282";"2,15643259637577e-04";"8,90109477527101e-05";"1,23168309241806e-04";"3,41573614890400e-05";"0,001725255065244680";"Similar"
"30/10/2021";"Liverpool";"Brighton";"B365";"Casa de apuestas";"2,43610894040693e-02";"0,010118375734421592";"1,42427136696478e-02";"2,78776426833564e-02";"0,015412281674539396";"1,24653610088172e-02";"3,51655327928702e-03";"5,29390594011780e-03";"1,77735266083055e-03";"0,027877642683356352";"Diferente"
"30/10/2021";"Man City";"Crystal Palace";"B365";"Casa de apuestas";"2,89618700944009e-02";"0,012914622216959867";"1,60472478774410e-02";"3,49764625278390e-02";"0,021275892046232217";"1,37005704816068e-02";"6,01459243343816e-03";"8,36126982927235e-03";"2,34667739583428e-03";"0,034976462527839036";"Diferente"
"30/10/2021";"Newcastle";"Chelsea";"B365";"Casa de apuestas";"1,03174603174603e-02";"0,006084656084656054";"1,64021164021163e-02";"9,01800036330272e-03";"0,008830467228183175";"1,78484675914857e-02";"1,29945995415756e-03";"2,74581114352712e-03";"1,44635118936942e-03";"0,017848467591485728";"Diferente"
"30/10/2021";"Watford";"Southampton";"B365";"Casa de apuestas";"2,46630772885759e-03";"0,003351297150339216";"5,81760487919680e-03";"2,57025654182585e-03";"0,003235725867850980";"5,80598240967695e-03";"1,03948812968269e-04";"1,15571282488236e-04";"1,16224695198563e-05";"0,005817604879196803";"Similar"
"30/10/2021";"Tottenham";"Man United";"B365";"Casa de apuestas";"9,74658869395739e-04";"0,003898635477582846";"4,87329434697853e-03";"1,23354050767982e-03";"0,003538152785188486";"4,77169329286831e-03";"2,58881638284081e-04";"3,60482692394359e-04";"1,01601054110223e-04";"0,004873294346978529";"Similar"
"31/10/2021";"Norwich";"Leeds";"B365";"Casa de apuestas";"4,04295844877900e-03";"0,004644772874360631";"8,68773132313960e-03";"4,24515646948426e-03";"0,004643891114803511";"8,88904758428777e-03";"2,02198020705258e-04";"8,81759557119777e-07";"2,01316261148166e-04";"0,008889047584287768";"Similar"
"31/10/2021";"Aston Villa";"West Ham";"B365";"Casa de apuestas";"2,99194940132197e-04";"0,003246921532750913";"3,54611647288311e-03";"4,93519017793653e-04";"0,002918298668955266";"3,41181768674875e-03";"1,94324077661456e-04";"3,28622863795647e-04";"1,34298786134357e-04";"0,003546116472883110";"Similar"
"01/11/2021";"Wolves";"Everton";"B365";"Casa de apuestas";"5,94769138811946e-03";"0,002062619816307454";"3,88507157181200e-03";"5,92477990742857e-03";"0,002276402316825521";"3,64837759060327e-03";"2,29114806908903e-05";"2,13782500518067e-04";"2,36693981208735e-04";"0,005947691388119458";"Similar"
"05/11/2021";"Southampton";"Aston Villa";"B365";"Casa de apuestas";"7,79727095516569e-03";"0,003898635477582846";"3,89863547758285e-03";"7,92753115241640e-03";"0,003963765576208200";"3,96376557620820e-03";"1,30260197250709e-04";"6,51300986253545e-05";"6,51300986253545e-05";"0,007927531152416400";"Similar"
"06/11/2021";"Man United";"Man City";"B365";"Casa de apuestas";"6,78861813398790e-03";"0,005450051791104527";"1,22386699250927e-02";"6,77527808328932e-03";"0,006202479594295596";"1,29777576775850e-02";"1,33400506985848e-05";"7,52427803191069e-04";"7,39087752492318e-04";"0,012977757677585022";"Diferente"
"06/11/2021";"Brentford";"Norwich";"B365";"Casa de apuestas";"1,46627565982406e-02";"0,005498533724340199";"9,16422287390031e-03";"1,56387693859203e-02";"0,007164263430325252";"8,47450595559501e-03";"9,76012787679781e-04";"1,66572970598505e-03";"6,89716918305300e-04";"0,015638769385920348";"Diferente"
"06/11/2021";"Chelsea";"Burnley";"B365";"Casa de apuestas";"2,24172767367408e-02";"0,008412950276490444";"1,40043264602503e-02";"2,51669162442104e-02";"0,014200222552514408";"1,09666936916959e-02";"2,74963950746965e-03";"5,78727227602396e-03";"3,03763276855436e-03";"0,025166916244210413";"Diferente"
"06/11/2021";"Crystal Palace";"Wolves";"B365";"Casa de apuestas";"4,12681996356279e-03";"0,001366630428390303";"2,76018953517249e-03";"4,04179290969664e-03";"0,001462024837449671";"2,57976807224675e-03";"8,50270538661491e-05";"9,53944090593684e-05";"1,80421462925739e-04";"0,004126819963562789";"Similar"
"06/11/2021";"Brighton";"Newcastle";"B365";"Casa de apuestas";"1,65863041780944e-02";"0,006323903869247527";"1,02624003088468e-02";"1,78969785542690e-02";"0,008447440883462165";"9,44953767080675e-03";"1,31067437617460e-03";"2,12353701421464e-03";"8,12862638040007e-04";"0,017896978554268972";"Diferente"
"07/11/2021";"Arsenal";"Watford";"B365";"Casa de apuestas";"1,89705111442542e-02";"0,007910973856972620";"1,10595372872813e-02";"2,08668264497908e-02";"0,010307177638927523";"1,05596488108631e-02";"1,89631530553658e-03";"2,39620378195490e-03";"4,99888476418159e-04";"0,020866826449790765";"Diferente"
"07/11/2021";"Everton";"Tottenham";"B365";"Casa de apuestas";"2,77450476852276e-03";"0,002336425068229731";"5,11092983675226e-03";"2,70457424164128e-03";"0,002367740608503421";"5,07231485014470e-03";"6,99305268814787e-05";"3,13155402736909e-05";"3,86149866075658e-05";"0,005110929836752265";"Similar"
"07/11/2021";"Leeds";"Leicester";"B365";"Casa de apuestas";"1,67820212120717e-03";"0,003211254965044430";"1,53305284383753e-03";"1,48606084209646e-03";"0,002824531976598488";"1,33847113450214e-03";"1,92141279110714e-04";"3,86722988445942e-04";"1,94581709335395e-04";"0,003211254965044430";"Similar"
"07/11/2021";"West Ham";"Liverpool";"B365";"Casa de apuestas";"5,73335706581196e-03";"0,005438835298732569";"1,11721923645445e-02";"5,93597977018148e-03";"0,005782770024795270";"1,17187497949768e-02";"2,02622704369521e-04";"3,43934726062700e-04";"5,46557430432304e-04";"0,011718749794976779";"Diferente"
"20/11/2021";"Leicester";"Chelsea";"B365";"Casa de apuestas";"7,89173166168575e-03";"0,004422091017323909";"1,23138226790096e-02";"7,27900922593916e-03";"0,005648476615207565";"1,29274858411468e-02";"6,12722435746588e-04";"1,22638559788366e-03";"6,13663162137179e-04";"0,012927485841146780";"Diferente"
"20/11/2021";"Aston Villa";"Brighton";"B365";"Casa de apuestas";"2,97904631726065e-03";"0,002598180902015967";"3,80865415244735e-04";"2,85963133196054e-03";"0,002370620351908104";"4,89010980052218e-04";"1,19414985300104e-04";"2,27560550107864e-04";"1,08145564807482e-04";"0,002979046317260647";"Similar"
"20/11/2021";"Burnley";"Crystal Palace";"B365";"Casa de apuestas";"3,27175855310002e-04";"0,001852148062263526";"1,52497220695347e-03";"2,50793893988854e-04";"0,001676799428579734";"1,42600553459077e-03";"7,63819613211481e-05";"1,75348633683792e-04";"9,89666723626992e-05";"0,001852148062263526";"Similar"
"20/11/2021";"Newcastle";"Brentford";"B365";"Casa de apuestas";"3,41359407110992e-03";"0,003042551237293634";"3,71042833816282e-04";"3,28537400515949e-03";"0,002757242868211218";"5,28131136948495e-04";"1,28220065950424e-04";"2,85308369082415e-04";"1,57088303132213e-04";"0,003413594071109916";"Similar"
"20/11/2021";"Norwich";"Southampton";"B365";"Casa de apuestas";"3,76703955009478e-03";"0,003767039550094775";"7,53407910018949e-03";"3,81146209120936e-03";"0,003811462091209361";"7,62292418241878e-03";"4,44225411145860e-05";"4,44225411145860e-05";"8,88450822292830e-05";"0,007622924182418778";"Similar"
"20/11/2021";"Watford";"Man United";"B365";"Casa de apuestas";"1,24201027275485e-02";"0,008203326386878401";"2,06234291144269e-02";"1,15752784618763e-02";"0,011091036195099463";"2,26663146569757e-02";"8,44824265672200e-04";"2,88770980822106e-03";"2,04288554254872e-03";"0,022666314656975661";"Diferente"
"20/11/2021";"Wolves";"West Ham";"B365";"Casa de apuestas";"1,39724701952787e-03";"0,002136049174374877";"3,53329619390269e-03";"1,41657017891367e-03";"0,002025437463652080";"3,44200764256558e-03";"1,93231593857979e-05";"1,10611710722797e-04";"9,12885513371098e-05";"0,003533296193902691";"Similar"
"20/11/2021";"Liverpool";"Arsenal";"B365";"Casa de apuestas";"1,53787847756156e-02";"0,006799301950633913";"8,57948282498172e-03";"1,67171755316150e-02";"0,008184390702171446";"8,53278482944356e-03";"1,33839075599940e-03";"1,38508875153753e-03";"4,66979955381641e-05";"0,016717175531615003";"Diferente"
"21/11/2021";"Man City";"Everton";"B365";"Casa de apuestas";"2,46303574770728e-02";"0,010087965562418116";"1,45423919146547e-02";"2,84521444496604e-02";"0,016906965829900172";"1,15451786197602e-02";"3,82178697258762e-03";"6,81900026748206e-03";"2,99721329489452e-03";"0,028452144449660377";"Diferente"
"21/11/2021";"Tottenham";"Leeds";"B365";"Casa de apuestas";"1,45388895128181e-02";"0,005149377585964066";"9,38951192685408e-03";"1,55107176369597e-02";"0,007107873754804844";"8,40284388215495e-03";"9,71828124141538e-04";"1,95849616884078e-03";"9,86668044699129e-04";"0,015510717636959659";"Diferente"
"27/11/2021";"Arsenal";"Newcastle";"B365";"Casa de apuestas";"1,65692007797271e-02";"0,006822612085770008";"9,74658869395714e-03";"1,80017969530369e-02";"0,008708023701782752";"9,29377325125416e-03";"1,43259617330982e-03";"1,88541161601274e-03";"4,52815442702981e-04";"0,018001796953036941";"Diferente"
"27/11/2021";"Crystal Palace";"Aston Villa";"B365";"Casa de apuestas";"4,53250453250448e-03";"0,002266252266252267";"2,26625226625227e-03";"4,47349587402651e-03";"0,002236747937013228";"2,23674793701323e-03";"5,90086584779659e-05";"2,95043292390385e-05";"2,95043292390385e-05";"0,004532504532504478";"Similar"
"27/11/2021";"Liverpool";"Southampton";"B365";"Casa de apuestas";"2,43610894040693e-02";"0,010118375734421592";"1,42427136696478e-02";"2,78776426833564e-02";"0,015412281674539396";"1,24653610088172e-02";"3,51655327928702e-03";"5,29390594011780e-03";"1,77735266083055e-03";"0,027877642683356352";"Diferente"
"27/11/2021";"Norwich";"Wolves";"B365";"Casa de apuestas";"3,35129715033922e-03";"0,002466307728857586";"5,81760487919680e-03";"3,23572586785098e-03";"0,002570256541825855";"5,80598240967695e-03";"1,15571282488236e-04";"1,03948812968269e-04";"1,16224695198563e-05";"0,005817604879196803";"Similar"
"27/11/2021";"Brighton";"Leeds";"B365";"Casa de apuestas";"6,50787748021742e-03";"0,002992732705588474";"3,51514477462894e-03";"6,51336413189801e-03";"0,003058117389358517";"3,45524674253955e-03";"5,48665168059737e-06";"6,53846837700423e-05";"5,98980320893894e-05";"0,006513364131898014";"Similar"
"28/11/2021";"Brentford";"Everton";"B365";"Casa de apuestas";"6,20739947882210e-03";"0,002496146983137881";"3,71125249568427e-03";"6,19997768863756e-03";"0,002640485191359343";"3,55949249727805e-03";"7,42179018453637e-06";"1,44338208221462e-04";"1,51759998406220e-04";"0,006207399478822095";"Similar"
"28/11/2021";"Leicester";"Watford";"B365";"Casa de apuestas";"1,42423584354578e-02";"0,005074027366912898";"9,16833106854495e-03";"1,50737406757826e-02";"0,006672290212742682";"8,40145046303997e-03";"8,31382240324752e-04";"1,59826284582978e-03";"7,66880605504977e-04";"0,015073740675782599";"Diferente"
"28/11/2021";"Man City";"West Ham";"B365";"Casa de apuestas";"2,43610894040693e-02";"0,010118375734421592";"1,42427136696478e-02";"2,78776426833564e-02";"0,015412281674539396";"1,24653610088172e-02";"3,51655327928702e-03";"5,29390594011780e-03";"1,77735266083055e-03";"0,027877642683356352";"Diferente"
"28/11/2021";"Chelsea";"Man United";"B365";"Casa de apuestas";"1,63567466463546e-02";"0,005566801488379430";"1,07899451579750e-02";"1,75380454227633e-02";"0,008133136766430932";"9,40490865633242e-03";"1,18129877640871e-03";"2,56633527805150e-03";"1,38503650164259e-03";"0,017538045422763271";"Diferente"
"30/11/2021";"Newcastle";"Norwich";"B365";"Casa de apuestas";"7,42656036773687e-03";"0,003239244415714992";"4,18731595202182e-03";"7,53797299800540e-03";"0,003444898419996789";"4,09307457800862e-03";"1,11412630268537e-04";"2,05654004281797e-04";"9,42413740132042e-05";"0,007537972998005404";"Similar"
"30/11/2021";"Leeds";"Crystal Palace";"B365";"Casa de apuestas";"5,46436795749594e-03";"0,003094280650630388";"2,37008730686583e-03";"5,42822630112333e-03";"0,002994097797294759";"2,43412850382874e-03";"3,61416563726125e-05";"1,00182853335629e-04";"6,40411969629051e-05";"0,005464367957495941";"Similar"
"01/12/2021";"Southampton";"Leicester";"B365";"Casa de apuestas";"4,68566434425599e-03";"0,003266284269171194";"1,41938007508485e-03";"4,60871729183321e-03";"0,003030739473960542";"1,57797781787267e-03";"7,69470524227822e-05";"2,35544795210652e-04";"1,58597742787814e-04";"0,004685664344255991";"Similar"
"01/12/2021";"Watford";"Chelsea";"B365";"Casa de apuestas";"1,21830702405852e-02";"0,008155024975426500";"2,03380952160116e-02";"1,07653278130138e-02";"0,011966309796838992";"2,27316376098529e-02";"1,41774242757138e-03";"3,81128482141249e-03";"2,39354239384126e-03";"0,022731637609852862";"Diferente"
"01/12/2021";"West Ham";"Brighton";"B365";"Casa de apuestas";"8,64669165963994e-03";"0,003135018197661210";"5,51167346197881e-03";"8,81541739002273e-03";"0,003622682654738085";"5,19273473528456e-03";"1,68725730382790e-04";"4,87664457076875e-04";"3,18938726694251e-04";"0,008815417390022728";"Similar"
"01/12/2021";"Wolves";"Burnley";"B365";"Casa de apuestas";"9,59174658476986e-03";"0,003247064353767704";"6,34468223100215e-03";"9,82554517088313e-03";"0,003933841283025541";"5,89170388785748e-03";"2,33798586113276e-04";"6,86776929257837e-04";"4,52978343144672e-04";"0,009825545170883132";"Similar"
"01/12/2021";"Aston Villa";"Man City";"B365";"Casa de apuestas";"1,26284325734915e-02";"0,007371903521962375";"2,00003360954538e-02";"1,11976160550103e-02";"0,010666663574878277";"2,18642796298887e-02";"1,43081651848116e-03";"3,29476005291590e-03";"1,86394353443486e-03";"0,021864279629888683";"Diferente"
"01/12/2021";"Everton";"Liverpool";"B365";"Casa de apuestas";"1,29898561366294e-02";"0,008724946289195262";"2,17148024258247e-02";"1,17773901207238e-02";"0,012440353083435635";"2,42177432041596e-02";"1,21246601590556e-03";"3,71540679424037e-03";"2,50294077833491e-03";"0,024217743204159592";"Diferente"
"02/12/2021";"Tottenham";"Brentford";"B365";"Casa de apuestas";"1,50139728548916e-02";"0,005417596846256617";"9,59637600863517e-03";"1,59823665822155e-02";"0,007211957192598345";"8,77040938961718e-03";"9,68393727323935e-04";"1,79436034634173e-03";"8,25966619017987e-04";"0,015982366582215524";"Diferente"
"02/12/2021";"Man United";"Arsenal";"B365";"Casa de apuestas";"6,58795790641620e-03";"0,003516879784628335";"3,07107812178814e-03";"6,61994760419049e-03";"0,003473550296266947";"3,14639730792377e-03";"3,19896977742928e-05";"4,33294883613877e-05";"7,53191861356250e-05";"0,006619947604190490";"Similar"
"04/12/2021";"West Ham";"Chelsea";"B365";"Casa de apuestas";"6,44568719440411e-03";"0,003842621212048591";"1,02883084064527e-02";"6,02433102840375e-03";"0,004696657368684826";"1,07209883970885e-02";"4,21356166000364e-04";"8,54036156636234e-04";"4,32679990635787e-04";"0,010720988397088460";"Diferente"
"04/12/2021";"Newcastle";"Burnley";"B365";"Casa de apuestas";"4,72828766745259e-03";"0,003512917950114436";"1,21536971733816e-03";"4,63150400598761e-03";"0,003248062889600556";"1,38344111638700e-03";"9,67836614649831e-05";"2,64855060513880e-04";"1,68071399048841e-04";"0,004728287667452591";"Similar"
"04/12/2021";"Southampton";"Brighton";"B365";"Casa de apuestas";"1,72525506524468e-03";"0,001543769167096087";"1,81485898148537e-04";"1,63624411749197e-03";"0,001420600857854282";"2,15643259637577e-04";"8,90109477527101e-05";"1,23168309241806e-04";"3,41573614890400e-05";"0,001725255065244680";"Similar"
"04/12/2021";"Wolves";"Liverpool";"B365";"Casa de apuestas";"1,17318435754189e-02";"0,007591192901741650";"1,93230364771606e-02";"1,03349149910810e-02";"0,011097646735031691";"2,14325617261126e-02";"1,39692858433799e-03";"3,50645383329004e-03";"2,10952524895203e-03";"0,021432561726112631";"Diferente"
"04/12/2021";"Watford";"Man City";"B365";"Casa de apuestas";"1,51596219011949e-02";"0,011815587658284277";"2,69752095594792e-02";"1,39143061166370e-02";"0,017605106787256269";"3,15194129038934e-02";"1,24531578455790e-03";"5,78951912897199e-03";"4,54420334441419e-03";"0,031519412903893373";"Diferente"
"05/12/2021";"Leeds";"Brentford";"B365";"Casa de apuestas";"1,00573025985289e-02";"0,003391207904664129";"6,66609469386481e-03";"1,03700700678714e-02";"0,004235602949027584";"6,13446711884372e-03";"3,12767469342501e-04";"8,44395044363455e-04";"5,31627575021093e-04";"0,010370070067871384";"Diferente"
"05/12/2021";"Man United";"Crystal Palace";"B365";"Casa de apuestas";"1,54742344057917e-02";"0,005850416004586967";"9,62381840120463e-03";"1,67147649470345e-02";"0,008008475019258027";"8,70628992777650e-03";"1,24053054124285e-03";"2,15805901467106e-03";"9,17528473428131e-04";"0,016714764947034499";"Diferente"
"05/12/2021";"Tottenham";"Norwich";"B365";"Casa de apuestas";"1,91724629926875e-02";"0,007356875334403462";"1,18155876582843e-02";"2,10048380027777e-02";"0,010340596088852766";"1,06642419139252e-02";"1,83237501009026e-03";"2,98372075444930e-03";"1,15134574435914e-03";"0,021004838002777748";"Diferente"
"05/12/2021";"Aston Villa";"Leicester";"B365";"Casa de apuestas";"5,11092983675226e-03";"0,002774504768522756";"2,33642506822973e-03";"5,07231485014470e-03";"0,002704574241641278";"2,36774060850342e-03";"3,86149866075658e-05";"6,99305268814787e-05";"3,13155402736909e-05";"0,005110929836752265";"Similar"
"06/12/2021";"Everton";"Arsenal";"B365";"Casa de apuestas";"3,54510257012158e-03";"0,003157848914593198";"6,70295148471467e-03";"3,51965586398717e-03";"0,003245859559672715";"6,76551542365983e-03";"2,54467061344132e-05";"8,80106450795171e-05";"6,25639389451593e-05";"0,006765515423659829";"Similar"
"10/12/2021";"Brentford";"Watford";"B365";"Casa de apuestas";"3,09232774023777e-03";"0,002823552685047803";"2,68775055189907e-04";"2,96581856172762e-03";"0,002570824066307487";"3,94994495419965e-04";"1,26509178510148e-04";"2,52728618740317e-04";"1,26219440230058e-04";"0,003092327740237766";"Similar"
"11/12/2021";"Man City";"Wolves";"B365";"Casa de apuestas";"2,73172970541392e-02";"0,011777972304288092";"1,55393247498511e-02";"3,24730802322144e-02";"0,020090332301794994";"1,23827479304193e-02";"5,15578317807519e-03";"8,31235999750690e-03";"3,15657681943178e-03";"0,032473080232214402";"Diferente"
"11/12/2021";"Arsenal";"Southampton";"B365";"Casa de apuestas";"1,24005956341287e-02";"0,004936159427177317";"7,46443620695111e-03";"1,29991131954710e-02";"0,005833914775129179";"7,16519842034175e-03";"5,98517561342327e-04";"8,97755347951862e-04";"2,99237786609369e-04";"0,012999113195470979";"Diferente"
"11/12/2021";"Chelsea";"Leeds";"B365";"Casa de apuestas";"2,88332818453300e-02";"0,012099680774379562";"1,67336010709505e-02";"3,36495710702502e-02";"0,019368193049970645";"1,42813780202797e-02";"4,81628922492028e-03";"7,26851227559108e-03";"2,45222305067078e-03";"0,033649571070250239";"Diferente"
"11/12/2021";"Liverpool";"Aston Villa";"B365";"Casa de apuestas";"2,51423931370368e-02";"0,010674635173597652";"1,44677579634391e-02";"2,90575067558120e-02";"0,016328671115779764";"1,27288356400322e-02";"3,91511361877517e-03";"5,65403594218211e-03";"1,73892232340694e-03";"0,029057506755811979";"Diferente"
"11/12/2021";"Norwich";"Man United";"B365";"Casa de apuestas";"1,18155876582843e-02";"0,007356875334403462";"1,91724629926875e-02";"1,06642419139252e-02";"0,010340596088852766";"2,10048380027777e-02";"1,15134574435914e-03";"2,98372075444930e-03";"1,83237501009026e-03";"0,021004838002777748";"Diferente"
"12/12/2021";"Burnley";"West Ham";"B365";"Casa de apuestas";"3,07107812178797e-03";"0,003516879784628169";"6,58795790641642e-03";"3,14639730792371e-03";"0,003473550296266892";"6,61994760419060e-03";"7,53191861357361e-05";"4,33294883612767e-05";"3,19896977741818e-05";"0,006619947604190601";"Similar"
"12/12/2021";"Leicester";"Newcastle";"B365";"Casa de apuestas";"1,10958152925184e-02";"0,004630253732877815";"6,46556155964029e-03";"1,16739657783703e-02";"0,005409749074179931";"6,26421670419028e-03";"5,78150485851969e-04";"7,79495341302117e-04";"2,01344855450009e-04";"0,011673965778370321";"Diferente"
"12/12/2021";"Crystal Palace";"Everton";"B365";"Casa de apuestas";"6,52546128434456e-03";"0,002060671984529860";"4,46478929981467e-03";"6,52498561657788e-03";"0,002382891794717290";"4,14209382186054e-03";"4,75667766675070e-07";"3,22219810187430e-04";"3,22695477954132e-04";"0,006525461284344558";"Similar"
"14/12/2021";"Norwich";"Aston Villa";"B365";"Casa de apuestas";"3,51687978462817e-03";"0,003071078121787973";"6,58795790641642e-03";"3,47355029626689e-03";"0,003146397307923710";"6,61994760419060e-03";"4,33294883612767e-05";"7,53191861357361e-05";"3,19896977741818e-05";"0,006619947604190601";"Similar"
"14/12/2021";"Man City";"Leeds";"B365";"Casa de apuestas";"3,03248121944248e-02";"0,013685431873729545";"1,66393803206953e-02";"3,64470482308353e-02";"0,021017914608127838";"1,54291336227075e-02";"6,12223603641049e-03";"7,33248273439829e-03";"1,21024669798786e-03";"0,036447048230835333";"Diferente"
"15/12/2021";"Brighton";"Wolves";"B365";"Casa de apuestas";"6,50653419977826e-03";"0,001101499884214430";"5,40503431556380e-03";"6,45959895747766e-03";"0,001793591874367340";"4,66600708311049e-03";"4,69352423005942e-05";"6,92091990152910e-04";"7,39027232453310e-04";"0,006506534199778258";"Similar"
"15/12/2021";"Crystal Palace";"Southampton";"B365";"Casa de apuestas";"8,64669165963994e-03";"0,003135018197661210";"5,51167346197881e-03";"8,81541739002273e-03";"0,003622682654738085";"5,19273473528456e-03";"1,68725730382790e-04";"4,87664457076875e-04";"3,18938726694251e-04";"0,008815417390022728";"Similar"
"15/12/2021";"Arsenal";"West Ham";"B365";"Casa de apuestas";"7,79727095516569e-03";"0,003898635477582846";"3,89863547758285e-03";"7,92753115241640e-03";"0,003963765576208200";"3,96376557620820e-03";"1,30260197250709e-04";"6,51300986253545e-05";"6,51300986253545e-05";"0,007927531152416400";"Similar"
"16/12/2021";"Chelsea";"Everton";"B365";"Casa de apuestas";"2,53903659494933e-02";"0,010105344578026615";"1,52850213714667e-02";"2,93628774527152e-02";"0,018553202786700279";"1,08096746660149e-02";"3,97251150322186e-03";"8,44785820867366e-03";"4,47534670545178e-03";"0,029362877452715153";"Diferente"
"16/12/2021";"Liverpool";"Newcastle";"B365";"Casa de apuestas";"2,80525842483058e-02";"0,012555268676222878";"1,54973155720831e-02";"3,39992257252608e-02";"0,021032753465372325";"1,29664722598884e-02";"5,94664147695501e-03";"8,47748478914945e-03";"2,53084331219468e-03";"0,033999225725260818";"Diferente"
"18/12/2021";"Leeds";"Arsenal";"B365";"Casa de apuestas";"8,95104945741199e-03";"0,006719210233250478";"1,56702596906625e-02";"8,80013909259733e-03";"0,008077151677889777";"1,68772907704871e-02";"1,50910364814655e-04";"1,35794144463930e-03";"1,20703107982456e-03";"0,016877290770487052";"Diferente"
"19/12/2021";"Newcastle";"Man City";"B365";"Casa de apuestas";"1,71972435130330e-02";"0,013624208361050452";"3,08214518740835e-02";"1,40047148785932e-02";"0,023470939886288317";"3,74756547648817e-02";"3,19252863443973e-03";"9,84673152523786e-03";"6,65420289079821e-03";"0,037475654764881683";"Diferente"
"19/12/2021";"Wolves";"Chelsea";"B365";"Casa de apuestas";"9,25174968523912e-03";"0,003162587902607317";"1,24143375878462e-02";"7,88526572478296e-03";"0,004953496332003926";"1,28387620567867e-02";"1,36648396045616e-03";"1,79090842939661e-03";"4,24424468940532e-04";"0,012838762056786690";"Diferente"
"19/12/2021";"Tottenham";"Liverpool";"B365";"Casa de apuestas";"7,62370223833020e-03";"0,005828683024955511";"1,34523852632860e-02";"7,53523127852337e-03";"0,006753046272450131";"1,42882775509736e-02";"8,84709598068245e-05";"9,24363247494620e-04";"8,35892287687656e-04";"0,014288277550973616";"Diferente"
"26/12/2021";"Man City";"Leicester";"B365";"Casa de apuestas";"2,66490295678798e-02";"0,012312787679994053";"1,43362418878858e-02";"3,21892373451308e-02";"0,018571915124471594";"1,36173222206592e-02";"5,54020777725095e-03";"6,25912744447754e-03";"7,18919667226578e-04";"0,032189237345130794";"Diferente"
"26/12/2021";"Norwich";"Arsenal";"B365";"Casa de apuestas";"7,93984400541772e-03";"0,005137546121152636";"1,30773901265705e-02";"7,28696967686190e-03";"0,006810586679824926";"1,40975563566870e-02";"6,52874328555819e-04";"1,67304055867229e-03";"1,02016623011647e-03";"0,014097556356686969";"Diferente"
"26/12/2021";"Tottenham";"Crystal Palace";"B365";"Casa de apuestas";"1,16224879388245e-02";"0,004267632290037127";"7,35485564878735e-03";"1,21946210626114e-02";"0,005378395935697500";"6,81622512691388e-03";"5,72133123786900e-04";"1,11076364566037e-03";"5,38630521873473e-04";"0,012194621062611377";"Diferente"
"26/12/2021";"West Ham";"Southampton";"B365";"Casa de apuestas";"9,26346874939282e-03";"0,004538477977890421";"4,72499077150237e-03";"9,53590222903394e-03";"0,004708978908747830";"4,82692332028611e-03";"2,72433479641121e-04";"1,70500930857409e-04";"1,01932548783740e-04";"0,009535902229033943";"Similar"
"26/12/2021";"Aston Villa";"Chelsea";"B365";"Casa de apuestas";"9,16833106854495e-03";"0,005074027366912898";"1,42423584354578e-02";"8,40145046303997e-03";"0,006672290212742682";"1,50737406757826e-02";"7,66880605504977e-04";"1,59826284582978e-03";"8,31382240324752e-04";"0,015073740675782599";"Diferente"
"26/12/2021";"Brighton";"Brentford";"B365";"Casa de apuestas";"8,59396062189366e-03";"0,002753421821529656";"5,84053880036403e-03";"8,77013311833374e-03";"0,003423026479937308";"5,34710663839638e-03";"1,76172496440086e-04";"6,69604658407652e-04";"4,93432161967650e-04";"0,008770133118333745";"Similar"
"27/12/2021";"Newcastle";"Man United";"B365";"Casa de apuestas";"1,01233250709820e-02";"0,007217997564748224";"1,73413226357302e-02";"9,63293164977530e-03";"0,009364129336793731";"1,89970609865691e-02";"4,90393421206686e-04";"2,14613177204551e-03";"1,65573835083888e-03";"0,018997060986569059";"Diferente"
"28/12/2021";"Crystal Palace";"Norwich";"B365";"Casa de apuestas";"1,24618539326928e-02";"0,003638057357770008";"8,82379657492283e-03";"1,29625015802656e-02";"0,005219351387154347";"7,74315019311131e-03";"5,00647647572738e-04";"1,58129402938434e-03";"1,08064638181152e-03";"0,012962501580265573";"Diferente"
"28/12/2021";"Southampton";"Tottenham";"B365";"Casa de apuestas";"4,18731595202182e-03";"0,003239244415714992";"7,42656036773687e-03";"4,09307457800862e-03";"0,003444898419996789";"7,53797299800540e-03";"9,42413740132042e-05";"2,05654004281797e-04";"1,11412630268537e-04";"0,007537972998005404";"Similar"
"28/12/2021";"Watford";"West Ham";"B365";"Casa de apuestas";"4,04295844877900e-03";"0,004644772874360631";"8,68773132313960e-03";"4,24515646948426e-03";"0,004643891114803511";"8,88904758428777e-03";"2,02198020705258e-04";"8,81759557119777e-07";"2,01316261148166e-04";"0,008889047584287768";"Similar"
"28/12/2021";"Leicester";"Liverpool";"B365";"Casa de apuestas";"1,34828476017000e-02";"0,010386308439587127";"2,38691560412871e-02";"1,28395694072726e-02";"0,014386516984749159";"2,72260863920217e-02";"6,43278194427402e-04";"4,00020854516203e-03";"3,35693035073459e-03";"0,027226086392021731";"Diferente"
"29/12/2021";"Chelsea";"Brighton";"B365";"Casa de apuestas";"2,15945268576847e-02";"0,008236808236808196";"1,33577186208765e-02";"2,40853002422143e-02";"0,012807032280907904";"1,12782679613063e-02";"2,49077338452963e-03";"4,57022404409971e-03";"2,07945065957012e-03";"0,024085300242214336";"Diferente"
"29/12/2021";"Brentford";"Man City";"B365";"Casa de apuestas";"1,74551871655268e-02";"0,014365936237100710";"3,18211234026275e-02";"1,58008987112458e-02";"0,022882580647863832";"3,86834793591098e-02";"1,65428845428107e-03";"8,51664441076312e-03";"6,86235595648221e-03";"0,038683479359109763";"Diferente"
"30/12/2021";"Man United";"Burnley";"B365";"Casa de apuestas";"2,17148024258247e-02";"0,008724946289195262";"1,29898561366294e-02";"2,42177432041596e-02";"0,012440353083435690";"1,17773901207239e-02";"2,50294077833491e-03";"3,71540679424043e-03";"1,21246601590552e-03";"0,024217743204159592";"Diferente"
"01/01/2022";"Arsenal";"Man City";"B365";"Casa de apuestas";"8,17191283292978e-03";"0,005750605326876518";"1,39225181598063e-02";"7,87216364508478e-03";"0,007009004517568085";"1,48811681626528e-02";"2,99749187845005e-04";"1,25839919069157e-03";"9,58650002846562e-04";"0,014881168162652836";"Diferente"
"01/01/2022";"Watford";"Tottenham";"B365";"Casa de apuestas";"9,16422287390037e-03";"0,005498533724340254";"1,46627565982403e-02";"8,47450595559507e-03";"0,007164263430325307";"1,56387693859201e-02";"6,89716918305300e-04";"1,66572970598505e-03";"9,76012787679781e-04";"0,015638769385920126";"Diferente"
"01/01/2022";"Crystal Palace";"West Ham";"B365";"Casa de apuestas";"2,88698989109393e-03";"0,002886989891093927";"5,77397978218763e-03";"2,88297965042683e-03";"0,002882979650426831";"5,76595930085377e-03";"4,01024066709610e-06";"4,01024066709610e-06";"8,02048133385913e-06";"0,005773979782187633";"Similar"
"02/01/2022";"Brentford";"Aston Villa";"B365";"Casa de apuestas";"2,59468341513081e-04";"0,002406859317170107";"2,14739097565697e-03";"1,52092106447510e-04";"0,002177355029371553";"2,02526292292432e-03";"1,07376235065570e-04";"2,29504287798554e-04";"1,22128052732651e-04";"0,002406859317170107";"Similar"
"02/01/2022";"Everton";"Brighton";"B365";"Casa de apuestas";"9,86940557270999e-04";"0,001556329340312024";"2,54326989758302e-03";"9,78389554522896e-04";"0,001469144415659762";"2,44753397018260e-03";"8,55100274810283e-06";"8,71849246522616e-05";"9,57359274004199e-05";"0,002543269897583023";"Similar"
"02/01/2022";"Leeds";"Burnley";"B365";"Casa de apuestas";"8,68672510463553e-03";"0,004106451867645911";"4,58027323698967e-03";"8,85164230131924e-03";"0,004261078914271188";"4,59056338704811e-03";"1,64917196683712e-04";"1,54627046625277e-04";"1,02901500584340e-05";"0,008851642301319240";"Similar"
"02/01/2022";"Chelsea";"Liverpool";"B365";"Casa de apuestas";"2,54759960838780e-03";"0,003521681811595012";"9,74082203207050e-04";"2,35688335844986e-03";"0,003108582660044878";"7,51699301594966e-04";"1,90716249937939e-04";"4,13099151550134e-04";"2,22382901612084e-04";"0,003521681811595012";"Similar"
"03/01/2022";"Man United";"Wolves";"B365";"Casa de apuestas";"1,14604603767877e-02";"0,003663589792579747";"7,79687058420808e-03";"1,20089249578161e-02";"0,005183548558342299";"6,82537639947373e-03";"5,48464581028418e-04";"1,51995876576255e-03";"9,71494184734356e-04";"0,012008924957816136";"Diferente"
"11/01/2022";"Southampton";"Brentford";"B365";"Casa de apuestas";"7,10331561395400e-03";"0,002682949491460085";"4,42036612249375e-03";"7,13529393252116e-03";"0,002925839977280353";"4,20945395524075e-03";"3,19783185671607e-05";"2,42890485820269e-04";"2,10912167252997e-04";"0,007135293932521158";"Similar"
"12/01/2022";"West Ham";"Norwich";"B365";"Casa de apuestas";"2,17148024258247e-02";"0,008724946289195262";"1,29898561366294e-02";"2,42177432041596e-02";"0,012440353083435690";"1,17773901207239e-02";"2,50294077833491e-03";"3,71540679424043e-03";"1,21246601590552e-03";"0,024217743204159592";"Diferente"
"14/01/2022";"Brighton";"Crystal Palace";"B365";"Casa de apuestas";"6,99116839469283e-03";"0,002474309004297570";"4,51685939039551e-03";"7,03865496025230e-03";"0,002795687370102107";"4,24296759015030e-03";"4,74865655594736e-05";"3,21378365804537e-04";"2,73891800245202e-04";"0,007038654960252300";"Similar"
"15/01/2022";"Man City";"Chelsea";"B365";"Casa de apuestas";"1,39225181598063e-02";"0,005750605326876518";"8,17191283292978e-03";"1,48811681626528e-02";"0,007009004517568085";"7,87216364508478e-03";"9,58650002846562e-04";"1,25839919069157e-03";"2,99749187845005e-04";"0,014881168162652836";"Diferente"
"15/01/2022";"Newcastle";"Watford";"B365";"Casa de apuestas";"9,73036666107363e-03";"0,004103217986769964";"5,62714867430378e-03";"1,01081622746626e-02";"0,004631096302894683";"5,47706597176784e-03";"3,77795613588972e-04";"5,27878316124719e-04";"1,50082702535942e-04";"0,010108162274662602";"Diferente"
"15/01/2022";"Norwich";"Everton";"B365";"Casa de apuestas";"3,35129715033922e-03";"0,002466307728857586";"5,81760487919680e-03";"3,23572586785098e-03";"0,002570256541825855";"5,80598240967695e-03";"1,15571282488236e-04";"1,03948812968269e-04";"1,16224695198563e-05";"0,005817604879196803";"Similar"
"15/01/2022";"Wolves";"Southampton";"B365";"Casa de apuestas";"3,81089397931855e-03";"0,001070713280695801";"2,74018069862281e-03";"3,70775958507563e-03";"0,001161657680343375";"2,54610190473226e-03";"1,03134394242921e-04";"9,09443996475745e-05";"1,94078793890551e-04";"0,003810893979318553";"Similar"
"15/01/2022";"Aston Villa";"Man United";"B365";"Casa de apuestas";"2,36166473790234e-03";"0,003013158458703036";"6,51493720800644e-04";"2,19842426842465e-03";"0,002662475920195972";"4,64051651771158e-04";"1,63240469477688e-04";"3,50682538507063e-04";"1,87442069029486e-04";"0,003013158458703036";"Similar"
"16/01/2022";"Liverpool";"Brentford";"B365";"Casa de apuestas";"2,51423931370368e-02";"0,010674635173597652";"1,44677579634391e-02";"2,90575067558120e-02";"0,016328671115779764";"1,27288356400322e-02";"3,91511361877517e-03";"5,65403594218211e-03";"1,73892232340694e-03";"0,029057506755811979";"Diferente"
"16/01/2022";"West Ham";"Leeds";"B365";"Casa de apuestas";"1,49846406704687e-02";"0,006427500349382193";"8,55714032108629e-03";"1,60450806413781e-02";"0,007618123338557187";"8,42695730282084e-03";"1,06043997090943e-03";"1,19062298917499e-03";"1,30183018265451e-04";"0,016045080641378107";"Diferente"
"18/01/2022";"Brighton";"Chelsea";"B365";"Casa de apuestas";"1,09831410540185e-02";"0,005221251885859812";"1,62043929398783e-02";"9,85171569579021e-03";"0,007282565346971359";"1,71342810427615e-02";"1,13142535822827e-03";"2,06131346111155e-03";"9,29888102883192e-04";"0,017134281042761490";"Diferente"
"19/01/2022";"Leicester";"Tottenham";"B365";"Casa de apuestas";"1,41938007508485e-03";"0,003266284269171194";"4,68566434425599e-03";"1,57797781787267e-03";"0,003030739473960542";"4,60871729183321e-03";"1,58597742787814e-04";"2,35544795210652e-04";"7,69470524227822e-05";"0,004685664344255991";"Similar"
"19/01/2022";"Brentford";"Man United";"B365";"Casa de apuestas";"6,58471238219308e-03";"0,004323404777515139";"1,09081171597083e-02";"6,28272559606480e-03";"0,005116469976741006";"1,13991955728059e-02";"3,01986786128278e-04";"7,93065199225867e-04";"4,91078413097590e-04";"0,011399195572805887";"Diferente"
"21/01/2022";"Watford";"Norwich";"B365";"Casa de apuestas";"7,42656036773687e-03";"0,003239244415714992";"4,18731595202182e-03";"7,53797299800540e-03";"0,003444898419996789";"4,09307457800862e-03";"1,11412630268537e-04";"2,05654004281797e-04";"9,42413740132042e-05";"0,007537972998005404";"Similar"
"22/01/2022";"Everton";"Aston Villa";"B365";"Casa de apuestas";"9,55322699987715e-04";"0,002409712828394028";"1,45439012840637e-03";"8,18613252623057e-04";"0,002136736116188531";"1,31812286356547e-03";"1,36709447364658e-04";"2,72976712205497e-04";"1,36267264840895e-04";"0,002409712828394028";"Similar"
"22/01/2022";"Brentford";"Wolves";"B365";"Casa de apuestas";"3,53329619390269e-03";"0,001397247019527870";"2,13604917437488e-03";"3,44200764256558e-03";"0,001416570178913668";"2,02543746365208e-03";"9,12885513371098e-05";"1,93231593857979e-05";"1,10611710722797e-04";"0,003533296193902691";"Similar"
"22/01/2022";"Leeds";"Newcastle";"B365";"Casa de apuestas";"8,30834208027187e-03";"0,004395544892620923";"3,91279718765097e-03";"8,53299888403170e-03";"0,004417313442860671";"4,11568544117091e-03";"2,24656803759826e-04";"2,17685502397480e-05";"2,02888253519939e-04";"0,008532998884031695";"Similar"
"22/01/2022";"Man United";"West Ham";"B365";"Casa de apuestas";"6,70295148471461e-03";"0,003545102570121639";"3,15784891459325e-03";"6,76551542365983e-03";"0,003519655863987170";"3,24585955967271e-03";"6,25639389452148e-05";"2,54467061344688e-05";"8,80106450794615e-05";"0,006765515423659829";"Similar"
"22/01/2022";"Southampton";"Man City";"B365";"Casa de apuestas";"1,42427136696478e-02";"0,010118375734421592";"2,43610894040693e-02";"1,24653610088171e-02";"0,015412281674539285";"2,78776426833565e-02";"1,77735266083065e-03";"5,29390594011769e-03";"3,51655327928713e-03";"0,027877642683356463";"Diferente"
"23/01/2022";"Arsenal";"Burnley";"B365";"Casa de apuestas";"2,51710636417829e-02";"0,009651122712071136";"1,55199409297117e-02";"2,84634087574951e-02";"0,015784985422611836";"1,26784233348833e-02";"3,29234511571219e-03";"6,13386271054070e-03";"2,84151759482848e-03";"0,028463408757495090";"Diferente"
"23/01/2022";"Crystal Palace";"Liverpool";"B365";"Casa de apuestas";"9,65166167352896e-03";"0,006180819637258028";"1,58324813107871e-02";"9,01819241674590e-03";"0,008022571992596123";"1,70407644093421e-02";"6,33469256783065e-04";"1,84175235533809e-03";"1,20828309855503e-03";"0,017040764409342102";"Diferente"
"23/01/2022";"Leicester";"Brighton";"B365";"Casa de apuestas";"2,41756174892022e-03";"0,002745366731824628";"3,27804982904467e-04";"2,27661609689639e-03";"0,002453466346286626";"1,76850249390181e-04";"1,40945652023827e-04";"2,91900385538002e-04";"1,50954733514286e-04";"0,002745366731824628";"Similar"
"23/01/2022";"Chelsea";"Tottenham";"B365";"Casa de apuestas";"1,23138226790096e-02";"0,004422091017323909";"7,89173166168575e-03";"1,29274858411468e-02";"0,005648476615207565";"7,27900922593916e-03";"6,13663162137179e-04";"1,22638559788366e-03";"6,12722435746588e-04";"0,012927485841146780";"Diferente"
"05/02/2022";"Burnley";"Watford";"B365";"Casa de apuestas";"5,53350671928704e-03";"0,002046552067121732";"3,48695465216531e-03";"5,50938749100621e-03";"0,002215704357065529";"3,29368313394074e-03";"2,41192282808278e-05";"1,69152289943797e-04";"1,93271518224569e-04";"0,005533506719287040";"Similar"
"08/02/2022";"Newcastle";"Everton";"B365";"Casa de apuestas";"2,64542408274543e-03";"0,002858368436155279";"2,12944353409850e-04";"2,50799299406634e-03";"0,002581331144788424";"7,33381507222464e-05";"1,37431088679085e-04";"2,77037291366855e-04";"1,39606202687603e-04";"0,002858368436155279";"Similar"
"08/02/2022";"West Ham";"Watford";"B365";"Casa de apuestas";"1,65863041780944e-02";"0,006323903869247527";"1,02624003088468e-02";"1,78969785542690e-02";"0,008447440883462165";"9,44953767080675e-03";"1,31067437617460e-03";"2,12353701421464e-03";"8,12862638040007e-04";"0,017896978554268972";"Diferente"
"08/02/2022";"Burnley";"Man United";"B365";"Casa de apuestas";"8,71616866142197e-03";"0,005319784504247776";"1,40359531656697e-02";"7,98185183212549e-03";"0,007058984788159806";"1,50408366202851e-02";"7,34316829296477e-04";"1,73920028391203e-03";"1,00488345461536e-03";"0,015040836620285103";"Diferente"
"09/02/2022";"Man City";"Brentford";"B365";"Casa de apuestas";"3,48573932814821e-02";"0,015852483302802839";"1,90049099786793e-02";"4,40043586356390e-02";"0,028314891754448686";"1,56894668811903e-02";"9,14696535415693e-03";"1,24624084516458e-02";"3,31544309748893e-03";"0,044004358635639007";"Diferente"
"09/02/2022";"Norwich";"Crystal Palace";"B365";"Casa de apuestas";"3,11147637577786e-03";"0,002002690595459267";"5,11416697123707e-03";"2,95686629785469e-03";"0,002131865599957983";"5,08873189781267e-03";"1,54610077923167e-04";"1,29175004498716e-04";"2,54350734243958e-05";"0,005114166971237066";"Similar"
"09/02/2022";"Tottenham";"Southampton";"B365";"Casa de apuestas";"1,55061628944995e-02";"0,006026281512258674";"9,47988138224082e-03";"1,65691974742901e-02";"0,007628516891815595";"8,94068058247441e-03";"1,06303457979062e-03";"1,60223537955692e-03";"5,39200799766409e-04";"0,016569197474290087";"Diferente"
"09/02/2022";"Aston Villa";"Leeds";"B365";"Casa de apuestas";"8,24223261452950e-03";"0,004494024743420921";"3,74820787110847e-03";"8,42269912940063e-03";"0,004456998830532050";"3,96570029886839e-03";"1,80466514871136e-04";"3,70259128888717e-05";"2,17492427759924e-04";"0,008422699129400635";"Similar"
"10/02/2022";"Liverpool";"Leicester";"B365";"Casa de apuestas";"3,09786938591625e-02";"0,013412366318569180";"1,75663275405932e-02";"3,66042556472002e-02";"0,020943440998801161";"1,56608146483988e-02";"5,62556178803764e-03";"7,53107468023198e-03";"1,90551289219439e-03";"0,036604255647200157";"Diferente"
"10/02/2022";"Wolves";"Arsenal";"B365";"Casa de apuestas";"4,79441750150450e-03";"0,001800948706148886";"6,59536620765333e-03";"4,35220304288883e-03";"0,002247716228483854";"6,59991927137260e-03";"4,42214458615670e-04";"4,46767522334968e-04";"4,55306371927033e-06";"0,006599919271372601";"Similar"
"12/02/2022";"Man United";"Southampton";"B365";"Casa de apuestas";"1,66108209258369e-02";"0,006730522199731775";"9,88029872610510e-03";"1,79707952987789e-02";"0,008578045542011609";"9,39274975676718e-03";"1,35997437294200e-03";"1,84752334227983e-03";"4,87548969337920e-04";"0,017970795298778874";"Diferente"
"12/02/2022";"Brentford";"Crystal Palace";"B365";"Casa de apuestas";"9,86940557270999e-04";"0,001556329340312024";"2,54326989758302e-03";"9,78389554522896e-04";"0,001469144415659762";"2,44753397018260e-03";"8,55100274810283e-06";"8,71849246522616e-05";"9,57359274004199e-05";"0,002543269897583023";"Similar"
"12/02/2022";"Everton";"Leeds";"B365";"Casa de apuestas";"2,10224570457340e-03";"0,003814383958813616";"1,71213825424021e-03";"1,86535671430055e-03";"0,003329209774201425";"1,46385305990093e-03";"2,36888990272854e-04";"4,85174184612192e-04";"2,48285194339282e-04";"0,003814383958813616";"Similar"
"12/02/2022";"Watford";"Brighton";"B365";"Casa de apuestas";"5,51167346197887e-03";"0,003135018197661266";"8,64669165963988e-03";"5,19273473528456e-03";"0,003622682654738085";"8,81541739002273e-03";"3,18938726694307e-04";"4,87664457076820e-04";"1,68725730382846e-04";"0,008815417390022728";"Similar"
"12/02/2022";"Norwich";"Man City";"B365";"Casa de apuestas";"1,27987128151683e-02";"0,009778216590788619";"2,25769294059570e-02";"1,09475526698381e-02";"0,015357581471205986";"2,63051341410443e-02";"1,85116014533019e-03";"5,57936488041737e-03";"3,72820473508728e-03";"0,026305134141044295";"Diferente"
"13/02/2022";"Burnley";"Liverpool";"B365";"Casa de apuestas";"1,80152515481857e-02";"0,013370694508419018";"3,13859460566048e-02";"1,60095945910181e-02";"0,020834812920020096";"3,68444075110383e-02";"2,00565695716762e-03";"7,46411841160108e-03";"5,45846145443352e-03";"0,036844407511038346";"Diferente"
"13/02/2022";"Newcastle";"Aston Villa";"B365";"Casa de apuestas";"5,94177064765167e-04";"0,002772826302238185";"2,17864923747263e-03";"4,53552077637032e-04";"0,002491603472767501";"2,03805139513019e-03";"1,40624987128135e-04";"2,81222829470684e-04";"1,40597842342438e-04";"0,002772826302238185";"Similar"
"13/02/2022";"Tottenham";"Wolves";"B365";"Casa de apuestas";"1,22096789130683e-02";"0,004050246837739191";"8,15943207532915e-03";"1,28225352413087e-02";"0,005553306780244543";"7,26922846106404e-03";"6,12856328240374e-04";"1,50305994250535e-03";"8,90203614265117e-04";"0,012822535241308719";"Diferente"
"13/02/2022";"Leicester";"West Ham";"B365";"Casa de apuestas";"3,71042833816337e-04";"0,003042551237293689";"3,41359407110986e-03";"5,28131136948440e-04";"0,002757242868211107";"3,28537400515955e-03";"1,57088303132102e-04";"2,85308369082582e-04";"1,28220065950313e-04";"0,003413594071109860";"Similar"
"15/02/2022";"Man United";"Brighton";"B365";"Casa de apuestas";"1,22981324462561e-02";"0,004253725453650659";"8,04440699260517e-03";"1,28373412128150e-02";"0,005428039278438490";"7,40930193437642e-03";"5,39208766558885e-04";"1,17431382478783e-03";"6,35105058228752e-04";"0,012837341212814990";"Diferente"
"19/02/2022";"West Ham";"Newcastle";"B365";"Casa de apuestas";"1,35812079874403e-02";"0,005076689137963247";"8,50451884947709e-03";"1,44401166794301e-02";"0,006595596743626697";"7,84451993580351e-03";"8,58908691989790e-04";"1,51890760566345e-03";"6,59998913673576e-04";"0,014440116679430126";"Diferente"
"19/02/2022";"Arsenal";"Brentford";"B365";"Casa de apuestas";"1,73009623797025e-02";"0,004746281714785638";"1,25546806649169e-02";"1,83563032025790e-02";"0,008541430972160091";"9,81487223041888e-03";"1,05534082287650e-03";"3,79514925737445e-03";"2,73980843449799e-03";"0,018356303202578972";"Diferente"
"19/02/2022";"Aston Villa";"Watford";"B365";"Casa de apuestas";"1,42095536832380e-02";"0,004597208544576986";"9,61234513866094e-03";"1,50401866271488e-02";"0,006653320005871183";"8,38686662127763e-03";"8,30632943910836e-04";"2,05611146129420e-03";"1,22547851738330e-03";"0,015040186627148788";"Diferente"
"19/02/2022";"Brighton";"Burnley";"B365";"Casa de apuestas";"1,23025123025123e-02";"0,003480315980316007";"8,82219632219633e-03";"1,28363307451774e-02";"0,005357964618506461";"7,47836612667094e-03";"5,33818442665090e-04";"1,87764863819045e-03";"1,34383019552539e-03";"0,012836330745177427";"Diferente"
"19/02/2022";"Crystal Palace";"Chelsea";"B365";"Casa de apuestas";"8,77742946708468e-03";"0,004388714733542354";"1,31661442006270e-02";"7,83703967455487e-03";"0,006030586142542593";"1,38676258170976e-02";"9,40389792529805e-04";"1,64187140900024e-03";"7,01481616470545e-04";"0,013867625817097551";"Diferente"
"19/02/2022";"Liverpool";"Norwich";"B365";"Casa de apuestas";"2,91222308184261e-02";"0,013310126358646548";"1,58121044597796e-02";"3,52859195877692e-02";"0,020610120543929203";"1,46757990438399e-02";"6,16368876934303e-03";"7,29999418528265e-03";"1,13630541593968e-03";"0,035285919587769166";"Diferente"
"19/02/2022";"Southampton";"Everton";"B365";"Casa de apuestas";"7,79727095516569e-03";"0,003898635477582846";"3,89863547758285e-03";"7,92753115241640e-03";"0,003963765576208200";"3,96376557620820e-03";"1,30260197250709e-04";"6,51300986253545e-05";"6,51300986253545e-05";"0,007927531152416400";"Similar"
"19/02/2022";"Man City";"Tottenham";"B365";"Casa de apuestas";"2,24554169605901e-02";"0,009295652360531037";"1,31597646000590e-02";"2,54626621732220e-02";"0,013762655902670562";"1,17000062705515e-02";"3,00724521263196e-03";"4,46700354213952e-03";"1,45975832950745e-03";"0,025462662173222017";"Diferente"
"20/02/2022";"Leeds";"Man United";"B365";"Casa de apuestas";"6,78861813398790e-03";"0,005450051791104527";"1,22386699250927e-02";"6,77527808328932e-03";"0,006202479594295596";"1,29777576775850e-02";"1,33400506985848e-05";"7,52427803191069e-04";"7,39087752492318e-04";"0,012977757677585022";"Diferente"
"20/02/2022";"Wolves";"Leicester";"B365";"Casa de apuestas";"4,55905988383332e-03";"0,001534733030201296";"3,02432685363196e-03";"4,50287712068975e-03";"0,001684175625468853";"2,81870149522073e-03";"5,61827631435641e-05";"1,49442595267557e-04";"2,05625358411232e-04";"0,004559059883833316";"Similar"
"23/02/2022";"Burnley";"Tottenham";"B365";"Casa de apuestas";"5,61904626023102e-03";"0,003153133872647595";"8,77218013287873e-03";"5,22241352640931e-03";"0,003813380556855872";"9,03579408326527e-03";"3,96632733821706e-04";"6,60246684208277e-04";"2,63613950386543e-04";"0,009035794083265269";"Similar"
"23/02/2022";"Watford";"Crystal Palace";"B365";"Casa de apuestas";"1,81485898148537e-04";"0,001543769167096087";"1,72525506524468e-03";"2,15643259637632e-04";"0,001420600857854393";"1,63624411749191e-03";"3,41573614890955e-05";"1,23168309241695e-04";"8,90109477527656e-05";"0,001725255065244680";"Similar"
"23/02/2022";"Liverpool";"Leeds";"B365";"Casa de apuestas";"2,70034095489442e-02";"0,011962695395870276";"1,50407141530739e-02";"3,17693820838368e-02";"0,017945938624364152";"1,38234434594726e-02";"4,76597253489264e-03";"5,98324322849388e-03";"1,21727069360126e-03";"0,031769382083836839";"Diferente"
"24/02/2022";"Arsenal";"Wolves";"B365";"Casa de apuestas";"1,78841039945546e-02";"0,005417533030214361";"1,24665709643404e-02";"1,89925160194488e-02";"0,008138344893452221";"1,08541711259966e-02";"1,10841202489420e-03";"2,72081186323786e-03";"1,61239983834383e-03";"0,018992516019448846";"Diferente"
"25/02/2022";"Southampton";"Norwich";"B365";"Casa de apuestas";"1,75442134535240e-02";"0,006712815617133577";"1,08313978363904e-02";"1,91419128710327e-02";"0,009395907383192154";"9,74600548784044e-03";"1,59769941750876e-03";"2,68309176605858e-03";"1,08539234855001e-03";"0,019141912871032729";"Diferente"
"26/02/2022";"Leeds";"Tottenham";"B365";"Casa de apuestas";"4,64477287436063e-03";"0,004042958448778999";"8,68773132313960e-03";"4,64389111480351e-03";"0,004245156469484257";"8,88904758428777e-03";"8,81759557119777e-07";"2,02198020705258e-04";"2,01316261148166e-04";"0,008889047584287768";"Similar"
"26/02/2022";"Brentford";"Newcastle";"B365";"Casa de apuestas";"4,68566434425599e-03";"0,001419380075084908";"3,26628426917119e-03";"4,60871729183315e-03";"0,001577977817872778";"3,03073947396060e-03";"7,69470524228377e-05";"1,58597742787869e-04";"2,35544795210596e-04";"0,004685664344255991";"Similar"
"26/02/2022";"Crystal Palace";"Burnley";"B365";"Casa de apuestas";"8,62079005871241e-03";"0,002329003765861926";"6,29178629285068e-03";"8,75713047522086e-03";"0,003148142980174573";"5,60898749504612e-03";"1,36340416508451e-04";"8,19139214312647e-04";"6,82798797804557e-04";"0,008757130475220865";"Similar"
"26/02/2022";"Man United";"Watford";"B365";"Casa de apuestas";"2,43449061581819e-02";"0,010031780296216319";"1,43131258619656e-02";"2,73110570541379e-02";"0,013923242738601710";"1,33878143155362e-02";"2,96615089595609e-03";"3,89146244238539e-03";"9,25311546429358e-04";"0,027311057054137944";"Diferente"
"26/02/2022";"Brighton";"Aston Villa";"B365";"Casa de apuestas";"5,77397978218763e-03";"0,002886989891093927";"2,88698989109393e-03";"5,76595930085377e-03";"0,002882979650426831";"2,88297965042683e-03";"8,02048133385913e-06";"4,01024066709610e-06";"4,01024066709610e-06";"0,005773979782187633";"Similar"
"26/02/2022";"Everton";"Man City";"B365";"Casa de apuestas";"1,26984126984127e-02";"0,008730158730158727";"2,14285714285715e-02";"1,06513329886812e-02";"0,013705415984324981";"2,43567489730063e-02";"2,04707970973145e-03";"4,97525725416625e-03";"2,92817754443486e-03";"0,024356748973006326";"Diferente"
"27/02/2022";"West Ham";"Wolves";"B365";"Casa de apuestas";"7,32670569048055e-03";"0,002052087283066883";"5,27461840741381e-03";"7,40041778040101e-03";"0,002658120432292743";"4,74229734810844e-03";"7,37120899204635e-05";"6,06033149225860e-04";"5,32321059305368e-04";"0,007400417780401014";"Similar"
"01/03/2022";"Burnley";"Leicester";"B365";"Casa de apuestas";"3,00012834773655e-04";"0,002153033284846395";"2,45304611962011e-03";"3,76324073759871e-04";"0,001966733333096160";"2,34305740685592e-03";"7,63112389862153e-05";"1,86299951750235e-04";"1,09988712764186e-04";"0,002453046119620106";"Similar"
"05/03/2022";"Leicester";"Leeds";"B365";"Casa de apuestas";"5,81893264820088e-03";"0,002909466324100551";"2,90946632410055e-03";"5,86056448235289e-03";"0,002930282241176474";"2,93028224117647e-03";"4,16318341520117e-05";"2,08159170759226e-05";"2,08159170759226e-05";"0,005860564482352892";"Similar"
"05/03/2022";"Aston Villa";"Southampton";"B365";"Casa de apuestas";"6,75705412869071e-03";"0,004755122109514509";"2,00193201917620e-03";"6,73521273514988e-03";"0,004416583638204130";"2,31862909694586e-03";"2,18413935408335e-05";"3,38538471310379e-04";"3,16697077769656e-04";"0,006757054128690709";"Similar"
"05/03/2022";"Burnley";"Chelsea";"B365";"Casa de apuestas";"1,45476619898656e-02";"0,006396442820446768";"2,09441048103124e-02";"1,21244094586975e-02";"0,010433417293008146";"2,25578267517057e-02";"2,42325253116817e-03";"4,03697447256138e-03";"1,61372194139331e-03";"0,022557826751705701";"Diferente"
"05/03/2022";"Newcastle";"Brighton";"B365";"Casa de apuestas";"9,75105141771737e-04";"0,001950210283543641";"9,75105141771737e-04";"8,79647096418579e-04";"0,001759294192837324";"8,79647096418579e-04";"9,54580453531584e-05";"1,90916090706317e-04";"9,54580453531584e-05";"0,001950210283543641";"Similar"
"05/03/2022";"Norwich";"Brentford";"B365";"Casa de apuestas";"1,82614218955585e-03";"0,001826142189555846";"3,65228437911164e-03";"1,77898268298138e-03";"0,001778982682981378";"3,55796536596276e-03";"4,71595065744679e-05";"4,71595065744679e-05";"9,43190131488802e-05";"0,003652284379111637";"Similar"
"05/03/2022";"Wolves";"Crystal Palace";"B365";"Casa de apuestas";"4,12681996356279e-03";"0,001366630428390303";"2,76018953517249e-03";"4,04179290969664e-03";"0,001462024837449671";"2,57976807224675e-03";"8,50270538661491e-05";"9,53944090593684e-05";"1,80421462925739e-04";"0,004126819963562789";"Similar"
"05/03/2022";"Liverpool";"West Ham";"B365";"Casa de apuestas";"2,06562878481421e-02";"0,009023040804263749";"1,16332470438784e-02";"2,37650742038881e-02";"0,013201873937065095";"1,05632002668230e-02";"3,10878635574596e-03";"4,17883313280135e-03";"1,07004677705545e-03";"0,023765074203888070";"Diferente"
"06/03/2022";"Watford";"Arsenal";"B365";"Casa de apuestas";"1,10185854130491e-02";"0,006354276250469998";"1,73728616635190e-02";"9,85542980372320e-03";"0,008938054544301965";"1,87934843480252e-02";"1,16315560932587e-03";"2,58377829383197e-03";"1,42062268450616e-03";"0,018793484348025191";"Diferente"
"06/03/2022";"Man City";"Man United";"B365";"Casa de apuestas";"2,60659819483349e-02";"0,010115157173980677";"1,59508247743542e-02";"2,90614140255024e-02";"0,014476103809544005";"1,45853102159585e-02";"2,99543207716757e-03";"4,36094663556333e-03";"1,36551455839568e-03";"0,029061414025502441";"Diferente"
"07/03/2022";"Tottenham";"Everton";"B365";"Casa de apuestas";"1,36595991780171e-02";"0,005295351223196049";"8,36424795482102e-03";"1,44136044875373e-02";"0,006467440324377044";"7,94616416316024e-03";"7,54005309520189e-04";"1,17208910118100e-03";"4,18083791660778e-04";"0,014413604487537257";"Diferente"
"10/03/2022";"Norwich";"Chelsea";"B365";"Casa de apuestas";"1,41346816823718e-02";"0,008591669257912327";"2,27263509402841e-02";"1,21994725465677e-02";"0,013076869849203476";"2,52763423957709e-02";"1,93520913580419e-03";"4,48520059129115e-03";"2,54999145548684e-03";"0,025276342395770923";"Diferente"
"10/03/2022";"Southampton";"Newcastle";"B365";"Casa de apuestas";"8,97808166586911e-03";"0,003776296188151063";"5,20178547771805e-03";"9,22354966695804e-03";"0,004163183349631616";"5,06036631732648e-03";"2,45468001088933e-04";"3,86887161480554e-04";"1,41419160391565e-04";"0,009223549666958042";"Similar"
"10/03/2022";"Wolves";"Watford";"B365";"Casa de apuestas";"9,59174658476986e-03";"0,003247064353767704";"6,34468223100215e-03";"9,82554517088313e-03";"0,003933841283025541";"5,89170388785748e-03";"2,33798586113276e-04";"6,86776929257837e-04";"4,52978343144672e-04";"0,009825545170883132";"Similar"
"10/03/2022";"Leeds";"Aston Villa";"B365";"Casa de apuestas";"2,22935616194075e-04";"0,003789905475298727";"3,56696985910471e-03";"2,05920860802400e-05";"0,003377831400255216";"3,39842348633540e-03";"2,43527702274315e-04";"4,12074075043511e-04";"1,68546372769307e-04";"0,003789905475298727";"Similar"
"12/03/2022";"Brighton";"Liverpool";"B365";"Casa de apuestas";"1,08313978363904e-02";"0,006712815617133577";"1,75442134535240e-02";"9,74600548784044e-03";"0,009395907383192154";"1,91419128710327e-02";"1,08539234855001e-03";"2,68309176605858e-03";"1,59769941750876e-03";"0,019141912871032729";"Diferente"
"12/03/2022";"Brentford";"Burnley";"B365";"Casa de apuestas";"7,47527204797549e-03";"0,002503915228560694";"4,97135681941480e-03";"7,52955606045003e-03";"0,002885171922511587";"4,64438413793847e-03";"5,42840124745370e-05";"3,81256693950893e-04";"3,26972681476329e-04";"0,007529556060450027";"Similar"
"12/03/2022";"Man United";"Tottenham";"B365";"Casa de apuestas";"4,68566434425599e-03";"0,003266284269171194";"1,41938007508485e-03";"4,60871729183321e-03";"0,003030739473960542";"1,57797781787267e-03";"7,69470524227822e-05";"2,35544795210652e-04";"1,58597742787814e-04";"0,004685664344255991";"Similar"
"13/03/2022";"Chelsea";"Newcastle";"B365";"Casa de apuestas";"1,98683982971797e-02";"0,007813311899676628";"1,20550863975034e-02";"2,19370949378009e-02";"0,011043826903269688";"1,08932680345314e-02";"2,06869664062126e-03";"3,23051500359306e-03";"1,16181836297193e-03";"0,021937094937800938";"Diferente"
"13/03/2022";"Everton";"Wolves";"B365";"Casa de apuestas";"4,87329434697853e-03";"0,000974658869395739";"3,89863547758285e-03";"4,77169329286825e-03";"0,001233540507679876";"3,53815278518854e-03";"1,01601054110279e-04";"2,58881638284136e-04";"3,60482692394304e-04";"0,004873294346978529";"Similar"
"13/03/2022";"Leeds";"Norwich";"B365";"Casa de apuestas";"1,34856455516427e-02";"0,005415706563482725";"8,06993898815994e-03";"1,43119461702345e-02";"0,006596817150224032";"7,71512902001020e-03";"8,26300618591791e-04";"1,18111058674131e-03";"3,54809968149739e-04";"0,014311946170234457";"Diferente"
"13/03/2022";"Southampton";"Watford";"B365";"Casa de apuestas";"1,22386699250927e-02";"0,005450051791104527";"6,78861813398790e-03";"1,29777576775850e-02";"0,006202479594295596";"6,77527808328932e-03";"7,39087752492318e-04";"7,52427803191069e-04";"1,33400506985848e-05";"0,012977757677585022";"Diferente"
"13/03/2022";"West Ham";"Aston Villa";"B365";"Casa de apuestas";"3,74743842059261e-03";"0,003140458958102332";"6,06979462490387e-04";"3,62560802357198e-03";"0,002880522800835117";"7,45085222736863e-04";"1,21830397020628e-04";"2,59936157267215e-04";"1,38105760246476e-04";"0,003747438420592608";"Similar"
"13/03/2022";"Arsenal";"Leicester";"B365";"Casa de apuestas";"2,27152388012283e-02";"0,009213173779519274";"1,35020650217093e-02";"2,52444888919106e-02";"0,012633808082149922";"1,26106808097607e-02";"2,52925009068228e-03";"3,42063430263065e-03";"8,91384211948537e-04";"0,025244488891910555";"Diferente"
"14/03/2022";"Crystal Palace";"Man City";"B365";"Casa de apuestas";"1,21830702405852e-02";"0,008155024975426500";"2,03380952160116e-02";"1,07653278130138e-02";"0,011966309796838992";"2,27316376098529e-02";"1,41774242757138e-03";"3,81128482141249e-03";"2,39354239384126e-03";"0,022731637609852862";"Diferente"
"16/03/2022";"Brighton";"Tottenham";"B365";"Casa de apuestas";"3,51687978462817e-03";"0,003071078121787973";"6,58795790641642e-03";"3,47355029626689e-03";"0,003146397307923710";"6,61994760419060e-03";"4,33294883612767e-05";"7,53191861357361e-05";"3,19896977741818e-05";"0,006619947604190601";"Similar"
"16/03/2022";"Arsenal";"Liverpool";"B365";"Casa de apuestas";"3,23924441571499e-03";"0,004187315952021819";"7,42656036773687e-03";"3,44489841999679e-03";"0,004093074578008615";"7,53797299800540e-03";"2,05654004281797e-04";"9,42413740132042e-05";"1,11412630268537e-04";"0,007537972998005404";"Similar"
"17/03/2022";"Everton";"Newcastle";"B365";"Casa de apuestas";"3,03474266698928e-03";"0,001851131219477165";"1,18361144751211e-03";"2,94341120900926e-03";"0,001748000841656328";"1,19541036735282e-03";"9,13314579800151e-05";"1,03130377820837e-04";"1,17989198407109e-05";"0,003034742666989276";"Similar"
"18/03/2022";"Wolves";"Leeds";"B365";"Casa de apuestas";"6,20739947882210e-03";"0,003711252495684270";"2,49614698313788e-03";"6,19997768863756e-03";"0,003559492497278050";"2,64048519135934e-03";"7,42179018453637e-06";"1,51759998406220e-04";"1,44338208221462e-04";"0,006207399478822095";"Similar"
"19/03/2022";"Aston Villa";"Arsenal";"B365";"Casa de apuestas";"2,24452387187213e-04";"0,003310672711010709";"3,08622032382361e-03";"3,71982145483396e-05";"0,002969568091610142";"2,93236987706175e-03";"1,87254172638873e-04";"3,41104619400567e-04";"1,53850446761861e-04";"0,003310672711010709";"Similar"
"20/03/2022";"Leicester";"Brentford";"B365";"Casa de apuestas";"5,81885810498411e-03";"0,002534594634686305";"3,28426347029775e-03";"5,83147345068813e-03";"0,002643643941428742";"3,18782950925955e-03";"1,26153457040146e-05";"1,09049306742437e-04";"9,64339610382003e-05";"0,005831473450688129";"Similar"
"20/03/2022";"Tottenham";"West Ham";"B365";"Casa de apuestas";"1,04082790672538e-02";"0,003550487719203466";"6,85779134805048e-03";"1,08662613716093e-02";"0,004681279360437274";"6,18498201117204e-03";"4,57982304355453e-04";"1,13079164123381e-03";"6,72809336878438e-04";"0,010866261371609287";"Diferente"
"02/04/2022";"Liverpool";"Watford";"B365";"Casa de apuestas";"3,03248121944248e-02";"0,013685431873729545";"1,66393803206953e-02";"3,64470482308353e-02";"0,021017914608127838";"1,54291336227075e-02";"6,12223603641049e-03";"7,33248273439829e-03";"1,21024669798786e-03";"0,036447048230835333";"Diferente"
"02/04/2022";"Brighton";"Norwich";"B365";"Casa de apuestas";"1,44300144300143e-02";"0,005050505050505000";"9,37950937950932e-03";"1,54900533024406e-02";"0,007379666300523363";"8,11038700191730e-03";"1,06003887242623e-03";"2,32916125001836e-03";"1,26912237759202e-03";"0,015490053302440576";"Diferente"
"02/04/2022";"Burnley";"Man City";"B365";"Casa de apuestas";"1,63214166059068e-02";"0,011410880889317007";"2,77322974952238e-02";"1,20620405618973e-02";"0,020484362102566253";"3,25464026644636e-02";"4,25937604400951e-03";"9,07348121324925e-03";"4,81410516923986e-03";"0,032546402664463625";"Diferente"
"02/04/2022";"Chelsea";"Brentford";"B365";"Casa de apuestas";"1,86432608669883e-02";"0,006635465917495809";"1,20077949494924e-02";"2,03942783962058e-02";"0,010372377319151499";"1,00219010770543e-02";"1,75101752921747e-03";"3,73691140165569e-03";"1,98589387243818e-03";"0,020394278396205778";"Diferente"
"02/04/2022";"Leeds";"Southampton";"B365";"Casa de apuestas";"3,24448437655983e-03";"0,003568932814215831";"3,24448437656000e-04";"3,07233695752729e-03";"0,003149534744015858";"7,71977864884033e-05";"1,72147419032542e-04";"4,19398070199972e-04";"2,47250651167596e-04";"0,003568932814215831";"Similar"
"02/04/2022";"Wolves";"Aston Villa";"B365";"Casa de apuestas";"9,86940557270999e-04";"0,001556329340312024";"2,54326989758302e-03";"9,78389554522896e-04";"0,001469144415659762";"2,44753397018260e-03";"8,55100274810283e-06";"8,71849246522616e-05";"9,57359274004199e-05";"0,002543269897583023";"Similar"
"02/04/2022";"Man United";"Leicester";"B365";"Casa de apuestas";"1,66108209258369e-02";"0,006730522199731775";"9,88029872610510e-03";"1,79707952987789e-02";"0,008578045542011609";"9,39274975676718e-03";"1,35997437294200e-03";"1,84752334227983e-03";"4,87548969337920e-04";"0,017970795298778874";"Diferente"
"03/04/2022";"West Ham";"Everton";"B365";"Casa de apuestas";"1,02883084064528e-02";"0,003842621212048536";"6,44568719440405e-03";"1,07209883970886e-02";"0,004696657368684770";"6,02433102840369e-03";"4,32679990635787e-04";"8,54036156636234e-04";"4,21356166000364e-04";"0,010720988397088571";"Diferente"
"03/04/2022";"Tottenham";"Newcastle";"B365";"Casa de apuestas";"1,65863041780944e-02";"0,006323903869247527";"1,02624003088468e-02";"1,78969785542690e-02";"0,008447440883462165";"9,44953767080675e-03";"1,31067437617460e-03";"2,12353701421464e-03";"8,12862638040007e-04";"0,017896978554268972";"Diferente"
"04/04/2022";"Crystal Palace";"Arsenal";"B365";"Casa de apuestas";"5,51167346197887e-03";"0,003135018197661266";"8,64669165963988e-03";"5,19273473528456e-03";"0,003622682654738085";"8,81541739002273e-03";"3,18938726694307e-04";"4,87664457076820e-04";"1,68725730382846e-04";"0,008815417390022728";"Similar"
"06/04/2022";"Burnley";"Everton";"B365";"Casa de apuestas";"2,88841342988805e-03";"0,001444206714944052";"1,44420671494405e-03";"2,79386652484387e-03";"0,001396933262422018";"1,39693326242202e-03";"9,45469050441794e-05";"4,72734525220342e-05";"4,72734525220342e-05";"0,002888413429888048";"Similar"
"08/04/2022";"Newcastle";"Wolves";"B365";"Casa de apuestas";"8,56216537602750e-03";"0,002108914202837819";"6,45325117318968e-03";"8,64819915169879e-03";"0,002899741611287865";"5,74845754041081e-03";"8,60337756712903e-05";"7,90827408450046e-04";"7,04793632778866e-04";"0,008648199151698788";"Similar"
"09/04/2022";"Everton";"Man United";"B365";"Casa de apuestas";"4,02470993856938e-03";"0,003337858242466241";"7,36256818103587e-03";"3,98405883439187e-03";"0,003559927293296794";"7,54398612768870e-03";"4,06511041775026e-05";"2,22069050830553e-04";"1,81417946652829e-04";"0,007543986127688695";"Similar"
"09/04/2022";"Arsenal";"Brighton";"B365";"Casa de apuestas";"1,83973231251789e-02";"0,005915582808374037";"1,24817403168049e-02";"1,96742502897970e-02";"0,008759661086931908";"1,09145892028651e-02";"1,27692716461802e-03";"2,84407827855787e-03";"1,56715111393985e-03";"0,019674250289796968";"Diferente"
"09/04/2022";"Southampton";"Chelsea";"B365";"Casa de apuestas";"3,89863547758285e-03";"0,003898635477582846";"7,79727095516569e-03";"3,96376557620820e-03";"0,003963765576208200";"7,92753115241640e-03";"6,51300986253545e-05";"6,51300986253545e-05";"1,30260197250709e-04";"0,007927531152416400";"Similar"
"09/04/2022";"Watford";"Leeds";"B365";"Casa de apuestas";"3,16576061211493e-04";"0,002374320459086143";"2,05774439787465e-03";"2,02673786235397e-04";"0,002136542391551310";"1,93386860531602e-03";"1,13902274976097e-04";"2,37778067534833e-04";"1,23875792558625e-04";"0,002374320459086143";"Similar"
"09/04/2022";"Aston Villa";"Tottenham";"B365";"Casa de apuestas";"2,33642506822973e-03";"0,002774504768522756";"5,11092983675226e-03";"2,36774060850342e-03";"0,002704574241641278";"5,07231485014470e-03";"3,13155402736909e-05";"6,99305268814787e-05";"3,86149866075658e-05";"0,005110929836752265";"Similar"
"10/04/2022";"Brentford";"West Ham";"B365";"Casa de apuestas";"1,63157223912902e-03";"0,003465405499637697";"1,83383326050862e-03";"1,45889511729486e-03";"0,003121544926235842";"1,66264980894082e-03";"1,72677121834164e-04";"3,43860573401855e-04";"1,71183451567802e-04";"0,003465405499637697";"Similar"
"10/04/2022";"Leicester";"Crystal Palace";"B365";"Casa de apuestas";"3,67647058823534e-03";"0,002450980392156854";"1,22549019607843e-03";"3,57549877169050e-03";"0,002303514423585118";"1,27198434810544e-03";"1,00971816544837e-04";"1,47465968571736e-04";"4,64941520270101e-05";"0,003676470588235337";"Similar"
"10/04/2022";"Norwich";"Burnley";"B365";"Casa de apuestas";"9,16559215013102e-04";"0,003348966362548000";"4,26552557756116e-03";"1,10290499241639e-03";"0,003057099119131657";"4,16000411154827e-03";"1,86345777403285e-04";"2,91867243416344e-04";"1,05521466012892e-04";"0,004265525577561158";"Similar"
"10/04/2022";"Man City";"Liverpool";"B365";"Casa de apuestas";"6,75977231422281e-03";"0,003308130272447585";"3,45164204177514e-03";"6,88686284822770e-03";"0,003397004666045922";"3,48985818218184e-03";"1,27090534004892e-04";"8,88743935983372e-05";"3,82161404066939e-05";"0,006886862848227704";"Similar"
"16/04/2022";"Tottenham";"Brighton";"B365";"Casa de apuestas";"2,06591665325834e-02";"0,008426020553339852";"1,22331459792435e-02";"2,25940739879591e-02";"0,010857341057010500";"1,17367329309484e-02";"1,93490745537572e-03";"2,43132050367065e-03";"4,96413048295036e-04";"0,022594073987959096";"Diferente"
"16/04/2022";"Man United";"Norwich";"B365";"Casa de apuestas";"1,97509388115752e-02";"0,008351281201678773";"1,13996576098961e-02";"2,23389137426375e-02";"0,012025219546499044";"1,03136941961383e-02";"2,58797493106233e-03";"3,67393834482027e-03";"1,08596341375784e-03";"0,022338913742637523";"Diferente"
"16/04/2022";"Southampton";"Arsenal";"B365";"Casa de apuestas";"4,72499077150232e-03";"0,004538477977890365";"9,26346874939293e-03";"4,82692332028606e-03";"0,004708978908747774";"9,53590222903405e-03";"1,01932548783740e-04";"1,70500930857409e-04";"2,72433479641121e-04";"0,009535902229034054";"Similar"
"16/04/2022";"Watford";"Brentford";"B365";"Casa de apuestas";"2,68775055189907e-04";"0,002823552685047803";"3,09232774023777e-03";"3,94994495419965e-04";"0,002570824066307487";"2,96581856172762e-03";"1,26219440230058e-04";"2,52728618740317e-04";"1,26509178510148e-04";"0,003092327740237766";"Similar"
"17/04/2022";"Newcastle";"Leicester";"B365";"Casa de apuestas";"8,68672510463553e-03";"0,004106451867645911";"4,58027323698967e-03";"8,85164230131924e-03";"0,004261078914271188";"4,59056338704811e-03";"1,64917196683712e-04";"1,54627046625277e-04";"1,02901500584340e-05";"0,008851642301319240";"Similar"
"17/04/2022";"West Ham";"Burnley";"B365";"Casa de apuestas";"1,24005956341287e-02";"0,004936159427177317";"7,46443620695111e-03";"1,29991131954710e-02";"0,005833914775129179";"7,16519842034175e-03";"5,98517561342327e-04";"8,97755347951862e-04";"2,99237786609369e-04";"0,012999113195470979";"Diferente"
"19/04/2022";"Liverpool";"Man United";"B365";"Casa de apuestas";"2,15018044936360e-02";"0,009134920201417263";"1,23668842922187e-02";"2,43026020843532e-02";"0,012830638936787347";"1,14719631475660e-02";"2,80079759071716e-03";"3,69571873537008e-03";"8,94921144652783e-04";"0,024302602084353198";"Diferente"
"20/04/2022";"Chelsea";"Arsenal";"B365";"Casa de apuestas";"8,41403429018051e-03";"0,003070524361819427";"5,34350992836108e-03";"8,61002415565959e-03";"0,003596371106301011";"5,01365304935861e-03";"1,95989865479085e-04";"5,25846744481584e-04";"3,29856879002471e-04";"0,008610024155659590";"Similar"
"20/04/2022";"Everton";"Leicester";"B365";"Casa de apuestas";"1,75160681076630e-03";"0,002722091665380177";"9,70484854613707e-04";"1,60967076420299e-03";"0,002438615222884022";"8,28944458680925e-04";"1,41936046563318e-04";"2,83476442496156e-04";"1,41540395932782e-04";"0,002722091665380177";"Similar"
"20/04/2022";"Newcastle";"Crystal Palace";"B365";"Casa de apuestas";"5,77200577200571e-03";"0,002886002886002936";"2,88600288600294e-03";"5,74318725290712e-03";"0,002871593626453561";"2,87159362645356e-03";"2,88185190985835e-05";"1,44092595493750e-05";"1,44092595493750e-05";"0,005772005772005706";"Similar"
"20/04/2022";"Man City";"Brighton";"B365";"Casa de apuestas";"2,25462189920105e-02";"0,009426216892810091";"1,31200020992003e-02";"2,59040814798148e-02";"0,014809076712790831";"1,10950047670240e-02";"3,35786248780434e-03";"5,38285981998074e-03";"2,02499733217635e-03";"0,025904081479814822";"Diferente"
"21/04/2022";"Burnley";"Southampton";"B365";"Casa de apuestas";"1,66770898478213e-03";"0,002312051092538903";"6,44342107756768e-04";"1,54444751021798e-03";"0,002072076693813707";"5,27629183595668e-04";"1,23261474564151e-04";"2,39974398725196e-04";"1,16712924161100e-04";"0,002312051092538903";"Similar"
"23/04/2022";"Arsenal";"Man United";"B365";"Casa de apuestas";"7,79727095516569e-03";"0,003898635477582846";"3,89863547758285e-03";"7,92753115241640e-03";"0,003963765576208200";"3,96376557620820e-03";"1,30260197250709e-04";"6,51300986253545e-05";"6,51300986253545e-05";"0,007927531152416400";"Similar"
"23/04/2022";"Leicester";"Aston Villa";"B365";"Casa de apuestas";"3,80865415244735e-04";"0,002598180902015967";"2,97904631726065e-03";"4,89010980052274e-04";"0,002370620351908159";"2,85963133196043e-03";"1,08145564807538e-04";"2,27560550107808e-04";"1,19414985300215e-04";"0,002979046317260647";"Similar"
"23/04/2022";"Man City";"Watford";"B365";"Casa de apuestas";"2,78802820281050e-02";"0,012528689398515785";"1,53515926295890e-02";"3,39737851590374e-02";"0,021342149121041126";"1,26316360379962e-02";"6,09350313093238e-03";"8,81345972252534e-03";"2,71995659159281e-03";"0,033973785159037373";"Diferente"
"23/04/2022";"Norwich";"Newcastle";"B365";"Casa de apuestas";"2,33642506822973e-03";"0,002774504768522756";"5,11092983675226e-03";"2,36774060850342e-03";"0,002704574241641278";"5,07231485014470e-03";"3,13155402736909e-05";"6,99305268814787e-05";"3,86149866075658e-05";"0,005110929836752265";"Similar"
"23/04/2022";"Brentford";"Tottenham";"B365";"Casa de apuestas";"8,36424795482102e-03";"0,005295351223196049";"1,36595991780171e-02";"7,94616416316024e-03";"0,006467440324377044";"1,44136044875373e-02";"4,18083791660778e-04";"1,17208910118100e-03";"7,54005309520189e-04";"0,014413604487537257";"Diferente"
"24/04/2022";"Brighton";"Southampton";"B365";"Casa de apuestas";"5,59664764962786e-03";"0,002000611603260594";"3,59603604636716e-03";"5,59180025544420e-03";"0,002219192367358680";"3,37260788808519e-03";"4,84739418366020e-06";"2,18580764098086e-04";"2,23428158281969e-04";"0,005596647649627862";"Similar"
"24/04/2022";"Burnley";"Wolves";"B365";"Casa de apuestas";"2,88841342988805e-03";"0,001444206714944052";"1,44420671494405e-03";"2,79386652484387e-03";"0,001396933262422018";"1,39693326242202e-03";"9,45469050441794e-05";"4,72734525220342e-05";"4,72734525220342e-05";"0,002888413429888048";"Similar"
"24/04/2022";"Chelsea";"West Ham";"B365";"Casa de apuestas";"1,72877919956561e-02";"0,006614847324219214";"1,06729446714369e-02";"1,89724314855931e-02";"0,009615797171005497";"9,35663431458773e-03";"1,68463948993702e-03";"3,00094984678628e-03";"1,31631035684913e-03";"0,018972431485593133";"Diferente"
"24/04/2022";"Liverpool";"Everton";"B365";"Casa de apuestas";"2,66922816118845e-02";"0,011292442112048065";"1,53998394998364e-02";"3,12281598165538e-02";"0,018463508589581359";"1,27646512269724e-02";"4,53587820466927e-03";"7,17106647753329e-03";"2,63518827286399e-03";"0,031228159816553802";"Diferente"
"25/04/2022";"Crystal Palace";"Leeds";"B365";"Casa de apuestas";"3,54611647288311e-03";"0,003246921532750913";"2,99194940132197e-04";"3,41181768674875e-03";"0,002918298668955266";"4,93519017793653e-04";"1,34298786134357e-04";"3,28622863795647e-04";"1,94324077661456e-04";"0,003546116472883110";"Similar"
"28/04/2022";"Man United";"Chelsea";"B365";"Casa de apuestas";"3,15784891459320e-03";"0,003545102570121583";"6,70295148471467e-03";"3,24585955967271e-03";"0,003519655863987170";"6,76551542365983e-03";"8,80106450795171e-05";"2,54467061344132e-05";"6,25639389451593e-05";"0,006765515423659829";"Similar"
"30/04/2022";"Newcastle";"Liverpool";"B365";"Casa de apuestas";"8,95047840739621e-03";"0,005819146783941631";"1,47696251913380e-02";"8,33606753866672e-03";"0,007574612087969140";"1,59106796266359e-02";"6,14410868729487e-04";"1,75546530402751e-03";"1,14105443529799e-03";"0,015910679626635948";"Diferente"
"30/04/2022";"Aston Villa";"Norwich";"B365";"Casa de apuestas";"1,49396426502628e-02";"0,005578347275761342";"9,36129537450152e-03";"1,63030036997047e-02";"0,008323030954286631";"7,97997274541810e-03";"1,36336104944190e-03";"2,74468367852529e-03";"1,38132262908341e-03";"0,016303003699704721";"Diferente"
"30/04/2022";"Southampton";"Crystal Palace";"B365";"Casa de apuestas";"3,21993986515057e-03";"0,001933725856089030";"1,28621400906154e-03";"3,12046612690897e-03";"0,001837566535980051";"1,28289959092903e-03";"9,94737382415956e-05";"9,61593201089794e-05";"3,31441813250510e-06";"0,003219939865150567";"Similar"
"30/04/2022";"Watford";"Burnley";"B365";"Casa de apuestas";"1,57261449948776e-03";"0,001568965741948258";"3,64875753944283e-06";"1,48234812216258e-03";"0,001426316862706500";"5,60312594559687e-05";"9,02663773251766e-05";"1,42648879241758e-04";"5,23825019165258e-05";"0,001572614499487757";"Similar"
"30/04/2022";"Wolves";"Brighton";"B365";"Casa de apuestas";"8,81834215167521e-04";"0,000440917107583816";"4,40917107583816e-04";"8,29626088957758e-04";"0,000414813044478823";"4,14813044478823e-04";"5,22081262097629e-05";"2,61040631049925e-05";"2,61040631049925e-05";"0,000881834215167521";"Similar"
"01/05/2022";"West Ham";"Arsenal";"B365";"Casa de apuestas";"4,59190858430403e-03";"0,004093990786006002";"8,68589937031006e-03";"4,64561243943576e-03";"0,004372342266315860";"9,01795470575173e-03";"5,37038551317315e-05";"2,78351480309857e-04";"3,32055335441672e-04";"0,009017954705751730";"Similar"
"02/05/2022";"Man United";"Brentford";"B365";"Casa de apuestas";"1,41343105189207e-02";"0,005785958471808683";"8,34835204711190e-03";"1,49214558352743e-02";"0,006809076510340129";"8,11237932493389e-03";"7,87145316353599e-04";"1,02311803853145e-03";"2,35972722178013e-04";"0,014921455835274267";"Diferente"
"07/05/2022";"Brentford";"Southampton";"B365";"Casa de apuestas";"6,58795790641631e-03";"0,003071078121788029";"3,51687978462822e-03";"6,61994760419049e-03";"0,003146397307923765";"3,47355029626695e-03";"3,19896977741818e-05";"7,53191861357361e-05";"4,33294883612767e-05";"0,006619947604190490";"Similar"
"07/05/2022";"Burnley";"Aston Villa";"B365";"Casa de apuestas";"6,69544046038029e-04";"0,001582558654271760";"2,25210270030990e-03";"6,90197275424853e-04";"0,001468832477668047";"2,15902975309296e-03";"2,06532293868245e-05";"1,13726176603712e-04";"9,30729472169434e-05";"0,002252102700309899";"Similar"
"07/05/2022";"Chelsea";"Wolves";"B365";"Casa de apuestas";"1,72877919956561e-02";"0,006614847324219214";"1,06729446714369e-02";"1,89724314855931e-02";"0,009615797171005497";"9,35663431458773e-03";"1,68463948993702e-03";"3,00094984678628e-03";"1,31631035684913e-03";"0,018972431485593133";"Diferente"
"07/05/2022";"Crystal Palace";"Watford";"B365";"Casa de apuestas";"1,32883435427126e-02";"0,004715580528000418";"8,57276301471216e-03";"1,40229938697373e-02";"0,006185632669685942";"7,83736120005127e-03";"7,34650327024688e-04";"1,47005214168552e-03";"7,35401814660891e-04";"0,014022993869737266";"Diferente"
"07/05/2022";"Brighton";"Man United";"B365";"Casa de apuestas";"8,71478250067947e-05";"0,002708648615075304";"2,79579644008204e-03";"2,27806705926203e-04";"0,002438349006337770";"2,66615571226397e-03";"1,40658880919409e-04";"2,70299608737534e-04";"1,29640727818070e-04";"0,002795796440082043";"Similar"
"07/05/2022";"Liverpool";"Tottenham";"B365";"Casa de apuestas";"2,00092103206290e-02";"0,008990624907579903";"1,10185854130491e-02";"2,22412804583110e-02";"0,011138798189100241";"1,11024822692108e-02";"2,23207013768201e-03";"2,14817328152034e-03";"8,38968561617526e-05";"0,022241280458310975";"Diferente"
"08/05/2022";"Arsenal";"Leeds";"B365";"Casa de apuestas";"1,64055180578644e-02";"0,007101862422417615";"9,30365563544680e-03";"1,77826664464343e-02";"0,008604371062390037";"9,17829538404413e-03";"1,37714838856995e-03";"1,50250863997242e-03";"1,25360251402667e-04";"0,017782666446434336";"Diferente"
"08/05/2022";"Leicester";"Everton";"B365";"Casa de apuestas";"1,79240214986409e-03";"0,002744615791979599";"9,52213642115285e-04";"1,65453197878934e-03";"0,002471036731425125";"8,16504752635783e-04";"1,37870171074750e-04";"2,73579060554474e-04";"1,35708889479502e-04";"0,002744615791979599";"Similar"
"08/05/2022";"Norwich";"West Ham";"B365";"Casa de apuestas";"8,34835204711190e-03";"0,005785958471808683";"1,41343105189206e-02";"8,11237932493394e-03";"0,006809076510340184";"1,49214558352742e-02";"2,35972722177957e-04";"1,02311803853150e-03";"7,87145316353599e-04";"0,014921455835274156";"Diferente"
"08/05/2022";"Man City";"Newcastle";"B365";"Casa de apuestas";"2,96909986565159e-02";"0,012897447380206040";"1,67935512763099e-02";"3,52387546216392e-02";"0,020717229351468386";"1,45215252701707e-02";"5,54775596512325e-03";"7,81978197126235e-03";"2,27202600613919e-03";"0,035238754621639168";"Diferente"
"10/05/2022";"Aston Villa";"Liverpool";"B365";"Casa de apuestas";"8,83866917765225e-03";"0,005938480853735106";"1,47771500313874e-02";"8,26360999053452e-03";"0,007727407033190359";"1,59910170237251e-02";"5,75059187117727e-04";"1,78892617945525e-03";"1,21386699233772e-03";"0,015991017023725074";"Diferente"
"11/05/2022";"Leeds";"Chelsea";"B365";"Casa de apuestas";"6,46556155964031e-03";"0,004630253732877870";"1,10958152925182e-02";"6,26421670419031e-03";"0,005409749074179987";"1,16739657783702e-02";"2,01344855450009e-04";"7,79495341302117e-04";"5,78150485851969e-04";"0,011673965778370210";"Diferente"
"11/05/2022";"Leicester";"Norwich";"B365";"Casa de apuestas";"1,96048600221843e-02";"0,008235455021338350";"1,13694050008462e-02";"2,19596318398627e-02";"0,011441264010612767";"1,05183678292499e-02";"2,35477181767840e-03";"3,20580898927442e-03";"8,51037171596250e-04";"0,021959631839862714";"Diferente"
"11/05/2022";"Watford";"Everton";"B365";"Casa de apuestas";"8,77742946708468e-03";"0,004388714733542354";"1,31661442006270e-02";"7,83703967455487e-03";"0,006030586142542593";"1,38676258170976e-02";"9,40389792529805e-04";"1,64187140900024e-03";"7,01481616470545e-04";"0,013867625817097551";"Diferente"
"11/05/2022";"Wolves";"Man City";"B365";"Casa de apuestas";"1,31597646000590e-02";"0,009295652360531037";"2,24554169605901e-02";"1,17000062705515e-02";"0,013762655902670562";"2,54626621732220e-02";"1,45975832950745e-03";"4,46700354213952e-03";"3,00724521263196e-03";"0,025462662173222017";"Diferente"
"12/05/2022";"Tottenham";"Arsenal";"B365";"Casa de apuestas";"5,19326150590604e-03";"0,003267822514160246";"1,92543899174591e-03";"5,14657735275575e-03";"0,003089761833318161";"2,05681551943759e-03";"4,66841531502893e-05";"1,78060680842085e-04";"1,31376527691685e-04";"0,005193261505906044";"Similar"
"15/05/2022";"Tottenham";"Burnley";"B365";"Casa de apuestas";"2,22370697338604e-02";"0,009077956703117201";"1,31591130307434e-02";"2,50880921744897e-02";"0,013408272594268689";"1,16798195802210e-02";"2,85102244062929e-03";"4,33031589115149e-03";"1,47929345052239e-03";"0,025088092174489707";"Diferente"
"15/05/2022";"Aston Villa";"Crystal Palace";"B365";"Casa de apuestas";"1,20034746900418e-02";"0,004106451867645911";"7,89702282239596e-03";"1,24663253873497e-02";"0,005155681829486503";"7,31064355786337e-03";"4,62850697307893e-04";"1,04922996184059e-03";"5,86379264532588e-04";"0,012466325387349708";"Diferente"
"15/05/2022";"Leeds";"Brighton";"B365";"Casa de apuestas";"1,58639816115097e-03";"0,003172796322301941";"1,58639816115097e-03";"1,40776665033521e-03";"0,002815533300670414";"1,40776665033521e-03";"1,78631510815763e-04";"3,57263021631526e-04";"1,78631510815763e-04";"0,003172796322301941";"Similar"
"15/05/2022";"Watford";"Leicester";"B365";"Casa de apuestas";"5,99056255990560e-03";"0,003502175035021732";"9,49273759492730e-03";"5,47231212777619e-03";"0,004500932569035332";"9,97324469681149e-03";"5,18250432129413e-04";"9,98757534013600e-04";"4,80507101884187e-04";"0,009973244696811490";"Similar"
"15/05/2022";"West Ham";"Man City";"B365";"Casa de apuestas";"9,81240981240983e-03";"0,006782106782106806";"1,65945165945166e-02";"9,04475904128506e-03";"0,009223880531050499";"1,82686395723357e-02";"7,67650771124770e-04";"2,44177374894369e-03";"1,67412297781910e-03";"0,018268639572335710";"Diferente"
"15/05/2022";"Wolves";"Norwich";"B365";"Casa de apuestas";"1,18207940965950e-02";"0,004952455386583038";"6,86833871001163e-03";"1,26720574154964e-02";"0,006085126370946686";"6,58693104454969e-03";"8,51263318901396e-04";"1,13267098436365e-03";"2,81407665461947e-04";"0,012672057415496374";"Diferente"
"15/05/2022";"Everton";"Brentford";"B365";"Casa de apuestas";"1,12307851122845e-02";"0,004175880838516888";"7,05490427376762e-03";"1,16212866497309e-02";"0,004936516498974475";"6,68477015075650e-03";"3,90501537446464e-04";"7,60635660457587e-04";"3,70134123011123e-04";"0,011621286649730944";"Diferente"
"16/05/2022";"Newcastle";"Arsenal";"B365";"Casa de apuestas";"5,47112050862841e-03";"0,004079255281919880";"9,55037579054852e-03";"5,34861420140678e-03";"0,004541943297360213";"9,89055749876722e-03";"1,22506307221631e-04";"4,62688015440332e-04";"3,40181708218701e-04";"0,009890557498767216";"Similar"
"17/05/2022";"Southampton";"Liverpool";"B365";"Casa de apuestas";"9,00978277659892e-03";"0,006883657780518776";"1,58934405571177e-02";"8,77459931491775e-03";"0,008650142720034948";"1,74247420349527e-02";"2,35183461681165e-04";"1,76648493951617e-03";"1,53130147783498e-03";"0,017424742034952700";"Diferente"
"19/05/2022";"Everton";"Crystal Palace";"B365";"Casa de apuestas";"1,01796352480991e-02";"0,003608175557305915";"6,57145969079312e-03";"1,04958714035761e-02";"0,004361517458255249";"6,13435394532089e-03";"3,16236155477045e-04";"7,53341900949334e-04";"4,37105745472233e-04";"0,010495871403576107";"Diferente"
"19/05/2022";"Aston Villa";"Burnley";"B365";"Casa de apuestas";"9,23467286851687e-03";"0,003961984599068546";"5,27268826944835e-03";"9,45455358941200e-03";"0,004290208304548293";"5,16434528486381e-03";"2,19880720895127e-04";"3,28223705479747e-04";"1,08342984584536e-04";"0,009454553589411996";"Similar"
"19/05/2022";"Chelsea";"Leicester";"B365";"Casa de apuestas";"1,72877919956561e-02";"0,006614847324219214";"1,06729446714369e-02";"1,89724314855931e-02";"0,009615797171005497";"9,35663431458773e-03";"1,68463948993702e-03";"3,00094984678628e-03";"1,31631035684913e-03";"0,018972431485593133";"Diferente"
"22/05/2022";"Arsenal";"Everton";"B365";"Casa de apuestas";"2,25602184850711e-02";"0,009218811844577762";"1,33414066404934e-02";"2,53412029453922e-02";"0,013225379762132145";"1,21158231832601e-02";"2,78098446032116e-03";"4,00656791755438e-03";"1,22558345723321e-03";"0,025341202945392216";"Diferente"
"22/05/2022";"Brentford";"Leeds";"B365";"Casa de apuestas";"4,33783242331065e-03";"0,004622280451068772";"2,84448027758066e-04";"4,13877063621748e-03";"0,004033876373363304";"1,04894262854094e-04";"1,99061787093169e-04";"5,88404077705468e-04";"3,89342290612160e-04";"0,004622280451068772";"Similar"
"22/05/2022";"Brighton";"West Ham";"B365";"Casa de apuestas";"1,77432789110032e-03";"0,003381390121486805";"1,60706223038659e-03";"1,58562913378751e-03";"0,003001775759241210";"1,41614662545386e-03";"1,88698757312811e-04";"3,79614362245595e-04";"1,90915604932729e-04";"0,003381390121486805";"Similar"
"22/05/2022";"Burnley";"Newcastle";"B365";"Casa de apuestas";"2,97904631726065e-03";"0,002598180902015967";"3,80865415244735e-04";"2,85963133196054e-03";"0,002370620351908104";"4,89010980052218e-04";"1,19414985300104e-04";"2,27560550107864e-04";"1,08145564807482e-04";"0,002979046317260647";"Similar"
"22/05/2022";"Chelsea";"Watford";"B365";"Casa de apuestas";"2,43244678027287e-02";"0,010499548760418309";"1,38249190423103e-02";"2,82601690850104e-02";"0,016067192282961038";"1,21929768020492e-02";"3,93570128228171e-03";"5,56764352254273e-03";"1,63194224026118e-03";"0,028260169085010389";"Diferente"
"22/05/2022";"Crystal Palace";"Man United";"B365";"Casa de apuestas";"9,74082203207105e-04";"0,003521681811594957";"2,54759960838785e-03";"7,51699301595021e-04";"0,003108582660044823";"2,35688335844991e-03";"2,22382901612084e-04";"4,13099151550134e-04";"1,90716249937939e-04";"0,003521681811594957";"Similar"
"22/05/2022";"Leicester";"Southampton";"B365";"Casa de apuestas";"1,41462905152354e-02";"0,006829213709727888";"7,31707680550750e-03";"1,50841047420019e-02";"0,007437237141062314";"7,64686760093977e-03";"9,37814226766531e-04";"6,08023431334426e-04";"3,29790795432272e-04";"0,015084104742001947";"Diferente"
"22/05/2022";"Liverpool";"Wolves";"B365";"Casa de apuestas";"3,18211234026275e-02";"0,014365936237100710";"1,74551871655268e-02";"3,86834793591098e-02";"0,022882580647863832";"1,58008987112458e-02";"6,86235595648221e-03";"8,51664441076312e-03";"1,65428845428107e-03";"0,038683479359109763";"Diferente"
"22/05/2022";"Man City";"Aston Villa";"B365";"Casa de apuestas";"2,70034095489442e-02";"0,011962695395870276";"1,50407141530739e-02";"3,17693820838368e-02";"0,017945938624364152";"1,38234434594726e-02";"4,76597253489264e-03";"5,98324322849388e-03";"1,21727069360126e-03";"0,031769382083836839";"Diferente"
"22/05/2022";"Norwich";"Tottenham";"B365";"Casa de apuestas";"1,33414066404934e-02";"0,009218811844577762";"2,25602184850711e-02";"1,21158231832601e-02";"0,013225379762132145";"2,53412029453922e-02";"1,22558345723321e-03";"4,00656791755438e-03";"2,78098446032116e-03";"0,025341202945392216";"Diferente"
"13/08/2021";"Brentford";"Arsenal";"BW";"Casa de apuestas";"4,51685939039551e-03";"0,002474309004297570";"6,99116839469283e-03";"4,24296759015030e-03";"0,002795687370102107";"7,03865496025230e-03";"2,73891800245202e-04";"3,21378365804537e-04";"4,74865655594736e-05";"0,007038654960252300";"Similar"
"14/08/2021";"Man United";"Leeds";"BW";"Casa de apuestas";"1,31030120439644e-02";"0,005239232533222588";"7,86377951074174e-03";"1,39393512501899e-02";"0,006473295688827818";"7,46605556136179e-03";"8,36339206225500e-04";"1,23406315560523e-03";"3,97723949379952e-04";"0,013939351250189858";"Diferente"
"14/08/2021";"Burnley";"Brighton";"BW";"Casa de apuestas";"1,85113121947716e-03";"0,001183611447512112";"3,03474266698928e-03";"1,74800084165638e-03";"0,001195410367352878";"2,94341120900921e-03";"1,03130377820781e-04";"1,17989198407664e-05";"9,13314579800706e-05";"0,003034742666989276";"Similar"
"14/08/2021";"Chelsea";"Crystal Palace";"BW";"Casa de apuestas";"1,97901831060854e-02";"0,007429044376488059";"1,23611387295974e-02";"2,19731130636083e-02";"0,011786454836735433";"1,01866582268727e-02";"2,18292995752289e-03";"4,35741046024737e-03";"2,17448050272473e-03";"0,021973113063608274";"Diferente"
"14/08/2021";"Everton";"Southampton";"BW";"Casa de apuestas";"6,40734971343038e-03";"0,002567667466438106";"3,83968224699233e-03";"6,45254231665782e-03";"0,002778680335884298";"3,67386198077357e-03";"4,51926032274397e-05";"2,11012869446192e-04";"1,65820266218752e-04";"0,006452542316657817";"Similar"
"14/08/2021";"Leicester";"Wolves";"BW";"Casa de apuestas";"1,13405807499842e-02";"0,003944191816476650";"7,39638893350764e-03";"1,18479055082700e-02";"0,005088036057650569";"6,75986945061940e-03";"5,07324758285743e-04";"1,14384424117392e-03";"6,36519482888231e-04";"0,011847905508269974";"Diferente"
"14/08/2021";"Watford";"Aston Villa";"BW";"Casa de apuestas";"2,77450476852276e-03";"0,002336425068229731";"5,11092983675226e-03";"2,70457424164128e-03";"0,002367740608503421";"5,07231485014470e-03";"6,99305268814787e-05";"3,13155402736909e-05";"3,86149866075658e-05";"0,005110929836752265";"Similar"
"14/08/2021";"Norwich";"Liverpool";"BW";"Casa de apuestas";"9,28001737584663e-03";"0,006404286256706276";"1,56843036325529e-02";"8,67144191002894e-03";"0,008449539893876229";"1,71209818039051e-02";"6,08575465817690e-04";"2,04525363716995e-03";"1,43667817135218e-03";"0,017120981803905089";"Diferente"
"15/08/2021";"Newcastle";"West Ham";"BW";"Casa de apuestas";"2,33642506822973e-03";"0,002774504768522756";"5,11092983675226e-03";"2,36774060850342e-03";"0,002704574241641278";"5,07231485014470e-03";"3,13155402736909e-05";"6,99305268814787e-05";"3,86149866075658e-05";"0,005110929836752265";"Similar"
"15/08/2021";"Tottenham";"Man City";"BW";"Casa de apuestas";"8,71616866142197e-03";"0,005319784504247776";"1,40359531656697e-02";"7,98185183212549e-03";"0,007058984788159806";"1,50408366202851e-02";"7,34316829296477e-04";"1,73920028391203e-03";"1,00488345461536e-03";"0,015040836620285103";"Diferente"
"21/08/2021";"Liverpool";"Burnley";"BW";"Casa de apuestas";"2,02282247580530e-02";"0,008476094178824223";"1,17521305792287e-02";"2,30131768177781e-02";"0,012772611364101433";"1,02405654536767e-02";"2,78495205972518e-03";"4,29651718527721e-03";"1,51156512555201e-03";"0,023013176817778147";"Diferente"
"21/08/2021";"Aston Villa";"Newcastle";"BW";"Casa de apuestas";"9,55037579054840e-03";"0,004079255281919936";"5,47112050862847e-03";"9,89055749876711e-03";"0,004541943297360268";"5,34861420140684e-03";"3,40181708218701e-04";"4,62688015440332e-04";"1,22506307221631e-04";"0,009890557498767105";"Similar"
"21/08/2021";"Crystal Palace";"Brentford";"BW";"Casa de apuestas";"1,70845712376660e-03";"0,002003018696829728";"2,94561573063234e-04";"1,60320502634181e-03";"0,001815664420587615";"2,12459394245967e-04";"1,05252097424791e-04";"1,87354276242113e-04";"8,21021788172671e-05";"0,002003018696829728";"Similar"
"21/08/2021";"Leeds";"Everton";"BW";"Casa de apuestas";"5,77200577200576e-03";"0,002886002886002881";"2,88600288600288e-03";"5,78729941041245e-03";"0,002893649705206280";"2,89364970520628e-03";"1,52936384066882e-05";"7,64681920339960e-06";"7,64681920339960e-06";"0,005787299410412450";"Similar"
"21/08/2021";"Man City";"Norwich";"BW";"Casa de apuestas";"2,66047718877908e-02";"0,011745033443146646";"1,48597384446441e-02";"3,19454496617605e-02";"0,019915409716859303";"1,20300399449011e-02";"5,34067777396974e-03";"8,17037627371266e-03";"2,82969849974297e-03";"0,031945449661760494";"Diferente"
"21/08/2021";"Brighton";"Watford";"BW";"Casa de apuestas";"1,09142802109020e-02";"0,002903799322166500";"8,01048088873529e-03";"1,12852723853336e-02";"0,004498169011543429";"6,78710337379010e-03";"3,70992174431595e-04";"1,59436968937693e-03";"1,22337751494520e-03";"0,011285272385333611";"Diferente"
"22/08/2021";"Southampton";"Man United";"BW";"Casa de apuestas";"7,13724291326337e-03";"0,005048122205077527";"1,21853651183409e-02";"6,88822046562979e-03";"0,006024927330985835";"1,29131477966156e-02";"2,49022447633584e-04";"9,76805125908309e-04";"7,27782678274669e-04";"0,012913147796615565";"Diferente"
"22/08/2021";"Wolves";"Tottenham";"BW";"Casa de apuestas";"2,89137624417291e-04";"0,001389271024639260";"1,67840864905650e-03";"3,11654006566131e-04";"0,001281346216026935";"1,59300022259290e-03";"2,25163821488406e-05";"1,07924808612325e-04";"8,54084264635957e-05";"0,001678408649056495";"Similar"
"22/08/2021";"Arsenal";"Chelsea";"BW";"Casa de apuestas";"5,84554122718589e-03";"0,003167099407468954";"9,01264063465490e-03";"5,43558192975729e-03";"0,003814959731525791";"9,25054166128314e-03";"4,09959297428597e-04";"6,47860324056837e-04";"2,37901026628240e-04";"0,009250541661283140";"Similar"
"23/08/2021";"West Ham";"Leicester";"BW";"Casa de apuestas";"2,88265298137586e-03";"0,002873794183031297";"8,85879834483516e-06";"2,74652077304088e-03";"0,002584110454221134";"1,62410318819861e-04";"1,36132208334971e-04";"2,89683728810164e-04";"1,53551520475026e-04";"0,002882652981375855";"Similar"
"28/08/2021";"Man City";"Arsenal";"BW";"Casa de apuestas";"1,93230364771607e-02";"0,007591192901741706";"1,17318435754190e-02";"2,14325617261129e-02";"0,011097646735031635";"1,03349149910809e-02";"2,10952524895214e-03";"3,50645383328993e-03";"1,39692858433808e-03";"0,021432561726112853";"Diferente"
"28/08/2021";"Aston Villa";"Brentford";"BW";"Casa de apuestas";"5,95878856748422e-03";"0,002206958728697861";"3,75182983878636e-03";"5,96297879831026e-03";"0,002420161791305331";"3,54281700700493e-03";"4,19023082603998e-06";"2,13203062607470e-04";"2,09012831781430e-04";"0,005962978798310259";"Similar"
"28/08/2021";"Brighton";"Everton";"BW";"Casa de apuestas";"4,05632647784054e-03";"0,001801350818360414";"2,25497565948035e-03";"3,98089831136972e-03";"0,001808676661776421";"2,17222164959324e-03";"7,54281664708256e-05";"7,32584341600617e-06";"8,27540098871093e-05";"0,004056326477840544";"Similar"
"28/08/2021";"Newcastle";"Southampton";"BW";"Casa de apuestas";"3,31609312792192e-03";"0,003305532321782045";"1,05608061398699e-05";"3,16800061131467e-03";"0,002953698492470347";"2,14302118844323e-04";"1,48092516607246e-04";"3,51833829311698e-04";"2,03741312704453e-04";"0,003316093127921915";"Similar"
"28/08/2021";"Norwich";"Leicester";"BW";"Casa de apuestas";"4,90488815798670e-03";"0,003548468797694049";"8,45335695568072e-03";"4,76191669642806e-03";"0,003904067171348891";"8,66598386777706e-03";"1,42971461558644e-04";"3,55598373654842e-04";"2,12626912096336e-04";"0,008665983867777061";"Similar"
"28/08/2021";"West Ham";"Crystal Palace";"BW";"Casa de apuestas";"1,48044744177092e-02";"0,005203244568415977";"9,60122984929304e-03";"1,58582648423762e-02";"0,007413866977031947";"8,44439786534415e-03";"1,05379042466702e-03";"2,21062240861597e-03";"1,15683198394889e-03";"0,015858264842376180";"Diferente"
"28/08/2021";"Liverpool";"Chelsea";"BW";"Casa de apuestas";"3,30644575248890e-03";"0,002416248819126554";"8,90196933362397e-04";"3,20236878661595e-03";"0,002236739344082805";"9,65629442533089e-04";"1,04076965872946e-04";"1,79509475043749e-04";"7,54325091706920e-05";"0,003306445752488896";"Similar"
"29/08/2021";"Burnley";"Leeds";"BW";"Casa de apuestas";"2,46630772885759e-03";"0,003351297150339216";"5,81760487919680e-03";"2,57025654182585e-03";"0,003235725867850980";"5,80598240967695e-03";"1,03948812968269e-04";"1,15571282488236e-04";"1,16224695198563e-05";"0,005817604879196803";"Similar"
"29/08/2021";"Tottenham";"Watford";"BW";"Casa de apuestas";"1,75798565663812e-02";"0,006466778767849624";"1,11130777985315e-02";"1,91356349136317e-02";"0,009381415171296925";"9,75421974233467e-03";"1,55577834725051e-03";"2,91463640344730e-03";"1,35885805619684e-03";"0,019135634913631683";"Diferente"
"29/08/2021";"Wolves";"Man United";"BW";"Casa de apuestas";"6,95931994340238e-03";"0,003994044489256998";"1,09533644326595e-02";"6,47279271577914e-03";"0,004948089423630564";"1,14208821394097e-02";"4,86527227623240e-04";"9,54044934373566e-04";"4,67517706750242e-04";"0,011420882139409727";"Diferente"
"11/09/2021";"Crystal Palace";"Tottenham";"BW";"Casa de apuestas";"5,79515271458400e-03";"0,002471462187102036";"8,26661490168601e-03";"5,28094162661408e-03";"0,003102620029739322";"8,38356165635351e-03";"5,14211087969924e-04";"6,31157842637287e-04";"1,16946754667502e-04";"0,008383561656353511";"Similar"
"11/09/2021";"Arsenal";"Norwich";"BW";"Casa de apuestas";"1,62807603516719e-02";"0,006369615088844677";"9,91114526282734e-03";"1,78179752239352e-02";"0,008920245418629069";"8,89772980530608e-03";"1,53721487226333e-03";"2,55063032978439e-03";"1,01341545752126e-03";"0,017817975223935245";"Diferente"
"11/09/2021";"Brentford";"Brighton";"BW";"Casa de apuestas";"2,16745509141969e-04";"0,000748757213399398";"9,65502722541367e-04";"2,15230986842563e-04";"0,000693700393958663";"9,08931380800948e-04";"1,51452229940618e-06";"5,50568194407353e-05";"5,65713417404190e-05";"0,000965502722541367";"Similar"
"11/09/2021";"Leicester";"Man City";"BW";"Casa de apuestas";"8,77742946708468e-03";"0,004388714733542354";"1,31661442006270e-02";"7,83703967455487e-03";"0,006030586142542593";"1,38676258170976e-02";"9,40389792529805e-04";"1,64187140900024e-03";"7,01481616470545e-04";"0,013867625817097551";"Diferente"
"11/09/2021";"Man United";"Newcastle";"BW";"Casa de apuestas";"2,20057720057718e-02";"0,009379509379509432";"1,26262626262627e-02";"2,54336917906199e-02";"0,014701017906858377";"1,07326738837616e-02";"3,42791978484813e-03";"5,32150852734894e-03";"1,89358874250109e-03";"0,025433691790619939";"Diferente"
"11/09/2021";"Southampton";"West Ham";"BW";"Casa de apuestas";"5,30561765266391e-04";"0,003078243802195790";"3,60880556746218e-03";"7,05862200859941e-04";"0,002782360747032531";"3,48822294789269e-03";"1,75300435593551e-04";"2,95883055163260e-04";"1,20582619569487e-04";"0,003608805567462181";"Similar"
"11/09/2021";"Watford";"Wolves";"BW";"Casa de apuestas";"2,73204350185902e-03";"0,001839002647740451";"4,57104614959947e-03";"2,60465823447215e-03";"0,001903040240608944";"4,50769847508131e-03";"1,27385267386870e-04";"6,40375928684933e-05";"6,33476745181549e-05";"0,004571046149599467";"Similar"
"11/09/2021";"Chelsea";"Aston Villa";"BW";"Casa de apuestas";"2,03448580694089e-02";"0,008185493814236361";"1,21593642551727e-02";"2,28550837119755e-02";"0,012324974643022318";"1,05301090689533e-02";"2,51022564256664e-03";"4,13948082878596e-03";"1,62925518621936e-03";"0,022855083711975532";"Diferente"
"12/09/2021";"Leeds";"Liverpool";"BW";"Casa de apuestas";"7,31221797497333e-03";"0,005882850648686128";"1,31950686236596e-02";"7,31758589148226e-03";"0,006714343763809472";"1,40319296552919e-02";"5,36791650893043e-06";"8,31493115123344e-04";"8,36861031632274e-04";"0,014031929655291875";"Diferente"
"13/09/2021";"Everton";"Burnley";"BW";"Casa de apuestas";"1,01010101010102e-02";"0,002886002886002825";"7,21500721500712e-03";"1,04226411563965e-02";"0,004127008493539530";"6,29563266285699e-03";"3,21631055386296e-04";"1,24100560753670e-03";"9,19374552150132e-04";"0,010422641156396462";"Diferente"
"17/09/2021";"Newcastle";"Leeds";"BW";"Casa de apuestas";"7,34258613914796e-04";"0,003625401906204195";"4,35966052011894e-03";"9,96650687652201e-04";"0,003253420710174648";"4,25007139782690e-03";"2,62392073737405e-04";"3,71981196029547e-04";"1,09589122292031e-04";"0,004359660520118935";"Similar"
"18/09/2021";"Wolves";"Brentford";"BW";"Casa de apuestas";"9,62794910525311e-03";"0,002182035194414844";"7,44591391083826e-03";"9,80651427808976e-03";"0,003480435224569589";"6,32607905352009e-03";"1,78565172836653e-04";"1,29840003015474e-03";"1,11983485731817e-03";"0,009806514278089762";"Similar"
"18/09/2021";"Burnley";"Arsenal";"BW";"Casa de apuestas";"4,49402474342092e-03";"0,003748207871108467";"8,24223261452950e-03";"4,45699883053205e-03";"0,003965700298868391";"8,42269912940063e-03";"3,70259128888717e-05";"2,17492427759924e-04";"1,80466514871136e-04";"0,008422699129400635";"Similar"
"18/09/2021";"Liverpool";"Crystal Palace";"BW";"Casa de apuestas";"2,17846282898186e-02";"0,009218831917793879";"1,25657963720248e-02";"2,48683107927464e-02";"0,013679584735530076";"1,11887260572162e-02";"3,08368250292779e-03";"4,46075281773620e-03";"1,37707031480853e-03";"0,024868310792746429";"Diferente"
"18/09/2021";"Man City";"Southampton";"BW";"Casa de apuestas";"2,32892587842679e-02";"0,009835410507141346";"1,34538482771266e-02";"2,70119100251004e-02";"0,015912210432119586";"1,10996995929808e-02";"3,72265124083249e-03";"6,07679992497824e-03";"2,35414868414576e-03";"0,027011910025100394";"Diferente"
"18/09/2021";"Norwich";"Watford";"BW";"Casa de apuestas";"5,77397978218763e-03";"0,002886989891093927";"2,88698989109393e-03";"5,76595930085377e-03";"0,002882979650426831";"2,88297965042683e-03";"8,02048133385913e-06";"4,01024066709610e-06";"4,01024066709610e-06";"0,005773979782187633";"Similar"
"18/09/2021";"Aston Villa";"Everton";"BW";"Casa de apuestas";"5,11416697123707e-03";"0,002002690595459267";"3,11147637577786e-03";"5,08873189781273e-03";"0,002131865599957927";"2,95686629785463e-03";"2,54350734243403e-05";"1,29175004498661e-04";"1,54610077923223e-04";"0,005114166971237066";"Similar"
"19/09/2021";"Brighton";"Leicester";"BW";"Casa de apuestas";"2,73953177408826e-03";"0,001970827335985859";"7,68704438102341e-04";"2,63946019158845e-03";"0,001826449706281319";"8,13010485307075e-04";"1,00071582499806e-04";"1,44377629704540e-04";"4,43060472047341e-05";"0,002739531774088255";"Similar"
"19/09/2021";"West Ham";"Man United";"BW";"Casa de apuestas";"5,33681179705389e-03";"0,003759141156318979";"9,09595295337284e-03";"5,15090129302212e-03";"0,004282645588430056";"9,43354688145215e-03";"1,85910504031772e-04";"5,23504432111077e-04";"3,37593928079305e-04";"0,009433546881452148";"Similar"
"19/09/2021";"Tottenham";"Chelsea";"BW";"Casa de apuestas";"5,55343747005196e-03";"0,002509726548965807";"8,06316401901774e-03";"5,04743580751921e-03";"0,003164417890245463";"8,21185369776467e-03";"5,06001662532757e-04";"6,54691341279656e-04";"1,48689678746927e-04";"0,008211853697764671";"Similar"
"25/09/2021";"Chelsea";"Man City";"BW";"Casa de apuestas";"2,94561573063234e-04";"0,002003018696829728";"1,70845712376660e-03";"2,12459394245967e-04";"0,001815664420587615";"1,60320502634181e-03";"8,21021788172671e-05";"1,87354276242113e-04";"1,05252097424791e-04";"0,002003018696829728";"Similar"
"25/09/2021";"Man United";"Aston Villa";"BW";"Casa de apuestas";"1,80411800520286e-02";"0,007480489289865527";"1,05606907621631e-02";"1,99224683381126e-02";"0,010029095642906993";"9,89337269520553e-03";"1,88128828608403e-03";"2,54860635304147e-03";"6,67318066957551e-04";"0,019922468338112620";"Diferente"
"25/09/2021";"Everton";"Norwich";"BW";"Casa de apuestas";"1,20342210071024e-02";"0,003875402952200346";"8,15881805490201e-03";"1,26069048994165e-02";"0,005387295760734379";"7,21960913868205e-03";"5,72683892314130e-04";"1,51189280853403e-03";"9,39208916219958e-04";"0,012606904899416516";"Diferente"
"25/09/2021";"Leeds";"West Ham";"BW";"Casa de apuestas";"3,24448437656000e-04";"0,003568932814215831";"3,24448437655983e-03";"7,71977864884033e-05";"0,003149534744015858";"3,07233695752729e-03";"2,47250651167596e-04";"4,19398070199972e-04";"1,72147419032542e-04";"0,003568932814215831";"Similar"
"25/09/2021";"Leicester";"Burnley";"BW";"Casa de apuestas";"1,09336067848208e-02";"0,004026388707879414";"6,90721807694136e-03";"1,14921645640589e-02";"0,005133103379079601";"6,35906118497920e-03";"5,58557779238078e-04";"1,10671467120019e-03";"5,48156891962165e-04";"0,011492164564058882";"Diferente"
"25/09/2021";"Watford";"Newcastle";"BW";"Casa de apuestas";"5,77200577200576e-03";"0,002886002886002881";"2,88600288600288e-03";"5,78729941041245e-03";"0,002893649705206280";"2,89364970520628e-03";"1,52936384066882e-05";"7,64681920339960e-06";"7,64681920339960e-06";"0,005787299410412450";"Similar"
"25/09/2021";"Brentford";"Liverpool";"BW";"Casa de apuestas";"1,05606907621631e-02";"0,007480489289865527";"1,80411800520286e-02";"9,89337269520553e-03";"0,010029095642906993";"1,99224683381126e-02";"6,67318066957551e-04";"2,54860635304147e-03";"1,88128828608403e-03";"0,019922468338112620";"Diferente"
"26/09/2021";"Southampton";"Wolves";"BW";"Casa de apuestas";"5,11092983675226e-03";"0,002336425068229731";"2,77450476852276e-03";"5,07231485014470e-03";"0,002367740608503421";"2,70457424164128e-03";"3,86149866075658e-05";"3,13155402736909e-05";"6,99305268814787e-05";"0,005110929836752265";"Similar"
"26/09/2021";"Arsenal";"Tottenham";"BW";"Casa de apuestas";"5,81885810498411e-03";"0,002534594634686305";"3,28426347029775e-03";"5,83147345068813e-03";"0,002643643941428742";"3,18782950925955e-03";"1,26153457040146e-05";"1,09049306742437e-04";"9,64339610382003e-05";"0,005831473450688129";"Similar"
"27/09/2021";"Crystal Palace";"Brighton";"BW";"Casa de apuestas";"6,49857741225557e-04";"0,001299715482451114";"6,49857741225557e-04";"5,91055513606942e-04";"0,001182111027213939";"5,91055513606942e-04";"5,88022276186151e-05";"1,17604455237175e-04";"5,88022276186151e-05";"0,001299715482451114";"Similar"
"02/10/2021";"Man United";"Everton";"BW";"Casa de apuestas";"1,38190136275953e-02";"0,004947487517598187";"8,87152610999709e-03";"1,47616544403487e-02";"0,006859059405332879";"7,90259503501592e-03";"9,42640812753415e-04";"1,91157188773469e-03";"9,68931074981166e-04";"0,014761654440348715";"Diferente"
"02/10/2021";"Burnley";"Norwich";"BW";"Casa de apuestas";"8,45335695568072e-03";"0,003548468797694049";"4,90488815798670e-03";"8,66598386777706e-03";"0,003904067171348891";"4,76191669642806e-03";"2,12626912096336e-04";"3,55598373654842e-04";"1,42971461558644e-04";"0,008665983867777061";"Similar"
"02/10/2021";"Chelsea";"Southampton";"BW";"Casa de apuestas";"1,73087188072449e-02";"0,006275806432046199";"1,10329123751987e-02";"1,88767880431062e-02";"0,009461385337176026";"9,41540270593000e-03";"1,56806923586128e-03";"3,18557890512983e-03";"1,61750966926866e-03";"0,018876788043106218";"Diferente"
"02/10/2021";"Leeds";"Watford";"BW";"Casa de apuestas";"1,17141188355880e-02";"0,005150267401989095";"6,56385143359889e-03";"1,23256074541230e-02";"0,005814682275301825";"6,51092517882121e-03";"6,11488618534994e-04";"6,64414873312730e-04";"5,29262547776799e-05";"0,012325607454123033";"Diferente"
"02/10/2021";"Wolves";"Newcastle";"BW";"Casa de apuestas";"1,02883084064528e-02";"0,003842621212048536";"6,44568719440405e-03";"1,07209883970886e-02";"0,004696657368684770";"6,02433102840369e-03";"4,32679990635787e-04";"8,54036156636234e-04";"4,21356166000364e-04";"0,010720988397088571";"Diferente"
"02/10/2021";"Brighton";"Arsenal";"BW";"Casa de apuestas";"9,22087942343774e-04";"0,001989386584269281";"2,91147452661311e-03";"9,53225495146481e-04";"0,001857703072730976";"2,81092856787751e-03";"3,11375528027069e-05";"1,31683511538305e-04";"1,00545958735598e-04";"0,002911474526613111";"Similar"
"03/10/2021";"Crystal Palace";"Leicester";"BW";"Casa de apuestas";"3,16576061211493e-04";"0,002374320459086143";"2,05774439787465e-03";"2,02673786235397e-04";"0,002136542391551310";"1,93386860531602e-03";"1,13902274976097e-04";"2,37778067534833e-04";"1,23875792558625e-04";"0,002374320459086143";"Similar"
"03/10/2021";"Tottenham";"Aston Villa";"BW";"Casa de apuestas";"7,42656036773687e-03";"0,003239244415714992";"4,18731595202182e-03";"7,53797299800540e-03";"0,003444898419996789";"4,09307457800862e-03";"1,11412630268537e-04";"2,05654004281797e-04";"9,42413740132042e-05";"0,007537972998005404";"Similar"
"03/10/2021";"West Ham";"Brentford";"BW";"Casa de apuestas";"1,09533644326595e-02";"0,003994044489256998";"6,95931994340238e-03";"1,14208821394097e-02";"0,004948089423630564";"6,47279271577914e-03";"4,67517706750242e-04";"9,54044934373566e-04";"4,86527227623240e-04";"0,011420882139409727";"Diferente"
"03/10/2021";"Liverpool";"Man City";"BW";"Casa de apuestas";"6,71270728505424e-04";"0,003109043374130260";"3,78031410263563e-03";"8,65500849855261e-04";"0,002804947247708800";"3,67044809756412e-03";"1,94230121349837e-04";"3,04096126421460e-04";"1,09866005071513e-04";"0,003780314102635629";"Similar"
"16/10/2021";"Watford";"Liverpool";"BW";"Casa de apuestas";"1,20858775106323e-02";"0,008600920597372275";"2,06867981080044e-02";"1,12133236281352e-02";"0,011906094445776561";"2,31194180739118e-02";"8,72553882497046e-04";"3,30517384840429e-03";"2,43261996590738e-03";"0,023119418073911824";"Diferente"
"16/10/2021";"Aston Villa";"Wolves";"BW";"Casa de apuestas";"5,81760487919680e-03";"0,002466307728857586";"3,35129715033922e-03";"5,80598240967695e-03";"0,002570256541825855";"3,23572586785098e-03";"1,16224695198563e-05";"1,03948812968269e-04";"1,15571282488236e-04";"0,005817604879196803";"Similar"
"16/10/2021";"Leicester";"Man United";"BW";"Casa de apuestas";"4,18731595202182e-03";"0,003239244415714992";"7,42656036773687e-03";"4,09307457800862e-03";"0,003444898419996789";"7,53797299800540e-03";"9,42413740132042e-05";"2,05654004281797e-04";"1,11412630268537e-04";"0,007537972998005404";"Similar"
"16/10/2021";"Man City";"Burnley";"BW";"Casa de apuestas";"2,55781746509622e-02";"0,011114709263542785";"1,44634653874194e-02";"3,04552904438604e-02";"0,019136093979003677";"1,13191964648565e-02";"4,87711579289818e-03";"8,02138471546089e-03";"3,14426892256287e-03";"0,030455290443860417";"Diferente"
"16/10/2021";"Norwich";"Brighton";"BW";"Casa de apuestas";"3,54510257012158e-03";"0,003157848914593198";"6,70295148471467e-03";"3,51965586398717e-03";"0,003245859559672715";"6,76551542365983e-03";"2,54467061344132e-05";"8,80106450795171e-05";"6,25639389451593e-05";"0,006765515423659829";"Similar"
"16/10/2021";"Southampton";"Leeds";"BW";"Casa de apuestas";"3,04730407191917e-03";"0,002856076488458648";"1,91227583460518e-04";"2,91727970974376e-03";"0,002559635243638059";"3,57644466105811e-04";"1,30024362175407e-04";"2,96441244820589e-04";"1,66416882645293e-04";"0,003047304071919166";"Similar"
"16/10/2021";"Brentford";"Chelsea";"BW";"Casa de apuestas";"1,06638354956396e-02";"0,005020710007725637";"1,56845455033653e-02";"8,97260393240248e-03";"0,007776069021000837";"1,67486729534033e-02";"1,69123156323715e-03";"2,75535901327520e-03";"1,06412745003803e-03";"0,016748672953403321";"Diferente"
"17/10/2021";"Everton";"West Ham";"BW";"Casa de apuestas";"3,02704813983001e-03";"0,003632457767796193";"6,05409627965958e-04";"2,84602993139665e-03";"0,003219378839843912";"3,73348908447202e-04";"1,81018208433359e-04";"4,13078927952282e-04";"2,32060719518756e-04";"0,003632457767796193";"Similar"
"17/10/2021";"Newcastle";"Tottenham";"BW";"Casa de apuestas";"4,23773845581593e-03";"0,005333705297837277";"9,57144375365321e-03";"4,50107822860157e-03";"0,005272446623511784";"9,77352485211341e-03";"2,63339772785642e-04";"6,12586743254928e-05";"2,02081098460205e-04";"0,009773524852113413";"Similar"
"18/10/2021";"Arsenal";"Crystal Palace";"BW";"Casa de apuestas";"1,21826426159020e-02";"0,004216828037601983";"7,96581457830001e-03";"1,28647989095969e-02";"0,005748472612898042";"7,11632629669895e-03";"6,82156293694947e-04";"1,53164457529606e-03";"8,49488281601057e-04";"0,012864798909596908";"Diferente"
"22/10/2021";"Arsenal";"Aston Villa";"BW";"Casa de apuestas";"1,00638765054228e-02";"0,003988954687603963";"6,07492181781888e-03";"1,03555438185633e-02";"0,004512696171132424";"5,84284764743095e-03";"2,91667313140453e-04";"5,23741483528462e-04";"2,32074170387925e-04";"0,010355543818563295";"Diferente"
"23/10/2021";"Chelsea";"Norwich";"BW";"Casa de apuestas";"2,13017444709858e-02";"0,009088434576694060";"1,22133098942917e-02";"2,49943844615531e-02";"0,016065736256771448";"8,92864820478156e-03";"3,69263999056735e-03";"6,97730168007739e-03";"3,28466168951010e-03";"0,024994384461553110";"Diferente"
"23/10/2021";"Crystal Palace";"Newcastle";"BW";"Casa de apuestas";"9,13414985271271e-03";"0,004351698962477446";"4,78245089023532e-03";"9,35735974602009e-03";"0,004535145437145449";"4,82221430887469e-03";"2,23209893307375e-04";"1,83446474668003e-04";"3,97634186393714e-05";"0,009357359746020089";"Similar"
"23/10/2021";"Everton";"Watford";"BW";"Casa de apuestas";"1,52386433024650e-02";"0,006122039504034116";"9,11660379843093e-03";"1,63113786781283e-02";"0,007609598859505101";"8,70177981862313e-03";"1,07273537566321e-03";"1,48755935547099e-03";"4,14823979807799e-04";"0,016311378678128263";"Diferente"
"23/10/2021";"Leeds";"Wolves";"BW";"Casa de apuestas";"6,85971971103000e-03";"0,004605491906099601";"2,25422780493040e-03";"6,87109334627967e-03";"0,004300253544943178";"2,57083980133627e-03";"1,13736352496674e-05";"3,05238361156424e-04";"3,16611996405869e-04";"0,006871093346279666";"Similar"
"23/10/2021";"Southampton";"Burnley";"BW";"Casa de apuestas";"9,23467286851687e-03";"0,003961984599068546";"5,27268826944835e-03";"9,45455358941200e-03";"0,004290208304548293";"5,16434528486381e-03";"2,19880720895127e-04";"3,28223705479747e-04";"1,08342984584536e-04";"0,009454553589411996";"Similar"
"23/10/2021";"Brighton";"Man City";"BW";"Casa de apuestas";"9,95180118686098e-03";"0,007622656228233937";"1,75744574150949e-02";"9,72683202658839e-03";"0,009620740886378848";"1,93475729129674e-02";"2,24969160272592e-04";"1,99808465814491e-03";"1,77311549787251e-03";"0,019347572912967403";"Diferente"
"24/10/2021";"Brentford";"Leicester";"BW";"Casa de apuestas";"2,94561573063234e-04";"0,002003018696829728";"1,70845712376660e-03";"2,12459394245967e-04";"0,001815664420587615";"1,60320502634181e-03";"8,21021788172671e-05";"1,87354276242113e-04";"1,05252097424791e-04";"0,002003018696829728";"Similar"
"24/10/2021";"West Ham";"Tottenham";"BW";"Casa de apuestas";"3,56696985910471e-03";"0,003789905475298727";"2,22935616194075e-04";"3,39842348633540e-03";"0,003377831400255216";"2,05920860802400e-05";"1,68546372769307e-04";"4,12074075043511e-04";"2,43527702274315e-04";"0,003789905475298727";"Similar"
"24/10/2021";"Man United";"Liverpool";"BW";"Casa de apuestas";"1,26352365158333e-03";"0,004106451867645911";"5,36997551922924e-03";"1,50887548292045e-03";"0,003772126759476913";"5,28100224239730e-03";"2,45351831337115e-04";"3,34325108168998e-04";"8,89732768319385e-05";"0,005369975519229242";"Similar"
"30/10/2021";"Leicester";"Arsenal";"BW";"Casa de apuestas";"2,70799276119033e-03";"0,004072650530609179";"1,36465776941874e-03";"2,48569478236532e-03";"0,003592671124456215";"1,10697634209078e-03";"2,22297978825003e-04";"4,79979406152964e-04";"2,57681427327960e-04";"0,004072650530609179";"Similar"
"30/10/2021";"Burnley";"Brentford";"BW";"Casa de apuestas";"2,66234319973407e-03";"0,002363006773581755";"2,99336426152375e-04";"2,54796124394391e-03";"0,002167338524465101";"3,80622719478974e-04";"1,14381955790166e-04";"1,95668249116654e-04";"8,12862933265990e-05";"0,002662343199734074";"Similar"
"30/10/2021";"Liverpool";"Brighton";"BW";"Casa de apuestas";"2,29065409787672e-02";"0,010088762654344496";"1,28177783244228e-02";"2,61632215629997e-02";"0,013860732316185287";"1,23024892468144e-02";"3,25668058423245e-03";"3,77196966184079e-03";"5,15289077608366e-04";"0,026163221562999661";"Diferente"
"30/10/2021";"Man City";"Crystal Palace";"BW";"Casa de apuestas";"2,28761555302569e-02";"0,009800393689015030";"1,30757618412418e-02";"2,67808629974231e-02";"0,016328034907334463";"1,04528280900886e-02";"3,90470746716620e-03";"6,52764121831943e-03";"2,62293375115320e-03";"0,026780862997423105";"Diferente"
"30/10/2021";"Newcastle";"Chelsea";"BW";"Casa de apuestas";"1,08934653259213e-02";"0,006143907165144763";"1,70373724910661e-02";"9,47682701213960e-03";"0,009006853890321964";"1,84836809024617e-02";"1,41663831378169e-03";"2,86294672517720e-03";"1,44630841139559e-03";"0,018483680902461663";"Diferente"
"30/10/2021";"Watford";"Southampton";"BW";"Casa de apuestas";"1,79390902327303e-03";"0,003433938717235963";"5,22784774050894e-03";"1,92890801542644e-03";"0,003232350236453130";"5,16125825187957e-03";"1,34998992153412e-04";"2,01588480782833e-04";"6,65894886293650e-05";"0,005227847740508940";"Similar"
"30/10/2021";"Tottenham";"Man United";"BW";"Casa de apuestas";"4,14380792624125e-04";"0,004053397571486927";"4,46777836411100e-03";"6,98641889453788e-04";"0,003629522654895190";"4,32816454434887e-03";"2,84261096829663e-04";"4,23874916591738e-04";"1,39613819762130e-04";"0,004467778364110997";"Similar"
"31/10/2021";"Norwich";"Leeds";"BW";"Casa de apuestas";"4,58027323698967e-03";"0,004106451867645911";"8,68672510463553e-03";"4,59056338704811e-03";"0,004261078914271188";"8,85164230131924e-03";"1,02901500584340e-05";"1,54627046625277e-04";"1,64917196683712e-04";"0,008851642301319240";"Similar"
"31/10/2021";"Aston Villa";"West Ham";"BW";"Casa de apuestas";"2,08567714327368e-04";"0,004315747319541818";"4,10717960521462e-03";"1,02263892449717e-04";"0,003823571341973420";"3,92583523442330e-03";"3,10831606777084e-04";"4,92175977568399e-04";"1,81344370791314e-04";"0,004315747319541818";"Similar"
"01/11/2021";"Wolves";"Everton";"BW";"Casa de apuestas";"5,94769138811946e-03";"0,002062619816307454";"3,88507157181200e-03";"5,92477990742857e-03";"0,002276402316825521";"3,64837759060327e-03";"2,29114806908903e-05";"2,13782500518067e-04";"2,36693981208735e-04";"0,005947691388119458";"Similar"
"05/11/2021";"Southampton";"Aston Villa";"BW";"Casa de apuestas";"8,65800865800864e-03";"0,004329004329004349";"4,32900432900435e-03";"8,83728308072529e-03";"0,004418641540362700";"4,41864154036270e-03";"1,79274422716647e-04";"8,96372113583510e-05";"8,96372113583510e-05";"0,008837283080725289";"Similar"
"06/11/2021";"Man United";"Man City";"BW";"Casa de apuestas";"7,01875712795128e-03";"0,005520370774793143";"1,25391279027444e-02";"6,97962143995212e-03";"0,006248982015535753";"1,32286034554877e-02";"3,91356879991533e-05";"7,28611240742610e-04";"6,89475552743346e-04";"0,013228603455487709";"Diferente"
"06/11/2021";"Brentford";"Norwich";"BW";"Casa de apuestas";"1,44002831899895e-02";"0,004953424989792565";"9,44685820019694e-03";"1,52514828833541e-02";"0,006738702956914616";"8,51277992643934e-03";"8,51199693364557e-04";"1,78527796712205e-03";"9,34078273757605e-04";"0,015251482883354095";"Diferente"
"06/11/2021";"Chelsea";"Burnley";"BW";"Casa de apuestas";"2,17560905685334e-02";"0,008532011720233046";"1,32240788483005e-02";"2,46343165857301e-02";"0,014165508085224987";"1,04688085005050e-02";"2,87822601719667e-03";"5,63349636499194e-03";"2,75527034779550e-03";"0,024634316585730121";"Diferente"
"06/11/2021";"Crystal Palace";"Wolves";"BW";"Casa de apuestas";"4,59866220735788e-03";"0,002299331103678914";"2,29933110367891e-03";"4,52517079198184e-03";"0,002262585395990835";"2,26258539599083e-03";"7,34914153760480e-05";"3,67457076880795e-05";"3,67457076880795e-05";"0,004598662207357884";"Similar"
"06/11/2021";"Brighton";"Newcastle";"BW";"Casa de apuestas";"1,28407298941204e-02";"0,004646316738004030";"8,19441315611621e-03";"1,36299291514301e-02";"0,006207525583906942";"7,42240356752302e-03";"7,89199257309692e-04";"1,56120884590291e-03";"7,72009588593192e-04";"0,013629929151430131";"Diferente"
"07/11/2021";"Arsenal";"Watford";"BW";"Casa de apuestas";"1,80118297574864e-02";"0,006948136320040127";"1,10636934374463e-02";"1,97257071063044e-02";"0,009789291158350921";"9,93641594795336e-03";"1,71387734881800e-03";"2,84115483831079e-03";"1,12727748949294e-03";"0,019725707106304391";"Diferente"
"07/11/2021";"Everton";"Tottenham";"BW";"Casa de apuestas";"3,18961369289600e-03";"0,002903976645770967";"6,09359033866691e-03";"3,14680398502970e-03";"0,002923505406253135";"6,07030939128278e-03";"4,28097078662981e-05";"1,95287604821681e-05";"2,32809473841300e-05";"0,006093590338666910";"Similar"
"07/11/2021";"Leeds";"Leicester";"BW";"Casa de apuestas";"2,25021044786528e-03";"0,003615092194931002";"1,36488174706584e-03";"2,05631080106433e-03";"0,003213118106113022";"1,15680730504869e-03";"1,93899646800944e-04";"4,01974088817980e-04";"2,08074442017148e-04";"0,003615092194931002";"Similar"
"07/11/2021";"West Ham";"Liverpool";"BW";"Casa de apuestas";"7,22791346530022e-03";"0,006109804972194266";"1,33377184374944e-02";"7,32527659198523e-03";"0,006761148500039171";"1,40864250920242e-02";"9,73631266850128e-05";"6,51343527844905e-04";"7,48706654529752e-04";"0,014086425092024180";"Diferente"
"20/11/2021";"Leicester";"Chelsea";"BW";"Casa de apuestas";"8,03173403932136e-03";"0,003920237665521964";"1,19519717048433e-02";"7,25573250560968e-03";"0,005209378538684306";"1,24651110442938e-02";"7,76001533711684e-04";"1,28914087316234e-03";"5,13139339450519e-04";"0,012465111044293820";"Diferente"
"20/11/2021";"Aston Villa";"Brighton";"BW";"Casa de apuestas";"3,74743842059261e-03";"0,003140458958102332";"6,06979462490387e-04";"3,62560802357198e-03";"0,002880522800835117";"7,45085222736863e-04";"1,21830397020628e-04";"2,59936157267215e-04";"1,38105760246476e-04";"0,003747438420592608";"Similar"
"20/11/2021";"Burnley";"Crystal Palace";"BW";"Casa de apuestas";"9,52213642115285e-04";"0,002744615791979599";"1,79240214986409e-03";"8,16504752635783e-04";"0,002471036731425125";"1,65453197878934e-03";"1,35708889479502e-04";"2,73579060554474e-04";"1,37870171074750e-04";"0,002744615791979599";"Similar"
"20/11/2021";"Newcastle";"Brentford";"BW";"Casa de apuestas";"1,73066000983774e-03";"0,003075889187790448";"1,34522917795243e-03";"1,55938627117408e-03";"0,002729687718810103";"1,17030144763591e-03";"1,71273738663658e-04";"3,46201468980345e-04";"1,74927730316521e-04";"0,003075889187790448";"Similar"
"20/11/2021";"Norwich";"Southampton";"BW";"Casa de apuestas";"4,58027323698967e-03";"0,004106451867645911";"8,68672510463553e-03";"4,59056338704811e-03";"0,004261078914271188";"8,85164230131924e-03";"1,02901500584340e-05";"1,54627046625277e-04";"1,64917196683712e-04";"0,008851642301319240";"Similar"
"20/11/2021";"Watford";"Man United";"BW";"Casa de apuestas";"9,68215340936696e-03";"0,006529988388254776";"1,62121417976218e-02";"9,07979541494466e-03";"0,008529260524963472";"1,76090559399084e-02";"6,02357994422292e-04";"1,99927213670870e-03";"1,39691414228660e-03";"0,017609055939908358";"Diferente"
"20/11/2021";"Wolves";"West Ham";"BW";"Casa de apuestas";"1,60541202409514e-03";"0,002149217621585209";"3,75462964568041e-03";"1,60645789914238e-03";"0,002057025421267233";"3,66348332040967e-03";"1,04587504723419e-06";"9,21922003179754e-05";"9,11463252707412e-05";"0,003754629645680407";"Similar"
"20/11/2021";"Liverpool";"Arsenal";"BW";"Casa de apuestas";"1,72066543512381e-02";"0,007512137275001385";"9,69451707623695e-03";"1,88285530358526e-02";"0,009257652904785058";"9,57090013106776e-03";"1,62189868461449e-03";"1,74551562978367e-03";"1,23616945169186e-04";"0,018828553035852624";"Diferente"
"21/11/2021";"Man City";"Everton";"BW";"Casa de apuestas";"2,23631413087707e-02";"0,009397868399122794";"1,29652729096479e-02";"2,58799467786177e-02";"0,015358786733971314";"1,05211600446463e-02";"3,51680546984701e-03";"5,96091833484852e-03";"2,44411286500159e-03";"0,025879946778617713";"Diferente"
"21/11/2021";"Tottenham";"Leeds";"BW";"Casa de apuestas";"1,46627565982406e-02";"0,005498533724340199";"9,16422287390031e-03";"1,56387693859203e-02";"0,007164263430325252";"8,47450595559501e-03";"9,76012787679781e-04";"1,66572970598505e-03";"6,89716918305300e-04";"0,015638769385920348";"Diferente"
"27/11/2021";"Arsenal";"Newcastle";"BW";"Casa de apuestas";"1,78670428812235e-02";"0,007369045230635668";"1,04979976505878e-02";"1,95296705386308e-02";"0,009538788312547647";"9,99088222608316e-03";"1,66262765740721e-03";"2,16974308191198e-03";"5,07115424504656e-04";"0,019529670538630750";"Diferente"
"27/11/2021";"Crystal Palace";"Aston Villa";"BW";"Casa de apuestas";"5,77200577200571e-03";"0,002886002886002936";"2,88600288600294e-03";"5,74318725290712e-03";"0,002871593626453561";"2,87159362645356e-03";"2,88185190985835e-05";"1,44092595493750e-05";"1,44092595493750e-05";"0,005772005772005706";"Similar"
"27/11/2021";"Liverpool";"Southampton";"BW";"Casa de apuestas";"1,99335642512612e-02";"0,008721032853702210";"1,12125313975590e-02";"2,28030529430534e-02";"0,012445972285055673";"1,03570806579976e-02";"2,86948869179215e-03";"3,72493943135346e-03";"8,55450739561378e-04";"0,022803052943053403";"Diferente"
"27/11/2021";"Norwich";"Wolves";"BW";"Casa de apuestas";"4,22341885756528e-03";"0,003167564143173984";"7,39098300073904e-03";"4,11268403964055e-03";"0,003328785223885411";"7,44146926352579e-03";"1,10734817924729e-04";"1,61221080711427e-04";"5,04862627867531e-05";"0,007441469263525791";"Similar"
"27/11/2021";"Brighton";"Leeds";"BW";"Casa de apuestas";"7,39098300073909e-03";"0,003167564143173929";"4,22341885756522e-03";"7,44146926352596e-03";"0,003328785223885300";"4,11268403964044e-03";"5,04862627868641e-05";"1,61221080711371e-04";"1,10734817924785e-04";"0,007441469263525957";"Similar"
"28/11/2021";"Brentford";"Everton";"BW";"Casa de apuestas";"7,18012437718668e-03";"0,003590062188593479";"3,59006218859348e-03";"7,20516859473608e-03";"0,003602584297367983";"3,60258429736798e-03";"2,50442175493970e-05";"1,25221087745042e-05";"1,25221087745042e-05";"0,007205168594736078";"Similar"
"28/11/2021";"Leicester";"Watford";"BW";"Casa de apuestas";"1,23999204084798e-02";"0,004739236595911134";"7,66068381256871e-03";"1,30339402542716e-02";"0,005810549833585005";"7,22339042068670e-03";"6,34019845791811e-04";"1,07131323767387e-03";"4,37293391882004e-04";"0,013033940254271625";"Diferente"
"28/11/2021";"Man City";"West Ham";"BW";"Casa de apuestas";"1,97509388115752e-02";"0,008351281201678773";"1,13996576098961e-02";"2,23389137426375e-02";"0,012025219546499044";"1,03136941961383e-02";"2,58797493106233e-03";"3,67393834482027e-03";"1,08596341375784e-03";"0,022338913742637523";"Diferente"
"28/11/2021";"Chelsea";"Man United";"BW";"Casa de apuestas";"1,58324813107871e-02";"0,006180819637257973";"9,65166167352891e-03";"1,70407644093421e-02";"0,008022571992596123";"9,01819241674590e-03";"1,20828309855503e-03";"1,84175235533815e-03";"6,33469256783009e-04";"0,017040764409342102";"Diferente"
"30/11/2021";"Newcastle";"Norwich";"BW";"Casa de apuestas";"7,53407910018944e-03";"0,003767039550094831";"3,76703955009483e-03";"7,62292418241878e-03";"0,003811462091209361";"3,81146209120936e-03";"8,88450822293385e-05";"4,44225411145305e-05";"4,44225411145305e-05";"0,007622924182418778";"Similar"
"30/11/2021";"Leeds";"Crystal Palace";"BW";"Casa de apuestas";"6,50787748021742e-03";"0,002992732705588474";"3,51514477462894e-03";"6,51336413189801e-03";"0,003058117389358517";"3,45524674253955e-03";"5,48665168059737e-06";"6,53846837700423e-05";"5,98980320893894e-05";"0,006513364131898014";"Similar"
"01/12/2021";"Southampton";"Leicester";"BW";"Casa de apuestas";"5,14658579174709e-03";"0,002573292895873547";"2,57329289587355e-03";"5,09180229215905e-03";"0,002545901146079554";"2,54590114607955e-03";"5,47834995880403e-05";"2,73917497939924e-05";"2,73917497939924e-05";"0,005146585791747094";"Similar"
"01/12/2021";"Watford";"Chelsea";"BW";"Casa de apuestas";"1,24436511608205e-02";"0,008130467162537930";"2,05741183233584e-02";"1,07553118735866e-02";"0,012257095698145481";"2,30124075717320e-02";"1,68833928723386e-03";"4,12662853560755e-03";"2,43828924837353e-03";"0,023012407571731952";"Diferente"
"01/12/2021";"West Ham";"Brighton";"BW";"Casa de apuestas";"8,23928546700819e-03";"0,002811819643502855";"5,42746582350545e-03";"8,34955550875727e-03";"0,003273019221964713";"5,07653628679255e-03";"1,10270041749072e-04";"4,61199578461857e-04";"3,50929536712896e-04";"0,008349555508757267";"Similar"
"01/12/2021";"Wolves";"Burnley";"BW";"Casa de apuestas";"9,23359911447474e-03";"0,002800405258047978";"6,43319385642682e-03";"9,40421701046829e-03";"0,003521894303267714";"5,88232270720049e-03";"1,70617895993541e-04";"7,21489045219736e-04";"5,50871149226334e-04";"0,009404217010468285";"Similar"
"01/12/2021";"Aston Villa";"Man City";"BW";"Casa de apuestas";"1,18155876582843e-02";"0,007356875334403462";"1,91724629926875e-02";"1,06642419139252e-02";"0,010340596088852766";"2,10048380027777e-02";"1,15134574435914e-03";"2,98372075444930e-03";"1,83237501009026e-03";"0,021004838002777748";"Diferente"
"01/12/2021";"Everton";"Liverpool";"BW";"Casa de apuestas";"1,08071099634491e-02";"0,007414180091203426";"1,82212900546525e-02";"9,74048762596176e-03";"0,010515642384357343";"2,02561300103191e-02";"1,06662233748729e-03";"3,10146229315392e-03";"2,03483995566667e-03";"0,020256130010319118";"Diferente"
"02/12/2021";"Tottenham";"Brentford";"BW";"Casa de apuestas";"1,48077016668330e-02";"0,005526547871045923";"9,28115379578703e-03";"1,57470022797260e-02";"0,007119833237874018";"8,62716904185182e-03";"9,39300612893046e-04";"1,59328536682810e-03";"6,53984753935216e-04";"0,015747002279726030";"Diferente"
"02/12/2021";"Man United";"Arsenal";"BW";"Casa de apuestas";"8,35775783560938e-03";"0,004445063333594512";"3,91269450201509e-03";"8,47561359168358e-03";"0,004430366063768787";"4,04524752791485e-03";"1,17855756074203e-04";"1,46972698257253e-05";"1,32553025899762e-04";"0,008475613591683584";"Similar"
"04/12/2021";"West Ham";"Chelsea";"BW";"Casa de apuestas";"6,67453402323345e-03";"0,004030502350734044";"1,07050363739674e-02";"6,27721230849287e-03";"0,004868706206459905";"1,11459185149527e-02";"3,97321714740578e-04";"8,38203855725861e-04";"4,40882140985366e-04";"0,011145918514952724";"Diferente"
"04/12/2021";"Newcastle";"Burnley";"BW";"Casa de apuestas";"5,22784774050894e-03";"0,003433938717235963";"1,79390902327303e-03";"5,16125825187957e-03";"0,003232350236453130";"1,92890801542644e-03";"6,65894886293650e-05";"2,01588480782833e-04";"1,34998992153412e-04";"0,005227847740508940";"Similar"
"04/12/2021";"Southampton";"Brighton";"BW";"Casa de apuestas";"4,16535880719510e-03";"0,002082679403597576";"2,08267940359758e-03";"4,07570720399481e-03";"0,002037853601997430";"2,03785360199743e-03";"8,96516032002914e-05";"4,48258016001457e-05";"4,48258016001457e-05";"0,004165358807195096";"Similar"
"04/12/2021";"Wolves";"Liverpool";"BW";"Casa de apuestas";"1,05606907621631e-02";"0,007480489289865527";"1,80411800520286e-02";"9,89337269520553e-03";"0,010029095642906993";"1,99224683381126e-02";"6,67318066957551e-04";"2,54860635304147e-03";"1,88128828608403e-03";"0,019922468338112620";"Diferente"
"04/12/2021";"Watford";"Man City";"BW";"Casa de apuestas";"1,13169113169114e-02";"0,008960708960708996";"2,02776202776203e-02";"1,02814965710576e-02";"0,013178100059337908";"2,34595966303957e-02";"1,03541474585372e-03";"4,21739109862891e-03";"3,18197635277540e-03";"0,023459596630395652";"Diferente"
"05/12/2021";"Leeds";"Brentford";"BW";"Casa de apuestas";"1,14777089389219e-02";"0,004021601341770598";"7,45610759715132e-03";"1,18949594139339e-02";"0,004946673904886789";"6,94828550904703e-03";"4,17250475012065e-04";"9,25072563116192e-04";"5,07822088104293e-04";"0,011894959413933925";"Diferente"
"05/12/2021";"Man United";"Crystal Palace";"BW";"Casa de apuestas";"1,65024952086446e-02";"0,006639078027113721";"9,86341718153080e-03";"1,78880195246295e-02";"0,008591542776173799";"9,29647674845549e-03";"1,38552431598493e-03";"1,95246474906008e-03";"5,66940433075314e-04";"0,017888019524629484";"Diferente"
"05/12/2021";"Tottenham";"Norwich";"BW";"Casa de apuestas";"1,88669833030505e-02";"0,007181713409621177";"1,16852698934295e-02";"2,06004193912142e-02";"0,010028368773066010";"1,05720506181482e-02";"1,73343608816368e-03";"2,84665536344483e-03";"1,11321927528130e-03";"0,020600419391214153";"Diferente"
"05/12/2021";"Aston Villa";"Leicester";"BW";"Casa de apuestas";"5,77200577200571e-03";"0,002886002886002936";"2,88600288600294e-03";"5,74318725290712e-03";"0,002871593626453561";"2,87159362645356e-03";"2,88185190985835e-05";"1,44092595493750e-05";"1,44092595493750e-05";"0,005772005772005706";"Similar"
"06/12/2021";"Everton";"Arsenal";"BW";"Casa de apuestas";"4,58027323698967e-03";"0,004106451867645911";"8,68672510463553e-03";"4,59056338704811e-03";"0,004261078914271188";"8,85164230131924e-03";"1,02901500584340e-05";"1,54627046625277e-04";"1,64917196683712e-04";"0,008851642301319240";"Similar"
"10/12/2021";"Brentford";"Watford";"BW";"Casa de apuestas";"7,53407910018944e-03";"0,003767039550094831";"3,76703955009483e-03";"7,62292418241878e-03";"0,003811462091209361";"3,81146209120936e-03";"8,88450822293385e-05";"4,44225411145305e-05";"4,44225411145305e-05";"0,007622924182418778";"Similar"
"11/12/2021";"Man City";"Wolves";"BW";"Casa de apuestas";"2,23582516014037e-02";"0,009709093284955395";"1,26491583164484e-02";"2,61235676933730e-02";"0,015438110037751460";"1,06854576556216e-02";"3,76531609196928e-03";"5,72901675279607e-03";"1,96370066082679e-03";"0,026123567693372984";"Diferente"
"11/12/2021";"Arsenal";"Southampton";"BW";"Casa de apuestas";"1,34856455516427e-02";"0,005415706563482725";"8,06993898815994e-03";"1,43119461702345e-02";"0,006596817150224032";"7,71512902001020e-03";"8,26300618591791e-04";"1,18111058674131e-03";"3,54809968149739e-04";"0,014311946170234457";"Diferente"
"11/12/2021";"Chelsea";"Leeds";"BW";"Casa de apuestas";"2,03448580694089e-02";"0,008185493814236361";"1,21593642551727e-02";"2,28550837119755e-02";"0,012324974643022318";"1,05301090689533e-02";"2,51022564256664e-03";"4,13948082878596e-03";"1,62925518621936e-03";"0,022855083711975532";"Diferente"
"11/12/2021";"Liverpool";"Aston Villa";"BW";"Casa de apuestas";"2,34645579049911e-02";"0,010037247149160516";"1,34273107558306e-02";"2,68824097320255e-02";"0,014652049286942748";"1,22303604450827e-02";"3,41785182703436e-03";"4,61480213778223e-03";"1,19695031074793e-03";"0,026882409732025492";"Diferente"
"11/12/2021";"Norwich";"Man United";"BW";"Casa de apuestas";"1,05411731993945e-02";"0,007161727812024093";"1,77029010114187e-02";"9,87532144023559e-03";"0,009477890303095537";"1,93532117433312e-02";"6,65851759158925e-04";"2,31616249107144e-03";"1,65031073191246e-03";"0,019353211743331156";"Diferente"
"12/12/2021";"Burnley";"West Ham";"BW";"Casa de apuestas";"4,32900432900435e-03";"0,004329004329004349";"8,65800865800864e-03";"4,41864154036270e-03";"0,004418641540362700";"8,83728308072529e-03";"8,96372113583510e-05";"8,96372113583510e-05";"1,79274422716647e-04";"0,008837283080725289";"Similar"
"12/12/2021";"Leicester";"Newcastle";"BW";"Casa de apuestas";"1,28517386443360e-02";"0,005383389234708852";"7,46834940962687e-03";"1,35954799377903e-02";"0,006323485419916147";"7,27199451787403e-03";"7,43741293454336e-04";"9,40096185207295e-04";"1,96354891752848e-04";"0,013595479937790311";"Diferente"
"12/12/2021";"Crystal Palace";"Everton";"BW";"Casa de apuestas";"5,43774650021511e-03";"0,002864816744646170";"2,57292975556900e-03";"5,38615991906044e-03";"0,002809613888479667";"2,57654603058094e-03";"5,15865811546723e-05";"5,52028561665030e-05";"3,61627501194173e-06";"0,005437746500215113";"Similar"
"14/12/2021";"Norwich";"Aston Villa";"BW";"Casa de apuestas";"4,42036612249380e-03";"0,002682949491460140";"7,10331561395389e-03";"4,20945395524081e-03";"0,002925839977280409";"7,13529393252105e-03";"2,10912167252997e-04";"2,42890485820269e-04";"3,19783185671607e-05";"0,007135293932521047";"Similar"
"14/12/2021";"Man City";"Leeds";"BW";"Casa de apuestas";"2,15985782233502e-02";"0,009793299402718683";"1,18052788206315e-02";"2,54975569241869e-02";"0,014707227300741435";"1,07903296234454e-02";"3,89897870083666e-03";"4,91392789802275e-03";"1,01494919718614e-03";"0,025497556924186870";"Diferente"
"15/12/2021";"Brighton";"Wolves";"BW";"Casa de apuestas";"7,12721959045398e-03";"0,001830917491263295";"5,29630209919074e-03";"7,11523841247519e-03";"0,002280251823404356";"4,83498658907100e-03";"1,19811779787926e-05";"4,49334332141060e-04";"4,61315510119742e-04";"0,007127219590453981";"Similar"
"15/12/2021";"Crystal Palace";"Southampton";"BW";"Casa de apuestas";"8,85566831844325e-03";"0,003519638893138166";"5,33602942530506e-03";"9,02651356501766e-03";"0,003892725813335440";"5,13378775168233e-03";"1,70845246574403e-04";"3,73086920197274e-04";"2,02241673622733e-04";"0,009026513565017658";"Similar"
"15/12/2021";"Arsenal";"West Ham";"BW";"Casa de apuestas";"7,58134722613651e-03";"0,004250942965889126";"3,33040426024767e-03";"7,66733788348628e-03";"0,004162906644074871";"3,50443123941135e-03";"8,59906573497660e-05";"8,80363218142555e-05";"1,74026979163688e-04";"0,007667337883486280";"Similar"
"16/12/2021";"Chelsea";"Everton";"BW";"Casa de apuestas";"2,32045971835652e-02";"0,009700952743261382";"1,35036444403038e-02";"2,68107400767040e-02";"0,015714351873264587";"1,10963882034393e-02";"3,60614289313888e-03";"6,01339913000321e-03";"2,40725623686451e-03";"0,026810740076704032";"Diferente"
"16/12/2021";"Liverpool";"Newcastle";"BW";"Casa de apuestas";"2,08495208495209e-02";"0,009453509453509451";"1,13960113960114e-02";"2,51055166508719e-02";"0,015897640680560432";"9,20787597031136e-03";"4,25599580135105e-03";"6,44413122705098e-03";"2,18813542570004e-03";"0,025105516650871906";"Diferente"
"18/12/2021";"Leeds";"Arsenal";"BW";"Casa de apuestas";"8,48389004996822e-03";"0,005674807323220954";"1,41586973731894e-02";"8,07610551802296e-03";"0,007032321569769878";"1,51084270877930e-02";"4,07784531945260e-04";"1,35751424654892e-03";"9,49729714603609e-04";"0,015108427087793030";"Diferente"
"19/12/2021";"Newcastle";"Man City";"BW";"Casa de apuestas";"1,20642176260815e-02";"0,010122927062188453";"2,21871446882702e-02";"1,09187712334066e-02";"0,015522072522404104";"2,64408437558108e-02";"1,14544639267494e-03";"5,39914546021565e-03";"4,25369906754058e-03";"0,026440843755810794";"Diferente"
"19/12/2021";"Wolves";"Chelsea";"BW";"Casa de apuestas";"8,82379657492283e-03";"0,003638057357770008";"1,24618539326928e-02";"7,74315019311131e-03";"0,005219351387154347";"1,29625015802656e-02";"1,08064638181152e-03";"1,58129402938434e-03";"5,00647647572738e-04";"0,012962501580265573";"Diferente"
"19/12/2021";"Tottenham";"Liverpool";"BW";"Casa de apuestas";"7,21199183768778e-03";"0,005793460817474450";"1,30054526551623e-02";"7,21402681691871e-03";"0,006565420298458385";"1,37794471153772e-02";"2,03497923093043e-06";"7,71959480983936e-04";"7,73994460214866e-04";"0,013779447115377152";"Diferente"
"26/12/2021";"Man City";"Leicester";"BW";"Casa de apuestas";"2,24319094378063e-02";"0,010409410007341427";"1,20224994304649e-02";"2,66797158086907e-02";"0,015036729455743442";"1,16429863529473e-02";"4,24780637088440e-03";"4,62731944840201e-03";"3,79513077517629e-04";"0,026679715808690663";"Diferente"
"26/12/2021";"Norwich";"Arsenal";"BW";"Casa de apuestas";"8,93810940240411e-03";"0,006235196478980159";"1,51733058813844e-02";"8,49661914164093e-03";"0,007928699442937920";"1,64253185845790e-02";"4,41490260763178e-04";"1,69350296395776e-03";"1,25201270319453e-03";"0,016425318584578963";"Diferente"
"26/12/2021";"Tottenham";"Crystal Palace";"BW";"Casa de apuestas";"1,19364539884315e-02";"0,004758771722540217";"7,17768226589122e-03";"1,25633088600262e-02";"0,005712841847675065";"6,85046701235090e-03";"6,26854871594751e-04";"9,54070125134848e-04";"3,27215253540319e-04";"0,012563308860026212";"Diferente"
"26/12/2021";"West Ham";"Southampton";"BW";"Casa de apuestas";"7,86607261539279e-03";"0,003356001012099874";"4,51007160329286e-03";"8,00474785086125e-03";"0,003612959033816587";"4,39178881704461e-03";"1,38675235468455e-04";"2,56958021716713e-04";"1,18282786248258e-04";"0,008004747850861249";"Similar"
"26/12/2021";"Aston Villa";"Chelsea";"BW";"Casa de apuestas";"8,44748411408600e-03";"0,004563516036666437";"1,30110001507524e-02";"7,75440569444813e-03";"0,005912585960273331";"1,36669916547215e-02";"6,93078419637866e-04";"1,34906992360689e-03";"6,55991503969111e-04";"0,013666991654721516";"Diferente"
"26/12/2021";"Brighton";"Brentford";"BW";"Casa de apuestas";"9,83099859940573e-03";"0,002866007332615716";"6,96499126679026e-03";"1,00382214890169e-02";"0,003723687758850958";"6,31453373016588e-03";"2,07222889611169e-04";"8,57680426235241e-04";"6,50457536624377e-04";"0,010038221489016896";"Diferente"
"27/12/2021";"Newcastle";"Man United";"BW";"Casa de apuestas";"9,19797748538631e-03";"0,006755399361507125";"1,59533768468934e-02";"8,86222355766580e-03";"0,008540747488396561";"1,74029710460624e-02";"3,35753927720506e-04";"1,78534812688944e-03";"1,44959419916901e-03";"0,017402971046062365";"Diferente"
"28/12/2021";"Crystal Palace";"Norwich";"BW";"Casa de apuestas";"1,32856199992546e-02";"0,003905652144359062";"9,37996785489525e-03";"1,38575589744037e-02";"0,005610258049593142";"8,24730092481024e-03";"5,71938975149067e-04";"1,70460590523408e-03";"1,13266693008501e-03";"0,013857558974403661";"Diferente"
"28/12/2021";"Southampton";"Tottenham";"BW";"Casa de apuestas";"5,11320528453602e-03";"0,003670608182315849";"8,78381346685164e-03";"4,97380733189529e-03";"0,003969908513100473";"8,94371584499576e-03";"1,39397952640730e-04";"2,99300330784624e-04";"1,59902378144117e-04";"0,008943715844995759";"Similar"
"28/12/2021";"Watford";"West Ham";"BW";"Casa de apuestas";"4,10645186764591e-03";"0,004580273236989674";"8,68672510463553e-03";"4,26107891427119e-03";"0,004590563387048108";"8,85164230131924e-03";"1,54627046625277e-04";"1,02901500584340e-05";"1,64917196683712e-04";"0,008851642301319240";"Similar"
"28/12/2021";"Leicester";"Liverpool";"BW";"Casa de apuestas";"1,09936188828431e-02";"0,009131001944777895";"2,01246208276210e-02";"1,09993737914524e-02";"0,011784056558114042";"2,27834303495665e-02";"5,75490860935113e-06";"2,65305461333615e-03";"2,65880952194553e-03";"0,022783430349566536";"Diferente"
"29/12/2021";"Chelsea";"Brighton";"BW";"Casa de apuestas";"2,00630423562521e-02";"0,007375564496498371";"1,26874778597540e-02";"2,21876454258509e-02";"0,011718749994955563";"1,04688954308955e-02";"2,12460306959883e-03";"4,34318549845719e-03";"2,21858242885850e-03";"0,022187645425850944";"Diferente"
"29/12/2021";"Brentford";"Man City";"BW";"Casa de apuestas";"1,25518277709471e-02";"0,010301530067308273";"2,28533578382554e-02";"1,16554227505965e-02";"0,015178929119311887";"2,68343518699086e-02";"8,96405020350613e-04";"4,87739905200361e-03";"3,98099403165320e-03";"0,026834351869908568";"Diferente"
"30/12/2021";"Man United";"Burnley";"BW";"Casa de apuestas";"1,92314380107808e-02";"0,007424795687706487";"1,18066423230742e-02";"2,13286844021900e-02";"0,011169862328341690";"1,01588220738483e-02";"2,09724639140929e-03";"3,74506664063520e-03";"1,64782024922595e-03";"0,021328684402190046";"Diferente"
"01/01/2022";"Arsenal";"Man City";"BW";"Casa de apuestas";"8,17191283292978e-03";"0,005750605326876518";"1,39225181598063e-02";"7,87216364508478e-03";"0,007009004517568085";"1,48811681626528e-02";"2,99749187845005e-04";"1,25839919069157e-03";"9,58650002846562e-04";"0,014881168162652836";"Diferente"
"01/01/2022";"Watford";"Tottenham";"BW";"Casa de apuestas";"9,59034115133653e-03";"0,005499218505394809";"1,50895596567313e-02";"8,73037094916049e-03";"0,007389366613727633";"1,61197375628881e-02";"8,59970202176041e-04";"1,89014810833282e-03";"1,03017790615678e-03";"0,016119737562888092";"Diferente"
"01/01/2022";"Crystal Palace";"West Ham";"BW";"Casa de apuestas";"2,88600288600294e-03";"0,002886002886002936";"5,77200577200571e-03";"2,87159362645356e-03";"0,002871593626453561";"5,74318725290712e-03";"1,44092595493750e-05";"1,44092595493750e-05";"2,88185190985835e-05";"0,005772005772005706";"Similar"
"02/01/2022";"Brentford";"Aston Villa";"BW";"Casa de apuestas";"5,94177064765167e-04";"0,002772826302238185";"2,17864923747263e-03";"4,53552077637032e-04";"0,002491603472767501";"2,03805139513019e-03";"1,40624987128135e-04";"2,81222829470684e-04";"1,40597842342438e-04";"0,002772826302238185";"Similar"
"02/01/2022";"Everton";"Brighton";"BW";"Casa de apuestas";"1,72784893026579e-04";"0,001190295929739016";"1,36308082276582e-03";"1,87117274507154e-04";"0,001103407940843903";"1,29052521535106e-03";"1,43323814805751e-05";"8,68879888951124e-05";"7,25556074147593e-05";"0,001363080822765816";"Similar"
"02/01/2022";"Leeds";"Burnley";"BW";"Casa de apuestas";"7,84670802952331e-03";"0,003513960552351814";"4,33274747717166e-03";"7,97496876432846e-03";"0,003706023648406609";"4,26894511592191e-03";"1,28260734805152e-04";"1,92063096054795e-04";"6,38023612497540e-05";"0,007974968764328461";"Similar"
"02/01/2022";"Chelsea";"Liverpool";"BW";"Casa de apuestas";"1,79711819261247e-03";"0,003594236385225213";"1,79711819261247e-03";"1,59585684731162e-03";"0,003191713694623122";"1,59585684731162e-03";"2,01261345300852e-04";"4,02522690602092e-04";"2,01261345300852e-04";"0,003594236385225213";"Similar"
"03/01/2022";"Man United";"Wolves";"BW";"Casa de apuestas";"1,40077995076938e-02";"0,004862744396317287";"9,14505511137656e-03";"1,47901746785172e-02";"0,006468940145845370";"8,32123453267189e-03";"7,82375170823357e-04";"1,60619574952808e-03";"8,23820578704670e-04";"0,014790174678517176";"Diferente"
"11/01/2022";"Southampton";"Brentford";"BW";"Casa de apuestas";"7,39098300073909e-03";"0,003167564143173929";"4,22341885756522e-03";"7,44146926352596e-03";"0,003328785223885300";"4,11268403964044e-03";"5,04862627868641e-05";"1,61221080711371e-04";"1,10734817924785e-04";"0,007441469263525957";"Similar"
"12/01/2022";"West Ham";"Norwich";"BW";"Casa de apuestas";"1,73800047943437e-02";"0,006874159643671024";"1,05058451506729e-02";"1,90930631400510e-02";"0,009592686268686423";"9,50037687136472e-03";"1,71305834570734e-03";"2,71852662501540e-03";"1,00546827930814e-03";"0,019093063140050992";"Diferente"
"14/01/2022";"Brighton";"Crystal Palace";"BW";"Casa de apuestas";"8,36326671648857e-03";"0,002726147714214644";"5,63711900227420e-03";"8,48238716805155e-03";"0,003255422377141937";"5,22696479090973e-03";"1,19120451562982e-04";"5,29274662927293e-04";"4,10154211364477e-04";"0,008482387168051553";"Similar"
"15/01/2022";"Man City";"Chelsea";"BW";"Casa de apuestas";"1,49846406704687e-02";"0,006427500349382193";"8,55714032108629e-03";"1,60450806413781e-02";"0,007618123338557187";"8,42695730282084e-03";"1,06043997090943e-03";"1,19062298917499e-03";"1,30183018265451e-04";"0,016045080641378107";"Diferente"
"15/01/2022";"Newcastle";"Watford";"BW";"Casa de apuestas";"1,01816969534890e-02";"0,003866504321329622";"6,31519263215938e-03";"1,05338009256594e-02";"0,004553420745040004";"5,98038018061939e-03";"3,52103972170337e-04";"6,86916423710382e-04";"3,34812451539990e-04";"0,010533800925659365";"Diferente"
"15/01/2022";"Norwich";"Everton";"BW";"Casa de apuestas";"2,57329289587355e-03";"0,002573292895873547";"5,14658579174709e-03";"2,54590114607955e-03";"0,002545901146079554";"5,09180229215905e-03";"2,73917497939924e-05";"2,73917497939924e-05";"5,47834995880403e-05";"0,005146585791747094";"Similar"
"15/01/2022";"Wolves";"Southampton";"BW";"Casa de apuestas";"3,67647058823534e-03";"0,001225490196078427";"2,45098039215685e-03";"3,57549877169050e-03";"0,001271984348105437";"2,30351442358512e-03";"1,00971816544837e-04";"4,64941520270101e-05";"1,47465968571736e-04";"0,003676470588235337";"Similar"
"15/01/2022";"Aston Villa";"Man United";"BW";"Casa de apuestas";"2,52329037854010e-03";"0,003863446049920949";"1,34015567138090e-03";"2,29765365289381e-03";"0,003377142170550018";"1,07948851765638e-03";"2,25636725646294e-04";"4,86303879370931e-04";"2,60667153724525e-04";"0,003863446049920949";"Similar"
"16/01/2022";"Liverpool";"Brentford";"BW";"Casa de apuestas";"2,28408720903189e-02";"0,009392048588268920";"1,34488235020500e-02";"2,60475587972395e-02";"0,014530097324662844";"1,15174614725766e-02";"3,20668670692059e-03";"5,13804873639392e-03";"1,93136202947342e-03";"0,026047558797239523";"Diferente"
"16/01/2022";"West Ham";"Leeds";"BW";"Casa de apuestas";"1,39527924484435e-02";"0,005996732073586364";"7,95606037485716e-03";"1,48469422191815e-02";"0,007005628753588372";"7,84131346559308e-03";"8,94149770737984e-04";"1,00889668000201e-03";"1,14746909264080e-04";"0,014846942219181480";"Diferente"
"18/01/2022";"Brighton";"Chelsea";"BW";"Casa de apuestas";"9,73691840724528e-03";"0,004996802792618271";"1,47337211998635e-02";"8,81785670862112e-03";"0,006746759715014428";"1,55646164236357e-02";"9,19061698624157e-04";"1,74995692239616e-03";"8,30895223772221e-04";"0,015564616423635713";"Diferente"
"19/01/2022";"Leicester";"Tottenham";"BW";"Casa de apuestas";"2,37588951113737e-03";"0,003435407806644586";"5,81129731778168e-03";"2,47688785114991e-03";"0,003300855977977135";"5,77774382912710e-03";"1,00998340012537e-04";"1,34551828667451e-04";"3,35534886545807e-05";"0,005811297317781683";"Similar"
"19/01/2022";"Brentford";"Man United";"BW";"Casa de apuestas";"6,82261208577001e-03";"0,003898635477582846";"1,07212475633529e-02";"6,37979075426162e-03";"0,004742508220100694";"1,11222989743623e-02";"4,42821331508386e-04";"8,43872742517848e-04";"4,01051411009434e-04";"0,011122298974362343";"Diferente"
"21/01/2022";"Watford";"Norwich";"BW";"Casa de apuestas";"9,20919495809802e-03";"0,004196880406045544";"5,01231455205242e-03";"9,44965338875853e-03";"0,004458529609297490";"4,99112377946095e-03";"2,40458430660506e-04";"2,61649203251946e-04";"2,11907725914673e-05";"0,009449653388758528";"Similar"
"22/01/2022";"Everton";"Aston Villa";"BW";"Casa de apuestas";"2,12944353409850e-04";"0,002858368436155279";"2,64542408274543e-03";"7,33381507222464e-05";"0,002581331144788424";"2,50799299406634e-03";"1,39606202687603e-04";"2,77037291366855e-04";"1,37431088679085e-04";"0,002858368436155279";"Similar"
"22/01/2022";"Brentford";"Wolves";"BW";"Casa de apuestas";"4,63138298640997e-03";"0,001758957301458863";"2,87242568495122e-03";"4,55225163288631e-03";"0,001824877813347003";"2,72737381953941e-03";"7,91313535236648e-05";"6,59205118881401e-05";"1,45051865411805e-04";"0,004631382986409971";"Similar"
"22/01/2022";"Leeds";"Newcastle";"BW";"Casa de apuestas";"9,75684267807192e-03";"0,004677938270308435";"5,07890440776346e-03";"1,00545704161862e-02";"0,004899719110792677";"5,15485130539337e-03";"2,97727738114317e-04";"2,21780840484243e-04";"7,59468976299082e-05";"0,010054570416186237";"Diferente"
"22/01/2022";"Man United";"West Ham";"BW";"Casa de apuestas";"7,84670802952336e-03";"0,004332747477171606";"3,51396055235176e-03";"7,97496876432846e-03";"0,004268945115921907";"3,70602364840661e-03";"1,28260734805097e-04";"6,38023612496985e-05";"1,92063096054851e-04";"0,007974968764328461";"Similar"
"22/01/2022";"Southampton";"Man City";"BW";"Casa de apuestas";"1,19602590322984e-02";"0,008603869129544417";"2,05641281618429e-02";"1,06149011584089e-02";"0,012697854242346485";"2,33127554007554e-02";"1,34535787388952e-03";"4,09398511280207e-03";"2,74862723891245e-03";"0,023312755400755392";"Diferente"
"23/01/2022";"Arsenal";"Burnley";"BW";"Casa de apuestas";"2,20514601603427e-02";"0,008303667042922069";"1,37477931174206e-02";"2,46180239570272e-02";"0,013252798316839010";"1,13652256401880e-02";"2,56656379668452e-03";"4,94913127391694e-03";"2,38256747723262e-03";"0,024618023957027169";"Diferente"
"23/01/2022";"Crystal Palace";"Liverpool";"BW";"Casa de apuestas";"9,77871975762001e-03";"0,005701561236686886";"1,54802809943069e-02";"8,87572215592253e-03";"0,007732352775800977";"1,66080749317233e-02";"9,02997601697486e-04";"2,03079153911409e-03";"1,12779393741647e-03";"0,016608074931723338";"Diferente"
"23/01/2022";"Leicester";"Brighton";"BW";"Casa de apuestas";"2,27461091955589e-03";"0,003208826118659192";"9,34215199103305e-04";"2,11465557155255e-03";"0,002880893637115745";"7,66238065563252e-04";"1,59955348003338e-04";"3,27932481543447e-04";"1,67977133540054e-04";"0,003208826118659192";"Similar"
"23/01/2022";"Chelsea";"Tottenham";"BW";"Casa de apuestas";"1,28159564042087e-02";"0,004954067181458854";"7,86188922274994e-03";"1,34867440985740e-02";"0,006035491498761009";"7,45125259981311e-03";"6,70787694365238e-04";"1,08142431730215e-03";"4,10636622936833e-04";"0,013486744098573977";"Diferente"
"05/02/2022";"Burnley";"Watford";"BW";"Casa de apuestas";"6,59152334112478e-03";"0,002498100778437595";"4,09342256268730e-03";"6,58826957431241e-03";"0,002687282517923328";"3,90098705638930e-03";"3,25376681237222e-06";"1,89181739485733e-04";"1,92435506297994e-04";"0,006591523341124783";"Similar"
"08/02/2022";"Newcastle";"Everton";"BW";"Casa de apuestas";"3,86679010934243e-03";"0,003381336779214539";"4,85453330127894e-04";"3,73858399570975e-03";"0,003094235716108840";"6,44348279600748e-04";"1,28206113632678e-04";"2,87101063105699e-04";"1,58894949472854e-04";"0,003866790109342433";"Similar"
"08/02/2022";"West Ham";"Watford";"BW";"Casa de apuestas";"1,62528151082805e-02";"0,005944053094092960";"1,03087620141875e-02";"1,74195741758579e-02";"0,008011024716660681";"9,40854945919725e-03";"1,16675906757746e-03";"2,06697162256772e-03";"9,00212554990260e-04";"0,017419574175857933";"Diferente"
"08/02/2022";"Burnley";"Man United";"BW";"Casa de apuestas";"9,59034115133653e-03";"0,005499218505394809";"1,50895596567313e-02";"8,73037094916049e-03";"0,007389366613727633";"1,61197375628881e-02";"8,59970202176041e-04";"1,89014810833282e-03";"1,03017790615678e-03";"0,016119737562888092";"Diferente"
"09/02/2022";"Man City";"Brentford";"BW";"Casa de apuestas";"2,34892369185290e-02";"0,010543719640024735";"1,29455172785044e-02";"2,82416900873805e-02";"0,017658762021036403";"1,05829280663441e-02";"4,75245316885153e-03";"7,11504238101167e-03";"2,36258921216030e-03";"0,028241690087380533";"Diferente"
"09/02/2022";"Norwich";"Crystal Palace";"BW";"Casa de apuestas";"2,84573449403702e-03";"0,002309926744113733";"5,15566123815081e-03";"2,76254090723133e-03";"0,002337052507040027";"5,09959341427130e-03";"8,31935868056966e-05";"2,71257629262944e-05";"5,60678238795131e-05";"0,005155661238150810";"Similar"
"09/02/2022";"Tottenham";"Southampton";"BW";"Casa de apuestas";"1,72307563416401e-02";"0,006542093798025561";"1,06886625436143e-02";"1,85697086900287e-02";"0,008672158254406259";"9,89755043562235e-03";"1,33895234838866e-03";"2,13006445638070e-03";"7,91112107991931e-04";"0,018569708690028719";"Diferente"
"09/02/2022";"Aston Villa";"Leeds";"BW";"Casa de apuestas";"1,10258311846851e-02";"0,004759376276969485";"6,26645490771569e-03";"1,14564964379638e-02";"0,005283122196806433";"6,17337424115727e-03";"4,30665253278617e-04";"5,23745919836949e-04";"9,30806665584150e-05";"0,011456496437963759";"Diferente"
"10/02/2022";"Liverpool";"Leicester";"BW";"Casa de apuestas";"2,12829036209656e-02";"0,009236974887170124";"1,20459287337955e-02";"2,44379512401889e-02";"0,013494701252993013";"1,09432499871958e-02";"3,15504761922325e-03";"4,25772636582289e-03";"1,10267874659969e-03";"0,024437951240188882";"Diferente"
"10/02/2022";"Wolves";"Arsenal";"BW";"Casa de apuestas";"4,75512210951451e-03";"0,002001932019176200";"6,75705412869071e-03";"4,41658363820396e-03";"0,002318629096945801";"6,73521273514993e-03";"3,38538471310545e-04";"3,16697077769601e-04";"2,18413935407780e-05";"0,006757054128690709";"Similar"
"12/02/2022";"Man United";"Southampton";"BW";"Casa de apuestas";"1,58579530288312e-02";"0,007308310411990843";"8,54964261684035e-03";"1,71122156781462e-02";"0,008352871093568942";"8,75934458457733e-03";"1,25426264931505e-03";"1,04456068157810e-03";"2,09701967736980e-04";"0,017112215678146248";"Diferente"
"12/02/2022";"Brentford";"Crystal Palace";"BW";"Casa de apuestas";"9,95563717327008e-05";"0,001652635770763189";"1,75219214249589e-03";"1,41843360335292e-04";"0,001518805166983661";"1,66064852731890e-03";"4,22869886025912e-05";"1,33830603779528e-04";"9,15436151769922e-05";"0,001752192142495890";"Similar"
"12/02/2022";"Everton";"Leeds";"BW";"Casa de apuestas";"2,11520905413065e-03";"0,003455886458100133";"1,34067740396943e-03";"1,91636379085358e-03";"0,003043049180431578";"1,12668538957800e-03";"1,98845263277070e-04";"4,12837277668554e-04";"2,13992014391429e-04";"0,003455886458100133";"Similar"
"12/02/2022";"Watford";"Brighton";"BW";"Casa de apuestas";"4,97135681941480e-03";"0,002503915228560694";"7,47527204797549e-03";"4,64438413793847e-03";"0,002885171922511587";"7,52955606045003e-03";"3,26972681476329e-04";"3,81256693950893e-04";"5,42840124745370e-05";"0,007529556060450027";"Similar"
"12/02/2022";"Norwich";"Man City";"BW";"Casa de apuestas";"1,34538482771266e-02";"0,009835410507141346";"2,32892587842679e-02";"1,10996995929808e-02";"0,015912210432119545";"2,70119100251004e-02";"2,35414868414579e-03";"6,07679992497820e-03";"3,72265124083249e-03";"0,027011910025100394";"Diferente"
"13/02/2022";"Burnley";"Liverpool";"BW";"Casa de apuestas";"1,18572325351987e-02";"0,008838669177652275";"2,06959017128507e-02";"1,07498827525132e-02";"0,012804628535588003";"2,35545112881014e-02";"1,10734978268549e-03";"3,96595935793573e-03";"2,85860957525064e-03";"0,023554511288101376";"Diferente"
"13/02/2022";"Newcastle";"Aston Villa";"BW";"Casa de apuestas";"6,03429164661606e-04";"0,003192334935628760";"2,58890577096732e-03";"4,20907018924666e-04";"0,002848281385375684";"2,42737436645113e-03";"1,82522145736941e-04";"3,44053550253076e-04";"1,61531404516191e-04";"0,003192334935628760";"Similar"
"13/02/2022";"Tottenham";"Wolves";"BW";"Casa de apuestas";"1,21662231454194e-02";"0,004249351636064547";"7,91687150935480e-03";"1,27447409726094e-02";"0,005493445934288188";"7,25129503832109e-03";"5,78517827189984e-04";"1,24409429822364e-03";"6,65576471033713e-04";"0,012744740972609359";"Diferente"
"13/02/2022";"Leicester";"West Ham";"BW";"Casa de apuestas";"2,24452387187213e-04";"0,003310672711010709";"3,08622032382361e-03";"3,71982145483396e-05";"0,002969568091610142";"2,93236987706175e-03";"1,87254172638873e-04";"3,41104619400567e-04";"1,53850446761861e-04";"0,003310672711010709";"Similar"
"15/02/2022";"Man United";"Brighton";"BW";"Casa de apuestas";"1,20034746900418e-02";"0,004106451867645911";"7,89702282239596e-03";"1,24663253873497e-02";"0,005155681829486503";"7,31064355786337e-03";"4,62850697307893e-04";"1,04922996184059e-03";"5,86379264532588e-04";"0,012466325387349708";"Diferente"
"19/02/2022";"West Ham";"Newcastle";"BW";"Casa de apuestas";"1,43233262883165e-02";"0,004999284064929110";"9,32404222338706e-03";"1,52198243981780e-02";"0,006850708272832906";"8,36911612534508e-03";"8,96498109861588e-04";"1,85142420790380e-03";"9,54926098041986e-04";"0,015219824398178039";"Diferente"
"19/02/2022";"Arsenal";"Brentford";"BW";"Casa de apuestas";"1,65353713895081e-02";"0,005292792475958485";"1,12425789135498e-02";"1,76709854925216e-02";"0,008123746430279660";"9,54723906224186e-03";"1,13561410301344e-03";"2,83095395432117e-03";"1,69533985130793e-03";"0,017670985492521551";"Diferente"
"19/02/2022";"Aston Villa";"Watford";"BW";"Casa de apuestas";"1,54636794597971e-02";"0,006239194791911817";"9,22448466788528e-03";"1,65084313995315e-02";"0,007643549748104772";"8,86488165142676e-03";"1,04475193973441e-03";"1,40435495619295e-03";"3,59603016458515e-04";"0,016508431399531509";"Diferente"
"19/02/2022";"Brighton";"Burnley";"BW";"Casa de apuestas";"1,54262318710678e-02";"0,005329418626512400";"1,00968132445554e-02";"1,63882796615289e-02";"0,007268390348409676";"9,11988931311908e-03";"9,62047790461051e-04";"1,93897172189728e-03";"9,76923931436363e-04";"0,016388279661528893";"Diferente"
"19/02/2022";"Crystal Palace";"Chelsea";"BW";"Casa de apuestas";"9,73691840724528e-03";"0,004996802792618271";"1,47337211998635e-02";"8,81785670862112e-03";"0,006746759715014428";"1,55646164236357e-02";"9,19061698624157e-04";"1,74995692239616e-03";"8,30895223772221e-04";"0,015564616423635713";"Diferente"
"19/02/2022";"Liverpool";"Norwich";"BW";"Casa de apuestas";"2,36105903471493e-02";"0,010378438425673750";"1,32321519214758e-02";"2,82874126436062e-02";"0,018425545942465038";"9,86186670114120e-03";"4,67682229645694e-03";"8,04710751679129e-03";"3,37028522033457e-03";"0,028287412643606236";"Diferente"
"19/02/2022";"Southampton";"Everton";"BW";"Casa de apuestas";"7,34679836847013e-03";"0,003673399184235149";"3,67339918423515e-03";"7,40115682157899e-03";"0,003700578410789579";"3,70057841078958e-03";"5,43584531088603e-05";"2,71792265544302e-05";"2,71792265544302e-05";"0,007401156821578991";"Similar"
"19/02/2022";"Man City";"Tottenham";"BW";"Casa de apuestas";"2,20176835742874e-02";"0,008680980968716806";"1,33367026055705e-02";"2,48357152225849e-02";"0,013720961176181601";"1,11147540464033e-02";"2,81803164829753e-03";"5,03998020746479e-03";"2,22194855916727e-03";"0,024835715222584875";"Diferente"
"20/02/2022";"Leeds";"Man United";"BW";"Casa de apuestas";"7,40736194602057e-03";"0,006079163176950814";"1,34865251229713e-02";"7,45820283119364e-03";"0,006801194202123079";"1,42593970333168e-02";"5,08408851730702e-05";"7,22031025172265e-04";"7,72871910345474e-04";"0,014259397033316801";"Diferente"
"20/02/2022";"Wolves";"Leicester";"BW";"Casa de apuestas";"6,40810762492167e-03";"0,002893984088674417";"3,51412353624747e-03";"6,39055514260539e-03";"0,002951484257951054";"3,43907088465445e-03";"1,75524823162743e-05";"5,75001692766364e-05";"7,50526515930217e-05";"0,006408107624921666";"Similar"
"23/02/2022";"Burnley";"Tottenham";"BW";"Casa de apuestas";"7,07884842610046e-03";"0,004467843119677406";"1,15466915457778e-02";"6,72996834267209e-03";"0,005321692274443068";"1,20516606171152e-02";"3,48880083428371e-04";"8,53849154765662e-04";"5,04969071337347e-04";"0,012051660617115156";"Diferente"
"23/02/2022";"Watford";"Crystal Palace";"BW";"Casa de apuestas";"4,70014122617546e-04";"0,001720660396712870";"2,19067451933036e-03";"4,98605711489131e-04";"0,001595197800925263";"2,09380351241406e-03";"2,85915888715849e-05";"1,25462595787607e-04";"9,68710069162992e-05";"0,002190674519330360";"Similar"
"23/02/2022";"Liverpool";"Leeds";"BW";"Casa de apuestas";"2,27791100406357e-02";"0,010072525178289327";"1,27065848623464e-02";"2,66107802220257e-02";"0,015196135813473621";"1,14146444085521e-02";"3,83167018138997e-03";"5,12361063518429e-03";"1,29194045379434e-03";"0,026610780222025676";"Diferente"
"24/02/2022";"Arsenal";"Wolves";"BW";"Casa de apuestas";"1,42301057858792e-02";"0,004487647970563835";"9,74245781531527e-03";"1,50067163546945e-02";"0,006480982566241161";"8,52573378845334e-03";"7,76610568815284e-04";"1,99333459567733e-03";"1,21672402686193e-03";"0,015006716354694527";"Diferente"
"25/02/2022";"Southampton";"Norwich";"BW";"Casa de apuestas";"1,65692007797271e-02";"0,006822612085770008";"9,74658869395714e-03";"1,80017969530369e-02";"0,008708023701782752";"9,29377325125416e-03";"1,43259617330982e-03";"1,88541161601274e-03";"4,52815442702981e-04";"0,018001796953036941";"Diferente"
"26/02/2022";"Leeds";"Tottenham";"BW";"Casa de apuestas";"4,35169896247750e-03";"0,004782450890235379";"9,13414985271266e-03";"4,53514543714545e-03";"0,004822214308874695";"9,35735974602009e-03";"1,83446474667948e-04";"3,97634186393159e-05";"2,23209893307430e-04";"0,009357359746020089";"Similar"
"26/02/2022";"Brentford";"Newcastle";"BW";"Casa de apuestas";"4,11438139368325e-03";"0,001769143141474583";"2,34523825220873e-03";"4,02647895080716e-03";"0,001775307144155969";"2,25117180665124e-03";"8,79024428760977e-05";"6,16400268138584e-06";"9,40664455574836e-05";"0,004114381393683253";"Similar"
"26/02/2022";"Crystal Palace";"Burnley";"BW";"Casa de apuestas";"1,02710921756028e-02";"0,002848097612012157";"7,42299456359072e-03";"1,05050057689955e-02";"0,003854081752515559";"6,65092401648001e-03";"2,33913593392643e-04";"1,00598414050340e-03";"7,72070547110704e-04";"0,010505005768995490";"Diferente"
"26/02/2022";"Man United";"Watford";"BW";"Casa de apuestas";"2,08183368844874e-02";"0,007475628327084538";"1,33427085574029e-02";"2,29519542367332e-02";"0,011918502455998764";"1,10334517807343e-02";"2,13361735224582e-03";"4,44287412891423e-03";"2,30925677666864e-03";"0,022951954236733241";"Diferente"
"26/02/2022";"Brighton";"Aston Villa";"BW";"Casa de apuestas";"5,77200577200571e-03";"0,002886002886002936";"2,88600288600294e-03";"5,74318725290712e-03";"0,002871593626453561";"2,87159362645356e-03";"2,88185190985835e-05";"1,44092595493750e-05";"1,44092595493750e-05";"0,005772005772005706";"Similar"
"26/02/2022";"Everton";"Man City";"BW";"Casa de apuestas";"1,26984126984127e-02";"0,008730158730158727";"2,14285714285715e-02";"1,06513329886812e-02";"0,013705415984324981";"2,43567489730063e-02";"2,04707970973145e-03";"4,97525725416625e-03";"2,92817754443486e-03";"0,024356748973006326";"Diferente"
"27/02/2022";"West Ham";"Wolves";"BW";"Casa de apuestas";"1,08802299123136e-02";"0,003490945297882408";"7,38928461443120e-03";"1,12068439994448e-02";"0,004429572897185652";"6,77727110225929e-03";"3,26614087131194e-04";"9,38627599303243e-04";"6,12013512171911e-04";"0,011206843999444827";"Diferente"
"01/03/2022";"Burnley";"Leicester";"BW";"Casa de apuestas";"1,83885185233157e-04";"0,002980208174468701";"3,16409335970191e-03";"3,22582933014792e-04";"0,002709948046778821";"3,03253097979378e-03";"1,38697747781635e-04";"2,70260127689881e-04";"1,31562379908134e-04";"0,003164093359701914";"Similar"
"05/03/2022";"Leicester";"Leeds";"BW";"Casa de apuestas";"8,78381346685164e-03";"0,005113205284536015";"3,67060818231585e-03";"8,94371584499576e-03";"0,004973807331895286";"3,96990851310047e-03";"1,59902378144117e-04";"1,39397952640730e-04";"2,99300330784624e-04";"0,008943715844995759";"Similar"
"05/03/2022";"Aston Villa";"Southampton";"BW";"Casa de apuestas";"5,19326150590604e-03";"0,003267822514160246";"1,92543899174591e-03";"5,14657735275575e-03";"0,003089761833318161";"2,05681551943759e-03";"4,66841531502893e-05";"1,78060680842085e-04";"1,31376527691685e-04";"0,005193261505906044";"Similar"
"05/03/2022";"Burnley";"Chelsea";"BW";"Casa de apuestas";"1,16836777030952e-02";"0,005111608995104183";"1,67952866981992e-02";"9,53360023962135e-03";"0,008404607926907587";"1,79382081665288e-02";"2,15007746347384e-03";"3,29299893180340e-03";"1,14292146832962e-03";"0,017938208166528802";"Diferente"
"05/03/2022";"Newcastle";"Brighton";"BW";"Casa de apuestas";"1,72525506524468e-03";"0,001543769167096087";"1,81485898148537e-04";"1,63624411749197e-03";"0,001420600857854282";"2,15643259637577e-04";"8,90109477527101e-05";"1,23168309241806e-04";"3,41573614890400e-05";"0,001725255065244680";"Similar"
"05/03/2022";"Norwich";"Brentford";"BW";"Casa de apuestas";"1,28621400906154e-03";"0,001933725856089030";"3,21993986515057e-03";"1,28289959092903e-03";"0,001837566535980051";"3,12046612690897e-03";"3,31441813250510e-06";"9,61593201089794e-05";"9,94737382415956e-05";"0,003219939865150567";"Similar"
"05/03/2022";"Wolves";"Crystal Palace";"BW";"Casa de apuestas";"4,04477128157510e-03";"0,000941825969912602";"3,10294531166239e-03";"3,93444233606549e-03";"0,001065814381478958";"2,86862795458642e-03";"1,10328945509608e-04";"1,23988411566356e-04";"2,34317357075964e-04";"0,004044771281575099";"Similar"
"05/03/2022";"Liverpool";"West Ham";"BW";"Casa de apuestas";"2,16712165429307e-02";"0,009579736425445573";"1,20914801174851e-02";"2,48770967300412e-02";"0,013451748670742641";"1,14253480592986e-02";"3,20588018711054e-03";"3,87201224529707e-03";"6,66132058186594e-04";"0,024877096730041237";"Diferente"
"06/03/2022";"Watford";"Arsenal";"BW";"Casa de apuestas";"1,10096461595523e-02";"0,006565058202907342";"1,75747043624596e-02";"1,00008876040245e-02";"0,009018370402347514";"1,90192580063721e-02";"1,00875855552776e-03";"2,45331219944017e-03";"1,44455364391249e-03";"0,019019258006372053";"Diferente"
"06/03/2022";"Man City";"Man United";"BW";"Casa de apuestas";"2,09867751616577e-02";"0,008517765823742085";"1,24690093379159e-02";"2,33587590639537e-02";"0,011922153640837208";"1,14366054231164e-02";"2,37198390229598e-03";"3,40438781709512e-03";"1,03240391479940e-03";"0,023358759063953682";"Diferente"
"07/03/2022";"Tottenham";"Everton";"BW";"Casa de apuestas";"1,28265156728155e-02";"0,004755522782088240";"8,07099289072724e-03";"1,35594004869033e-02";"0,006093735739670175";"7,46566474723309e-03";"7,32884814087842e-04";"1,33821295758194e-03";"6,05328143494149e-04";"0,013559400486903295";"Diferente"
"10/03/2022";"Norwich";"Chelsea";"BW";"Casa de apuestas";"1,26874778597540e-02";"0,007375564496498371";"2,00630423562521e-02";"1,04688954308955e-02";"0,011718749994955563";"2,21876454258509e-02";"2,21858242885850e-03";"4,34318549845719e-03";"2,12460306959883e-03";"0,022187645425850944";"Diferente"
"10/03/2022";"Southampton";"Newcastle";"BW";"Casa de apuestas";"1,00643985515710e-02";"0,003714857328181387";"6,34954122338971e-03";"1,03671046250572e-02";"0,004374780203747208";"5,99232442131020e-03";"3,02706073486148e-04";"6,59922875565822e-04";"3,57216802079507e-04";"0,010367104625057189";"Diferente"
"10/03/2022";"Wolves";"Watford";"BW";"Casa de apuestas";"9,59174658476986e-03";"0,003247064353767704";"6,34468223100215e-03";"9,82554517088313e-03";"0,003933841283025541";"5,89170388785748e-03";"2,33798586113276e-04";"6,86776929257837e-04";"4,52978343144672e-04";"0,009825545170883132";"Similar"
"10/03/2022";"Leeds";"Aston Villa";"BW";"Casa de apuestas";"9,43032937080535e-04";"0,004167597173549531";"3,22456423646900e-03";"6,72498288644630e-04";"0,003688436000090944";"3,01593771144637e-03";"2,70534648435905e-04";"4,79161173458587e-04";"2,08626525022626e-04";"0,004167597173549531";"Similar"
"12/03/2022";"Brighton";"Liverpool";"BW";"Casa de apuestas";"1,05411731993945e-02";"0,007161727812024093";"1,77029010114187e-02";"9,87532144023559e-03";"0,009477890303095537";"1,93532117433312e-02";"6,65851759158925e-04";"2,31616249107144e-03";"1,65031073191246e-03";"0,019353211743331156";"Diferente"
"12/03/2022";"Brentford";"Burnley";"BW";"Casa de apuestas";"7,10331561395400e-03";"0,002682949491460085";"4,42036612249375e-03";"7,13529393252116e-03";"0,002925839977280353";"4,20945395524075e-03";"3,19783185671607e-05";"2,42890485820269e-04";"2,10912167252997e-04";"0,007135293932521158";"Similar"
"12/03/2022";"Man United";"Tottenham";"BW";"Casa de apuestas";"4,58235137349966e-03";"0,003786448555402555";"7,95902818097105e-04";"4,46608785487829e-03";"0,003441660690651938";"1,02442716422635e-03";"1,16263518621373e-04";"3,44787864750618e-04";"2,28524346129244e-04";"0,004582351373499660";"Similar"
"13/03/2022";"Chelsea";"Newcastle";"BW";"Casa de apuestas";"1,80398658020401e-02";"0,006835330994530708";"1,12045348075094e-02";"1,98588656762255e-02";"0,010209961333003836";"9,64890434322177e-03";"1,81899987418543e-03";"3,37463033847313e-03";"1,55563046428764e-03";"0,019858865676225523";"Diferente"
"13/03/2022";"Everton";"Wolves";"BW";"Casa de apuestas";"5,92818246384175e-03";"0,001874230388986264";"4,05395207485565e-03";"5,87982178961033e-03";"0,002091310219798970";"3,78851156981136e-03";"4,83606742314180e-05";"2,17079830812705e-04";"2,65440505044290e-04";"0,005928182463841747";"Similar"
"13/03/2022";"Leeds";"Norwich";"BW";"Casa de apuestas";"1,50895596567313e-02";"0,005499218505394809";"9,59034115133653e-03";"1,61197375628881e-02";"0,007389366613727633";"8,73037094916049e-03";"1,03017790615678e-03";"1,89014810833282e-03";"8,59970202176041e-04";"0,016119737562888092";"Diferente"
"13/03/2022";"Southampton";"Watford";"BW";"Casa de apuestas";"1,53138191316863e-02";"0,006143130311971529";"9,17068881971475e-03";"1,64479155607360e-02";"0,007741886648492929";"8,70602891224304e-03";"1,13409642904971e-03";"1,59875633652140e-03";"4,64659907471715e-04";"0,016447915560735993";"Diferente"
"13/03/2022";"West Ham";"Aston Villa";"BW";"Casa de apuestas";"3,09295223007278e-03";"0,002291826898349003";"8,01125331723773e-04";"2,98598797730432e-03";"0,002128302532515558";"8,57685444788758e-04";"1,06964252768460e-04";"1,63524365833445e-04";"5,65601130649851e-05";"0,003092952230072776";"Similar"
"13/03/2022";"Arsenal";"Leicester";"BW";"Casa de apuestas";"1,89705111442542e-02";"0,007910973856972620";"1,10595372872813e-02";"2,08668264497908e-02";"0,010307177638927523";"1,05596488108631e-02";"1,89631530553658e-03";"2,39620378195490e-03";"4,99888476418159e-04";"0,020866826449790765";"Diferente"
"14/03/2022";"Crystal Palace";"Man City";"BW";"Casa de apuestas";"1,16278492125253e-02";"0,007670909480501781";"1,92987586930271e-02";"1,01418868620948e-02";"0,011376976417781598";"2,15188632798764e-02";"1,48596235043058e-03";"3,70606693727982e-03";"2,22010458684929e-03";"0,021518863279876399";"Diferente"
"16/03/2022";"Brighton";"Tottenham";"BW";"Casa de apuestas";"3,51687978462817e-03";"0,003071078121787973";"6,58795790641642e-03";"3,47355029626689e-03";"0,003146397307923710";"6,61994760419060e-03";"4,33294883612767e-05";"7,53191861357361e-05";"3,19896977741818e-05";"0,006619947604190601";"Similar"
"16/03/2022";"Arsenal";"Liverpool";"BW";"Casa de apuestas";"4,24512061375887e-03";"0,005411034021763045";"9,65615463552189e-03";"4,55871694784743e-03";"0,005340765223882882";"9,89948217173037e-03";"3,13596334088562e-04";"7,02687978801630e-05";"2,43327536208482e-04";"0,009899482171730367";"Similar"
"17/03/2022";"Everton";"Newcastle";"BW";"Casa de apuestas";"2,77777777777777e-03";"0,001388888888888939";"1,38888888888894e-03";"2,68131650150905e-03";"0,001340658250754523";"1,34065825075452e-03";"9,64612762687223e-05";"4,82306381344166e-05";"4,82306381344166e-05";"0,002777777777777768";"Similar"
"18/03/2022";"Wolves";"Leeds";"BW";"Casa de apuestas";"6,50787748021742e-03";"0,003515144774628942";"2,99273270558847e-03";"6,51336413189801e-03";"0,003455246742539553";"3,05811738935852e-03";"5,48665168059737e-06";"5,98980320893894e-05";"6,53846837700423e-05";"0,006513364131898014";"Similar"
"19/03/2022";"Aston Villa";"Arsenal";"BW";"Casa de apuestas";"7,69549371484490e-04";"0,003254430166430566";"4,02397953791506e-03";"9,31366387421473e-04";"0,002976873345427011";"3,90823973284843e-03";"1,61817015936983e-04";"2,77556821003555e-04";"1,15739805066628e-04";"0,004023979537915057";"Similar"
"20/03/2022";"Leicester";"Brentford";"BW";"Casa de apuestas";"7,39098300073909e-03";"0,003167564143173929";"4,22341885756522e-03";"7,44146926352596e-03";"0,003328785223885300";"4,11268403964044e-03";"5,04862627868641e-05";"1,61221080711371e-04";"1,10734817924785e-04";"0,007441469263525957";"Similar"
"20/03/2022";"Tottenham";"West Ham";"BW";"Casa de apuestas";"1,30110001507524e-02";"0,004563516036666437";"8,44748411408600e-03";"1,36669916547215e-02";"0,005912585960273331";"7,75440569444813e-03";"6,55991503969111e-04";"1,34906992360689e-03";"6,93078419637866e-04";"0,013666991654721516";"Diferente"
"02/04/2022";"Liverpool";"Watford";"BW";"Casa de apuestas";"2,12171816814395e-02";"0,008840868638488722";"1,23763130429507e-02";"2,46498514017203e-02";"0,015667426336728962";"8,98242506499134e-03";"3,43266972028078e-03";"6,82655769824024e-03";"3,39388797795941e-03";"0,024649851401720269";"Diferente"
"02/04/2022";"Brighton";"Norwich";"BW";"Casa de apuestas";"1,77436440398948e-02";"0,005746380506888027";"1,19972635330067e-02";"1,90817480391301e-02";"0,009027463104785499";"1,00542849343446e-02";"1,33810399923529e-03";"3,28108259789747e-03";"1,94297859866216e-03";"0,019081748039130098";"Diferente"
"02/04/2022";"Burnley";"Man City";"BW";"Casa de apuestas";"1,29855321099915e-02";"0,009034672267206278";"2,20202043771975e-02";"1,07475201869225e-02";"0,014423195942491307";"2,51707161294138e-02";"2,23801192306897e-03";"5,38852367528503e-03";"3,15051175221626e-03";"0,025170716129413795";"Diferente"
"02/04/2022";"Chelsea";"Brentford";"BW";"Casa de apuestas";"1,89246544132055e-02";"0,007114766578580262";"1,18098878346252e-02";"2,08772027778252e-02";"0,010812108742491666";"1,00650940353336e-02";"1,95254836461978e-03";"3,69734216391140e-03";"1,74479379929159e-03";"0,020877202777825232";"Diferente"
"02/04/2022";"Leeds";"Southampton";"BW";"Casa de apuestas";"4,10717960521456e-03";"0,004315747319541874";"2,08567714327312e-04";"3,92583523442330e-03";"0,003823571341973420";"1,02263892449717e-04";"1,81344370791259e-04";"4,92175977568454e-04";"3,10831606777029e-04";"0,004315747319541874";"Similar"
"02/04/2022";"Wolves";"Aston Villa";"BW";"Casa de apuestas";"5,57083120626634e-04";"0,001236028173890347";"1,79311129451698e-03";"5,52636185499444e-04";"0,001157594023475317";"1,71023020897487e-03";"4,44693512718919e-06";"7,84341504150299e-05";"8,28810855421080e-05";"0,001793111294516980";"Similar"
"02/04/2022";"Man United";"Leicester";"BW";"Casa de apuestas";"1,58126088365116e-02";"0,006801227003424032";"9,01138183308764e-03";"1,71636282141838e-02";"0,008341241015548784";"8,82238719863487e-03";"1,35101937767224e-03";"1,54001401212475e-03";"1,88994634452766e-04";"0,017163628214183824";"Diferente"
"03/04/2022";"West Ham";"Everton";"BW";"Casa de apuestas";"1,16897940461457e-02";"0,004640607249495166";"7,04918679665048e-03";"1,22008752405069e-02";"0,005437681866665239";"6,76319337384182e-03";"5,11081194361274e-04";"7,97074617170074e-04";"2,85993422808661e-04";"0,012200875240506948";"Diferente"
"03/04/2022";"Tottenham";"Newcastle";"BW";"Casa de apuestas";"1,65863041780944e-02";"0,006323903869247527";"1,02624003088468e-02";"1,78969785542690e-02";"0,008447440883462165";"9,44953767080675e-03";"1,31067437617460e-03";"2,12353701421464e-03";"8,12862638040007e-04";"0,017896978554268972";"Diferente"
"04/04/2022";"Crystal Palace";"Arsenal";"BW";"Casa de apuestas";"5,96267749552429e-03";"0,003138251313433871";"9,10092880895791e-03";"5,59667011934772e-03";"0,003663294598561240";"9,25996471790891e-03";"3,66007376176564e-04";"5,25043285127369e-04";"1,59035908951000e-04";"0,009259964717908908";"Similar"
"06/04/2022";"Burnley";"Everton";"BW";"Casa de apuestas";"2,88841342988805e-03";"0,001444206714944052";"1,44420671494405e-03";"2,79386652484387e-03";"0,001396933262422018";"1,39693326242202e-03";"9,45469050441794e-05";"4,72734525220342e-05";"4,72734525220342e-05";"0,002888413429888048";"Similar"
"08/04/2022";"Newcastle";"Wolves";"BW";"Casa de apuestas";"8,90318716127525e-03";"0,002748557994399714";"6,15462916687556e-03";"9,03306365900114e-03";"0,003355499674746076";"5,67756398425517e-03";"1,29876497725889e-04";"6,06941680346362e-04";"4,77065182620390e-04";"0,009033063659001139";"Similar"
"09/04/2022";"Everton";"Man United";"BW";"Casa de apuestas";"5,27735884451017e-03";"0,005073326051234617";"1,03506848957450e-02";"5,41453048255389e-03";"0,005286781074036462";"1,07013115565905e-02";"1,37171638043720e-04";"2,13455022801845e-04";"3,50626660845510e-04";"0,010701311556590487";"Diferente"
"09/04/2022";"Arsenal";"Brighton";"BW";"Casa de apuestas";"1,26709158155163e-02";"0,003427967309863389";"9,24294850565271e-03";"1,31770153208357e-02";"0,005317018777541871";"7,85999654329381e-03";"5,06099505319435e-04";"1,88905146767848e-03";"1,38295196235891e-03";"0,013177015320835705";"Diferente"
"09/04/2022";"Southampton";"Chelsea";"BW";"Casa de apuestas";"5,01231455205242e-03";"0,004196880406045544";"9,20919495809802e-03";"4,99112377946095e-03";"0,004458529609297490";"9,44965338875853e-03";"2,11907725914673e-05";"2,61649203251946e-04";"2,40458430660506e-04";"0,009449653388758528";"Similar"
"09/04/2022";"Watford";"Leeds";"BW";"Casa de apuestas";"1,36465776941874e-03";"0,004072650530609179";"2,70799276119033e-03";"1,10697634209089e-03";"0,003592671124456104";"2,48569478236538e-03";"2,57681427327849e-04";"4,79979406153075e-04";"2,22297978824948e-04";"0,004072650530609179";"Similar"
"09/04/2022";"Aston Villa";"Tottenham";"BW";"Casa de apuestas";"1,51215312505637e-03";"0,003843978037526452";"5,35613116258277e-03";"1,74755723526226e-03";"0,003544681551071072";"5,29223878633345e-03";"2,35404110205895e-04";"2,99296486455380e-04";"6,38923762493193e-05";"0,005356131162582767";"Similar"
"10/04/2022";"Brentford";"West Ham";"BW";"Casa de apuestas";"1,80356024947897e-03";"0,001946416506863446";"1,42856257384472e-04";"1,70500797278794e-03";"0,001784259120471476";"7,92511476836455e-05";"9,85522766910329e-05";"1,62157386391970e-04";"6,36051097008261e-05";"0,001946416506863446";"Similar"
"10/04/2022";"Leicester";"Crystal Palace";"BW";"Casa de apuestas";"2,64542408274543e-03";"0,002858368436155279";"2,12944353409850e-04";"2,50799299406634e-03";"0,002581331144788424";"7,33381507222464e-05";"1,37431088679085e-04";"2,77037291366855e-04";"1,39606202687603e-04";"0,002858368436155279";"Similar"
"10/04/2022";"Norwich";"Burnley";"BW";"Casa de apuestas";"2,23278453996306e-03";"0,003512724722107508";"5,74550926207046e-03";"2,33219717660194e-03";"0,003360403684291302";"5,69260086089329e-03";"9,94126366388737e-05";"1,52321037816205e-04";"5,29084011771652e-05";"0,005745509262070458";"Similar"
"10/04/2022";"Man City";"Liverpool";"BW";"Casa de apuestas";"9,65512198362345e-03";"0,005154747906743029";"4,50037407688020e-03";"9,91970641297413e-03";"0,005174811809849661";"4,74489460312422e-03";"2,64584429350678e-04";"2,00639031066319e-05";"2,44520526244019e-04";"0,009919706412974127";"Similar"
"16/04/2022";"Tottenham";"Brighton";"BW";"Casa de apuestas";"1,60953644386861e-02";"0,006357461204716225";"9,73790323396961e-03";"1,74001160251736e-02";"0,008304444366200009";"9,09567165897340e-03";"1,30475158648746e-03";"1,94698316148378e-03";"6,42231574996210e-04";"0,017400116025173551";"Diferente"
"16/04/2022";"Man United";"Norwich";"BW";"Casa de apuestas";"2,23668754553092e-02";"0,009473610370416774";"1,28932650848922e-02";"2,54547786127014e-02";"0,013738136305555149";"1,17166423071461e-02";"3,08790315739216e-03";"4,26452593513837e-03";"1,17662277774611e-03";"0,025454778612701401";"Diferente"
"16/04/2022";"Southampton";"Arsenal";"BW";"Casa de apuestas";"5,53923306058157e-03";"0,004320174047248937";"9,85940710783029e-03";"5,46575868694055e-03";"0,004689522701651794";"1,01552813885923e-02";"7,34743736410248e-05";"3,69348654402857e-04";"2,95874280762054e-04";"0,010155281388592341";"Diferente"
"16/04/2022";"Watford";"Brentford";"BW";"Casa de apuestas";"1,91809992474035e-04";"0,002356794065943357";"2,54860405841734e-03";"2,83654220174401e-04";"0,002148452480737473";"2,43210670091165e-03";"9,18442277003662e-05";"2,08341585205885e-04";"1,16497357505685e-04";"0,002548604058417336";"Similar"
"17/04/2022";"Newcastle";"Leicester";"BW";"Casa de apuestas";"7,84670802952331e-03";"0,003513960552351814";"4,33274747717166e-03";"7,97496876432846e-03";"0,003706023648406609";"4,26894511592191e-03";"1,28260734805152e-04";"1,92063096054795e-04";"6,38023612497540e-05";"0,007974968764328461";"Similar"
"17/04/2022";"West Ham";"Burnley";"BW";"Casa de apuestas";"1,17944206705086e-02";"0,004801395025440830";"6,99302564506776e-03";"1,23312332657808e-02";"0,005571615762605731";"6,75961750317508e-03";"5,36812595272163e-04";"7,70220737164901e-04";"2,33408141892683e-04";"0,012331233265780783";"Diferente"
"19/04/2022";"Liverpool";"Man United";"BW";"Casa de apuestas";"1,99243081653183e-02";"0,008530032089657885";"1,13942760756606e-02";"2,23162225504109e-02";"0,011505750692675704";"1,08104718577352e-02";"2,39191438509256e-03";"2,97571860301782e-03";"5,83804217925379e-04";"0,022316222550410880";"Diferente"
"20/04/2022";"Chelsea";"Arsenal";"BW";"Casa de apuestas";"1,12836943521692e-02";"0,004477858412585800";"6,80583593958350e-03";"1,17136920998080e-02";"0,005168027823062138";"6,54566427674602e-03";"4,29997747638744e-04";"6,90169410476338e-04";"2,60171662837483e-04";"0,011713692099807993";"Diferente"
"20/04/2022";"Everton";"Leicester";"BW";"Casa de apuestas";"3,74743842059261e-03";"0,003140458958102332";"6,06979462490387e-04";"3,62560802357198e-03";"0,002880522800835117";"7,45085222736863e-04";"1,21830397020628e-04";"2,59936157267215e-04";"1,38105760246476e-04";"0,003747438420592608";"Similar"
"20/04/2022";"Newcastle";"Crystal Palace";"BW";"Casa de apuestas";"5,22784774050883e-03";"0,001793909023273088";"3,43393871723602e-03";"5,16125825187946e-03";"0,001928908015426500";"3,23235023645319e-03";"6,65894886293650e-05";"1,34998992153412e-04";"2,01588480782833e-04";"0,005227847740508829";"Similar"
"20/04/2022";"Man City";"Brighton";"BW";"Casa de apuestas";"2,23786266772743e-02";"0,009196930854401292";"1,31816958228730e-02";"2,57064766010412e-02";"0,015103631139173040";"1,06028454618682e-02";"3,32784992376689e-03";"5,90670028477175e-03";"2,57885036100479e-03";"0,025706476601041195";"Diferente"
"21/04/2022";"Burnley";"Southampton";"BW";"Casa de apuestas";"1,34522917795254e-03";"0,003075889187790337";"1,73066000983785e-03";"1,17030144763591e-03";"0,002729687718810103";"1,55938627117408e-03";"1,74927730316632e-04";"3,46201468980234e-04";"1,71273738663769e-04";"0,003075889187790337";"Similar"
"23/04/2022";"Arsenal";"Man United";"BW";"Casa de apuestas";"8,68672510463553e-03";"0,004580273236989674";"4,10645186764591e-03";"8,85164230131924e-03";"0,004590563387048108";"4,26107891427119e-03";"1,64917196683712e-04";"1,02901500584340e-05";"1,54627046625277e-04";"0,008851642301319240";"Similar"
"23/04/2022";"Leicester";"Aston Villa";"BW";"Casa de apuestas";"3,80865415244735e-04";"0,002598180902015967";"2,97904631726065e-03";"4,89010980052274e-04";"0,002370620351908159";"2,85963133196043e-03";"1,08145564807538e-04";"2,27560550107808e-04";"1,19414985300215e-04";"0,002979046317260647";"Similar"
"23/04/2022";"Man City";"Watford";"BW";"Casa de apuestas";"2,04647410936287e-02";"0,009126195186841130";"1,13385459067876e-02";"2,43345291501550e-02";"0,015235188118500984";"9,09934103165391e-03";"3,86978805652627e-03";"6,10899293165985e-03";"2,23920487513368e-03";"0,024334529150154993";"Diferente"
"23/04/2022";"Norwich";"Newcastle";"BW";"Casa de apuestas";"3,85930940335527e-03";"0,003007797009342450";"6,86710641269767e-03";"3,76542755659587e-03";"0,003114367728340561";"6,87979528493649e-03";"9,38818467594027e-05";"1,06570718998111e-04";"1,26888722388196e-05";"0,006879795284936485";"Similar"
"23/04/2022";"Brentford";"Tottenham";"BW";"Casa de apuestas";"7,91306307982834e-03";"0,004593542102689308";"1,25066051825177e-02";"7,39229726646476e-03";"0,005716088667706676";"1,31083859341716e-02";"5,20765813363577e-04";"1,12254656501737e-03";"6,01780751653958e-04";"0,013108385934171629";"Diferente"
"24/04/2022";"Brighton";"Southampton";"BW";"Casa de apuestas";"1,00638765054228e-02";"0,003988954687603963";"6,07492181781888e-03";"1,03555438185633e-02";"0,004512696171132424";"5,84284764743095e-03";"2,91667313140453e-04";"5,23741483528462e-04";"2,32074170387925e-04";"0,010355543818563295";"Diferente"
"24/04/2022";"Burnley";"Wolves";"BW";"Casa de apuestas";"1,36308082276571e-03";"0,001190295929739127";"1,72784893026690e-04";"1,29052521535106e-03";"0,001103407940843903";"1,87117274507154e-04";"7,25556074146483e-05";"8,68879888952234e-05";"1,43323814804641e-05";"0,001363080822765705";"Similar"
"24/04/2022";"Chelsea";"West Ham";"BW";"Casa de apuestas";"1,85042235478341e-02";"0,007533160232700092";"1,09710633151341e-02";"2,03707973941561e-02";"0,010153726135904373";"1,02170712582517e-02";"1,86657384632205e-03";"2,62056590320428e-03";"7,53992056882397e-04";"0,020370797394156148";"Diferente"
"24/04/2022";"Liverpool";"Everton";"BW";"Casa de apuestas";"2,32187827654801e-02";"0,010035178489186766";"1,31836042762932e-02";"2,70014472416272e-02";"0,015562700552725614";"1,14387466889015e-02";"3,78266447614717e-03";"5,52752206353885e-03";"1,74485758739168e-03";"0,027001447241627230";"Diferente"
"25/04/2022";"Crystal Palace";"Leeds";"BW";"Casa de apuestas";"3,86034195098806e-03";"0,003934579296199336";"7,42373452113365e-05";"3,70066385535561e-03";"0,003543736661282437";"1,56927194073120e-04";"1,59678095632443e-04";"3,90842634916899e-04";"2,31164539284456e-04";"0,003934579296199336";"Similar"
"28/04/2022";"Man United";"Chelsea";"BW";"Casa de apuestas";"3,41417028701768e-03";"0,005035571620234602";"8,44974190725228e-03";"3,69338299800870e-03";"0,004867224134077697";"8,56060713208651e-03";"2,79212710991017e-04";"1,68347486156906e-04";"1,10865224834222e-04";"0,008560607132086506";"Similar"
"30/04/2022";"Newcastle";"Liverpool";"BW";"Casa de apuestas";"9,73790323396961e-03";"0,006357461204716225";"1,60953644386861e-02";"9,09567165897340e-03";"0,008304444366200009";"1,74001160251736e-02";"6,42231574996210e-04";"1,94698316148378e-03";"1,30475158648746e-03";"0,017400116025173551";"Diferente"
"30/04/2022";"Aston Villa";"Norwich";"BW";"Casa de apuestas";"1,74368309247739e-02";"0,007025080681951457";"1,04117502428223e-02";"1,91258993117014e-02";"0,009501088395271945";"9,62481091642944e-03";"1,68906838692751e-03";"2,47600771332049e-03";"7,86939326392899e-04";"0,019125899311701389";"Diferente"
"30/04/2022";"Southampton";"Crystal Palace";"BW";"Casa de apuestas";"3,21993986515057e-03";"0,001933725856089030";"1,28621400906154e-03";"3,12046612690897e-03";"0,001837566535980051";"1,28289959092903e-03";"9,94737382415956e-05";"9,61593201089794e-05";"3,31441813250510e-06";"0,003219939865150567";"Similar"
"30/04/2022";"Watford";"Burnley";"BW";"Casa de apuestas";"1,80356024947897e-03";"0,001946416506863446";"1,42856257384472e-04";"1,70500797278794e-03";"0,001784259120471476";"7,92511476836455e-05";"9,85522766910329e-05";"1,62157386391970e-04";"6,36051097008261e-05";"0,001946416506863446";"Similar"
"30/04/2022";"Wolves";"Brighton";"BW";"Casa de apuestas";"5,89447547536703e-04";"0,000464164270882694";"1,25283276654231e-04";"5,53855402511405e-04";"0,000432542908217703";"1,21312494293868e-04";"3,55921450252983e-05";"3,16213626649908e-05";"3,97078236036297e-06";"0,000589447547536703";"Similar"
"01/05/2022";"West Ham";"Arsenal";"BW";"Casa de apuestas";"6,99302564506771e-03";"0,004801395025440774";"1,17944206705086e-02";"6,75961750317508e-03";"0,005571615762605731";"1,23312332657808e-02";"2,33408141892627e-04";"7,70220737164956e-04";"5,36812595272163e-04";"0,012331233265780783";"Diferente"
"02/05/2022";"Man United";"Brentford";"BW";"Casa de apuestas";"1,10958152925184e-02";"0,004630253732877815";"6,46556155964029e-03";"1,16739657783703e-02";"0,005409749074179931";"6,26421670419028e-03";"5,78150485851969e-04";"7,79495341302117e-04";"2,01344855450009e-04";"0,011673965778370321";"Diferente"
"07/05/2022";"Brentford";"Southampton";"BW";"Casa de apuestas";"6,58795790641620e-03";"0,003516879784628335";"3,07107812178814e-03";"6,61994760419049e-03";"0,003473550296266947";"3,14639730792377e-03";"3,19896977742928e-05";"4,33294883613877e-05";"7,53191861356250e-05";"0,006619947604190490";"Similar"
"07/05/2022";"Burnley";"Aston Villa";"BW";"Casa de apuestas";"1,28621400906154e-03";"0,001933725856089030";"3,21993986515057e-03";"1,28289959092903e-03";"0,001837566535980051";"3,12046612690897e-03";"3,31441813250510e-06";"9,61593201089794e-05";"9,94737382415956e-05";"0,003219939865150567";"Similar"
"07/05/2022";"Chelsea";"Wolves";"BW";"Casa de apuestas";"1,79620051504875e-02";"0,006807422729697227";"1,11545824207903e-02";"1,97457890640389e-02";"0,010075720611851635";"9,67006845218724e-03";"1,78378391355138e-03";"3,26829788215441e-03";"1,48451396860302e-03";"0,019745789064038899";"Diferente"
"07/05/2022";"Crystal Palace";"Watford";"BW";"Casa de apuestas";"1,28958940659123e-02";"0,004332747477171606";"8,56314658874074e-03";"1,35448255180004e-02";"0,005824420334894387";"7,72040518310588e-03";"6,48931452088108e-04";"1,49167285772278e-03";"8,42741405634867e-04";"0,013544825518000403";"Diferente"
"07/05/2022";"Brighton";"Man United";"BW";"Casa de apuestas";"1,20258508817983e-03";"0,002968881936443901";"4,17146702462357e-03";"1,30541276058899e-03";"0,002765693628585308";"4,07110638917418e-03";"1,02827672409156e-04";"2,03188307858593e-04";"1,00360635449381e-04";"0,004171467024623565";"Similar"
"07/05/2022";"Liverpool";"Tottenham";"BW";"Casa de apuestas";"1,75744574150950e-02";"0,007622656228233854";"9,95180118686090e-03";"1,93475729129673e-02";"0,009620740886378931";"9,72683202658842e-03";"1,77311549787229e-03";"1,99808465814508e-03";"2,24969160272481e-04";"0,019347572912967292";"Diferente"
"08/05/2022";"Arsenal";"Leeds";"BW";"Casa de apuestas";"1,74514158181598e-02";"0,006910312784457445";"1,05411030337021e-02";"1,89341462738225e-02";"0,009059174572291079";"9,87497170153126e-03";"1,48273045566272e-03";"2,14886178783363e-03";"6,66131332170861e-04";"0,018934146273822505";"Diferente"
"08/05/2022";"Leicester";"Everton";"BW";"Casa de apuestas";"1,72895537133949e-03";"0,002346439432532099";"6,17484061192664e-04";"1,60776376993593e-03";"0,002113487639317069";"5,05723869381081e-04";"1,21191601403559e-04";"2,32951793215030e-04";"1,11760191811583e-04";"0,002346439432532099";"Similar"
"08/05/2022";"Norwich";"West Ham";"BW";"Casa de apuestas";"7,46834940962693e-03";"0,005383389234708907";"1,28517386443359e-02";"7,27199451787408e-03";"0,006323485419916203";"1,35954799377902e-02";"1,96354891752848e-04";"9,40096185207295e-04";"7,43741293454336e-04";"0,013595479937790200";"Diferente"
"08/05/2022";"Man City";"Newcastle";"BW";"Casa de apuestas";"2,25769294059570e-02";"0,009778216590788619";"1,27987128151683e-02";"2,63051341410443e-02";"0,015357581471205986";"1,09475526698381e-02";"3,72820473508728e-03";"5,57936488041737e-03";"1,85116014533019e-03";"0,026305134141044295";"Diferente"
"10/05/2022";"Aston Villa";"Liverpool";"BW";"Casa de apuestas";"8,93810940240411e-03";"0,006235196478980159";"1,51733058813844e-02";"8,49661914164093e-03";"0,007928699442937920";"1,64253185845790e-02";"4,41490260763178e-04";"1,69350296395776e-03";"1,25201270319453e-03";"0,016425318584578963";"Diferente"
"11/05/2022";"Leeds";"Chelsea";"BW";"Casa de apuestas";"8,44298892626030e-03";"0,006687515981196268";"1,51305049074566e-02";"8,46128454186057e-03";"0,007632387766855320";"1,60936723087158e-02";"1,82956156002667e-05";"9,44871785659052e-04";"9,63167401259235e-04";"0,016093672308715834";"Diferente"
"11/05/2022";"Leicester";"Norwich";"BW";"Casa de apuestas";"1,94252674447677e-02";"0,007987363258539354";"1,14379041862284e-02";"2,16509947891222e-02";"0,011194396157376135";"1,04565986317462e-02";"2,22572734435456e-03";"3,20703289883678e-03";"9,81305554482184e-04";"0,021650994789122247";"Diferente"
"11/05/2022";"Watford";"Everton";"BW";"Casa de apuestas";"8,76938564830107e-03";"0,004198045048663335";"1,29674306969642e-02";"7,77648941233469e-03";"0,005847521217806406";"1,36240106301412e-02";"9,92896235966378e-04";"1,64947616914307e-03";"6,56579933177026e-04";"0,013624010630141181";"Diferente"
"11/05/2022";"Wolves";"Man City";"BW";"Casa de apuestas";"1,19602590322984e-02";"0,008603869129544417";"2,05641281618429e-02";"1,06149011584089e-02";"0,012697854242346485";"2,33127554007554e-02";"1,34535787388952e-03";"4,09398511280207e-03";"2,74862723891245e-03";"0,023312755400755392";"Diferente"
"12/05/2022";"Tottenham";"Arsenal";"BW";"Casa de apuestas";"4,57104614959947e-03";"0,002732043501859016";"1,83900264774045e-03";"4,50769847508126e-03";"0,002604658234472201";"1,90304024060906e-03";"6,33476745182104e-05";"1,27385267386815e-04";"6,40375928686043e-05";"0,004571046149599467";"Similar"
"15/05/2022";"Tottenham";"Burnley";"BW";"Casa de apuestas";"1,74992187848757e-02";"0,007113318804761154";"1,03858999801145e-02";"1,95223787137677e-02";"0,010374814449062436";"9,14756426470517e-03";"2,02315992889202e-03";"3,26149564430128e-03";"1,23833571540935e-03";"0,019522378713767718";"Diferente"
"15/05/2022";"Aston Villa";"Crystal Palace";"BW";"Casa de apuestas";"1,00573025985289e-02";"0,003391207904664129";"6,66609469386481e-03";"1,03700700678714e-02";"0,004235602949027584";"6,13446711884372e-03";"3,12767469342501e-04";"8,44395044363455e-04";"5,31627575021093e-04";"0,010370070067871384";"Diferente"
"15/05/2022";"Leeds";"Brighton";"BW";"Casa de apuestas";"1,73066000983774e-03";"0,003075889187790448";"1,34522917795243e-03";"1,55938627117408e-03";"0,002729687718810103";"1,17030144763591e-03";"1,71273738663658e-04";"3,46201468980345e-04";"1,74927730316521e-04";"0,003075889187790448";"Similar"
"15/05/2022";"Watford";"Leicester";"BW";"Casa de apuestas";"7,39375566961775e-03";"0,004623346002656376";"1,20171016722741e-02";"6,95006679127588e-03";"0,005712425835109503";"1,26624926263854e-02";"4,43688878341869e-04";"1,08907983245313e-03";"6,45390954111313e-04";"0,012662492626385413";"Diferente"
"15/05/2022";"West Ham";"Man City";"BW";"Casa de apuestas";"1,16365276857782e-02";"0,008269640907216352";"1,99061685929945e-02";"1,09407747132081e-02";"0,011141110671951754";"2,20818853851600e-02";"6,95752972570018e-04";"2,87146976473540e-03";"2,17571679216544e-03";"0,022081885385159983";"Diferente"
"15/05/2022";"Wolves";"Norwich";"BW";"Casa de apuestas";"1,83703876672232e-02";"0,007209529493997890";"1,11608581732251e-02";"1,99097478252512e-02";"0,009421737873533842";"1,04880099517174e-02";"1,53936015802802e-03";"2,21220837953595e-03";"6,72848221507705e-04";"0,019909747825251234";"Diferente"
"15/05/2022";"Everton";"Brentford";"BW";"Casa de apuestas";"8,97808166586911e-03";"0,003776296188151063";"5,20178547771805e-03";"9,22354966695804e-03";"0,004163183349631616";"5,06036631732648e-03";"2,45468001088933e-04";"3,86887161480554e-04";"1,41419160391565e-04";"0,009223549666958042";"Similar"
"16/05/2022";"Newcastle";"Arsenal";"BW";"Casa de apuestas";"5,82686559059034e-03";"0,004357591292962981";"1,01844568835535e-02";"5,70889980408665e-03";"0,004862795136044262";"1,05716949401310e-02";"1,17965786503693e-04";"5,05203843081281e-04";"3,87238056577477e-04";"0,010571694940130993";"Diferente"
"17/05/2022";"Southampton";"Liverpool";"BW";"Casa de apuestas";"9,20584113438019e-03";"0,006542592510299261";"1,57484336446796e-02";"8,73082064691905e-03";"0,008452573380570233";"1,71833940274894e-02";"4,75020487461147e-04";"1,90998087027097e-03";"1,43496038280977e-03";"0,017183394027489363";"Diferente"
"19/05/2022";"Everton";"Crystal Palace";"BW";"Casa de apuestas";"1,02710921756028e-02";"0,002848097612012157";"7,42299456359072e-03";"1,05050057689955e-02";"0,003854081752515559";"6,65092401648001e-03";"2,33913593392643e-04";"1,00598414050340e-03";"7,72070547110704e-04";"0,010505005768995490";"Diferente"
"19/05/2022";"Aston Villa";"Burnley";"BW";"Casa de apuestas";"7,72253884397572e-03";"0,002918000029923373";"4,80453881405252e-03";"7,79956215815586e-03";"0,003224285384322678";"4,57527677383307e-03";"7,70233141801357e-05";"3,06285354399305e-04";"2,29262040219447e-04";"0,007799562158155859";"Similar"
"19/05/2022";"Chelsea";"Leicester";"BW";"Casa de apuestas";"1,73212050469980e-02";"0,007087437259060192";"1,02337677879378e-02";"1,89850095463276e-02";"0,009390794618353071";"9,59421492797466e-03";"1,66380449932968e-03";"2,30335735929288e-03";"6,39552859963144e-04";"0,018985009546327647";"Diferente"
"22/05/2022";"Arsenal";"Everton";"BW";"Casa de apuestas";"1,86287735824533e-02";"0,007890666833024029";"1,07381067494295e-02";"2,08104509855144e-02";"0,010772908305834772";"1,00375426796798e-02";"2,18167740306108e-03";"2,88224147281074e-03";"7,00564069749707e-04";"0,020810450985514373";"Diferente"
"22/05/2022";"Brentford";"Leeds";"BW";"Casa de apuestas";"4,72631894307468e-03";"0,004906525211268165";"1,80206268193484e-04";"4,53467555713222e-03";"0,004322691370509446";"2,11984186622605e-04";"1,91643385942464e-04";"5,83833840758718e-04";"3,92190454816088e-04";"0,004906525211268165";"Similar"
"22/05/2022";"Brighton";"West Ham";"BW";"Casa de apuestas";"1,79711819261247e-03";"0,003594236385225213";"1,79711819261247e-03";"1,59585684731162e-03";"0,003191713694623122";"1,59585684731162e-03";"2,01261345300852e-04";"4,02522690602092e-04";"2,01261345300852e-04";"0,003594236385225213";"Similar"
"22/05/2022";"Burnley";"Newcastle";"BW";"Casa de apuestas";"3,09295223007278e-03";"0,002291826898349003";"8,01125331723773e-04";"2,98598797730432e-03";"0,002128302532515558";"8,57685444788758e-04";"1,06964252768460e-04";"1,63524365833445e-04";"5,65601130649851e-05";"0,003092952230072776";"Similar"
"22/05/2022";"Chelsea";"Watford";"BW";"Casa de apuestas";"2,20057720057718e-02";"0,009379509379509432";"1,26262626262627e-02";"2,54336917906199e-02";"0,014701017906858377";"1,07326738837616e-02";"3,42791978484813e-03";"5,32150852734894e-03";"1,89358874250109e-03";"0,025433691790619939";"Diferente"
"22/05/2022";"Crystal Palace";"Man United";"BW";"Casa de apuestas";"5,15172048882295e-04";"0,003783927450742408";"3,26875540186011e-03";"2,92669614231356e-04";"0,003387205667045090";"3,09453605281401e-03";"2,22502434650940e-04";"3,96721783697318e-04";"1,74219349046101e-04";"0,003783927450742408";"Similar"
"22/05/2022";"Leicester";"Southampton";"BW";"Casa de apuestas";"1,23395667695038e-02";"0,005729064116748506";"6,61050265275528e-03";"1,30229104726501e-02";"0,006296874453293855";"6,72603601935629e-03";"6,83343703146377e-04";"5,67810336545349e-04";"1,15533366601001e-04";"0,013022910472650140";"Diferente"
"22/05/2022";"Liverpool";"Wolves";"BW";"Casa de apuestas";"3,00225532615760e-02";"0,013495683846742448";"1,65268694148336e-02";"3,62013563422489e-02";"0,021312658689330646";"1,48886976529183e-02";"6,17880308067287e-03";"7,81697484258820e-03";"1,63817176191530e-03";"0,036201356342248858";"Diferente"
"22/05/2022";"Man City";"Aston Villa";"BW";"Casa de apuestas";"2,09993784678907e-02";"0,009373586429819905";"1,16257920380707e-02";"2,44842144608391e-02";"0,013896193897092610";"1,05880205637465e-02";"3,48483599294847e-03";"4,52260746727270e-03";"1,03777147432423e-03";"0,024484214460839149";"Diferente"
"22/05/2022";"Norwich";"Tottenham";"BW";"Casa de apuestas";"1,17588379725091e-02";"0,008082812658243538";"1,98416506307527e-02";"1,03962062691640e-02";"0,011862099587324371";"2,22583058564884e-02";"1,36263170334511e-03";"3,77928692908083e-03";"2,41665522573564e-03";"0,022258305856488358";"Diferente"
"13/08/2021";"Brentford";"Arsenal";"IW";"Casa de apuestas";"3,85726058036087e-03";"0,001856451012853255";"5,71371159321438e-03";"3,57484328730401e-03";"0,002127046179149661";"5,70188946645350e-03";"2,82417293056864e-04";"2,70595166296406e-04";"1,18221267608742e-05";"0,005713711593214377";"Similar"
"14/08/2021";"Man United";"Leeds";"IW";"Casa de apuestas";"1,18103556788766e-02";"0,005122563908910277";"6,68779176996623e-03";"1,25217419210452e-02";"0,005938505573589270";"6,58323634745603e-03";"7,11386242168599e-04";"8,15941664678993e-04";"1,04555422510200e-04";"0,012521741921045160";"Diferente"
"14/08/2021";"Burnley";"Brighton";"IW";"Casa de apuestas";"1,67709744058359e-03";"0,001384302519246539";"3,06139995983012e-03";"1,60689235703426e-03";"0,001357498285712855";"2,96439064274723e-03";"7,02050835493240e-05";"2,68042335336838e-05";"9,70093170828967e-05";"0,003061399959830124";"Similar"
"14/08/2021";"Chelsea";"Crystal Palace";"IW";"Casa de apuestas";"2,01875954649330e-02";"0,007695350960010228";"1,24922445049228e-02";"2,25542760334797e-02";"0,012416358561237267";"1,01379174722425e-02";"2,36668056854672e-03";"4,72100760122704e-03";"2,35432703268022e-03";"0,022554276033479703";"Diferente"
"14/08/2021";"Everton";"Southampton";"IW";"Casa de apuestas";"6,96251836900907e-03";"0,002359200439085662";"4,60331792992333e-03";"7,03056127873097e-03";"0,002754532044240587";"4,27602923449025e-03";"6,80429097218993e-05";"3,95331605154925e-04";"3,27288695433081e-04";"0,007030561278730973";"Similar"
"14/08/2021";"Leicester";"Wolves";"IW";"Casa de apuestas";"1,13117018153276e-02";"0,004008454057372546";"7,30324775795527e-03";"1,18139055968984e-02";"0,005090884080308777";"6,72302151658966e-03";"5,02203781570842e-04";"1,08243002293623e-03";"5,80226241365611e-04";"0,011813905596898433";"Diferente"
"14/08/2021";"Watford";"Aston Villa";"IW";"Casa de apuestas";"2,49912871240410e-03";"0,001583721247741199";"4,08284996014524e-03";"2,36886239199746e-03";"0,001635009739665516";"4,00387213166292e-03";"1,30266320406636e-04";"5,12884919243173e-05";"7,89778284823184e-05";"0,004082849960145241";"Similar"
"14/08/2021";"Norwich";"Liverpool";"IW";"Casa de apuestas";"8,11030421751541e-03";"0,006579182711920373";"1,46894869294361e-02";"8,07806680076811e-03";"0,008040572149485059";"1,61186389502532e-02";"3,22374167472939e-05";"1,46138943756469e-03";"1,42915202081717e-03";"0,016118638950253228";"Diferente"
"15/08/2021";"Newcastle";"West Ham";"IW";"Casa de apuestas";"2,08814975016786e-03";"0,002684763964501513";"4,77291371466915e-03";"2,13702037300512e-03";"0,002593303386139112";"4,73032375914395e-03";"4,88706228372604e-05";"9,14605783624012e-05";"4,25899555251963e-05";"0,004772913714669147";"Similar"
"15/08/2021";"Tottenham";"Man City";"IW";"Casa de apuestas";"7,75296950489543e-03";"0,004454051166470963";"1,22070206713664e-02";"7,08378570348894e-03";"0,005824001285858277";"1,29077869893472e-02";"6,69183801406487e-04";"1,36995011938731e-03";"7,00766317980883e-04";"0,012907786989347247";"Diferente"
"21/08/2021";"Liverpool";"Burnley";"IW";"Casa de apuestas";"1,93520000748917e-02";"0,008327950496625214";"1,10240495782665e-02";"2,20389498048456e-02";"0,012061719505929519";"9,97723029891613e-03";"2,68694972995387e-03";"3,73376900930431e-03";"1,04681927935033e-03";"0,022038949804845553";"Diferente"
"21/08/2021";"Aston Villa";"Newcastle";"IW";"Casa de apuestas";"9,36940255538232e-03";"0,004306958275979739";"5,06244427940261e-03";"9,70871003175433e-03";"0,004635695997530692";"5,07301403422364e-03";"3,39307476372008e-04";"3,28737721550953e-04";"1,05697548210271e-05";"0,009708710031754331";"Similar"
"21/08/2021";"Crystal Palace";"Brentford";"IW";"Casa de apuestas";"1,30327545553988e-03";"0,001055839543304737";"2,47435912235139e-04";"1,23181035175501e-03";"0,000975837814857050";"2,55972536897964e-04";"7,14651037848624e-05";"8,00017284476873e-05";"8,53662466282490e-06";"0,001303275455539876";"Similar"
"21/08/2021";"Leeds";"Everton";"IW";"Casa de apuestas";"7,11919814793160e-03";"0,003454326006858965";"3,66487214107286e-03";"7,19451084516987e-03";"0,003522406863312622";"3,67210398185724e-03";"7,53126972382612e-05";"6,80808564536561e-05";"7,23184078438299e-06";"0,007194510845169866";"Similar"
"21/08/2021";"Man City";"Norwich";"IW";"Casa de apuestas";"2,00379776446803e-02";"0,008773384806589776";"1,12645928380906e-02";"2,34873910290200e-02";"0,014292186248289332";"9,19520478073060e-03";"3,44941338433968e-03";"5,51880144169956e-03";"2,06938805735996e-03";"0,023487391029019977";"Diferente"
"21/08/2021";"Brighton";"Watford";"IW";"Casa de apuestas";"1,01010101010102e-02";"0,002886002886002825";"7,21500721500712e-03";"1,04226411563965e-02";"0,004127008493539530";"6,29563266285699e-03";"3,21631055386296e-04";"1,24100560753670e-03";"9,19374552150132e-04";"0,010422641156396462";"Diferente"
"22/08/2021";"Southampton";"Man United";"IW";"Casa de apuestas";"7,28138943460258e-03";"0,005352656595695365";"1,26340460302979e-02";"7,07814076818825e-03";"0,006406105507742899";"1,34842462759313e-02";"2,03248666414330e-04";"1,05344891204753e-03";"8,50200245633315e-04";"0,013484246275931255";"Diferente"
"22/08/2021";"Wolves";"Tottenham";"IW";"Casa de apuestas";"3,36296344338738e-05";"0,000941629764148189";"9,75259398582007e-04";"4,77807906252292e-05";"0,000869099584742239";"9,16880375367468e-04";"1,41511561913554e-05";"7,25301794059496e-05";"5,83790232145387e-05";"0,000975259398582007";"Similar"
"22/08/2021";"Arsenal";"Chelsea";"IW";"Casa de apuestas";"5,01873661695937e-03";"0,002413131748231212";"7,43186836519050e-03";"4,58363752857144e-03";"0,002982779512603506";"7,56641704117489e-03";"4,35099088387930e-04";"5,69647764372294e-04";"1,34548675984392e-04";"0,007566417041174889";"Similar"
"23/08/2021";"West Ham";"Leicester";"IW";"Casa de apuestas";"2,72851284696979e-03";"0,002786566311798910";"5,80534648291220e-05";"2,59194607005442e-03";"0,002492433781169145";"9,95122888851618e-05";"1,36566776915370e-04";"2,94132530629765e-04";"1,57565753714284e-04";"0,002786566311798910";"Similar"
"28/08/2021";"Man City";"Arsenal";"IW";"Casa de apuestas";"2,02922701083851e-02";"0,007910857793840070";"1,23814123145450e-02";"2,25620405110908e-02";"0,011766235978860312";"1,07958045322305e-02";"2,26977040270571e-03";"3,85537818502024e-03";"1,58560778231455e-03";"0,022562040511090786";"Diferente"
"28/08/2021";"Aston Villa";"Brentford";"IW";"Casa de apuestas";"7,12214592148902e-03";"0,002306024324149725";"4,81612159733930e-03";"7,16198667899232e-03";"0,002690814641437667";"4,47117203755487e-03";"3,98407575032955e-05";"3,84790317287942e-04";"3,44949559784424e-04";"0,007161986678992316";"Similar"
"28/08/2021";"Brighton";"Everton";"IW";"Casa de apuestas";"4,08284996014524e-03";"0,001583721247741199";"2,49912871240410e-03";"4,00387213166292e-03";"0,001635009739665516";"2,36886239199746e-03";"7,89778284823184e-05";"5,12884919243173e-05";"1,30266320406636e-04";"0,004082849960145241";"Similar"
"28/08/2021";"Newcastle";"Southampton";"IW";"Casa de apuestas";"2,80694802192716e-03";"0,003137177200977503";"3,30229179050234e-04";"2,64998629968005e-03";"0,002785483489811891";"1,35497190131895e-04";"1,56961722247106e-04";"3,51693711165613e-04";"1,94731988918340e-04";"0,003137177200977503";"Similar"
"28/08/2021";"Norwich";"Leicester";"IW";"Casa de apuestas";"4,82845157839185e-03";"0,003277032525582702";"8,10548410397460e-03";"4,63541213289709e-03";"0,003670045752441509";"8,30545788533876e-03";"1,93039445494758e-04";"3,93013226858807e-04";"1,99973781364160e-04";"0,008305457885338763";"Similar"
"28/08/2021";"West Ham";"Crystal Palace";"IW";"Casa de apuestas";"1,52943414555409e-02";"0,005323673490267522";"9,97066796527343e-03";"1,63251087441019e-02";"0,007442602841938817";"8,88250590216302e-03";"1,03076728856100e-03";"2,11892935167129e-03";"1,08816206311041e-03";"0,016325108744101868";"Diferente"
"28/08/2021";"Liverpool";"Chelsea";"IW";"Casa de apuestas";"3,27217184564926e-03";"0,002136822103242786";"1,13534974240648e-03";"3,17520456145509e-03";"0,002004458404350151";"1,17074615710494e-03";"9,69672841941716e-05";"1,32363698892635e-04";"3,53964146984631e-05";"0,003272171845649263";"Similar"
"29/08/2021";"Burnley";"Leeds";"IW";"Casa de apuestas";"1,92543899174591e-03";"0,003267822514160246";"5,19326150590604e-03";"2,05681551943754e-03";"0,003089761833318105";"5,14657735275581e-03";"1,31376527691629e-04";"1,78060680842140e-04";"4,66841531502338e-05";"0,005193261505906044";"Similar"
"29/08/2021";"Tottenham";"Watford";"IW";"Casa de apuestas";"1,61394276287893e-02";"0,006348243795052333";"9,79118383373706e-03";"1,74873168387985e-02";"0,008410471676617265";"9,07684516218124e-03";"1,34788921000917e-03";"2,06222788156493e-03";"7,14338671555820e-04";"0,017487316838798450";"Diferente"
"29/08/2021";"Wolves";"Man United";"IW";"Casa de apuestas";"7,21500721500715e-03";"0,002886002886002881";"1,01010101010101e-02";"6,29563266285701e-03";"0,004127008493539586";"1,04226411563964e-02";"9,19374552150132e-04";"1,24100560753670e-03";"3,21631055386296e-04";"0,010422641156396351";"Diferente"
"11/09/2021";"Crystal Palace";"Tottenham";"IW";"Casa de apuestas";"3,85726058036087e-03";"0,001856451012853255";"5,71371159321438e-03";"3,57484328730401e-03";"0,002127046179149661";"5,70188946645350e-03";"2,82417293056864e-04";"2,70595166296406e-04";"1,18221267608742e-05";"0,005713711593214377";"Similar"
"11/09/2021";"Arsenal";"Norwich";"IW";"Casa de apuestas";"1,65248151530436e-02";"0,006564244480866510";"9,96057067217716e-03";"1,81584420018722e-02";"0,009188403743415285";"8,97003825845674e-03";"1,63362684882862e-03";"2,62415926254878e-03";"9,90532413720421e-04";"0,018158442001872221";"Diferente"
"11/09/2021";"Brentford";"Brighton";"IW";"Casa de apuestas";"1,10721712336553e-03";"0,000563198631255257";"1,67041575462074e-03";"1,03453107825086e-03";"0,000555190477535328";"1,58972155578596e-03";"7,26860451146782e-05";"8,00815371992947e-06";"8,06941988347742e-05";"0,001670415754620735";"Similar"
"11/09/2021";"Leicester";"Man City";"IW";"Casa de apuestas";"7,04227979305541e-03";"0,004395409255802257";"1,14376890488576e-02";"6,57475918475006e-03";"0,005501513196907198";"1,20762723816574e-02";"4,67520608305350e-04";"1,10610394110494e-03";"6,38583332799869e-04";"0,012076272381657427";"Diferente"
"11/09/2021";"Man United";"Newcastle";"IW";"Casa de apuestas";"2,20057720057718e-02";"0,009379509379509432";"1,26262626262627e-02";"2,54336917906199e-02";"0,014701017906858377";"1,07326738837616e-02";"3,42791978484813e-03";"5,32150852734894e-03";"1,89358874250109e-03";"0,025433691790619939";"Diferente"
"11/09/2021";"Southampton";"West Ham";"IW";"Casa de apuestas";"9,16559215013102e-04";"0,003348966362548000";"4,26552557756116e-03";"1,10290499241639e-03";"0,003057099119131657";"4,16000411154827e-03";"1,86345777403285e-04";"2,91867243416344e-04";"1,05521466012892e-04";"0,004265525577561158";"Similar"
"11/09/2021";"Watford";"Wolves";"IW";"Casa de apuestas";"2,88600288600288e-03";"0,001443001443001413";"4,32900432900429e-03";"2,69269272535705e-03";"0,001564231174356223";"4,25692389971316e-03";"1,93310160645832e-04";"1,21229731354811e-04";"7,20804292911326e-05";"0,004329004329004293";"Similar"
"11/09/2021";"Chelsea";"Aston Villa";"IW";"Casa de apuestas";"1,82212900546525e-02";"0,007414180091203426";"1,08071099634491e-02";"2,02561300103191e-02";"0,010515642384357343";"9,74048762596176e-03";"2,03483995566667e-03";"3,10146229315392e-03";"1,06662233748729e-03";"0,020256130010319118";"Diferente"
"12/09/2021";"Leeds";"Liverpool";"IW";"Casa de apuestas";"6,72964712310004e-03";"0,005762336683627217";"1,24919838067272e-02";"6,83952635541296e-03";"0,006435401459172846";"1,32749278145857e-02";"1,09879232312926e-04";"6,73064775545629e-04";"7,82944007858499e-04";"0,013274927814585724";"Diferente"
"13/09/2021";"Everton";"Burnley";"IW";"Casa de apuestas";"9,72059691341365e-03";"0,003031826046948904";"6,68877086646463e-03";"1,00157012323179e-02";"0,004003520310663256";"6,01218092165434e-03";"2,95104318904227e-04";"9,71694263714351e-04";"6,76589944810291e-04";"0,010015701232317875";"Diferente"
"17/09/2021";"Newcastle";"Leeds";"IW";"Casa de apuestas";"9,24275651878304e-04";"0,003308553607360598";"4,23282925923896e-03";"1,13955523147413e-03";"0,002998325688523984";"4,13788091999817e-03";"2,15279579595828e-04";"3,10227918836614e-04";"9,49483392407857e-05";"0,004232829259238957";"Similar"
"18/09/2021";"Wolves";"Brentford";"IW";"Casa de apuestas";"1,11460186907129e-02";"0,002978677408724928";"8,16734128198782e-03";"1,14608304375207e-02";"0,004286797370750661";"7,17403306676995e-03";"3,14811746807808e-04";"1,30811996202573e-03";"9,93308215217870e-04";"0,011460830437520664";"Diferente"
"18/09/2021";"Burnley";"Arsenal";"IW";"Casa de apuestas";"3,21900106720702e-03";"0,003042401097864245";"6,26140216507132e-03";"3,21864265835647e-03";"0,003094493363937190";"6,31313602229366e-03";"3,58408850542613e-07";"5,20922660729450e-05";"5,17338572223469e-05";"0,006313136022293664";"Similar"
"18/09/2021";"Liverpool";"Crystal Palace";"IW";"Casa de apuestas";"1,98343982374327e-02";"0,008559508545870176";"1,12748896915625e-02";"2,25159407165471e-02";"0,012097771489160608";"1,04181692273864e-02";"2,68154247911434e-03";"3,53826294329043e-03";"8,56720464176175e-04";"0,022515940716547056";"Diferente"
"18/09/2021";"Man City";"Southampton";"IW";"Casa de apuestas";"2,28533578382554e-02";"0,010301530067308273";"1,25518277709471e-02";"2,68343518699086e-02";"0,015178929119311832";"1,16554227505965e-02";"3,98099403165320e-03";"4,87739905200356e-03";"8,96405020350641e-04";"0,026834351869908568";"Diferente"
"18/09/2021";"Norwich";"Watford";"IW";"Casa de apuestas";"4,04746181539317e-03";"0,002023730907696586";"2,02373090769659e-03";"3,97320363966669e-03";"0,001986601819833289";"1,98660181983329e-03";"7,42581757264826e-05";"3,71290878632968e-05";"3,71290878632968e-05";"0,004047461815393172";"Similar"
"18/09/2021";"Aston Villa";"Everton";"IW";"Casa de apuestas";"4,86649523775706e-03";"0,002065673845791760";"2,80082139196541e-03";"4,80646015853980e-03";"0,002112909498824977";"2,69355065971477e-03";"6,00350792172577e-05";"4,72356530332174e-05";"1,07270732250642e-04";"0,004866495237757062";"Similar"
"19/09/2021";"Brighton";"Leicester";"IW";"Casa de apuestas";"2,91147452661311e-03";"0,001989386584269281";"9,22087942343774e-04";"2,81092856787751e-03";"0,001857703072730976";"9,53225495146481e-04";"1,00545958735598e-04";"1,31683511538305e-04";"3,11375528027069e-05";"0,002911474526613111";"Similar"
"19/09/2021";"West Ham";"Man United";"IW";"Casa de apuestas";"5,06662501925348e-03";"0,003576833000007607";"8,64345801926114e-03";"4,89142131772083e-03";"0,004038335071986587";"8,92975638970750e-03";"1,75203701532650e-04";"4,61502071978981e-04";"2,86298370446358e-04";"0,008929756389707499";"Similar"
"19/09/2021";"Tottenham";"Chelsea";"IW";"Casa de apuestas";"5,14665027702699e-03";"0,002717194036747417";"7,86384431377440e-03";"4,79072445508569e-03";"0,003202924994249456";"7,99364944933506e-03";"3,55925821941300e-04";"4,85730957502040e-04";"1,29805135560657e-04";"0,007993649449335061";"Similar"
"25/09/2021";"Chelsea";"Man City";"IW";"Casa de apuestas";"7,17889628460533e-04";"0,001022212405742740";"1,74010203420327e-03";"6,94727157040442e-04";"0,000964338214529015";"1,65906537156935e-03";"2,31624714200906e-05";"5,78741912137248e-05";"8,10366626339265e-05";"0,001740102034203272";"Similar"
"25/09/2021";"Man United";"Aston Villa";"IW";"Casa de apuestas";"1,65248151530436e-02";"0,006564244480866510";"9,96057067217716e-03";"1,81584420018722e-02";"0,009188403743415285";"8,97003825845674e-03";"1,63362684882862e-03";"2,62415926254878e-03";"9,90532413720421e-04";"0,018158442001872221";"Diferente"
"25/09/2021";"Everton";"Norwich";"IW";"Casa de apuestas";"1,04082790672538e-02";"0,003550487719203466";"6,85779134805048e-03";"1,08662613716093e-02";"0,004681279360437274";"6,18498201117204e-03";"4,57982304355453e-04";"1,13079164123381e-03";"6,72809336878438e-04";"0,010866261371609287";"Diferente"
"25/09/2021";"Leeds";"West Ham";"IW";"Casa de apuestas";"2,89704322782580e-04";"0,003413398579609206";"3,70310290239184e-03";"5,08214402344775e-04";"0,003057391614079752";"3,56560601642458e-03";"2,18510079562195e-04";"3,56006965529454e-04";"1,37496885967259e-04";"0,003703102902391842";"Similar"
"25/09/2021";"Leicester";"Burnley";"IW";"Casa de apuestas";"1,01080353636741e-02";"0,003921111670139310";"6,18692369353480e-03";"1,05618393973481e-02";"0,004726557830485589";"5,83528156686267e-03";"4,53804033674010e-04";"8,05446160346279e-04";"3,51642126672130e-04";"0,010561839397348116";"Diferente"
"25/09/2021";"Watford";"Newcastle";"IW";"Casa de apuestas";"5,02413464461543e-03";"0,002331332975081035";"2,69280166953467e-03";"5,00479713994334e-03";"0,002368021056820491";"2,63677608312296e-03";"1,93375046720901e-05";"3,66880817394555e-05";"5,60255864117121e-05";"0,005024134644615430";"Similar"
"25/09/2021";"Brentford";"Liverpool";"IW";"Casa de apuestas";"9,96057067217716e-03";"0,006564244480866510";"1,65248151530436e-02";"8,97003825845674e-03";"0,009188403743415285";"1,81584420018722e-02";"9,90532413720421e-04";"2,62415926254878e-03";"1,63362684882862e-03";"0,018158442001872221";"Diferente"
"26/09/2021";"Southampton";"Wolves";"IW";"Casa de apuestas";"4,61898784391085e-03";"0,001630231003733218";"2,98875684017752e-03";"4,55008055356004e-03";"0,001741110824705405";"2,80896972885475e-03";"6,89072903508059e-05";"1,10879820972187e-04";"1,79787111322771e-04";"0,004618987843910849";"Similar"
"26/09/2021";"Arsenal";"Tottenham";"IW";"Casa de apuestas";"5,87195185470590e-03";"0,002264052400513528";"3,60789945419254e-03";"5,85571418341918e-03";"0,002422360794855527";"3,43335338856371e-03";"1,62376712867229e-05";"1,58308394341999e-04";"1,74546065628833e-04";"0,005871951854705904";"Similar"
"27/09/2021";"Crystal Palace";"Brighton";"IW";"Casa de apuestas";"2,47435912235139e-04";"0,001055839543304737";"1,30327545553988e-03";"2,55972536897964e-04";"0,000975837814857050";"1,23181035175501e-03";"8,53662466282490e-06";"8,00017284476873e-05";"7,14651037848624e-05";"0,001303275455539876";"Similar"
"02/10/2021";"Man United";"Everton";"IW";"Casa de apuestas";"1,35781568139389e-02";"0,004827612517110974";"8,75054429682784e-03";"1,44204637672580e-02";"0,006530145170611956";"7,89031859664596e-03";"8,42306953319105e-04";"1,70253265350098e-03";"8,60225700181877e-04";"0,014420463767258029";"Diferente"
"02/10/2021";"Burnley";"Norwich";"IW";"Casa de apuestas";"8,39438339438336e-03";"0,003434065934065977";"4,96031746031747e-03";"8,57078995985217e-03";"0,003782159540567098";"4,78863041928504e-03";"1,76406565468801e-04";"3,48093606501121e-04";"1,71687041032431e-04";"0,008570789959852165";"Similar"
"02/10/2021";"Chelsea";"Southampton";"IW";"Casa de apuestas";"1,97908922601494e-02";"0,007727123790564894";"1,20637684695847e-02";"2,19276069750243e-02";"0,011271752968605109";"1,06558540064192e-02";"2,13671471487487e-03";"3,54462917804022e-03";"1,40791446316542e-03";"0,021927606975024272";"Diferente"
"02/10/2021";"Leeds";"Watford";"IW";"Casa de apuestas";"1,18419088312987e-02";"0,005363946672720582";"6,47796215857807e-03";"1,24298351253582e-02";"0,005922795618380411";"6,50703950697779e-03";"5,87926294059571e-04";"5,58848945659829e-04";"2,90773483997142e-05";"0,012429835125358224";"Diferente"
"02/10/2021";"Wolves";"Newcastle";"IW";"Casa de apuestas";"1,07050363739674e-02";"0,004030502350734044";"6,67453402323345e-03";"1,11459185149527e-02";"0,004868706206459905";"6,27721230849287e-03";"4,40882140985366e-04";"8,38203855725861e-04";"3,97321714740578e-04";"0,011145918514952724";"Diferente"
"02/10/2021";"Brighton";"Arsenal";"IW";"Casa de apuestas";"2,02373090769659e-03";"0,002023730907696586";"4,04746181539317e-03";"1,98660181983334e-03";"0,001986601819833345";"3,97320363966663e-03";"3,71290878632413e-05";"3,71290878632413e-05";"7,42581757265381e-05";"0,004047461815393172";"Similar"
"03/10/2021";"Crystal Palace";"Leicester";"IW";"Casa de apuestas";"5,38631828478353e-06";"0,001685917623151567";"1,69130394143646e-03";"5,78231905460358e-05";"0,001539997260645853";"1,59782045119194e-03";"5,24368722612523e-05";"1,45920362505714e-04";"9,34834902445170e-05";"0,001691303941436462";"Similar"
"03/10/2021";"Tottenham";"Aston Villa";"IW";"Casa de apuestas";"6,62215737726457e-03";"0,002862239619490115";"3,75991775777446e-03";"6,65171578057733e-03";"0,002996382536973041";"3,65533324360418e-03";"2,95584033127572e-05";"1,34142917482927e-04";"1,04584514170281e-04";"0,006651715780577327";"Similar"
"03/10/2021";"West Ham";"Brentford";"IW";"Casa de apuestas";"9,45357965415261e-03";"0,003625401906204195";"5,82817774794850e-03";"9,79491470787131e-03";"0,004289850510762749";"5,50506419710869e-03";"3,41335053718694e-04";"6,64448604558554e-04";"3,23113550839804e-04";"0,009794914707871305";"Similar"
"03/10/2021";"Liverpool";"Man City";"IW";"Casa de apuestas";"1,89340344790345e-04";"0,002470736302509546";"2,66007664729973e-03";"3,11409081612091e-04";"0,002228241195750935";"2,53965027736297e-03";"1,22068736821745e-04";"2,42495106758611e-04";"1,20426369936755e-04";"0,002660076647299725";"Similar"
"16/10/2021";"Watford";"Liverpool";"IW";"Casa de apuestas";"1,20858775106323e-02";"0,008600920597372275";"2,06867981080044e-02";"1,12133236281352e-02";"0,011906094445776561";"2,31194180739118e-02";"8,72553882497046e-04";"3,30517384840429e-03";"2,43261996590738e-03";"0,023119418073911824";"Diferente"
"16/10/2021";"Aston Villa";"Wolves";"IW";"Casa de apuestas";"6,66136135243689e-03";"0,001871168919223842";"4,79019243321305e-03";"6,65023148296667e-03";"0,002255920318469495";"4,39431116449707e-03";"1,11298694702167e-05";"3,84751399245653e-04";"3,95881268715981e-04";"0,006661361352436890";"Similar"
"16/10/2021";"Leicester";"Man United";"IW";"Casa de apuestas";"3,23924441571499e-03";"0,004187315952021819";"7,42656036773687e-03";"3,44489841999679e-03";"0,004093074578008615";"7,53797299800540e-03";"2,05654004281797e-04";"9,42413740132042e-05";"1,11412630268537e-04";"0,007537972998005404";"Similar"
"16/10/2021";"Man City";"Burnley";"IW";"Casa de apuestas";"1,98318861780207e-02";"0,008802639834414983";"1,10292463436057e-02";"2,32823760871156e-02";"0,013901992863669846";"9,38038322344568e-03";"3,45048990909491e-03";"5,09935302925486e-03";"1,64886312015998e-03";"0,023282376087115586";"Diferente"
"16/10/2021";"Norwich";"Brighton";"IW";"Casa de apuestas";"5,51167346197887e-03";"0,003135018197661266";"8,64669165963988e-03";"5,19273473528456e-03";"0,003622682654738085";"8,81541739002273e-03";"3,18938726694307e-04";"4,87664457076820e-04";"1,68725730382846e-04";"0,008815417390022728";"Similar"
"16/10/2021";"Southampton";"Leeds";"IW";"Casa de apuestas";"6,62215737726457e-03";"0,003759917757774456";"2,86223961949011e-03";"6,65171578057733e-03";"0,003655333243604175";"2,99638253697304e-03";"2,95584033127572e-05";"1,04584514170281e-04";"1,34142917482927e-04";"0,006651715780577327";"Similar"
"16/10/2021";"Brentford";"Chelsea";"IW";"Casa de apuestas";"8,61069713528731e-03";"0,004920398363021300";"1,35310954983087e-02";"7,92770691748132e-03";"0,006385027175537711";"1,43127340930191e-02";"6,82990217805990e-04";"1,46462881251641e-03";"7,81638594710476e-04";"0,014312734093019142";"Diferente"
"17/10/2021";"Everton";"West Ham";"IW";"Casa de apuestas";"3,06596333755627e-05";"0,002054195436162420";"2,02353580278691e-03";"5,19206987401599e-05";"0,001862386603143751";"1,91430730188397e-03";"8,25803321157226e-05";"1,91808833018670e-04";"1,09228500902947e-04";"0,002054195436162420";"Similar"
"17/10/2021";"Newcastle";"Tottenham";"IW";"Casa de apuestas";"3,45432600685891e-03";"0,003664872141072806";"7,11919814793166e-03";"3,52240686331262e-03";"0,003672103981857244";"7,19451084516987e-03";"6,80808564537116e-05";"7,23184078443850e-06";"7,53126972382057e-05";"0,007194510845169866";"Similar"
"18/10/2021";"Arsenal";"Crystal Palace";"IW";"Casa de apuestas";"1,22070206713666e-02";"0,004454051166470990";"7,75296950489548e-03";"1,29077869893475e-02";"0,005824001285858221";"7,08378570348892e-03";"7,00766317980883e-04";"1,36995011938723e-03";"6,69183801406570e-04";"0,012907786989347469";"Diferente"
"22/10/2021";"Arsenal";"Aston Villa";"IW";"Casa de apuestas";"7,79793131180184e-03";"0,003466732396719185";"4,33119891508268e-03";"7,95863234408578e-03";"0,003696208524598787";"4,26242381948705e-03";"1,60701032283939e-04";"2,29476127879602e-04";"6,87750955956357e-05";"0,007958632344085781";"Similar"
"23/10/2021";"Chelsea";"Norwich";"IW";"Casa de apuestas";"1,91111558443987e-02";"0,007582879428353728";"1,15282764160450e-02";"2,16795977635325e-02";"0,013042586402860629";"8,63701136067168e-03";"2,56844191913375e-03";"5,45970697450690e-03";"2,89126505537328e-03";"0,021679597763532454";"Diferente"
"23/10/2021";"Crystal Palace";"Newcastle";"IW";"Casa de apuestas";"8,41403429018051e-03";"0,003070524361819427";"5,34350992836108e-03";"8,61002415565959e-03";"0,003596371106301011";"5,01365304935861e-03";"1,95989865479085e-04";"5,25846744481584e-04";"3,29856879002471e-04";"0,008610024155659590";"Similar"
"23/10/2021";"Everton";"Watford";"IW";"Casa de apuestas";"9,91171081126108e-03";"0,003498250874562736";"6,41345993669831e-03";"1,02562710196747e-02";"0,004321497113632278";"5,93477390604258e-03";"3,44560208413669e-04";"8,23246239069542e-04";"4,78686030655734e-04";"0,010256271019674745";"Diferente"
"23/10/2021";"Leeds";"Wolves";"IW";"Casa de apuestas";"3,10723960269826e-03";"0,002359200439085662";"7,48039163612491e-04";"3,00289519807967e-03";"0,002169038637893472";"8,33856560186086e-04";"1,04344404618595e-04";"1,90161801192190e-04";"8,58173965735953e-05";"0,003107239602698264";"Similar"
"23/10/2021";"Southampton";"Burnley";"IW";"Casa de apuestas";"8,24223261452944e-03";"0,003748207871108467";"4,49402474342089e-03";"8,42269912940052e-03";"0,003965700298868446";"4,45699883053211e-03";"1,80466514871080e-04";"2,17492427759980e-04";"3,70259128887884e-05";"0,008422699129400524";"Similar"
"23/10/2021";"Brighton";"Man City";"IW";"Casa de apuestas";"1,11660140878001e-02";"0,006823675275877850";"1,79896893636781e-02";"9,74871199372887e-03";"0,010004652174304102";"1,97533641680330e-02";"1,41730209407126e-03";"3,18097689842625e-03";"1,76367480435491e-03";"0,019753364168032972";"Diferente"
"24/10/2021";"Brentford";"Leicester";"IW";"Casa de apuestas";"9,75221122717751e-04";"0,002673761233133898";"1,69854011041615e-03";"8,29665225953735e-04";"0,002383719868945144";"1,55405464299146e-03";"1,45555896764016e-04";"2,90041364188753e-04";"1,44485467424682e-04";"0,002673761233133898";"Similar"
"24/10/2021";"West Ham";"Tottenham";"IW";"Casa de apuestas";"2,96683212190663e-03";"0,002552544753532338";"4,14287368374344e-04";"2,85170402150281e-03";"0,002308261422807545";"5,43442598695321e-04";"1,15128100403816e-04";"2,44283330724793e-04";"1,29155230320976e-04";"0,002966832121906626";"Similar"
"24/10/2021";"Man United";"Liverpool";"IW";"Casa de apuestas";"5,30561765266391e-04";"0,003078243802195790";"3,60880556746218e-03";"7,05862200859941e-04";"0,002782360747032531";"3,48822294789269e-03";"1,75300435593551e-04";"2,95883055163260e-04";"1,20582619569487e-04";"0,003608805567462181";"Similar"
"30/10/2021";"Leicester";"Arsenal";"IW";"Casa de apuestas";"2,28933293647726e-03";"0,002654882715238172";"3,65549778760910e-04";"2,14865165835670e-03";"0,002360765865850656";"2,12114207494118e-04";"1,40681278120558e-04";"2,94116849387516e-04";"1,53435571266791e-04";"0,002654882715238172";"Similar"
"30/10/2021";"Burnley";"Brentford";"IW";"Casa de apuestas";"1,67041575462074e-03";"0,001107217123365534";"5,63198631255257e-04";"1,58972155578602e-03";"0,001034531078250689";"5,55190477535272e-04";"8,06941988347187e-05";"7,26860451148448e-05";"8,00815371998498e-06";"0,001670415754620735";"Similar"
"30/10/2021";"Liverpool";"Brighton";"IW";"Casa de apuestas";"2,23668754553092e-02";"0,009473610370416774";"1,28932650848922e-02";"2,54547786127014e-02";"0,013738136305555149";"1,17166423071461e-02";"3,08790315739216e-03";"4,26452593513837e-03";"1,17662277774611e-03";"0,025454778612701401";"Diferente"
"30/10/2021";"Man City";"Crystal Palace";"IW";"Casa de apuestas";"2,17068628491632e-02";"0,009426854051758582";"1,22800087974046e-02";"2,54878792230753e-02";"0,015604669180898673";"9,88321004217649e-03";"3,78101637391204e-03";"6,17781512914009e-03";"2,39679875522809e-03";"0,025487879223075272";"Diferente"
"30/10/2021";"Newcastle";"Chelsea";"IW";"Casa de apuestas";"8,91945112583475e-03";"0,005476280654464705";"1,43957317802995e-02";"7,97820621365036e-03";"0,007603881072056340";"1,55820872857068e-02";"9,41244912184391e-04";"2,12760041759164e-03";"1,18635550540724e-03";"0,015582087285706758";"Diferente"
"30/10/2021";"Watford";"Southampton";"IW";"Casa de apuestas";"1,44300144300141e-03";"0,002886002886002881";"4,32900432900429e-03";"1,56423117435622e-03";"0,002692692725357049";"4,25692389971316e-03";"1,21229731354811e-04";"1,93310160645832e-04";"7,20804292911326e-05";"0,004329004329004293";"Similar"
"30/10/2021";"Tottenham";"Man United";"IW";"Casa de apuestas";"1,38796931124807e-03";"0,002422201303430682";"3,81017061467825e-03";"1,45269742415421e-03";"0,002277516574918814";"3,73021399907297e-03";"6,47281129061428e-05";"1,44684728511868e-04";"7,99566156052811e-05";"0,003810170614678254";"Similar"
"31/10/2021";"Norwich";"Leeds";"IW";"Casa de apuestas";"3,62540190620425e-03";"0,003281218180931744";"6,90662008713572e-03";"3,61967993549034e-03";"0,003385827801818231";"7,00550773730862e-03";"5,72197071391223e-06";"1,04609620886487e-04";"9,88876501729075e-05";"0,007005507737308625";"Similar"
"31/10/2021";"Aston Villa";"West Ham";"IW";"Casa de apuestas";"7,54465418909500e-04";"0,002774331698648214";"3,52879711755766e-03";"8,88460715918304e-04";"0,002533049441442503";"3,42151015736092e-03";"1,33995297008804e-04";"2,41282257205711e-04";"1,07286960196740e-04";"0,003528797117557658";"Similar"
"01/11/2021";"Wolves";"Everton";"IW";"Casa de apuestas";"5,35613116258277e-03";"0,001512153125056370";"3,84397803752645e-03";"5,29223878633345e-03";"0,001747557235262265";"3,54468155107107e-03";"6,38923762493193e-05";"2,35404110205895e-04";"2,99296486455380e-04";"0,005356131162582767";"Similar"
"05/11/2021";"Southampton";"Aston Villa";"IW";"Casa de apuestas";"7,80963772736210e-03";"0,003701354572043403";"4,10828315531886e-03";"7,93940315228908e-03";"0,003829856502497286";"4,10954664979180e-03";"1,29765424926986e-04";"1,28501930453884e-04";"1,26349447293617e-06";"0,007939403152289082";"Similar"
"06/11/2021";"Man United";"Man City";"IW";"Casa de apuestas";"7,06733259311423e-03";"0,004476944774077507";"1,15442773671918e-02";"6,70952175237979e-03";"0,005362952334919985";"1,20724740872998e-02";"3,57810840734440e-04";"8,86007560842478e-04";"5,28196720108065e-04";"0,012072474087299834";"Diferente"
"06/11/2021";"Brentford";"Norwich";"IW";"Casa de apuestas";"1,12400997782608e-02";"0,003791586210637132";"7,44851356762369e-03";"1,17174574784148e-02";"0,004956562705927536";"6,76089477248723e-03";"4,77357700154002e-04";"1,16497649529040e-03";"6,87618795136458e-04";"0,011717457478414794";"Diferente"
"06/11/2021";"Chelsea";"Burnley";"IW";"Casa de apuestas";"1,95860689466826e-02";"0,007570406291633969";"1,20156626550489e-02";"2,20518778437867e-02";"0,012880155087758666";"9,17172275602816e-03";"2,46580889710413e-03";"5,30974879612470e-03";"2,84393989902073e-03";"0,022051877843786705";"Diferente"
"06/11/2021";"Crystal Palace";"Wolves";"IW";"Casa de apuestas";"4,18788003277226e-03";"0,001145740763682956";"3,04213926908925e-03";"4,09410160392232e-03";"0,001285974325613004";"2,80812727830948e-03";"9,37784288499444e-05";"1,40233561930048e-04";"2,34011990779770e-04";"0,004187880032772262";"Similar"
"06/11/2021";"Brighton";"Newcastle";"IW";"Casa de apuestas";"1,24171190379960e-02";"0,004233695472414423";"8,18342356558155e-03";"1,30726555403708e-02";"0,005732058462952300";"7,34059707741838e-03";"6,55536502374821e-04";"1,49836299053788e-03";"8,42826488163168e-04";"0,013072655540370848";"Diferente"
"07/11/2021";"Arsenal";"Watford";"IW";"Casa de apuestas";"1,79821211589730e-02";"0,007421733688327853";"1,05603874706452e-02";"1,97118948075545e-02";"0,009703867792264870";"1,00080270152897e-02";"1,72977364858151e-03";"2,28213410393702e-03";"5,52360455355505e-04";"0,019711894807554531";"Diferente"
"07/11/2021";"Everton";"Tottenham";"IW";"Casa de apuestas";"2,30201261129093e-03";"0,002545755123074700";"4,84776773436568e-03";"2,29880942681276e-03";"0,002491285310899816";"4,79009473771258e-03";"3,20318447816215e-06";"5,44698121748843e-05";"5,76729966531020e-05";"0,004847767734365682";"Similar"
"07/11/2021";"Leeds";"Leicester";"IW";"Casa de apuestas";"1,69854011041615e-03";"0,002673761233133898";"9,75221122717751e-04";"1,55405464299146e-03";"0,002383719868945144";"8,29665225953735e-04";"1,44485467424682e-04";"2,90041364188753e-04";"1,45555896764016e-04";"0,002673761233133898";"Similar"
"07/11/2021";"West Ham";"Liverpool";"IW";"Casa de apuestas";"6,25061850045427e-03";"0,004999513541572159";"1,12501320420264e-02";"6,22011403038253e-03";"0,005634787909498951";"1,18549019398815e-02";"3,05044700717461e-05";"6,35274367926791e-04";"6,04769897855073e-04";"0,011854901939881479";"Diferente"
"20/11/2021";"Leicester";"Chelsea";"IW";"Casa de apuestas";"6,77553055474794e-03";"0,003766132752788476";"1,05416633075364e-02";"6,27586214906903e-03";"0,004679733708995659";"1,09555958580646e-02";"4,99668405678916e-04";"9,13600956207183e-04";"4,13932550528240e-04";"0,010955595858064604";"Diferente"
"20/11/2021";"Aston Villa";"Brighton";"IW";"Casa de apuestas";"2,55719920779546e-03";"0,001924490125454370";"6,32709082341198e-04";"2,45847552869521e-03";"0,001770977267472107";"6,87498261223107e-04";"9,87236791002433e-05";"1,53512857982263e-04";"5,47891788819088e-05";"0,002557199207795458";"Similar"
"20/11/2021";"Burnley";"Crystal Palace";"IW";"Casa de apuestas";"5,48563888648768e-05";"0,001022323610663844";"9,67467221798912e-04";"3,13621023870780e-05";"0,000937775666379592";"9,06413563992736e-04";"2,34942864777987e-05";"8,45479442842523e-05";"6,10536578061760e-05";"0,001022323610663844";"Similar"
"20/11/2021";"Newcastle";"Brentford";"IW";"Casa de apuestas";"2,82415088358523e-03";"0,002546365550773755";"2,77785332811753e-04";"2,70365391671773e-03";"0,002309562880296490";"3,94091036421407e-04";"1,20496966867500e-04";"2,36802670477265e-04";"1,16305703609654e-04";"0,002824150883585230";"Similar"
"20/11/2021";"Norwich";"Southampton";"IW";"Casa de apuestas";"2,88698989109393e-03";"0,002886989891093927";"5,77397978218763e-03";"2,88297965042683e-03";"0,002882979650426831";"5,76595930085377e-03";"4,01024066709610e-06";"4,01024066709610e-06";"8,02048133385913e-06";"0,005773979782187633";"Similar"
"20/11/2021";"Watford";"Man United";"IW";"Casa de apuestas";"7,74568869340150e-03";"0,005382166478171108";"1,31278551715727e-02";"7,36528048254079e-03";"0,006726985180445566";"1,40922656629863e-02";"3,80408210860717e-04";"1,34481870227446e-03";"9,64410491413603e-04";"0,014092265662986270";"Diferente"
"20/11/2021";"Wolves";"West Ham";"IW";"Casa de apuestas";"1,59143155079144e-03";"0,001866211099129544";"3,45764264992104e-03";"1,56699915735953e-03";"0,001796912415763019";"3,36391157312249e-03";"2,44323934319168e-05";"6,92986833665254e-05";"9,37310767985533e-05";"0,003457642649921044";"Similar"
"20/11/2021";"Liverpool";"Arsenal";"IW";"Casa de apuestas";"1,47984698587968e-02";"0,006445182946601569";"8,35328691219500e-03";"1,59212429186302e-02";"0,007656940461493233";"8,26430245713683e-03";"1,12277305983333e-03";"1,21175751489166e-03";"8,89844550581720e-05";"0,015921242918630174";"Diferente"
"21/11/2021";"Man City";"Everton";"IW";"Casa de apuestas";"2,25462189920105e-02";"0,009426216892810091";"1,31200020992003e-02";"2,59040814798148e-02";"0,014809076712790831";"1,10950047670240e-02";"3,35786248780434e-03";"5,38285981998074e-03";"2,02499733217635e-03";"0,025904081479814822";"Diferente"
"21/11/2021";"Tottenham";"Leeds";"IW";"Casa de apuestas";"1,46627565982406e-02";"0,005498533724340199";"9,16422287390031e-03";"1,56387693859203e-02";"0,007164263430325252";"8,47450595559501e-03";"9,76012787679781e-04";"1,66572970598505e-03";"6,89716918305300e-04";"0,015638769385920348";"Diferente"
"27/11/2021";"Arsenal";"Newcastle";"IW";"Casa de apuestas";"1,47771500313872e-02";"0,005938480853735079";"8,83866917765222e-03";"1,59910170237249e-02";"0,007727407033190414";"8,26360999053455e-03";"1,21386699233761e-03";"1,78892617945534e-03";"5,75059187117671e-04";"0,015991017023724852";"Diferente"
"27/11/2021";"Crystal Palace";"Aston Villa";"IW";"Casa de apuestas";"4,08284996014524e-03";"0,001583721247741199";"2,49912871240410e-03";"4,00387213166292e-03";"0,001635009739665516";"2,36886239199746e-03";"7,89778284823184e-05";"5,12884919243173e-05";"1,30266320406636e-04";"0,004082849960145241";"Similar"
"27/11/2021";"Liverpool";"Southampton";"IW";"Casa de apuestas";"1,88673760102332e-02";"0,008186522472236696";"1,06808535379963e-02";"2,12681850119533e-02";"0,011190295692487251";"1,00778893194660e-02";"2,40080900172002e-03";"3,00377322025056e-03";"6,02964218530358e-04";"0,021268185011953267";"Diferente"
"27/11/2021";"Norwich";"Wolves";"IW";"Casa de apuestas";"3,26782251416025e-03";"0,001925438991745909";"5,19326150590604e-03";"3,08976183331811e-03";"0,002056815519437538";"5,14657735275581e-03";"1,78060680842140e-04";"1,31376527691629e-04";"4,66841531502338e-05";"0,005193261505906044";"Similar"
"27/11/2021";"Brighton";"Leeds";"IW";"Casa de apuestas";"5,78489831343421e-03";"0,002672834123629064";"3,11206418980509e-03";"5,77598481184322e-03";"0,002722899915210575";"3,05308489663259e-03";"8,91350159099025e-06";"5,00657915815106e-05";"5,89792931725008e-05";"0,005784898313434206";"Similar"
"28/11/2021";"Brentford";"Everton";"IW";"Casa de apuestas";"4,61898784391085e-03";"0,001630231003733218";"2,98875684017752e-03";"4,55008055356004e-03";"0,001741110824705405";"2,80896972885475e-03";"6,89072903508059e-05";"1,10879820972187e-04";"1,79787111322771e-04";"0,004618987843910849";"Similar"
"28/11/2021";"Leicester";"Watford";"IW";"Casa de apuestas";"1,01302404811046e-02";"0,003122066389378841";"7,00817409172577e-03";"1,05264892264485e-02";"0,004391365080668563";"6,13512414577999e-03";"3,96248745343941e-04";"1,26929869128972e-03";"8,73049945945781e-04";"0,010526489226448499";"Diferente"
"28/11/2021";"Man City";"West Ham";"IW";"Casa de apuestas";"1,87706652595216e-02";"0,007449657309871016";"1,13210079496507e-02";"2,11074335925919e-02";"0,011853652036568907";"9,25378155602304e-03";"2,33676833307028e-03";"4,40399472669789e-03";"2,06722639362762e-03";"0,021107433592591929";"Diferente"
"28/11/2021";"Chelsea";"Man United";"IW";"Casa de apuestas";"1,30524203383948e-02";"0,004774626484341488";"8,27779385405311e-03";"1,39098969436960e-02";"0,006435325194421720";"7,47457174927424e-03";"8,57476605301222e-04";"1,66069871008023e-03";"8,03222104778872e-04";"0,013909896943696043";"Diferente"
"30/11/2021";"Newcastle";"Norwich";"IW";"Casa de apuestas";"5,40073300208227e-03";"0,002600639252648862";"2,80009374943346e-03";"5,38671797754986e-03";"0,002618808609665124";"2,76790936788462e-03";"1,40150245324100e-05";"1,81693570162622e-05";"3,21843815488387e-05";"0,005400733002082270";"Similar"
"30/11/2021";"Leeds";"Crystal Palace";"IW";"Casa de apuestas";"4,87789820327389e-03";"0,001723069505095598";"3,15482869817851e-03";"4,82597419848896e-03";"0,001864967210188528";"2,96100698830026e-03";"5,19240047849312e-05";"1,41897705092930e-04";"1,93821709878250e-04";"0,004877898203273889";"Similar"
"01/12/2021";"Southampton";"Leicester";"IW";"Casa de apuestas";"4,12681996356273e-03";"0,002760189535172486";"1,36663042839030e-03";"4,04179290969653e-03";"0,002579768072246802";"1,46202483744973e-03";"8,50270538662046e-05";"1,80421462925684e-04";"9,53944090594239e-05";"0,004126819963562733";"Similar"
"01/12/2021";"Watford";"Chelsea";"IW";"Casa de apuestas";"1,31591130307433e-02";"0,009077956703117146";"2,22370697338604e-02";"1,16798195802210e-02";"0,013408272594268689";"2,50880921744897e-02";"1,47929345052232e-03";"4,33031589115154e-03";"2,85102244062929e-03";"0,025088092174489707";"Diferente"
"01/12/2021";"West Ham";"Brighton";"IW";"Casa de apuestas";"8,10492776571348e-03";"0,002985558077804540";"5,11936968790902e-03";"8,22178781115929e-03";"0,003375988556016563";"4,84579925514256e-03";"1,16860045445810e-04";"3,90430478212023e-04";"2,73570432766462e-04";"0,008221787811159287";"Similar"
"01/12/2021";"Wolves";"Burnley";"IW";"Casa de apuestas";"8,26709120483310e-03";"0,002844716786079282";"5,42237441875379e-03";"8,39830533843483e-03";"0,003335247926338936";"5,06305741209589e-03";"1,31214133601731e-04";"4,90531140259653e-04";"3,59317006657894e-04";"0,008398305338434831";"Similar"
"01/12/2021";"Aston Villa";"Man City";"IW";"Casa de apuestas";"8,89441580019257e-03";"0,005196606289828626";"1,40910220900212e-02";"7,63307397249366e-03";"0,007653459671135177";"1,52865336436289e-02";"1,26134182769891e-03";"2,45685338130655e-03";"1,19551155360764e-03";"0,015286533643628863";"Diferente"
"01/12/2021";"Everton";"Liverpool";"IW";"Casa de apuestas";"1,08797498004269e-02";"0,006984918825931469";"1,78646686263582e-02";"9,71988351875551e-03";"0,009933020717001695";"1,96529042357573e-02";"1,15986628167143e-03";"2,94810189107023e-03";"1,78823560939911e-03";"0,019652904235757274";"Diferente"
"02/12/2021";"Tottenham";"Brentford";"IW";"Casa de apuestas";"1,23558384264274e-02";"0,004367276559979399";"7,98856186644792e-03";"1,30015031342415e-02";"0,005714981228587185";"7,28652190565429e-03";"6,45664707814131e-04";"1,34770466860779e-03";"7,02039960793627e-04";"0,013001503134241532";"Diferente"
"02/12/2021";"Man United";"Arsenal";"IW";"Casa de apuestas";"6,70295148471461e-03";"0,003157848914593253";"3,54510257012164e-03";"6,76551542365983e-03";"0,003245859559672715";"3,51965586398717e-03";"6,25639389452148e-05";"8,80106450794615e-05";"2,54467061344688e-05";"0,006765515423659829";"Similar"
"04/12/2021";"West Ham";"Chelsea";"IW";"Casa de apuestas";"6,41345993669831e-03";"0,003498250874562736";"9,91171081126108e-03";"5,93477390604258e-03";"0,004321497113632278";"1,02562710196747e-02";"4,78686030655734e-04";"8,23246239069542e-04";"3,44560208413669e-04";"0,010256271019674745";"Diferente"
"04/12/2021";"Newcastle";"Burnley";"IW";"Casa de apuestas";"3,41359407110992e-03";"0,003042551237293634";"3,71042833816282e-04";"3,28537400515949e-03";"0,002757242868211218";"5,28131136948495e-04";"1,28220065950424e-04";"2,85308369082415e-04";"1,57088303132213e-04";"0,003413594071109916";"Similar"
"04/12/2021";"Southampton";"Brighton";"IW";"Casa de apuestas";"1,69130394143646e-03";"0,001685917623151567";"5,38631828478353e-06";"1,59782045119194e-03";"0,001539997260645853";"5,78231905460358e-05";"9,34834902445170e-05";"1,45920362505714e-04";"5,24368722612523e-05";"0,001691303941436462";"Similar"
"04/12/2021";"Wolves";"Liverpool";"IW";"Casa de apuestas";"9,70548940436607e-03";"0,006861774718874225";"1,65672641232404e-02";"8,93708421050121e-03";"0,009397343388009571";"1,83344275985109e-02";"7,68405193864855e-04";"2,53556866913535e-03";"1,76716347527051e-03";"0,018334427598510894";"Diferente"
"04/12/2021";"Watford";"Man City";"IW";"Casa de apuestas";"1,29958492156910e-02";"0,009841684220370739";"2,28375334360618e-02";"1,16204787412916e-02";"0,014712645533676211";"2,63331242749679e-02";"1,37537047439935e-03";"4,87096131330547e-03";"3,49559083890616e-03";"0,026333124274967923";"Diferente"
"05/12/2021";"Leeds";"Brentford";"IW";"Casa de apuestas";"1,04689670908900e-02";"0,003364612907380826";"7,10435418350910e-03";"1,08149235080210e-02";"0,004368695831506064";"6,44622767651487e-03";"3,45956417131088e-04";"1,00408292412524e-03";"6,58126506994233e-04";"0,010814923508021046";"Diferente"
"05/12/2021";"Man United";"Crystal Palace";"IW";"Casa de apuestas";"1,38135775918967e-02";"0,005531722191159633";"8,28185540073698e-03";"1,48674467584849e-02";"0,007107517201838082";"7,75992955664692e-03";"1,05386916658823e-03";"1,57579501067845e-03";"5,21925844090054e-04";"0,014867446758484948";"Diferente"
"05/12/2021";"Tottenham";"Norwich";"IW";"Casa de apuestas";"1,28959673924670e-02";"0,004850152938467411";"8,04581445399968e-03";"1,38661616792304e-02";"0,006670375788281724";"7,19578589094882e-03";"9,70194286763371e-04";"1,82022284981431e-03";"8,50028563050859e-04";"0,013866161679230382";"Diferente"
"05/12/2021";"Aston Villa";"Leicester";"IW";"Casa de apuestas";"5,14187373960456e-03";"0,003012529149325871";"2,12934459027864e-03";"5,10027404300195e-03";"0,002889770674574854";"2,21050336842699e-03";"4,15996966026122e-05";"1,22758474751017e-04";"8,11587781483492e-05";"0,005141873739604563";"Similar"
"06/12/2021";"Everton";"Arsenal";"IW";"Casa de apuestas";"3,40934927401676e-03";"0,002795081387659104";"6,20443066167592e-03";"3,33731424944378e-03";"0,002888998651108365";"6,22631290055220e-03";"7,20350245729806e-05";"9,39172634492613e-05";"2,18822388762807e-05";"0,006226312900552200";"Similar"
"10/12/2021";"Brentford";"Watford";"IW";"Casa de apuestas";"2,31621748202898e-03";"0,002112593967125487";"2,03623514903717e-04";"2,20627730991552e-03";"0,001918234804541841";"2,88042505373842e-04";"1,09940172113465e-04";"1,94359162583646e-04";"8,44189904701254e-05";"0,002316217482028982";"Similar"
"11/12/2021";"Man City";"Wolves";"IW";"Casa de apuestas";"2,04466754263501e-02";"0,008419219293203023";"1,20274561331472e-02";"2,34640945563991e-02";"0,014058039439395070";"9,40605511700413e-03";"3,01741913004894e-03";"5,63882014619205e-03";"2,62140101614305e-03";"0,023464094556399084";"Diferente"
"11/12/2021";"Arsenal";"Southampton";"IW";"Casa de apuestas";"1,21099075447633e-02";"0,005138232358184974";"6,97167518657824e-03";"1,27300626551645e-02";"0,005901874896709014";"6,82818775845562e-03";"6,20155110401255e-04";"7,63642538524040e-04";"1,43487428122618e-04";"0,012730062655164520";"Diferente"
"11/12/2021";"Chelsea";"Leeds";"IW";"Casa de apuestas";"1,69897216877082e-02";"0,006664476463134172";"1,03252452245741e-02";"1,89364477594269e-02";"0,010391401460403071";"8,54504629902385e-03";"1,94672607171875e-03";"3,72692499726890e-03";"1,78019892555023e-03";"0,018936447759426933";"Diferente"
"11/12/2021";"Liverpool";"Aston Villa";"IW";"Casa de apuestas";"2,17846282898186e-02";"0,009218831917793879";"1,25657963720248e-02";"2,48683107927464e-02";"0,013679584735530076";"1,11887260572162e-02";"3,08368250292779e-03";"4,46075281773620e-03";"1,37707031480853e-03";"0,024868310792746429";"Diferente"
"11/12/2021";"Norwich";"Man United";"IW";"Casa de apuestas";"9,84430848048612e-03";"0,006301579058346357";"1,61458875388324e-02";"8,93215256696547e-03";"0,008663580526502096";"1,75957330934676e-02";"9,12155913520646e-04";"2,36200146815574e-03";"1,44984555463523e-03";"0,017595733093467625";"Diferente"
"12/12/2021";"Burnley";"West Ham";"IW";"Casa de apuestas";"2,67283412362906e-03";"0,003112064189805086";"5,78489831343421e-03";"2,72289991521057e-03";"0,003053084896632585";"5,77598481184322e-03";"5,00657915815106e-05";"5,89792931725008e-05";"8,91350159099025e-06";"0,005784898313434206";"Similar"
"12/12/2021";"Leicester";"Newcastle";"IW";"Casa de apuestas";"1,08876281105137e-02";"0,004805471297815722";"6,08215681269789e-03";"1,14027309188727e-02";"0,005371084477970911";"6,03164644090151e-03";"5,15102808358980e-04";"5,65613180155189e-04";"5,05103717963751e-05";"0,011402730918872672";"Diferente"
"12/12/2021";"Crystal Palace";"Everton";"IW";"Casa de apuestas";"5,26481287797176e-03";"0,001720989652241989";"3,54382322572994e-03";"5,21077736107173e-03";"0,001903585138476938";"3,30719222259468e-03";"5,40355169000306e-05";"1,82595486234949e-04";"2,36631003135257e-04";"0,005264812877971758";"Similar"
"14/12/2021";"Norwich";"Aston Villa";"IW";"Casa de apuestas";"3,11147637577786e-03";"0,002002690595459267";"5,11416697123707e-03";"2,95686629785469e-03";"0,002131865599957983";"5,08873189781267e-03";"1,54610077923167e-04";"1,29175004498716e-04";"2,54350734243958e-05";"0,005114166971237066";"Similar"
"14/12/2021";"Man City";"Leeds";"IW";"Casa de apuestas";"2,13646453989702e-02";"0,009547347719935512";"1,18172976790347e-02";"2,51695596161856e-02";"0,014823512601446029";"1,03460470147396e-02";"3,80491421721540e-03";"5,27616488151052e-03";"1,47125066429508e-03";"0,025169559616185611";"Diferente"
"15/12/2021";"Brighton";"Wolves";"IW";"Casa de apuestas";"7,12505210987391e-03";"0,001796047045955873";"5,32900506391804e-03";"7,12966753662625e-03";"0,002314919577371677";"4,81474795925468e-03";"4,61542675234128e-06";"5,18872531415804e-04";"5,14257104663352e-04";"0,007129667536626250";"Similar"
"15/12/2021";"Crystal Palace";"Southampton";"IW";"Casa de apuestas";"5,95878856748422e-03";"0,002206958728697861";"3,75182983878636e-03";"5,96297879831026e-03";"0,002420161791305331";"3,54281700700493e-03";"4,19023082603998e-06";"2,13203062607470e-04";"2,09012831781430e-04";"0,005962978798310259";"Similar"
"15/12/2021";"Arsenal";"West Ham";"IW";"Casa de apuestas";"6,69087055410728e-03";"0,003345435277053777";"3,34543527705378e-03";"6,75401595393638e-03";"0,003377007976968216";"3,37700797696822e-03";"6,31453998291009e-05";"3,15726999144395e-05";"3,15726999144395e-05";"0,006754015953936376";"Similar"
"16/12/2021";"Chelsea";"Everton";"IW";"Casa de apuestas";"1,87823926162585e-02";"0,007799077032303869";"1,09833155839546e-02";"2,12993935834977e-02";"0,011924165500160511";"9,37522808333717e-03";"2,51700096723928e-03";"4,12508846785664e-03";"1,60808750061740e-03";"0,021299393583497750";"Diferente"
"16/12/2021";"Liverpool";"Newcastle";"IW";"Casa de apuestas";"2,30611082155406e-02";"0,010076877785258620";"1,29842304302818e-02";"2,71674993119129e-02";"0,016421791746565023";"1,07457075653476e-02";"4,10639109637223e-03";"6,34491396130640e-03";"2,23852286493419e-03";"0,027167499311912868";"Diferente"
"18/12/2021";"Leeds";"Arsenal";"IW";"Casa de apuestas";"8,17191283292978e-03";"0,005750605326876518";"1,39225181598063e-02";"7,87216364508478e-03";"0,007009004517568085";"1,48811681626528e-02";"2,99749187845005e-04";"1,25839919069157e-03";"9,58650002846562e-04";"0,014881168162652836";"Diferente"
"19/12/2021";"Newcastle";"Man City";"IW";"Casa de apuestas";"1,12645928380906e-02";"0,008773384806589776";"2,00379776446803e-02";"9,19520478073060e-03";"0,014292186248289332";"2,34873910290200e-02";"2,06938805735996e-03";"5,51880144169956e-03";"3,44941338433968e-03";"0,023487391029019977";"Diferente"
"19/12/2021";"Wolves";"Chelsea";"IW";"Casa de apuestas";"7,21500721500715e-03";"0,002886002886002881";"1,01010101010101e-02";"6,29563266285701e-03";"0,004127008493539586";"1,04226411563964e-02";"9,19374552150132e-04";"1,24100560753670e-03";"3,21631055386296e-04";"0,010422641156396351";"Diferente"
"19/12/2021";"Tottenham";"Liverpool";"IW";"Casa de apuestas";"6,25061850045427e-03";"0,004999513541572159";"1,12501320420264e-02";"6,22011403038253e-03";"0,005634787909498951";"1,18549019398815e-02";"3,05044700717461e-05";"6,35274367926791e-04";"6,04769897855073e-04";"0,011854901939881479";"Diferente"
"26/12/2021";"Man City";"Leicester";"IW";"Casa de apuestas";"2,28533578382554e-02";"0,010301530067308273";"1,25518277709471e-02";"2,68343518699086e-02";"0,015178929119311832";"1,16554227505965e-02";"3,98099403165320e-03";"4,87739905200356e-03";"8,96405020350641e-04";"0,026834351869908568";"Diferente"
"26/12/2021";"Norwich";"Arsenal";"IW";"Casa de apuestas";"7,36916152737646e-03";"0,005105142021977649";"1,24743035493544e-02";"6,96342257472532e-03";"0,006445237351832167";"1,34086599265575e-02";"4,05738952651141e-04";"1,34009532985452e-03";"9,34356377203072e-04";"0,013408659926557487";"Diferente"
"26/12/2021";"Tottenham";"Crystal Palace";"IW";"Casa de apuestas";"1,04082790672538e-02";"0,003550487719203466";"6,85779134805048e-03";"1,08662613716093e-02";"0,004681279360437274";"6,18498201117204e-03";"4,57982304355453e-04";"1,13079164123381e-03";"6,72809336878438e-04";"0,010866261371609287";"Diferente"
"26/12/2021";"West Ham";"Southampton";"IW";"Casa de apuestas";"7,79793131180184e-03";"0,003466732396719185";"4,33119891508268e-03";"7,95863234408578e-03";"0,003696208524598787";"4,26242381948705e-03";"1,60701032283939e-04";"2,29476127879602e-04";"6,87750955956357e-05";"0,007958632344085781";"Similar"
"26/12/2021";"Aston Villa";"Chelsea";"IW";"Casa de apuestas";"7,30324775795524e-03";"0,004008454057372490";"1,13117018153277e-02";"6,72302151658963e-03";"0,005090884080308722";"1,18139055968985e-02";"5,80226241365611e-04";"1,08243002293623e-03";"5,02203781570842e-04";"0,011813905596898544";"Diferente"
"26/12/2021";"Brighton";"Brentford";"IW";"Casa de apuestas";"7,86384431377440e-03";"0,002717194036747417";"5,14665027702699e-03";"7,99364944933506e-03";"0,003202924994249456";"4,79072445508569e-03";"1,29805135560657e-04";"4,85730957502040e-04";"3,55925821941300e-04";"0,007993649449335061";"Similar"
"27/12/2021";"Newcastle";"Man United";"IW";"Casa de apuestas";"8,33770155556918e-03";"0,006049096715235319";"1,43867982708046e-02";"8,04375269681284e-03";"0,007484298743750256";"1,55280514405631e-02";"2,93948858756332e-04";"1,43520202851494e-03";"1,14125316975855e-03";"0,015528051440563129";"Diferente"
"28/12/2021";"Crystal Palace";"Norwich";"IW";"Casa de apuestas";"1,18404118404118e-02";"0,003603603603603622";"8,23680823680825e-03";"1,22926750202975e-02";"0,004951505718343241";"7,34116930195414e-03";"4,52263179885670e-04";"1,34790211473962e-03";"8,95638934854115e-04";"0,012292675020297517";"Diferente"
"28/12/2021";"Southampton";"Tottenham";"IW";"Casa de apuestas";"3,35883866118719e-03";"0,002143705068419710";"5,50254372960696e-03";"3,19042216415422e-03";"0,002312571599340896";"5,50299376349517e-03";"1,68416497032975e-04";"1,68866530921186e-04";"4,50033888210744e-07";"0,005502993763495168";"Similar"
"28/12/2021";"Watford";"West Ham";"IW";"Casa de apuestas";"2,28874595717671e-03";"0,003142958014653807";"5,43170397183029e-03";"2,40959391454865e-03";"0,003026370768202225";"5,43596468275093e-03";"1,20847957371939e-04";"1,16587246451583e-04";"4,26071092063385e-06";"0,005435964682750927";"Similar"
"28/12/2021";"Leicester";"Liverpool";"IW";"Casa de apuestas";"9,89039956108359e-03";"0,008032262864219986";"1,79226624253035e-02";"9,81308937217669e-03";"0,010210390998825786";"2,00234803710027e-02";"7,73101889069011e-05";"2,17812813460580e-03";"2,10081794569916e-03";"0,020023480371002655";"Diferente"
"29/12/2021";"Chelsea";"Brighton";"IW";"Casa de apuestas";"1,67989607050976e-02";"0,006291835585525957";"1,05071251195718e-02";"1,83925192796270e-02";"0,009349041760758459";"9,04347751886871e-03";"1,59355857452947e-03";"3,05720617523250e-03";"1,46364760070311e-03";"0,018392519279627040";"Diferente"
"29/12/2021";"Brentford";"Man City";"IW";"Casa de apuestas";"1,47760277419921e-02";"0,011318437250365923";"2,60944649923580e-02";"1,27062448963367e-02";"0,017972418573880128";"3,06786634702167e-02";"2,06978284565536e-03";"6,65398132351420e-03";"4,58419847785874e-03";"0,030678663470216749";"Diferente"
"30/12/2021";"Man United";"Burnley";"IW";"Casa de apuestas";"1,92379004694820e-02";"0,007395587684993155";"1,18423127844891e-02";"2,11874305577440e-02";"0,010693778867099824";"1,04936516906442e-02";"1,94953008826193e-03";"3,29819118210667e-03";"1,34866109384493e-03";"0,021187430557743969";"Diferente"
"01/01/2022";"Arsenal";"Man City";"IW";"Casa de apuestas";"7,95606037485716e-03";"0,005996732073586364";"1,39527924484435e-02";"7,84131346559308e-03";"0,007005628753588372";"1,48469422191815e-02";"1,14746909264080e-04";"1,00889668000201e-03";"8,94149770737984e-04";"0,014846942219181480";"Diferente"
"01/01/2022";"Watford";"Tottenham";"IW";"Casa de apuestas";"6,21113998894099e-03";"0,003868230497272585";"1,00793704862135e-02";"5,75238997778976e-03";"0,004886893444584095";"1,06392834223739e-02";"4,58750011151227e-04";"1,01866294731151e-03";"5,59912936160312e-04";"0,010639283422373857";"Diferente"
"01/01/2022";"Crystal Palace";"West Ham";"IW";"Casa de apuestas";"2,49244638275686e-03";"0,002049709196346117";"4,54215557910292e-03";"2,41490199522743e-03";"0,002067169179537698";"4,48207117476523e-03";"7,75443875294379e-05";"1,74599831915812e-05";"6,00844043376902e-05";"0,004542155579102924";"Similar"
"02/01/2022";"Brentford";"Aston Villa";"IW";"Casa de apuestas";"5,38631828478353e-06";"0,001685917623151567";"1,69130394143646e-03";"5,78231905460358e-05";"0,001539997260645853";"1,59782045119194e-03";"5,24368722612523e-05";"1,45920362505714e-04";"9,34834902445170e-05";"0,001691303941436462";"Similar"
"02/01/2022";"Everton";"Brighton";"IW";"Casa de apuestas";"5,48563888648768e-05";"0,001022323610663844";"9,67467221798912e-04";"3,13621023870780e-05";"0,000937775666379592";"9,06413563992736e-04";"2,34942864777987e-05";"8,45479442842523e-05";"6,10536578061760e-05";"0,001022323610663844";"Similar"
"02/01/2022";"Leeds";"Burnley";"IW";"Casa de apuestas";"7,79727095516569e-03";"0,003898635477582846";"3,89863547758285e-03";"7,92753115241640e-03";"0,003963765576208200";"3,96376557620820e-03";"1,30260197250709e-04";"6,51300986253545e-05";"6,51300986253545e-05";"0,007927531152416400";"Similar"
"02/01/2022";"Chelsea";"Liverpool";"IW";"Casa de apuestas";"1,32823923968095e-03";"0,002656478479361846";"1,32823923968095e-03";"1,18302473923526e-03";"0,002366049478470356";"1,18302473923526e-03";"1,45214500445690e-04";"2,90429000891490e-04";"1,45214500445690e-04";"0,002656478479361846";"Similar"
"03/01/2022";"Man United";"Wolves";"IW";"Casa de apuestas";"1,01302404811046e-02";"0,003122066389378841";"7,00817409172577e-03";"1,05264892264485e-02";"0,004391365080668563";"6,13512414577999e-03";"3,96248745343941e-04";"1,26929869128972e-03";"8,73049945945781e-04";"0,010526489226448499";"Diferente"
"11/01/2022";"Southampton";"Brentford";"IW";"Casa de apuestas";"4,55905988383332e-03";"0,001534733030201296";"3,02432685363196e-03";"4,50287712068975e-03";"0,001684175625468853";"2,81870149522073e-03";"5,61827631435641e-05";"1,49442595267557e-04";"2,05625358411232e-04";"0,004559059883833316";"Similar"
"12/01/2022";"West Ham";"Norwich";"IW";"Casa de apuestas";"1,63402083114507e-02";"0,006614911161250070";"9,72529715020065e-03";"1,78480211695784e-02";"0,008797123266435031";"9,05089790314356e-03";"1,50781285812773e-03";"2,18221210518496e-03";"6,74399247057089e-04";"0,017848021169578399";"Diferente"
"14/01/2022";"Brighton";"Crystal Palace";"IW";"Casa de apuestas";"6,41143409738454e-03";"0,002244510508973341";"4,16692358841120e-03";"6,41934017507206e-03";"0,002506969212994370";"3,91237096207753e-03";"7,90607768752505e-06";"2,62458704021029e-04";"2,54552626333671e-04";"0,006419340175072064";"Similar"
"15/01/2022";"Man City";"Chelsea";"IW";"Casa de apuestas";"1,02325655690818e-02";"0,003840102256192107";"6,39246331288967e-03";"1,07490212797164e-02";"0,004836688096812869";"5,91233318290360e-03";"5,16455710634633e-04";"9,96585840620762e-04";"4,80130129986073e-04";"0,010749021279716442";"Diferente"
"15/01/2022";"Newcastle";"Watford";"IW";"Casa de apuestas";"9,55037579054840e-03";"0,004079255281919936";"5,47112050862847e-03";"9,89055749876711e-03";"0,004541943297360268";"5,34861420140684e-03";"3,40181708218701e-04";"4,62688015440332e-04";"1,22506307221631e-04";"0,009890557498767105";"Similar"
"15/01/2022";"Norwich";"Everton";"IW";"Casa de apuestas";"2,26625226625232e-03";"0,002266252266252322";"4,53250453250442e-03";"2,23674793701323e-03";"0,002236747937013228";"4,47349587402651e-03";"2,95043292390940e-05";"2,95043292390940e-05";"5,90086584779104e-05";"0,004532504532504422";"Similar"
"15/01/2022";"Wolves";"Southampton";"IW";"Casa de apuestas";"2,71477894767602e-03";"0,001001709879088986";"1,71306906858704e-03";"2,62023601382372e-03";"0,001010397435312282";"1,60983857851149e-03";"9,45429338523041e-05";"8,68755622329687e-06";"1,03230490075545e-04";"0,002714778947676022";"Similar"
"15/01/2022";"Aston Villa";"Man United";"IW";"Casa de apuestas";"2,09741230275207e-03";"0,002725905187897448";"6,28492885145215e-04";"1,95450624384425e-03";"0,002437150820030709";"4,82644576186353e-04";"1,42906058907821e-04";"2,88754367866739e-04";"1,45848308958862e-04";"0,002725905187897448";"Similar"
"16/01/2022";"Liverpool";"Brentford";"IW";"Casa de apuestas";"1,88984559422885e-02";"0,007818870278450657";"1,10795856638378e-02";"2,13462176378995e-02";"0,011730937083951648";"9,61528055394788e-03";"2,44776169561101e-03";"3,91206680550099e-03";"1,46430510988992e-03";"0,021346217637899456";"Diferente"
"16/01/2022";"West Ham";"Leeds";"IW";"Casa de apuestas";"1,27380676069588e-02";"0,005835975678597505";"6,90209192836136e-03";"1,35103051033730e-02";"0,006518489149871132";"6,99181595350182e-03";"7,72237496414196e-04";"6,82513471273627e-04";"8,97240251404585e-05";"0,013510305103373033";"Diferente"
"18/01/2022";"Brighton";"Chelsea";"IW";"Casa de apuestas";"7,43304728836591e-03";"0,003707096824540179";"1,11401441129059e-02";"6,67274598426798e-03";"0,004962805271796988";"1,16355512560647e-02";"7,60301304097932e-04";"1,25570844725681e-03";"4,95407143158877e-04";"0,011635551256064747";"Diferente"
"19/01/2022";"Leicester";"Tottenham";"IW";"Casa de apuestas";"1,79643471790503e-03";"0,002552251763852875";"4,34868648175790e-03";"1,83115783162358e-03";"0,002440282611816280";"4,27144044344002e-03";"3,47231137185489e-05";"1,11969152036595e-04";"7,72460383178797e-05";"0,004348686481757902";"Similar"
"19/01/2022";"Brentford";"Man United";"IW";"Casa de apuestas";"5,88442077803780e-03";"0,002948822097758264";"8,83324287579601e-03";"5,39445133549571e-03";"0,003671232434883709";"9,06568377037931e-03";"4,89969442542093e-04";"7,22410337125445e-04";"2,32440894583297e-04";"0,009065683770379307";"Similar"
"21/01/2022";"Watford";"Norwich";"IW";"Casa de apuestas";"6,73916003403224e-03";"0,002979685057380332";"3,75947497665219e-03";"6,79995741667816e-03";"0,003124239983190891";"3,67571743348744e-03";"6,07973826459163e-05";"1,44554925810558e-04";"8,37575431647530e-05";"0,006799957416678160";"Similar"
"22/01/2022";"Everton";"Aston Villa";"IW";"Casa de apuestas";"9,71809870382423e-04";"0,002281195801002944";"1,30938593062052e-03";"8,52469005433565e-04";"0,002040241068810456";"1,18777206337689e-03";"1,19340864948858e-04";"2,40954732192489e-04";"1,21613867243631e-04";"0,002281195801002944";"Similar"
"22/01/2022";"Brentford";"Wolves";"IW";"Casa de apuestas";"2,42391152153049e-03";"0,000563619940099125";"1,86029158143142e-03";"2,32318000556719e-03";"0,000605519799491638";"1,71766020607578e-03";"1,00731515963293e-04";"4,18998593925135e-05";"1,42631375355640e-04";"0,002423911521530486";"Similar"
"22/01/2022";"Leeds";"Newcastle";"IW";"Casa de apuestas";"7,28476583253068e-03";"0,003574556772447279";"3,71020906008343e-03";"7,46659157073648e-03";"0,003691434305893193";"3,77515726484323e-03";"1,81825738205799e-04";"1,16877533445914e-04";"6,49482047598016e-05";"0,007466591570736480";"Similar"
"22/01/2022";"Man United";"West Ham";"IW";"Casa de apuestas";"5,81885810498406e-03";"0,003284263470297866";"2,53459463468642e-03";"5,83147345068813e-03";"0,003187829509259554";"2,64364394142874e-03";"1,26153457040701e-05";"9,64339610383114e-05";"1,09049306742326e-04";"0,005831473450688129";"Similar"
"22/01/2022";"Southampton";"Man City";"IW";"Casa de apuestas";"1,13694050008461e-02";"0,008235455021338323";"1,96048600221844e-02";"1,05183678292499e-02";"0,011441264010612739";"2,19596318398628e-02";"8,51037171596250e-04";"3,20580898927442e-03";"2,35477181767840e-03";"0,021959631839862825";"Diferente"
"23/01/2022";"Arsenal";"Burnley";"IW";"Casa de apuestas";"2,22370697338604e-02";"0,009077956703117201";"1,31591130307434e-02";"2,50880921744897e-02";"0,013408272594268689";"1,16798195802210e-02";"2,85102244062929e-03";"4,33031589115149e-03";"1,47929345052239e-03";"0,025088092174489707";"Diferente"
"23/01/2022";"Crystal Palace";"Liverpool";"IW";"Casa de apuestas";"8,20105812461180e-03";"0,005205894421731361";"1,34069525463433e-02";"7,62088241086023e-03";"0,006713458072754058";"1,43343404836145e-02";"5,80175713751574e-04";"1,50756365102270e-03";"9,27387937271207e-04";"0,014334340483614483";"Diferente"
"23/01/2022";"Leicester";"Brighton";"IW";"Casa de apuestas";"1,67563507702018e-03";"0,002993686173686394";"1,31805109666638e-03";"1,50301911548556e-03";"0,002644412271888164";"1,14139315640271e-03";"1,72615961534617e-04";"3,49273901798230e-04";"1,76657940263669e-04";"0,002993686173686394";"Similar"
"23/01/2022";"Chelsea";"Tottenham";"IW";"Casa de apuestas";"1,13117018153276e-02";"0,004008454057372546";"7,30324775795527e-03";"1,18139055968984e-02";"0,005090884080308777";"6,72302151658966e-03";"5,02203781570842e-04";"1,08243002293623e-03";"5,80226241365611e-04";"0,011813905596898433";"Diferente"
"05/02/2022";"Burnley";"Watford";"IW";"Casa de apuestas";"5,26481287797176e-03";"0,001720989652241989";"3,54382322572994e-03";"5,21077736107173e-03";"0,001903585138476938";"3,30719222259468e-03";"5,40355169000306e-05";"1,82595486234949e-04";"2,36631003135257e-04";"0,005264812877971758";"Similar"
"08/02/2022";"Newcastle";"Everton";"IW";"Casa de apuestas";"2,93992420577627e-03";"0,002283328837359433";"6,56595368416779e-04";"2,83167617517260e-03";"0,002105511740115307";"7,26164435057242e-04";"1,08248030603664e-04";"1,77817097244126e-04";"6,95690666404625e-05";"0,002939924205776268";"Similar"
"08/02/2022";"West Ham";"Watford";"IW";"Casa de apuestas";"1,40359531656697e-02";"0,005319784504247776";"8,71616866142197e-03";"1,50408366202851e-02";"0,007058984788159806";"7,98185183212549e-03";"1,00488345461536e-03";"1,73920028391203e-03";"7,34316829296477e-04";"0,015040836620285103";"Diferente"
"08/02/2022";"Burnley";"Man United";"IW";"Casa de apuestas";"9,22395960870853e-03";"0,005590434399033284";"1,48143940077419e-02";"8,49529399389851e-03";"0,007363527194990560";"1,58588211888890e-02";"7,28665614810026e-04";"1,77309279595728e-03";"1,04442718114717e-03";"0,015858821188889038";"Diferente"
"09/02/2022";"Man City";"Brentford";"IW";"Casa de apuestas";"2,73052233688698e-02";"0,011985194269237429";"1,53200290996323e-02";"3,30954505780131e-02";"0,021863806332782801";"1,12316442452304e-02";"5,79022720914335e-03";"9,87861206354537e-03";"4,08838485440194e-03";"0,033095450578013108";"Diferente"
"09/02/2022";"Norwich";"Crystal Palace";"IW";"Casa de apuestas";"2,80082139196541e-03";"0,002065673845791760";"4,86649523775706e-03";"2,69355065971477e-03";"0,002112909498824977";"4,80646015853980e-03";"1,07270732250642e-04";"4,72356530332174e-05";"6,00350792172577e-05";"0,004866495237757062";"Similar"
"09/02/2022";"Tottenham";"Southampton";"IW";"Casa de apuestas";"1,32632661906101e-02";"0,005133160519634250";"8,13010567097591e-03";"1,41283118515366e-02";"0,006541227582066877";"7,58708426946966e-03";"8,65045660926489e-04";"1,40806706243263e-03";"5,43021401506250e-04";"0,014128311851536624";"Diferente"
"09/02/2022";"Aston Villa";"Leeds";"IW";"Casa de apuestas";"1,01286750807225e-02";"0,004795498962178513";"5,33317611854400e-03";"1,04942447356660e-02";"0,005085588495098575";"5,40865624056733e-03";"3,65569654943498e-04";"2,90089532920063e-04";"7,54801220233248e-05";"0,010494244735665959";"Diferente"
"10/02/2022";"Liverpool";"Leicester";"IW";"Casa de apuestas";"1,98343982374327e-02";"0,008559508545870176";"1,12748896915625e-02";"2,25159407165471e-02";"0,012097771489160608";"1,04181692273864e-02";"2,68154247911434e-03";"3,53826294329043e-03";"8,56720464176175e-04";"0,022515940716547056";"Diferente"
"10/02/2022";"Wolves";"Arsenal";"IW";"Casa de apuestas";"3,56833152422709e-03";"0,001202296378005785";"4,77062790223287e-03";"3,27284337198847e-03";"0,001410055071522531";"4,68289844351100e-03";"2,95488152238621e-04";"2,07758693516746e-04";"8,77294587218747e-05";"0,004770627902232871";"Similar"
"12/02/2022";"Man United";"Southampton";"IW";"Casa de apuestas";"1,30600237273899e-02";"0,005509133577858566";"7,55089014953106e-03";"1,38682843332156e-02";"0,006505571829386270";"7,36271250382919e-03";"8,08260605825728e-04";"9,96438251527704e-04";"1,88177645701865e-04";"0,013868284333215630";"Diferente"
"12/02/2022";"Brentford";"Crystal Palace";"IW";"Casa de apuestas";"5,16237992866708e-04";"0,000783605552690192";"1,29984354555701e-03";"4,96697015549497e-04";"0,000734723042948249";"1,23142005849786e-03";"1,95409773172117e-05";"4,88825097419432e-05";"6,84234870591549e-05";"0,001299843545557011";"Similar"
"12/02/2022";"Everton";"Leeds";"IW";"Casa de apuestas";"3,31609312792192e-03";"0,003305532321782045";"1,05608061398699e-05";"3,16800061131467e-03";"0,002953698492470347";"2,14302118844323e-04";"1,48092516607246e-04";"3,51833829311698e-04";"2,03741312704453e-04";"0,003316093127921915";"Similar"
"12/02/2022";"Watford";"Brighton";"IW";"Casa de apuestas";"4,16692358841109e-03";"0,002244510508973230";"6,41143409738465e-03";"3,91237096207758e-03";"0,002506969212994425";"6,41934017507201e-03";"2,54552626333504e-04";"2,62458704021196e-04";"7,90607768735851e-06";"0,006419340175072008";"Similar"
"12/02/2022";"Norwich";"Man City";"IW";"Casa de apuestas";"1,29869563320683e-02";"0,009243990751646863";"2,22309470837151e-02";"1,04917013688992e-02";"0,015133527670991215";"2,56252290398904e-02";"2,49525496316909e-03";"5,88953691934435e-03";"3,39428195617530e-03";"0,025625229039890396";"Diferente"
"13/02/2022";"Burnley";"Liverpool";"IW";"Casa de apuestas";"1,10795856638378e-02";"0,007818870278450657";"1,88984559422885e-02";"9,61528055394788e-03";"0,011730937083951648";"2,13462176378995e-02";"1,46430510988992e-03";"3,91206680550099e-03";"2,44776169561101e-03";"0,021346217637899456";"Diferente"
"13/02/2022";"Newcastle";"Aston Villa";"IW";"Casa de apuestas";"6,28492885145271e-04";"0,002725905187897393";"2,09741230275212e-03";"4,82644576186408e-04";"0,002437150820030654";"1,95450624384430e-03";"1,45848308958862e-04";"2,88754367866739e-04";"1,42906058907821e-04";"0,002725905187897393";"Similar"
"13/02/2022";"Tottenham";"Wolves";"IW";"Casa de apuestas";"1,16920910065882e-02";"0,003389298301508359";"8,30279270507986e-03";"1,21556357648179e-02";"0,004953701109455089";"7,20193465536265e-03";"4,63544758229739e-04";"1,56440280794673e-03";"1,10085804971721e-03";"0,012155635764817929";"Diferente"
"13/02/2022";"Leicester";"West Ham";"IW";"Casa de apuestas";"5,80534648291220e-05";"0,002786566311798910";"2,72851284696979e-03";"9,95122888851618e-05";"0,002492433781169145";"2,59194607005442e-03";"1,57565753714284e-04";"2,94132530629765e-04";"1,36566776915370e-04";"0,002786566311798910";"Similar"
"15/02/2022";"Man United";"Brighton";"IW";"Casa de apuestas";"7,82742407299042e-03";"0,002953108982820862";"4,87431509016964e-03";"8,00490453255898e-03";"0,003407464913902702";"4,59743961865622e-03";"1,77480459568558e-04";"4,54355931081840e-04";"2,76875471513421e-04";"0,008004904532558976";"Similar"
"19/02/2022";"West Ham";"Newcastle";"IW";"Casa de apuestas";"1,09336067848208e-02";"0,004026388707879414";"6,90721807694136e-03";"1,14921645640589e-02";"0,005133103379079601";"6,35906118497920e-03";"5,58557779238078e-04";"1,10671467120019e-03";"5,48156891962165e-04";"0,011492164564058882";"Diferente"
"19/02/2022";"Arsenal";"Brentford";"IW";"Casa de apuestas";"1,54034570052367e-02";"0,005009018913357144";"1,03944380918798e-02";"1,64145344341753e-02";"0,007479765425062679";"8,93476900911258e-03";"1,01107742893858e-03";"2,47074651170553e-03";"1,45966908276718e-03";"0,016414534434175287";"Diferente"
"19/02/2022";"Aston Villa";"Watford";"IW";"Casa de apuestas";"1,22583983989311e-02";"0,004816040082077450";"7,44235831685364e-03";"1,29443330602758e-02";"0,005898253594420477";"7,04607946585542e-03";"6,85934661344700e-04";"1,08221351234303e-03";"3,96278850998216e-04";"0,012944333060275759";"Diferente"
"19/02/2022";"Brighton";"Burnley";"IW";"Casa de apuestas";"1,02402121054274e-02";"0,003334366200163308";"6,90584590526408e-03";"1,07341091894707e-02";"0,004720972236858162";"6,01313695261269e-03";"4,93897084043349e-04";"1,38660603669485e-03";"8,92708952651394e-04";"0,010734109189470709";"Diferente"
"19/02/2022";"Crystal Palace";"Chelsea";"IW";"Casa de apuestas";"8,02852692932804e-03";"0,003849749717188544";"1,18782766465165e-02";"7,17376269071235e-03";"0,005237922686144647";"1,24116853768570e-02";"8,54764238615691e-04";"1,38817296895610e-03";"5,33408730340468e-04";"0,012411685376856996";"Diferente"
"19/02/2022";"Liverpool";"Norwich";"IW";"Casa de apuestas";"2,46285263974492e-02";"0,010782469934317959";"1,38460564631312e-02";"2,94222616655039e-02";"0,018746904318229188";"1,06753573472745e-02";"4,79373526805471e-03";"7,96443438391123e-03";"3,17069911585667e-03";"0,029422261665503879";"Diferente"
"19/02/2022";"Southampton";"Everton";"IW";"Casa de apuestas";"5,01284741475216e-03";"0,002506423707376138";"2,50642370737614e-03";"4,99425224577282e-03";"0,002497126122886550";"2,49712612288655e-03";"1,85951689793407e-05";"9,29758448958706e-06";"9,29758448958706e-06";"0,005012847414752164";"Similar"
"19/02/2022";"Man City";"Tottenham";"IW";"Casa de apuestas";"2,14242120164421e-02";"0,008669998842774224";"1,27542131736679e-02";"2,40043139627055e-02";"0,012581768047080860";"1,14225459156246e-02";"2,58010194626346e-03";"3,91176920430664e-03";"1,33166725804330e-03";"0,024004313962705526";"Diferente"
"20/02/2022";"Leeds";"Man United";"IW";"Casa de apuestas";"7,09339736485942e-03";"0,004513528246175458";"1,16069256110349e-02";"6,72675097785036e-03";"0,005437094454393998";"1,21638454322445e-02";"3,66646387009062e-04";"9,23566208218540e-04";"5,56919821209534e-04";"0,012163845432244469";"Diferente"
"20/02/2022";"Wolves";"Leicester";"IW";"Casa de apuestas";"5,26481287797176e-03";"0,001720989652241989";"3,54382322572994e-03";"5,21077736107173e-03";"0,001903585138476938";"3,30719222259468e-03";"5,40355169000306e-05";"1,82595486234949e-04";"2,36631003135257e-04";"0,005264812877971758";"Similar"
"23/02/2022";"Burnley";"Tottenham";"IW";"Casa de apuestas";"6,29526116782489e-03";"0,003325966594332430";"9,62122776215735e-03";"5,83182190568496e-03";"0,004069340718389103";"9,90116262407403e-03";"4,63439262139931e-04";"7,43374124056673e-04";"2,79934861916686e-04";"0,009901162624074034";"Similar"
"23/02/2022";"Watford";"Crystal Palace";"IW";"Casa de apuestas";"3,84734156938571e-04";"0,000855293625809550";"1,24002778274812e-03";"3,77932026751626e-04";"0,000794597623591242";"1,17252965034287e-03";"6,80213018694475e-06";"6,06960022183078e-05";"6,74981324052526e-05";"0,001240027782748121";"Similar"
"23/02/2022";"Liverpool";"Leeds";"IW";"Casa de apuestas";"2,49433639220353e-02";"0,011058389969411289";"1,38849739526240e-02";"2,90809399811930e-02";"0,016144521788015717";"1,29364181931772e-02";"4,13757605915765e-03";"5,08613181860443e-03";"9,48555759446801e-04";"0,029080939981192988";"Diferente"
"24/02/2022";"Arsenal";"Wolves";"IW";"Casa de apuestas";"1,08029789679037e-02";"0,002843496589442052";"7,95948237846172e-03";"1,11414053193831e-02";"0,004338282970331231";"6,80312234905167e-03";"3,38426351479404e-04";"1,49478638088918e-03";"1,15636002941005e-03";"0,011141405319383124";"Diferente"
"25/02/2022";"Southampton";"Norwich";"IW";"Casa de apuestas";"1,34069525463434e-02";"0,005205894421731305";"8,20105812461175e-03";"1,43343404836145e-02";"0,006713458072754142";"7,62088241086031e-03";"9,27387937271096e-04";"1,50756365102284e-03";"5,80175713751435e-04";"0,014334340483614483";"Diferente"
"26/02/2022";"Leeds";"Tottenham";"IW";"Casa de apuestas";"3,60770339600924e-03";"0,004157510695401073";"7,76521409141029e-03";"3,77298733534809e-03";"0,004140216783561190";"7,91320411890917e-03";"1,65283939338845e-04";"1,72939118398829e-05";"1,47990027498879e-04";"0,007913204118909167";"Similar"
"26/02/2022";"Brentford";"Newcastle";"IW";"Casa de apuestas";"2,71477894767602e-03";"0,001001709879088986";"1,71306906858704e-03";"2,62023601382372e-03";"0,001010397435312282";"1,60983857851149e-03";"9,45429338523041e-05";"8,68755622329687e-06";"1,03230490075545e-04";"0,002714778947676022";"Similar"
"26/02/2022";"Crystal Palace";"Burnley";"IW";"Casa de apuestas";"7,24672844529395e-03";"0,001980572616769816";"5,26615582852416e-03";"7,33930705110408e-03";"0,002667058891170526";"4,67224815993364e-03";"9,25786058101341e-05";"6,86486274400711e-04";"5,93907668590521e-04";"0,007339307051104083";"Similar"
"26/02/2022";"Man United";"Watford";"IW";"Casa de apuestas";"1,94252674447677e-02";"0,007987363258539354";"1,14379041862284e-02";"2,16509947891222e-02";"0,011194396157376135";"1,04565986317462e-02";"2,22572734435456e-03";"3,20703289883678e-03";"9,81305554482184e-04";"0,021650994789122247";"Diferente"
"26/02/2022";"Brighton";"Aston Villa";"IW";"Casa de apuestas";"5,19326150590604e-03";"0,001925438991745909";"3,26782251416025e-03";"5,14657735275575e-03";"0,002056815519437594";"3,08976183331816e-03";"4,66841531502893e-05";"1,31376527691685e-04";"1,78060680842085e-04";"0,005193261505906044";"Similar"
"26/02/2022";"Everton";"Man City";"IW";"Casa de apuestas";"1,25657963720248e-02";"0,009218831917793879";"2,17846282898186e-02";"1,11887260572162e-02";"0,013679584735530076";"2,48683107927464e-02";"1,37707031480853e-03";"4,46075281773620e-03";"3,08368250292779e-03";"0,024868310792746429";"Diferente"
"27/02/2022";"West Ham";"Wolves";"IW";"Casa de apuestas";"6,93083074113138e-03";"0,002079124499814011";"4,85170624131756e-03";"7,00586075238674e-03";"0,002609662675451374";"4,39619807693539e-03";"7,50300112553615e-05";"5,30538175637363e-04";"4,55508164382168e-04";"0,007005860752386739";"Similar"
"01/03/2022";"Burnley";"Leicester";"IW";"Casa de apuestas";"3,06596333755627e-05";"0,002054195436162420";"2,02353580278691e-03";"5,19206987401599e-05";"0,001862386603143751";"1,91430730188397e-03";"8,25803321157226e-05";"1,91808833018670e-04";"1,09228500902947e-04";"0,002054195436162420";"Similar"
"05/03/2022";"Leicester";"Leeds";"IW";"Casa de apuestas";"7,50105004939211e-03";"0,004422547426732037";"3,07850262266007e-03";"7,60963404209541e-03";"0,004264510677109756";"3,34512336498571e-03";"1,08583992703304e-04";"1,58036749622281e-04";"2,66620742325641e-04";"0,007609634042095414";"Similar"
"05/03/2022";"Aston Villa";"Southampton";"IW";"Casa de apuestas";"3,86459516017718e-03";"0,002670083928849765";"1,19451123132752e-03";"3,77790492260560e-03";"0,002477704818064030";"1,30020010454146e-03";"8,66902375715739e-05";"1,92379110785734e-04";"1,05688873213938e-04";"0,003864595160177176";"Similar"
"05/03/2022";"Burnley";"Chelsea";"IW";"Casa de apuestas";"9,37950937950932e-03";"0,005050505050505000";"1,44300144300143e-02";"8,11038700191730e-03";"0,007379666300523363";"1,54900533024406e-02";"1,26912237759202e-03";"2,32916125001836e-03";"1,06003887242623e-03";"0,015490053302440576";"Diferente"
"05/03/2022";"Newcastle";"Brighton";"IW";"Casa de apuestas";"1,74422164212051e-03";"0,001331736794321747";"4,12484847798766e-04";"1,65972931923464e-03";"0,001237166137141366";"4,22563182093161e-04";"8,44923228858763e-05";"9,45706571803817e-05";"1,00783342943944e-05";"0,001744221642120514";"Similar"
"05/03/2022";"Norwich";"Brentford";"IW";"Casa de apuestas";"1,18284848534295e-03";"0,001711355255389790";"2,89420374073279e-03";"1,17522061808972e-03";"0,001622949922243933";"2,79817054033354e-03";"7,62786725322373e-06";"8,84053331458579e-05";"9,60332003992481e-05";"0,002894203740732793";"Similar"
"05/03/2022";"Wolves";"Crystal Palace";"IW";"Casa de apuestas";"3,81979119075687e-03";"0,000643219777183013";"3,17657141357403e-03";"3,70106906938716e-03";"0,000813036983270621";"2,88803208611671e-03";"1,18722121369708e-04";"1,69817206087608e-04";"2,88539327457316e-04";"0,003819791190756872";"Similar"
"05/03/2022";"Liverpool";"West Ham";"IW";"Casa de apuestas";"2,23668754553092e-02";"0,009473610370416774";"1,28932650848922e-02";"2,54547786127014e-02";"0,013738136305555149";"1,17166423071461e-02";"3,08790315739216e-03";"4,26452593513837e-03";"1,17662277774611e-03";"0,025454778612701401";"Diferente"
"06/03/2022";"Watford";"Arsenal";"IW";"Casa de apuestas";"9,60122984929307e-03";"0,005203244568416004";"1,48044744177090e-02";"8,44439786534418e-03";"0,007413866977031974";"1,58582648423761e-02";"1,15683198394889e-03";"2,21062240861597e-03";"1,05379042466702e-03";"0,015858264842376069";"Diferente"
"06/03/2022";"Man City";"Man United";"IW";"Casa de apuestas";"1,50362450535136e-02";"0,006190980872665647";"8,84526418084791e-03";"1,64033937169097e-02";"0,008105115049902051";"8,29827866700764e-03";"1,36714866339605e-03";"1,91413417723640e-03";"5,46985513840276e-04";"0,016403393716909687";"Diferente"
"07/03/2022";"Tottenham";"Everton";"IW";"Casa de apuestas";"1,12077647635266e-02";"0,004642422892131931";"6,56534187139485e-03";"1,17551594714035e-02";"0,005398353202853506";"6,35680626855001e-03";"5,47394707876903e-04";"7,55930310721575e-04";"2,08535602844839e-04";"0,011755159471403487";"Diferente"
"10/03/2022";"Norwich";"Chelsea";"IW";"Casa de apuestas";"1,18098878346252e-02";"0,007114766578580262";"1,89246544132055e-02";"1,00650940353336e-02";"0,010812108742491666";"2,08772027778252e-02";"1,74479379929159e-03";"3,69734216391140e-03";"1,95254836461978e-03";"0,020877202777825232";"Diferente"
"10/03/2022";"Southampton";"Newcastle";"IW";"Casa de apuestas";"6,40734971343038e-03";"0,002567667466438106";"3,83968224699233e-03";"6,45254231665782e-03";"0,002778680335884298";"3,67386198077357e-03";"4,51926032274397e-05";"2,11012869446192e-04";"1,65820266218752e-04";"0,006452542316657817";"Similar"
"10/03/2022";"Wolves";"Watford";"IW";"Casa de apuestas";"7,08773067778529e-03";"0,002336784568440109";"4,75094610934515e-03";"7,18358099674016e-03";"0,002811143069734290";"4,37243792700578e-03";"9,58503189548709e-05";"4,74358501294181e-04";"3,78508182339365e-04";"0,007183580996740158";"Similar"
"10/03/2022";"Leeds";"Aston Villa";"IW";"Casa de apuestas";"3,30229179050234e-04";"0,003137177200977503";"2,80694802192716e-03";"1,35497190131895e-04";"0,002785483489811891";"2,64998629968005e-03";"1,94731988918340e-04";"3,51693711165613e-04";"1,56961722247106e-04";"0,003137177200977503";"Similar"
"12/03/2022";"Brighton";"Liverpool";"IW";"Casa de apuestas";"7,93418578513816e-03";"0,005512342847639656";"1,34465286327778e-02";"7,47985805724768e-03";"0,007052687767499372";"1,45325458247472e-02";"4,54327727890474e-04";"1,54034491985972e-03";"1,08601719196932e-03";"0,014532545824747167";"Diferente"
"12/03/2022";"Brentford";"Burnley";"IW";"Casa de apuestas";"6,52546128434456e-03";"0,002060671984529860";"4,46478929981467e-03";"6,52498561657788e-03";"0,002382891794717290";"4,14209382186054e-03";"4,75667766675070e-07";"3,22219810187430e-04";"3,22695477954132e-04";"0,006525461284344558";"Similar"
"12/03/2022";"Man United";"Tottenham";"IW";"Casa de apuestas";"3,52879711755766e-03";"0,002774331698648214";"7,54465418909500e-04";"3,42151015736092e-03";"0,002533049441442503";"8,88460715918304e-04";"1,07286960196740e-04";"2,41282257205711e-04";"1,33995297008804e-04";"0,003528797117557658";"Similar"
"13/03/2022";"Chelsea";"Newcastle";"IW";"Casa de apuestas";"1,40910220900212e-02";"0,005196606289828626";"8,89441580019257e-03";"1,52865336436289e-02";"0,007653459671135177";"7,63307397249366e-03";"1,19551155360764e-03";"2,45685338130655e-03";"1,26134182769891e-03";"0,015286533643628863";"Diferente"
"13/03/2022";"Everton";"Wolves";"IW";"Casa de apuestas";"3,67985994999281e-03";"0,000859581185229941";"2,82027876476276e-03";"3,58266411779845e-03";"0,001012234644459153";"2,57042947333930e-03";"9,71958321943633e-05";"1,52653459229213e-04";"2,49849291423465e-04";"0,003679859949992814";"Similar"
"13/03/2022";"Leeds";"Norwich";"IW";"Casa de apuestas";"1,07441202551286e-02";"0,004410868249635685";"6,33325200549295e-03";"1,13800389117850e-02";"0,005327901556148124";"6,05213735563689e-03";"6,35918656656353e-04";"9,17033306512438e-04";"2,81114649856057e-04";"0,011380038911784962";"Diferente"
"13/03/2022";"Southampton";"Watford";"IW";"Casa de apuestas";"1,30978985986485e-02";"0,005246438938482090";"7,85145966016645e-03";"1,38603932616403e-02";"0,006352507807323715";"7,50788545431655e-03";"7,62494662991831e-04";"1,10606886884163e-03";"3,43574205849906e-04";"0,013860393261640347";"Diferente"
"13/03/2022";"West Ham";"Aston Villa";"IW";"Casa de apuestas";"2,57853390874885e-03";"0,002165656878042821";"4,12877030705971e-04";"2,46955468655841e-03";"0,001990846014737757";"4,78708671820482e-04";"1,08979222190442e-04";"1,74810863305064e-04";"6,58316411145110e-05";"0,002578533908748848";"Similar"
"13/03/2022";"Arsenal";"Leicester";"IW";"Casa de apuestas";"1,63402083114507e-02";"0,006614911161250070";"9,72529715020065e-03";"1,78480211695784e-02";"0,008797123266435031";"9,05089790314356e-03";"1,50781285812773e-03";"2,18221210518496e-03";"6,74399247057089e-04";"0,017848021169578399";"Diferente"
"14/03/2022";"Crystal Palace";"Man City";"IW";"Casa de apuestas";"1,23611387295974e-02";"0,007429044376488059";"1,97901831060854e-02";"1,01866582268727e-02";"0,011786454836735488";"2,19731130636082e-02";"2,17448050272469e-03";"4,35741046024743e-03";"2,18292995752278e-03";"0,021973113063608163";"Diferente"
"16/03/2022";"Brighton";"Tottenham";"IW";"Casa de apuestas";"3,89365971557759e-03";"0,002426049515090678";"6,31970923066816e-03";"3,70305710539059e-03";"0,002630944269984836";"6,33400137537532e-03";"1,90602610186996e-04";"2,04894754894158e-04";"1,42921447071620e-05";"0,006334001375375320";"Similar"
"16/03/2022";"Arsenal";"Liverpool";"IW";"Casa de apuestas";"3,15784891459320e-03";"0,003545102570121583";"6,70295148471467e-03";"3,24585955967271e-03";"0,003519655863987170";"6,76551542365983e-03";"8,80106450795171e-05";"2,54467061344132e-05";"6,25639389451593e-05";"0,006765515423659829";"Similar"
"17/03/2022";"Everton";"Newcastle";"IW";"Casa de apuestas";"3,02007322149500e-03";"0,001399546127034301";"1,62052709446076e-03";"2,93125300872127e-03";"0,001374178972590123";"1,55707403613103e-03";"8,88202127737325e-05";"2,53671544441780e-05";"6,34530583297210e-05";"0,003020073221495001";"Similar"
"18/03/2022";"Wolves";"Leeds";"IW";"Casa de apuestas";"5,11092983675226e-03";"0,002336425068229731";"2,77450476852276e-03";"5,07231485014470e-03";"0,002367740608503421";"2,70457424164128e-03";"3,86149866075658e-05";"3,13155402736909e-05";"6,99305268814787e-05";"0,005110929836752265";"Similar"
"19/03/2022";"Aston Villa";"Arsenal";"IW";"Casa de apuestas";"2,03623514903661e-04";"0,002112593967125431";"2,31621748202904e-03";"2,88042505373842e-04";"0,001918234804541841";"2,20627730991552e-03";"8,44189904701809e-05";"1,94359162583591e-04";"1,09940172113521e-04";"0,002316217482029037";"Similar"
"20/03/2022";"Leicester";"Brentford";"IW";"Casa de apuestas";"6,16467049664882e-03";"0,002721189701518134";"3,44348079513096e-03";"6,16123609300828e-03";"0,002807583466468311";"3,35365262653997e-03";"3,43440364053427e-06";"8,63937649501767e-05";"8,98281685909885e-05";"0,006164670496648816";"Similar"
"20/03/2022";"Tottenham";"West Ham";"IW";"Casa de apuestas";"1,06256506676657e-02";"0,003857288485700772";"6,76836218196492e-03";"1,10912202185820e-02";"0,004830680594015840";"6,26053962456619e-03";"4,65569550916256e-04";"9,73392108315069e-04";"5,07822557398729e-04";"0,011091220218581999";"Diferente"
"02/04/2022";"Liverpool";"Watford";"IW";"Casa de apuestas";"2,22439638661419e-02";"0,009522085991343590";"1,27218778747983e-02";"2,60843005771071e-02";"0,016262836458125735";"9,82146411898135e-03";"3,84033671096518e-03";"6,74075046678214e-03";"2,90041375581699e-03";"0,026084300577107089";"Diferente"
"02/04/2022";"Brighton";"Norwich";"IW";"Casa de apuestas";"1,53403812585674e-02";"0,005317699036498674";"1,00226822220688e-02";"1,64034928550173e-02";"0,007555082358116832";"8,84841049690038e-03";"1,06311159644989e-03";"2,23738332161816e-03";"1,17427172516846e-03";"0,016403492855017299";"Diferente"
"02/04/2022";"Burnley";"Man City";"IW";"Casa de apuestas";"1,45423919146547e-02";"0,010087965562418089";"2,46303574770730e-02";"1,15451786197602e-02";"0,016906965829900145";"2,84521444496606e-02";"2,99721329489452e-03";"6,81900026748206e-03";"3,82178697258762e-03";"0,028452144449660599";"Diferente"
"02/04/2022";"Chelsea";"Brentford";"IW";"Casa de apuestas";"1,71340487266725e-02";"0,006222756754391212";"1,09112919722812e-02";"1,87252542358330e-02";"0,009539696721378138";"9,18555751445484e-03";"1,59120550916059e-03";"3,31693996698693e-03";"1,72573445782639e-03";"0,018725254235833044";"Diferente"
"02/04/2022";"Leeds";"Southampton";"IW";"Casa de apuestas";"3,40903420700711e-03";"0,003688222353270654";"2,79188146263487e-04";"3,23801183982564e-03";"0,003270748601162166";"3,27367613364715e-05";"1,71022367181473e-04";"4,17473752108488e-04";"2,46451384927016e-04";"0,003688222353270654";"Similar"
"02/04/2022";"Wolves";"Aston Villa";"IW";"Casa de apuestas";"8,33854492391095e-04";"0,000833854492391095";"1,66770898478213e-03";"7,94282277053693e-04";"0,000794282277053693";"1,58856455410711e-03";"3,95722153374023e-05";"3,95722153374023e-05";"7,91444306750266e-05";"0,001667708984782135";"Similar"
"02/04/2022";"Man United";"Leicester";"IW";"Casa de apuestas";"1,20710579382091e-02";"0,004815054053778495";"7,25600388443054e-03";"1,28031071408463e-02";"0,005931936826303358";"6,87117031454296e-03";"7,32049202637253e-04";"1,11688277252486e-03";"3,84833569887583e-04";"0,012803107140846315";"Diferente"
"03/04/2022";"West Ham";"Everton";"IW";"Casa de apuestas";"1,00625011434263e-02";"0,003879730607441068";"6,18277053598523e-03";"1,04700766510406e-02";"0,004626335046440777";"5,84374160459980e-03";"4,07575507614277e-04";"7,46604438999710e-04";"3,39028931385432e-04";"0,010470076651040605";"Diferente"
"03/04/2022";"Tottenham";"Newcastle";"IW";"Casa de apuestas";"1,40359531656697e-02";"0,005319784504247776";"8,71616866142197e-03";"1,50408366202851e-02";"0,007058984788159806";"7,98185183212549e-03";"1,00488345461536e-03";"1,73920028391203e-03";"7,34316829296477e-04";"0,015040836620285103";"Diferente"
"04/04/2022";"Crystal Palace";"Arsenal";"IW";"Casa de apuestas";"3,91576843358238e-03";"0,002209037330355490";"6,12480576393770e-03";"3,67467660885046e-03";"0,002478953368624470";"6,15362997747493e-03";"2,41091824731920e-04";"2,69916038268980e-04";"2,88242135372263e-05";"0,006153629977474928";"Similar"
"06/04/2022";"Burnley";"Everton";"IW";"Casa de apuestas";"2,39413309286862e-03";"0,001324053803835434";"1,07007928903324e-03";"2,30231962020017e-03";"0,001260000620737223";"1,04231899946300e-03";"9,18134726684561e-05";"6,40531830982116e-05";"2,77602895702445e-05";"0,002394133092868622";"Similar"
"08/04/2022";"Newcastle";"Wolves";"IW";"Casa de apuestas";"7,23205980726460e-03";"0,001900029936745873";"5,33202987051870e-03";"7,28138041986298e-03";"0,002510487153277730";"4,77089326658514e-03";"4,93206125983803e-05";"6,10457216531857e-04";"5,61136603933560e-04";"0,007281380419862982";"Similar"
"09/04/2022";"Everton";"Man United";"IW";"Casa de apuestas";"4,39554489262092e-03";"0,003912797187650974";"8,30834208027187e-03";"4,41731344286067e-03";"0,004115685441170913";"8,53299888403170e-03";"2,17685502397480e-05";"2,02888253519939e-04";"2,24656803759826e-04";"0,008532998884031695";"Similar"
"09/04/2022";"Arsenal";"Brighton";"IW";"Casa de apuestas";"1,34830075717557e-02";"0,004121324176791591";"9,36168339496382e-03";"1,42088523011566e-02";"0,006222815909753515";"7,98603639140319e-03";"7,25844729400960e-04";"2,10149173296192e-03";"1,37564700356063e-03";"0,014208852301156649";"Diferente"
"09/04/2022";"Southampton";"Chelsea";"IW";"Casa de apuestas";"3,97043850691375e-03";"0,003406366737975730";"7,37680524488943e-03";"3,93777261090750e-03";"0,003552266459136477";"7,49003907004409e-03";"3,26658960062565e-05";"1,45899721160747e-04";"1,13233825154657e-04";"0,007490039070044086";"Similar"
"09/04/2022";"Watford";"Leeds";"IW";"Casa de apuestas";"6,28492885145271e-04";"0,002725905187897393";"2,09741230275212e-03";"4,82644576186408e-04";"0,002437150820030654";"1,95450624384430e-03";"1,45848308958862e-04";"2,88754367866739e-04";"1,42906058907821e-04";"0,002725905187897393";"Similar"
"09/04/2022";"Aston Villa";"Tottenham";"IW";"Casa de apuestas";"2,08814975016786e-03";"0,002684763964501513";"4,77291371466915e-03";"2,13702037300512e-03";"0,002593303386139112";"4,73032375914395e-03";"4,88706228372604e-05";"9,14605783624012e-05";"4,25899555251963e-05";"0,004772913714669147";"Similar"
"10/04/2022";"Brentford";"West Ham";"IW";"Casa de apuestas";"1,33006777688549e-03";"0,001963346977612634";"6,33279200727199e-04";"1,22916805603102e-03";"0,001773292776913349";"5,44124720882333e-04";"1,00899720854475e-04";"1,90054200699286e-04";"8,91544798448662e-05";"0,001963346977612634";"Similar"
"10/04/2022";"Leicester";"Crystal Palace";"IW";"Casa de apuestas";"2,42391152153049e-03";"0,001860291581431417";"5,63619940099125e-04";"2,32318000556719e-03";"0,001717660206075777";"6,05519799491638e-04";"1,00731515963293e-04";"1,42631375355640e-04";"4,18998593925135e-05";"0,002423911521530486";"Similar"
"10/04/2022";"Norwich";"Burnley";"IW";"Casa de apuestas";"1,35261100759598e-03";"0,002303823736129751";"3,65643474372557e-03";"1,39457530416481e-03";"0,002171956289357790";"3,56653159352260e-03";"4,19642965688305e-05";"1,31867446771960e-04";"8,99031502029635e-05";"0,003656434743725567";"Similar"
"10/04/2022";"Man City";"Liverpool";"IW";"Casa de apuestas";"7,79727095516569e-03";"0,003898635477582846";"3,89863547758285e-03";"7,92753115241640e-03";"0,003963765576208200";"3,96376557620820e-03";"1,30260197250709e-04";"6,51300986253545e-05";"6,51300986253545e-05";"0,007927531152416400";"Similar"
"16/04/2022";"Tottenham";"Brighton";"IW";"Casa de apuestas";"1,61394276287893e-02";"0,006348243795052333";"9,79118383373706e-03";"1,74873168387985e-02";"0,008410471676617265";"9,07684516218124e-03";"1,34788921000917e-03";"2,06222788156493e-03";"7,14338671555820e-04";"0,017487316838798450";"Diferente"
"16/04/2022";"Man United";"Norwich";"IW";"Casa de apuestas";"2,18387271459567e-02";"0,009550123648500247";"1,22886034974565e-02";"2,48911548749138e-02";"0,013249592932366411";"1,16415619425473e-02";"3,05242772895709e-03";"3,69946928386616e-03";"6,47041554909231e-04";"0,024891154874913779";"Diferente"
"16/04/2022";"Southampton";"Arsenal";"IW";"Casa de apuestas";"4,36974390821662e-03";"0,003445964165136040";"7,81570807335275e-03";"4,28973396158530e-03";"0,003672501038673837";"7,96223500025911e-03";"8,00099466313209e-05";"2,26536873537797e-04";"1,46526926906365e-04";"0,007962235000259110";"Similar"
"16/04/2022";"Watford";"Brentford";"IW";"Casa de apuestas";"4,41869363356051e-04";"0,001837246300269824";"2,27911566362576e-03";"4,94251238228383e-04";"0,001684918447103445";"2,17916968533188e-03";"5,23818748723315e-05";"1,52327853166379e-04";"9,99459782938805e-05";"0,002279115663625764";"Similar"
"17/04/2022";"Newcastle";"Leicester";"IW";"Casa de apuestas";"7,84670802952331e-03";"0,003513960552351814";"4,33274747717166e-03";"7,97496876432846e-03";"0,003706023648406609";"4,26894511592191e-03";"1,28260734805152e-04";"1,92063096054795e-04";"6,38023612497540e-05";"0,007974968764328461";"Similar"
"17/04/2022";"West Ham";"Burnley";"IW";"Casa de apuestas";"9,17540447770526e-03";"0,002588094696161169";"6,58730978154409e-03";"9,38997866221958e-03";"0,003556072169327851";"5,83390649289178e-03";"2,14574184514316e-04";"9,67977473166681e-04";"7,53403288652310e-04";"0,009389978662219578";"Similar"
"19/04/2022";"Liverpool";"Man United";"IW";"Casa de apuestas";"1,50153644587531e-02";"0,006431954626361341";"8,58340983239161e-03";"1,65311245284763e-02";"0,008337203006557992";"8,19392152191828e-03";"1,51576006972320e-03";"1,90524838019665e-03";"3,89488310473335e-04";"0,016531124528476271";"Diferente"
"20/04/2022";"Chelsea";"Arsenal";"IW";"Casa de apuestas";"8,21216652011802e-03";"0,002774937499270380";"5,43722902084762e-03";"8,38434135367827e-03";"0,003365558936561153";"5,01878241711709e-03";"1,72174833560246e-04";"5,90621437290773e-04";"4,18446603730527e-04";"0,008384341353678271";"Similar"
"20/04/2022";"Everton";"Leicester";"IW";"Casa de apuestas";"2,02353580278691e-03";"0,002054195436162420";"3,06596333755627e-05";"1,91430730188391e-03";"0,001862386603143806";"5,19206987402709e-05";"1,09228500903003e-04";"1,91808833018614e-04";"8,25803321158336e-05";"0,002054195436162420";"Similar"
"20/04/2022";"Newcastle";"Crystal Palace";"IW";"Casa de apuestas";"4,12681996356279e-03";"0,001366630428390303";"2,76018953517249e-03";"4,04179290969664e-03";"0,001462024837449671";"2,57976807224675e-03";"8,50270538661491e-05";"9,53944090593684e-05";"1,80421462925739e-04";"0,004126819963562789";"Similar"
"20/04/2022";"Man City";"Brighton";"IW";"Casa de apuestas";"2,28159175725288e-02";"0,009254948034260829";"1,35609695382681e-02";"2,61312568237977e-02";"0,015269485988006232";"1,08617708357915e-02";"3,31533925126892e-03";"6,01453795374540e-03";"2,69919870247665e-03";"0,026131256823797688";"Diferente"
"21/04/2022";"Burnley";"Southampton";"IW";"Casa de apuestas";"1,23765502260603e-03";"0,001896666138539393";"6,59011115933028e-04";"1,13376545625848e-03";"0,001696151568999882";"5,62386112741398e-04";"1,03889566347548e-04";"2,00514569539512e-04";"9,66250031916305e-05";"0,001896666138539393";"Similar"
"23/04/2022";"Arsenal";"Man United";"IW";"Casa de apuestas";"7,35189921003609e-03";"0,003582334589610159";"3,76956462042599e-03";"7,46602439305882e-03";"0,003669043864341415";"3,79698052871735e-03";"1,14125183022729e-04";"8,67092747312559e-05";"2,74159082913616e-05";"0,007466024393058823";"Similar"
"23/04/2022";"Leicester";"Aston Villa";"IW";"Casa de apuestas";"5,29194140509393e-04";"0,002246988369481562";"2,77618250999090e-03";"6,09216243502908e-04";"0,002058347270415373";"2,66756351391834e-03";"8,00221029935155e-05";"1,88641099066189e-04";"1,08618996072563e-04";"0,002776182509990899";"Similar"
"23/04/2022";"Man City";"Watford";"IW";"Casa de apuestas";"2,27566251025094e-02";"0,010129647398786371";"1,26269777037231e-02";"2,71671351336217e-02";"0,016924413119398463";"1,02427220142233e-02";"4,41051003111226e-03";"6,79476572061209e-03";"2,38425568949984e-03";"0,027167135133621678";"Diferente"
"23/04/2022";"Norwich";"Newcastle";"IW";"Casa de apuestas";"2,77450476852276e-03";"0,002336425068229731";"5,11092983675226e-03";"2,70457424164128e-03";"0,002367740608503421";"5,07231485014470e-03";"6,99305268814787e-05";"3,13155402736909e-05";"3,86149866075658e-05";"0,005110929836752265";"Similar"
"23/04/2022";"Brentford";"Tottenham";"IW";"Casa de apuestas";"7,12279568089433e-03";"0,005047009511033679";"1,21698051919280e-02";"6,90460273990748e-03";"0,005922998655493394";"1,28276013954008e-02";"2,18192940986850e-04";"8,75989144459716e-04";"6,57796203472838e-04";"0,012827601395400845";"Diferente"
"24/04/2022";"Brighton";"Southampton";"IW";"Casa de apuestas";"5,43170397183035e-03";"0,002288745957176652";"3,14295801465375e-03";"5,43596468275093e-03";"0,002409593914548647";"3,02637076820222e-03";"4,26071092057834e-06";"1,20847957371994e-04";"1,16587246451527e-04";"0,005435964682750927";"Similar"
"24/04/2022";"Burnley";"Wolves";"IW";"Casa de apuestas";"2,07878299154129e-03";"0,001177796107479034";"9,00986884062260e-04";"1,99035881558990e-03";"0,001115807778616695";"8,74551036973370e-04";"8,84241759513960e-05";"6,19883288623391e-05";"2,64358470888904e-05";"0,002078782991541295";"Similar"
"24/04/2022";"Chelsea";"West Ham";"IW";"Casa de apuestas";"1,78646686263582e-02";"0,006984918825931469";"1,08797498004269e-02";"1,96529042357573e-02";"0,009933020717001695";"9,71988351875551e-03";"1,78823560939911e-03";"2,94810189107023e-03";"1,15986628167143e-03";"0,019652904235757274";"Diferente"
"24/04/2022";"Liverpool";"Everton";"IW";"Casa de apuestas";"2,20057720057718e-02";"0,009379509379509432";"1,26262626262627e-02";"2,54336917906199e-02";"0,014701017906858377";"1,07326738837616e-02";"3,42791978484813e-03";"5,32150852734894e-03";"1,89358874250109e-03";"0,025433691790619939";"Diferente"
"25/04/2022";"Crystal Palace";"Leeds";"IW";"Casa de apuestas";"3,35379931383134e-03";"0,002716613545380220";"6,37185768451398e-04";"3,23942306972980e-03";"0,002486393918839480";"7,53029150890538e-04";"1,14376244101544e-04";"2,30219626540740e-04";"1,15843382439140e-04";"0,003353799313831340";"Similar"
"28/04/2022";"Man United";"Chelsea";"IW";"Casa de apuestas";"3,45432600685891e-03";"0,003664872141072806";"7,11919814793166e-03";"3,52240686331262e-03";"0,003672103981857244";"7,19451084516987e-03";"6,80808564537116e-05";"7,23184078443850e-06";"7,53126972382057e-05";"0,007194510845169866";"Similar"
"30/04/2022";"Newcastle";"Liverpool";"IW";"Casa de apuestas";"9,09020505613736e-03";"0,005272318932559666";"1,43625239886970e-02";"8,06083237635041e-03";"0,007398926863402822";"1,54597592397535e-02";"1,02937267978695e-03";"2,12660793084316e-03";"1,09723525105654e-03";"0,015459759239753512";"Diferente"
"30/04/2022";"Aston Villa";"Norwich";"IW";"Casa de apuestas";"1,52867283428032e-02";"0,006109320249511191";"9,17740809329196e-03";"1,67025036400085e-02";"0,008324833433192541";"8,37767020681586e-03";"1,41577529720527e-03";"2,21551318368135e-03";"7,99737886476096e-04";"0,016702503640008470";"Diferente"
"30/04/2022";"Southampton";"Crystal Palace";"IW";"Casa de apuestas";"2,70230726461568e-03";"0,001468889011056740";"1,23341825355910e-03";"2,61047822354327e-03";"0,001404429395459039";"1,20604882808412e-03";"9,18290410724110e-05";"6,44596155977006e-05";"2,73694254749879e-05";"0,002702307264615678";"Similar"
"30/04/2022";"Watford";"Burnley";"IW";"Casa de apuestas";"1,75219214249589e-03";"0,001652635770763189";"9,95563717327008e-05";"1,66064852731890e-03";"0,001518805166983661";"1,41843360335292e-04";"9,15436151769922e-05";"1,33830603779528e-04";"4,22869886025912e-05";"0,001752192142495890";"Similar"
"30/04/2022";"Wolves";"Brighton";"IW";"Casa de apuestas";"1,29984354555701e-03";"0,000783605552690192";"5,16237992866708e-04";"1,23142005849786e-03";"0,000734723042948249";"4,96697015549497e-04";"6,84234870591549e-05";"4,88825097419432e-05";"1,95409773172117e-05";"0,001299843545557011";"Similar"
"01/05/2022";"West Ham";"Arsenal";"IW";"Casa de apuestas";"6,12317159102249e-03";"0,004465478038152393";"1,05886496291748e-02";"5,95843099435689e-03";"0,005138748016598610";"1,10971790109556e-02";"1,64740596665602e-04";"6,73269978446217e-04";"5,08529381780809e-04";"0,011097179010955638";"Diferente"
"02/05/2022";"Man United";"Brentford";"IW";"Casa de apuestas";"1,18419088312987e-02";"0,005363946672720582";"6,47796215857807e-03";"1,24298351253582e-02";"0,005922795618380411";"6,50703950697779e-03";"5,87926294059571e-04";"5,58848945659829e-04";"2,90773483997142e-05";"0,012429835125358224";"Diferente"
"07/05/2022";"Brentford";"Southampton";"IW";"Casa de apuestas";"5,62139571738396e-03";"0,001865658700295980";"3,75573701708798e-03";"5,59015925384615e-03";"0,002087289950620741";"3,50286930322552e-03";"3,12364635378093e-05";"2,21631250324761e-04";"2,52867713862459e-04";"0,005621395717383959";"Similar"
"07/05/2022";"Burnley";"Aston Villa";"IW";"Casa de apuestas";"1,07007928903324e-03";"0,001324053803835434";"2,39413309286862e-03";"1,04231899946300e-03";"0,001260000620737223";"2,30231962020017e-03";"2,77602895702445e-05";"6,40531830982116e-05";"9,18134726684561e-05";"0,002394133092868622";"Similar"
"07/05/2022";"Chelsea";"Wolves";"IW";"Casa de apuestas";"1,67989607050976e-02";"0,006291835585525957";"1,05071251195718e-02";"1,83925192796270e-02";"0,009349041760758459";"9,04347751886871e-03";"1,59355857452947e-03";"3,05720617523250e-03";"1,46364760070311e-03";"0,018392519279627040";"Diferente"
"07/05/2022";"Crystal Palace";"Watford";"IW";"Casa de apuestas";"1,12747855515560e-02";"0,003721848112988257";"7,55293743856783e-03";"1,18065959250252e-02";"0,005092232920169415";"6,71436300485578e-03";"5,31810373469166e-04";"1,37038480718116e-03";"8,38574433712047e-04";"0,011806595925025198";"Diferente"
"07/05/2022";"Brighton";"Man United";"IW";"Casa de apuestas";"8,90196933362397e-04";"0,002416248819126554";"3,30644575248890e-03";"9,65629442533089e-04";"0,002236739344082805";"3,20236878661595e-03";"7,54325091706920e-05";"1,79509475043749e-04";"1,04076965872946e-04";"0,003306445752488896";"Similar"
"07/05/2022";"Liverpool";"Tottenham";"IW";"Casa de apuestas";"1,58616484086704e-02";"0,006756394247945940";"9,10525416072455e-03";"1,74024146654678e-02";"0,008666409823252258";"8,73600484221571e-03";"1,54076625679733e-03";"1,91001557530632e-03";"3,69249318508846e-04";"0,017402414665467769";"Diferente"
"08/05/2022";"Arsenal";"Leeds";"IW";"Casa de apuestas";"1,38135775918967e-02";"0,005531722191159633";"8,28185540073698e-03";"1,48674467584849e-02";"0,007107517201838082";"7,75992955664692e-03";"1,05386916658823e-03";"1,57579501067845e-03";"5,21925844090054e-04";"0,014867446758484948";"Diferente"
"08/05/2022";"Leicester";"Everton";"IW";"Casa de apuestas";"1,34173010194133e-03";"0,002316507370953402";"9,74777269012073e-04";"1,22283460810474e-03";"0,002081952974735124";"8,59118366630385e-04";"1,18895493836590e-04";"2,34554396218278e-04";"1,15658902381688e-04";"0,002316507370953402";"Similar"
"08/05/2022";"Norwich";"West Ham";"IW";"Casa de apuestas";"6,70752469941430e-03";"0,004583556870929206";"1,12910815703434e-02";"6,43290566389293e-03";"0,005442570330388086";"1,18754759942808e-02";"2,74619035521367e-04";"8,59013459458879e-04";"5,84394423937429e-04";"0,011875475994280849";"Diferente"
"08/05/2022";"Man City";"Newcastle";"IW";"Casa de apuestas";"2,30158730158730e-02";"0,010317460317460309";"1,26984126984127e-02";"2,67764641957529e-02";"0,014775793719346161";"1,20006704764065e-02";"3,76059117987981e-03";"4,45833340188585e-03";"6,97742222006179e-04";"0,026776464195752858";"Diferente"
"10/05/2022";"Aston Villa";"Liverpool";"IW";"Casa de apuestas";"9,74658869395706e-03";"0,006822612085769925";"1,65692007797271e-02";"9,29377325125416e-03";"0,008708023701782752";"1,80017969530369e-02";"4,52815442702897e-04";"1,88541161601283e-03";"1,43259617330982e-03";"0,018001796953036941";"Diferente"
"11/05/2022";"Leeds";"Chelsea";"IW";"Casa de apuestas";"6,89610458730086e-03";"0,005168877134960864";"1,20649817222617e-02";"6,76097052972952e-03";"0,006004296188141967";"1,27652667178717e-02";"1,35134057571346e-04";"8,35419053181102e-04";"7,00284995610034e-04";"0,012765266717871704";"Diferente"
"11/05/2022";"Leicester";"Norwich";"IW";"Casa de apuestas";"1,96048600221843e-02";"0,008235455021338350";"1,13694050008462e-02";"2,19596318398627e-02";"0,011441264010612767";"1,05183678292499e-02";"2,35477181767840e-03";"3,20580898927442e-03";"8,51037171596250e-04";"0,021959631839862714";"Diferente"
"11/05/2022";"Watford";"Everton";"IW";"Casa de apuestas";"8,15881805490201e-03";"0,003875402952200346";"1,20342210071024e-02";"7,21960913868205e-03";"0,005387295760734379";"1,26069048994165e-02";"9,39208916219958e-04";"1,51189280853403e-03";"5,72683892314130e-04";"0,012606904899416516";"Diferente"
"11/05/2022";"Wolves";"Man City";"IW";"Casa de apuestas";"1,19880533909784e-02";"0,007361383676672550";"1,93494370676510e-02";"9,24517673784496e-03";"0,012425476865096846";"2,16706536029418e-02";"2,74287665313348e-03";"5,06409318842430e-03";"2,32121653529083e-03";"0,021670653602941847";"Diferente"
"12/05/2022";"Tottenham";"Arsenal";"IW";"Casa de apuestas";"5,14187373960456e-03";"0,003012529149325871";"2,12934459027864e-03";"5,10027404300195e-03";"0,002889770674574854";"2,21050336842699e-03";"4,15996966026122e-05";"1,22758474751017e-04";"8,11587781483492e-05";"0,005141873739604563";"Similar"
"15/05/2022";"Tottenham";"Burnley";"IW";"Casa de apuestas";"1,52084757347914e-02";"0,006168831168831157";"9,03964456596035e-03";"1,68760651065080e-02";"0,008943546682558118";"7,93251842394969e-03";"1,66758937171652e-03";"2,77471551372696e-03";"1,10712614201065e-03";"0,016876065106507965";"Diferente"
"15/05/2022";"Aston Villa";"Crystal Palace";"IW";"Casa de apuestas";"1,02191796581902e-02";"0,003681084246165367";"6,53809541202491e-03";"1,05596996169132e-02";"0,004448175620264061";"6,11152399664922e-03";"3,40519958722973e-04";"7,67091374098694e-04";"4,26571415375693e-04";"0,010559699616913165";"Diferente"
"15/05/2022";"Leeds";"Brighton";"IW";"Casa de apuestas";"1,84548092167519e-03";"0,002234003220975167";"3,88522299300031e-04";"1,72217597722113e-03";"0,001990005288518892";"2,67829311297763e-04";"1,23304944454061e-04";"2,43997932456275e-04";"1,20692988002269e-04";"0,002234003220975167";"Similar"
"15/05/2022";"Watford";"Leicester";"IW";"Casa de apuestas";"7,17768226589127e-03";"0,004758771722540245";"1,19364539884314e-02";"6,85046701235095e-03";"0,005712841847675093";"1,25633088600261e-02";"3,27215253540319e-04";"9,54070125134848e-04";"6,26854871594751e-04";"0,012563308860026101";"Diferente"
"15/05/2022";"West Ham";"Man City";"IW";"Casa de apuestas";"8,58340983239161e-03";"0,006431954626361341";"1,50153644587531e-02";"8,19392152191828e-03";"0,008337203006557992";"1,65311245284763e-02";"3,89488310473335e-04";"1,90524838019665e-03";"1,51576006972320e-03";"0,016531124528476271";"Diferente"
"15/05/2022";"Wolves";"Norwich";"IW";"Casa de apuestas";"1,56845826176264e-02";"0,006456660704885070";"9,22792191274130e-03";"1,69523238435203e-02";"0,008125946360726222";"8,82637748279413e-03";"1,26774122589390e-03";"1,66928565584115e-03";"4,01544429947165e-04";"0,016952323843520301";"Diferente"
"15/05/2022";"Everton";"Brentford";"IW";"Casa de apuestas";"8,10548410397460e-03";"0,003277032525582702";"4,82845157839185e-03";"8,30545788533876e-03";"0,003670045752441509";"4,63541213289709e-03";"1,99973781364160e-04";"3,93013226858807e-04";"1,93039445494758e-04";"0,008305457885338763";"Similar"
"16/05/2022";"Newcastle";"Arsenal";"IW";"Casa de apuestas";"6,65595797169347e-03";"0,004047188589860723";"1,07031465615542e-02";"6,25268266191331e-03";"0,004913685281279501";"1,11663679431927e-02";"4,03275309780154e-04";"8,66496691418778e-04";"4,63221381638457e-04";"0,011166367943192701";"Diferente"
"17/05/2022";"Southampton";"Liverpool";"IW";"Casa de apuestas";"8,84526418084791e-03";"0,006190980872665647";"1,50362450535136e-02";"8,29827866700764e-03";"0,008105115049902051";"1,64033937169097e-02";"5,46985513840276e-04";"1,91413417723640e-03";"1,36714866339605e-03";"0,016403393716909687";"Diferente"
"19/05/2022";"Everton";"Crystal Palace";"IW";"Casa de apuestas";"9,02484686032556e-03";"0,002913533238372845";"6,11131362195277e-03";"9,29560611352831e-03";"0,003776431074196007";"5,51917503933219e-03";"2,70759253202746e-04";"8,62897835823162e-04";"5,92138582620583e-04";"0,009295606113528310";"Similar"
"19/05/2022";"Aston Villa";"Burnley";"IW";"Casa de apuestas";"6,58795790641631e-03";"0,003071078121788029";"3,51687978462822e-03";"6,61994760419049e-03";"0,003146397307923765";"3,47355029626695e-03";"3,19896977741818e-05";"7,53191861357361e-05";"4,33294883612767e-05";"0,006619947604190490";"Similar"
"19/05/2022";"Chelsea";"Leicester";"IW";"Casa de apuestas";"1,66409914866653e-02";"0,006318149619905705";"1,03228418667595e-02";"1,81649841675766e-02";"0,009039274484235332";"9,12570968334128e-03";"1,52399268091130e-03";"2,72112486432963e-03";"1,19713218341824e-03";"0,018164984167576614";"Diferente"
"22/05/2022";"Arsenal";"Everton";"IW";"Casa de apuestas";"1,70711679483608e-02";"0,006877592842505137";"1,01935751058558e-02";"1,89297163839257e-02";"0,009867303827951368";"9,06241255597438e-03";"1,85854843556488e-03";"2,98971098544623e-03";"1,13116254988142e-03";"0,018929716383925710";"Diferente"
"22/05/2022";"Brentford";"Leeds";"IW";"Casa de apuestas";"3,20005163115666e-03";"0,003847290000086767";"6,47238368929992e-04";"2,99915765858227e-03";"0,003357043753708489";"3,57886095126270e-04";"2,00893972574390e-04";"4,90246246378279e-04";"2,89352273803722e-04";"0,003847290000086767";"Similar"
"22/05/2022";"Brighton";"West Ham";"IW";"Casa de apuestas";"1,31805109666633e-03";"0,002993686173686450";"1,67563507702012e-03";"1,14139315640260e-03";"0,002644412271888219";"1,50301911548545e-03";"1,76657940263725e-04";"3,49273901798230e-04";"1,72615961534672e-04";"0,002993686173686450";"Similar"
"22/05/2022";"Burnley";"Newcastle";"IW";"Casa de apuestas";"3,46386639835417e-03";"0,002497458531728725";"9,66407866625496e-04";"3,36670352837048e-03";"0,002306131574229375";"1,06057195414117e-03";"9,71628699836802e-05";"1,91326957499349e-04";"9,41640875156691e-05";"0,003463866398354165";"Similar"
"22/05/2022";"Chelsea";"Watford";"IW";"Casa de apuestas";"2,01897502445416e-02";"0,008569692542950785";"1,16200577015908e-02";"2,31453758970261e-02";"0,013155802862829552";"9,98957303419679e-03";"2,95562565248453e-03";"4,58611031987877e-03";"1,63048466739402e-03";"0,023145375897026144";"Diferente"
"22/05/2022";"Crystal Palace";"Man United";"IW";"Casa de apuestas";"4,14287368374344e-04";"0,002552544753532338";"2,96683212190663e-03";"5,43442598695321e-04";"0,002308261422807545";"2,85170402150281e-03";"1,29155230320976e-04";"2,44283330724793e-04";"1,15128100403816e-04";"0,002966832121906626";"Similar"
"22/05/2022";"Leicester";"Southampton";"IW";"Casa de apuestas";"1,06074042292289e-02";"0,005175165042586249";"5,43223918664273e-03";"1,11385814527630e-02";"0,005505501863068724";"5,63307958969428e-03";"5,31177223534129e-04";"3,30336820482474e-04";"2,00840403051544e-04";"0,011138581452763030";"Diferente"
"22/05/2022";"Liverpool";"Wolves";"IW";"Casa de apuestas";"2,62757969850209e-02";"0,011460892333445910";"1,48149046515750e-02";"3,11216418112029e-02";"0,018675374915094439";"1,24462668961085e-02";"4,84584482618200e-03";"7,21448258164853e-03";"2,36863775546654e-03";"0,031121641811202916";"Diferente"
"22/05/2022";"Man City";"Aston Villa";"IW";"Casa de apuestas";"2,62757969850209e-02";"0,011460892333445910";"1,48149046515750e-02";"3,11216418112029e-02";"0,018675374915094439";"1,24462668961085e-02";"4,84584482618200e-03";"7,21448258164853e-03";"2,36863775546654e-03";"0,031121641811202916";"Diferente"
"22/05/2022";"Norwich";"Tottenham";"IW";"Casa de apuestas";"1,09833155839546e-02";"0,007799077032303869";"1,87823926162585e-02";"9,37522808333717e-03";"0,011924165500160511";"2,12993935834977e-02";"1,60808750061740e-03";"4,12508846785664e-03";"2,51700096723928e-03";"0,021299393583497750";"Diferente"
