"Date";"HomeTeam";"AwayTeam";"casa";"tipo";"cuota_local";"cuota_empate";"cuota_visitante";"prob_local";"prob_empate";"prob_visitante";"suma_prob";"margen";"margen_pct"
"13/08/2021";"Brentford";"Arsenal";"B365";"Casa de apuestas";"3,80";"3,25";"2,05";"0,2631578947368421";"0,3076923076923077";"0,4878048780487805";"1,05865508047793";"0,0586550804779302";"5,86550804779302"
"14/08/2021";"Man United";"Leeds";"B365";"Casa de apuestas";"1,61";"4,20";"5,25";"0,6211180124223602";"0,2380952380952381";"0,1904761904761905";"1,04968944099379";"0,0496894409937887";"4,96894409937887"
"14/08/2021";"Burnley";"Brighton";"B365";"Casa de apuestas";"3,10";"3,10";"2,45";"0,3225806451612903";"0,3225806451612903";"0,4081632653061224";"1,05332455562870";"0,0533245556287030";"5,33245556287030"
"14/08/2021";"Chelsea";"Crystal Palace";"B365";"Casa de apuestas";"1,30";"5,25";"11,00";"0,7692307692307692";"0,1904761904761905";"0,0909090909090909";"1,05061605061605";"0,0506160506160505";"5,06160506160505"
"14/08/2021";"Everton";"Southampton";"B365";"Casa de apuestas";"2,00";"3,40";"3,90";"0,5000000000000000";"0,2941176470588235";"0,2564102564102564";"1,05052790346908";"0,0505279034690800";"5,05279034690800"
"14/08/2021";"Leicester";"Wolves";"B365";"Casa de apuestas";"1,70";"3,75";"5,00";"0,5882352941176471";"0,2666666666666667";"0,2000000000000000";"1,05490196078431";"0,0549019607843138";"5,49019607843138"
"14/08/2021";"Watford";"Aston Villa";"B365";"Casa de apuestas";"3,40";"3,30";"2,20";"0,2941176470588235";"0,3030303030303030";"0,4545454545454545";"1,05169340463458";"0,0516934046345812";"5,16934046345812"
"14/08/2021";"Norwich";"Liverpool";"B365";"Casa de apuestas";"6,50";"4,75";"1,44";"0,1538461538461539";"0,2105263157894737";"0,6944444444444444";"1,05881691408007";"0,0588169140800718";"5,88169140800718"
"15/08/2021";"Newcastle";"West Ham";"B365";"Casa de apuestas";"3,30";"3,40";"2,20";"0,3030303030303030";"0,2941176470588235";"0,4545454545454545";"1,05169340463458";"0,0516934046345812";"5,16934046345812"
"15/08/2021";"Tottenham";"Man City";"B365";"Casa de apuestas";"6,00";"4,10";"1,55";"0,1666666666666667";"0,2439024390243903";"0,6451612903225806";"1,05573039601364";"0,0557303960136375";"5,57303960136375"
"21/08/2021";"Liverpool";"Burnley";"B365";"Casa de apuestas";"1,25";"6,00";"11,00";"0,8000000000000000";"0,1666666666666667";"0,0909090909090909";"1,05757575757576";"0,0575757575757576";"5,75757575757576"
"21/08/2021";"Aston Villa";"Newcastle";"B365";"Casa de apuestas";"1,80";"3,80";"4,33";"0,5555555555555556";"0,2631578947368421";"0,2309468822170901";"1,04966033250949";"0,0496603325094878";"4,96603325094878"
"21/08/2021";"Crystal Palace";"Brentford";"B365";"Casa de apuestas";"2,60";"3,20";"2,80";"0,3846153846153846";"0,3125000000000000";"0,3571428571428572";"1,05425824175824";"0,0542582417582418";"5,42582417582418"
"21/08/2021";"Leeds";"Everton";"B365";"Casa de apuestas";"2,05";"3,50";"3,60";"0,4878048780487805";"0,2857142857142857";"0,2777777777777778";"1,05129694154084";"0,0512969415408442";"5,12969415408442"
"21/08/2021";"Man City";"Norwich";"B365";"Casa de apuestas";"1,10";"9,50";"23,00";"0,9090909090909091";"0,1052631578947368";"0,0434782608695652";"1,05783232785521";"0,0578323278552111";"5,78323278552111"
"21/08/2021";"Brighton";"Watford";"B365";"Casa de apuestas";"1,70";"3,60";"5,25";"0,5882352941176471";"0,2777777777777778";"0,1904761904761905";"1,05648926237162";"0,0564892623716153";"5,64892623716153"
"22/08/2021";"Southampton";"Man United";"B365";"Casa de apuestas";"5,25";"4,33";"1,60";"0,1904761904761905";"0,2309468822170901";"0,6250000000000000";"1,04642307269328";"0,0464230726932806";"4,64230726932806"
"22/08/2021";"Wolves";"Tottenham";"B365";"Casa de apuestas";"2,80";"3,10";"2,62";"0,3571428571428572";"0,3225806451612903";"0,3816793893129771";"1,06140289161712";"0,0614028916171245";"6,14028916171245"
"22/08/2021";"Arsenal";"Chelsea";"B365";"Casa de apuestas";"4,50";"3,50";"1,85";"0,2222222222222222";"0,2857142857142857";"0,5405405405405405";"1,04847704847705";"0,0484770484770483";"4,84770484770483"
"23/08/2021";"West Ham";"Leicester";"B365";"Casa de apuestas";"2,40";"3,40";"2,90";"0,4166666666666667";"0,2941176470588235";"0,3448275862068966";"1,05561189993239";"0,0556118999323867";"5,56118999323867"
"28/08/2021";"Man City";"Arsenal";"B365";"Casa de apuestas";"1,33";"5,25";"9,00";"0,7518796992481203";"0,1904761904761905";"0,1111111111111111";"1,05346700083542";"0,0534670008354219";"5,34670008354219"
"28/08/2021";"Aston Villa";"Brentford";"B365";"Casa de apuestas";"2,00";"3,25";"4,00";"0,5000000000000000";"0,3076923076923077";"0,2500000000000000";"1,05769230769231";"0,0576923076923077";"5,76923076923077"
"28/08/2021";"Brighton";"Everton";"B365";"Casa de apuestas";"2,25";"3,25";"3,30";"0,4444444444444444";"0,3076923076923077";"0,3030303030303030";"1,05516705516706";"0,0551670551670551";"5,51670551670551"
"28/08/2021";"Newcastle";"Southampton";"B365";"Casa de apuestas";"2,40";"3,50";"2,90";"0,4166666666666667";"0,2857142857142857";"0,3448275862068966";"1,04720853858785";"0,0472085385878489";"4,72085385878489"
"28/08/2021";"Norwich";"Leicester";"B365";"Casa de apuestas";"4,20";"3,60";"1,85";"0,2380952380952381";"0,2777777777777778";"0,5405405405405405";"1,05641355641356";"0,0564135564135562";"5,64135564135562"
"28/08/2021";"West Ham";"Crystal Palace";"B365";"Casa de apuestas";"1,53";"4,00";"6,50";"0,6535947712418301";"0,2500000000000000";"0,1538461538461539";"1,05744092508798";"0,0574409250879839";"5,74409250879839"
"28/08/2021";"Liverpool";"Chelsea";"B365";"Casa de apuestas";"2,45";"3,30";"2,90";"0,4081632653061224";"0,3030303030303030";"0,3448275862068966";"1,05602115454332";"0,0560211545433220";"5,60211545433220"
"29/08/2021";"Burnley";"Leeds";"B365";"Casa de apuestas";"3,20";"3,50";"2,20";"0,3125000000000000";"0,2857142857142857";"0,4545454545454545";"1,05275974025974";"0,0527597402597402";"5,27597402597402"
"29/08/2021";"Tottenham";"Watford";"B365";"Casa de apuestas";"1,40";"4,50";"8,50";"0,7142857142857143";"0,2222222222222222";"0,1176470588235294";"1,05415499533147";"0,0541549953314659";"5,41549953314659"
"29/08/2021";"Wolves";"Man United";"B365";"Casa de apuestas";"4,75";"3,75";"1,75";"0,2105263157894737";"0,2666666666666667";"0,5714285714285714";"1,04862155388471";"0,0486215538847117";"4,86215538847117"
"11/09/2021";"Crystal Palace";"Tottenham";"B365";"Casa de apuestas";"3,80";"3,40";"2,05";"0,2631578947368421";"0,2941176470588235";"0,4878048780487805";"1,04508041984445";"0,0450804198444461";"4,50804198444461"
"11/09/2021";"Arsenal";"Norwich";"B365";"Casa de apuestas";"1,36";"5,00";"8,00";"0,7352941176470588";"0,2000000000000000";"0,1250000000000000";"1,06029411764706";"0,0602941176470588";"6,02941176470588"
"11/09/2021";"Brentford";"Brighton";"B365";"Casa de apuestas";"3,10";"3,00";"2,55";"0,3225806451612903";"0,3333333333333333";"0,3921568627450981";"1,04807084123972";"0,0480708412397217";"4,80708412397217"
"11/09/2021";"Leicester";"Man City";"B365";"Casa de apuestas";"5,25";"4,00";"1,61";"0,1904761904761905";"0,2500000000000000";"0,6211180124223602";"1,06159420289855";"0,0615942028985508";"6,15942028985508"
"11/09/2021";"Man United";"Newcastle";"B365";"Casa de apuestas";"1,18";"7,00";"15,00";"0,8474576271186441";"0,1428571428571428";"0,0666666666666667";"1,05698143664245";"0,0569814366424537";"5,69814366424537"
"11/09/2021";"Southampton";"West Ham";"B365";"Casa de apuestas";"3,00";"3,50";"2,30";"0,3333333333333333";"0,2857142857142857";"0,4347826086956522";"1,05383022774327";"0,0538302277432714";"5,38302277432714"
"11/09/2021";"Watford";"Wolves";"B365";"Casa de apuestas";"3,60";"3,10";"2,15";"0,2777777777777778";"0,3225806451612903";"0,4651162790697674";"1,06547470200884";"0,0654747020088355";"6,54747020088355"
"11/09/2021";"Chelsea";"Aston Villa";"B365";"Casa de apuestas";"1,33";"5,00";"9,00";"0,7518796992481203";"0,2000000000000000";"0,1111111111111111";"1,06299081035923";"0,0629908103592314";"6,29908103592314"
"12/09/2021";"Leeds";"Liverpool";"B365";"Casa de apuestas";"4,50";"4,33";"1,66";"0,2222222222222222";"0,2309468822170901";"0,6024096385542169";"1,05557874299353";"0,0555787429935291";"5,55787429935291"
"13/09/2021";"Everton";"Burnley";"B365";"Casa de apuestas";"1,75";"3,50";"5,25";"0,5714285714285714";"0,2857142857142857";"0,1904761904761905";"1,04761904761905";"0,0476190476190474";"4,76190476190474"
"17/09/2021";"Newcastle";"Leeds";"B365";"Casa de apuestas";"3,10";"3,60";"2,20";"0,3225806451612903";"0,2777777777777778";"0,4545454545454545";"1,05490387748452";"0,0549038774845227";"5,49038774845227"
"18/09/2021";"Wolves";"Brentford";"B365";"Casa de apuestas";"1,80";"3,25";"5,00";"0,5555555555555556";"0,3076923076923077";"0,2000000000000000";"1,06324786324786";"0,0632478632478632";"6,32478632478632"
"18/09/2021";"Burnley";"Arsenal";"B365";"Casa de apuestas";"3,75";"3,60";"1,95";"0,2666666666666667";"0,2777777777777778";"0,5128205128205129";"1,05726495726496";"0,0572649572649575";"5,72649572649575"
"18/09/2021";"Liverpool";"Crystal Palace";"B365";"Casa de apuestas";"1,28";"5,75";"10,00";"0,7812500000000000";"0,1739130434782609";"0,1000000000000000";"1,05516304347826";"0,0551630434782608";"5,51630434782608"
"18/09/2021";"Man City";"Southampton";"B365";"Casa de apuestas";"1,14";"8,00";"17,00";"0,8771929824561404";"0,1250000000000000";"0,0588235294117647";"1,06101651186791";"0,0610165118679051";"6,10165118679051"
"18/09/2021";"Norwich";"Watford";"B365";"Casa de apuestas";"2,25";"3,30";"3,30";"0,4444444444444444";"0,3030303030303030";"0,3030303030303030";"1,05050505050505";"0,0505050505050504";"5,05050505050504"
"18/09/2021";"Aston Villa";"Everton";"B365";"Casa de apuestas";"2,10";"3,40";"3,50";"0,4761904761904762";"0,2941176470588235";"0,2857142857142857";"1,05602240896359";"0,0560224089635852";"5,60224089635852"
"19/09/2021";"Brighton";"Leicester";"B365";"Casa de apuestas";"2,45";"3,20";"3,00";"0,4081632653061224";"0,3125000000000000";"0,3333333333333333";"1,05399659863946";"0,0539965986394557";"5,39965986394557"
"19/09/2021";"West Ham";"Man United";"B365";"Casa de apuestas";"4,20";"3,80";"1,80";"0,2380952380952381";"0,2631578947368421";"0,5555555555555556";"1,05680868838764";"0,0568086883876358";"5,68086883876358"
"19/09/2021";"Tottenham";"Chelsea";"B365";"Casa de apuestas";"4,33";"3,40";"1,85";"0,2309468822170901";"0,2941176470588235";"0,5405405405405405";"1,06560506981645";"0,0656050698164541";"6,56050698164541"
"25/09/2021";"Chelsea";"Man City";"B365";"Casa de apuestas";"2,90";"3,20";"2,50";"0,3448275862068966";"0,3125000000000000";"0,4000000000000000";"1,05732758620690";"0,0573275862068967";"5,73275862068967"
"25/09/2021";"Man United";"Aston Villa";"B365";"Casa de apuestas";"1,36";"5,00";"8,00";"0,7352941176470588";"0,2000000000000000";"0,1250000000000000";"1,06029411764706";"0,0602941176470588";"6,02941176470588"
"25/09/2021";"Everton";"Norwich";"B365";"Casa de apuestas";"1,70";"3,75";"5,25";"0,5882352941176471";"0,2666666666666667";"0,1904761904761905";"1,04537815126050";"0,0453781512605043";"4,53781512605043"
"25/09/2021";"Leeds";"West Ham";"B365";"Casa de apuestas";"2,90";"3,60";"2,30";"0,3448275862068966";"0,2777777777777778";"0,4347826086956522";"1,05738797268033";"0,0573879726803266";"5,73879726803266"
"25/09/2021";"Leicester";"Burnley";"B365";"Casa de apuestas";"1,65";"3,80";"5,25";"0,6060606060606061";"0,2631578947368421";"0,1904761904761905";"1,05969469127364";"0,0596946912736387";"5,96946912736387"
"25/09/2021";"Watford";"Newcastle";"B365";"Casa de apuestas";"2,05";"3,50";"3,50";"0,4878048780487805";"0,2857142857142857";"0,2857142857142857";"1,05923344947735";"0,0592334494773521";"5,92334494773521"
"25/09/2021";"Brentford";"Liverpool";"B365";"Casa de apuestas";"7,50";"5,25";"1,36";"0,1333333333333333";"0,1904761904761905";"0,7352941176470588";"1,05910364145658";"0,0591036414565824";"5,91036414565824"
"26/09/2021";"Southampton";"Wolves";"B365";"Casa de apuestas";"2,10";"3,30";"3,60";"0,4761904761904762";"0,3030303030303030";"0,2777777777777778";"1,05699855699856";"0,0569985569985572";"5,69985569985572"
"26/09/2021";"Arsenal";"Tottenham";"B365";"Casa de apuestas";"2,15";"3,40";"3,40";"0,4651162790697674";"0,2941176470588235";"0,2941176470588235";"1,05335157318741";"0,0533515731874146";"5,33515731874146"
"27/09/2021";"Crystal Palace";"Brighton";"B365";"Casa de apuestas";"2,80";"3,10";"2,70";"0,3571428571428572";"0,3225806451612903";"0,3703703703703703";"1,05009387267452";"0,0500938726745179";"5,00938726745179"
"02/10/2021";"Man United";"Everton";"B365";"Casa de apuestas";"1,55";"4,00";"6,50";"0,6451612903225806";"0,2500000000000000";"0,1538461538461539";"1,04900744416873";"0,0490074441687345";"4,90074441687345"
"02/10/2021";"Burnley";"Norwich";"B365";"Casa de apuestas";"1,90";"3,60";"4,00";"0,5263157894736842";"0,2777777777777778";"0,2500000000000000";"1,05409356725146";"0,0540935672514620";"5,40935672514620"
"02/10/2021";"Chelsea";"Southampton";"B365";"Casa de apuestas";"1,40";"4,75";"8,00";"0,7142857142857143";"0,2105263157894737";"0,1250000000000000";"1,04981203007519";"0,0498120300751879";"4,98120300751879"
"02/10/2021";"Leeds";"Watford";"B365";"Casa de apuestas";"1,72";"3,80";"4,75";"0,5813953488372093";"0,2631578947368421";"0,2105263157894737";"1,05507955936353";"0,0550795593635252";"5,50795593635252"
"02/10/2021";"Wolves";"Newcastle";"B365";"Casa de apuestas";"1,70";"3,75";"5,00";"0,5882352941176471";"0,2666666666666667";"0,2000000000000000";"1,05490196078431";"0,0549019607843138";"5,49019607843138"
"02/10/2021";"Brighton";"Arsenal";"B365";"Casa de apuestas";"3,20";"3,25";"2,30";"0,3125000000000000";"0,3076923076923077";"0,4347826086956522";"1,05497491638796";"0,0549749163879598";"5,49749163879598"
"03/10/2021";"Crystal Palace";"Leicester";"B365";"Casa de apuestas";"2,80";"3,25";"2,62";"0,3571428571428572";"0,3076923076923077";"0,3816793893129771";"1,04651455414814";"0,0465145541481420";"4,65145541481420"
"03/10/2021";"Tottenham";"Aston Villa";"B365";"Casa de apuestas";"2,05";"3,40";"3,70";"0,4878048780487805";"0,2941176470588235";"0,2702702702702702";"1,05219279537787";"0,0521927953778742";"5,21927953778742"
"03/10/2021";"West Ham";"Brentford";"B365";"Casa de apuestas";"1,72";"3,75";"4,75";"0,5813953488372093";"0,2666666666666667";"0,2105263157894737";"1,05858833129335";"0,0585883312933497";"5,85883312933497"
"03/10/2021";"Liverpool";"Man City";"B365";"Casa de apuestas";"2,90";"3,60";"2,30";"0,3448275862068966";"0,2777777777777778";"0,4347826086956522";"1,05738797268033";"0,0573879726803266";"5,73879726803266"
"16/10/2021";"Watford";"Liverpool";"B365";"Casa de apuestas";"9,00";"5,75";"1,30";"0,1111111111111111";"0,1739130434782609";"0,7692307692307692";"1,05425492382014";"0,0542549238201411";"5,42549238201411"
"16/10/2021";"Aston Villa";"Wolves";"B365";"Casa de apuestas";"2,00";"3,25";"4,00";"0,5000000000000000";"0,3076923076923077";"0,2500000000000000";"1,05769230769231";"0,0576923076923077";"5,76923076923077"
"16/10/2021";"Leicester";"Man United";"B365";"Casa de apuestas";"3,60";"3,75";"1,95";"0,2777777777777778";"0,2666666666666667";"0,5128205128205129";"1,05726495726496";"0,0572649572649575";"5,72649572649575"
"16/10/2021";"Man City";"Burnley";"B365";"Casa de apuestas";"1,12";"9,00";"19,00";"0,8928571428571428";"0,1111111111111111";"0,0526315789473684";"1,05659983291562";"0,0565998329156223";"5,65998329156223"
"16/10/2021";"Norwich";"Brighton";"B365";"Casa de apuestas";"3,90";"3,50";"1,95";"0,2564102564102564";"0,2857142857142857";"0,5128205128205129";"1,05494505494506";"0,0549450549450552";"5,49450549450552"
"16/10/2021";"Southampton";"Leeds";"B365";"Casa de apuestas";"2,10";"3,60";"3,30";"0,4761904761904762";"0,2777777777777778";"0,3030303030303030";"1,05699855699856";"0,0569985569985569";"5,69985569985569"
"16/10/2021";"Brentford";"Chelsea";"B365";"Casa de apuestas";"5,75";"3,90";"1,60";"0,1739130434782609";"0,2564102564102564";"0,6250000000000000";"1,05532329988852";"0,0553232998885174";"5,53232998885174"
"17/10/2021";"Everton";"West Ham";"B365";"Casa de apuestas";"2,80";"3,20";"2,60";"0,3571428571428572";"0,3125000000000000";"0,3846153846153846";"1,05425824175824";"0,0542582417582418";"5,42582417582418"
"17/10/2021";"Newcastle";"Tottenham";"B365";"Casa de apuestas";"3,50";"3,60";"2,05";"0,2857142857142857";"0,2777777777777778";"0,4878048780487805";"1,05129694154084";"0,0512969415408440";"5,12969415408440"
"18/10/2021";"Arsenal";"Crystal Palace";"B365";"Casa de apuestas";"1,57";"4,00";"6,00";"0,6369426751592356";"0,2500000000000000";"0,1666666666666667";"1,05360934182590";"0,0536093418259023";"5,36093418259023"
"22/10/2021";"Arsenal";"Aston Villa";"B365";"Casa de apuestas";"1,85";"3,75";"4,00";"0,5405405405405405";"0,2666666666666667";"0,2500000000000000";"1,05720720720721";"0,0572072072072072";"5,72072072072072"
"23/10/2021";"Chelsea";"Norwich";"B365";"Casa de apuestas";"1,22";"6,00";"15,00";"0,8196721311475410";"0,1666666666666667";"0,0666666666666667";"1,05300546448087";"0,0530054644808744";"5,30054644808744"
"23/10/2021";"Crystal Palace";"Newcastle";"B365";"Casa de apuestas";"1,85";"3,60";"4,20";"0,5405405405405405";"0,2777777777777778";"0,2380952380952381";"1,05641355641356";"0,0564135564135564";"5,64135564135564"
"23/10/2021";"Everton";"Watford";"B365";"Casa de apuestas";"1,75";"3,60";"4,75";"0,5714285714285714";"0,2777777777777778";"0,2105263157894737";"1,05973266499582";"0,0597326649958227";"5,97326649958227"
"23/10/2021";"Leeds";"Wolves";"B365";"Casa de apuestas";"2,37";"3,40";"3,00";"0,4219409282700421";"0,2941176470588235";"0,3333333333333333";"1,04939190866220";"0,0493919086621990";"4,93919086621990"
"23/10/2021";"Southampton";"Burnley";"B365";"Casa de apuestas";"1,90";"3,60";"4,00";"0,5263157894736842";"0,2777777777777778";"0,2500000000000000";"1,05409356725146";"0,0540935672514620";"5,40935672514620"
"23/10/2021";"Brighton";"Man City";"B365";"Casa de apuestas";"8,50";"4,75";"1,36";"0,1176470588235294";"0,2105263157894737";"0,7352941176470588";"1,06346749226006";"0,0634674922600618";"6,34674922600618"
"24/10/2021";"Brentford";"Leicester";"B365";"Casa de apuestas";"2,75";"3,40";"2,60";"0,3636363636363636";"0,2941176470588235";"0,3846153846153846";"1,04236939531057";"0,0423693953105717";"4,23693953105717"
"24/10/2021";"West Ham";"Tottenham";"B365";"Casa de apuestas";"2,20";"3,50";"3,20";"0,4545454545454545";"0,2857142857142857";"0,3125000000000000";"1,05275974025974";"0,0527597402597402";"5,27597402597402"
"24/10/2021";"Man United";"Liverpool";"B365";"Casa de apuestas";"2,90";"3,60";"2,30";"0,3448275862068966";"0,2777777777777778";"0,4347826086956522";"1,05738797268033";"0,0573879726803266";"5,73879726803266"
"30/10/2021";"Leicester";"Arsenal";"B365";"Casa de apuestas";"2,45";"3,50";"2,80";"0,4081632653061224";"0,2857142857142857";"0,3571428571428572";"1,05102040816327";"0,0510204081632653";"5,10204081632653"
"30/10/2021";"Burnley";"Brentford";"B365";"Casa de apuestas";"2,60";"3,10";"2,87";"0,3846153846153846";"0,3225806451612903";"0,3484320557491289";"1,05562808552580";"0,0556280855258038";"5,56280855258038"
"30/10/2021";"Liverpool";"Brighton";"B365";"Casa de apuestas";"1,25";"6,00";"11,00";"0,8000000000000000";"0,1666666666666667";"0,0909090909090909";"1,05757575757576";"0,0575757575757576";"5,75757575757576"
"30/10/2021";"Man City";"Crystal Palace";"B365";"Casa de apuestas";"1,12";"9,00";"19,00";"0,8928571428571428";"0,1111111111111111";"0,0526315789473684";"1,05659983291562";"0,0565998329156223";"5,65998329156223"
"30/10/2021";"Newcastle";"Chelsea";"B365";"Casa de apuestas";"7,50";"4,50";"1,44";"0,1333333333333333";"0,2222222222222222";"0,6944444444444444";"1,05000000000000";"0,0499999999999998";"4,99999999999998"
"30/10/2021";"Watford";"Southampton";"B365";"Casa de apuestas";"3,30";"3,50";"2,15";"0,3030303030303030";"0,2857142857142857";"0,4651162790697674";"1,05386086781436";"0,0538608678143562";"5,38608678143562"
"30/10/2021";"Tottenham";"Man United";"B365";"Casa de apuestas";"3,00";"3,60";"2,25";"0,3333333333333333";"0,2777777777777778";"0,4444444444444444";"1,05555555555556";"0,0555555555555556";"5,55555555555556"
"31/10/2021";"Norwich";"Leeds";"B365";"Casa de apuestas";"3,60";"3,75";"1,95";"0,2777777777777778";"0,2666666666666667";"0,5128205128205129";"1,05726495726496";"0,0572649572649575";"5,72649572649575"
"31/10/2021";"Aston Villa";"West Ham";"B365";"Casa de apuestas";"2,90";"3,50";"2,37";"0,3448275862068966";"0,2857142857142857";"0,4219409282700421";"1,05248280019122";"0,0524828001912243";"5,24828001912243"
"01/11/2021";"Wolves";"Everton";"B365";"Casa de apuestas";"2,15";"3,20";"3,60";"0,4651162790697674";"0,3125000000000000";"0,2777777777777778";"1,05539405684755";"0,0553940568475451";"5,53940568475451"
"05/11/2021";"Southampton";"Aston Villa";"B365";"Casa de apuestas";"2,00";"3,60";"3,60";"0,5000000000000000";"0,2777777777777778";"0,2777777777777778";"1,05555555555556";"0,0555555555555556";"5,55555555555556"
"06/11/2021";"Man United";"Man City";"B365";"Casa de apuestas";"4,75";"4,20";"1,66";"0,2105263157894737";"0,2380952380952381";"0,6024096385542169";"1,05103119243893";"0,0510311924389286";"5,10311924389286"
"06/11/2021";"Brentford";"Norwich";"B365";"Casa de apuestas";"1,60";"4,00";"5,50";"0,6250000000000000";"0,2500000000000000";"0,1818181818181818";"1,05681818181818";"0,0568181818181819";"5,68181818181819"
"06/11/2021";"Chelsea";"Burnley";"B365";"Casa de apuestas";"1,28";"5,25";"12,00";"0,7812500000000000";"0,1904761904761905";"0,0833333333333333";"1,05505952380952";"0,0550595238095237";"5,50595238095237"
"06/11/2021";"Crystal Palace";"Wolves";"B365";"Casa de apuestas";"2,30";"3,10";"3,40";"0,4347826086956522";"0,3225806451612903";"0,2941176470588235";"1,05148090091577";"0,0514809009157662";"5,14809009157662"
"06/11/2021";"Brighton";"Newcastle";"B365";"Casa de apuestas";"1,53";"4,20";"6,00";"0,6535947712418301";"0,2380952380952381";"0,1666666666666667";"1,05835667600373";"0,0583566760037348";"5,83566760037348"
"07/11/2021";"Arsenal";"Watford";"B365";"Casa de apuestas";"1,44";"4,75";"6,50";"0,6944444444444444";"0,2105263157894737";"0,1538461538461539";"1,05881691408007";"0,0588169140800718";"5,88169140800718"
"07/11/2021";"Everton";"Tottenham";"B365";"Casa de apuestas";"3,40";"3,30";"2,20";"0,2941176470588235";"0,3030303030303030";"0,4545454545454545";"1,05169340463458";"0,0516934046345812";"5,16934046345812"
"07/11/2021";"Leeds";"Leicester";"B365";"Casa de apuestas";"2,60";"3,50";"2,62";"0,3846153846153846";"0,2857142857142857";"0,3816793893129771";"1,05200905964265";"0,0520090596426472";"5,20090596426472"
"07/11/2021";"West Ham";"Liverpool";"B365";"Casa de apuestas";"4,20";"4,10";"1,75";"0,2380952380952381";"0,2439024390243903";"0,5714285714285714";"1,05342624854820";"0,0534262485481998";"5,34262485481998"
"20/11/2021";"Leicester";"Chelsea";"B365";"Casa de apuestas";"5,00";"3,75";"1,70";"0,2000000000000000";"0,2666666666666667";"0,5882352941176471";"1,05490196078431";"0,0549019607843138";"5,49019607843138"
"20/11/2021";"Aston Villa";"Brighton";"B365";"Casa de apuestas";"2,45";"3,30";"2,90";"0,4081632653061224";"0,3030303030303030";"0,3448275862068966";"1,05602115454332";"0,0560211545433220";"5,60211545433220"
"20/11/2021";"Burnley";"Crystal Palace";"B365";"Casa de apuestas";"2,80";"3,20";"2,62";"0,3571428571428572";"0,3125000000000000";"0,3816793893129771";"1,05132224645583";"0,0513222464558343";"5,13222464558343"
"20/11/2021";"Newcastle";"Brentford";"B365";"Casa de apuestas";"2,40";"3,40";"2,90";"0,4166666666666667";"0,2941176470588235";"0,3448275862068966";"1,05561189993239";"0,0556118999323867";"5,56118999323867"
"20/11/2021";"Norwich";"Southampton";"B365";"Casa de apuestas";"3,50";"3,50";"2,05";"0,2857142857142857";"0,2857142857142857";"0,4878048780487805";"1,05923344947735";"0,0592334494773519";"5,92334494773519"
"20/11/2021";"Watford";"Man United";"B365";"Casa de apuestas";"6,50";"4,50";"1,45";"0,1538461538461539";"0,2222222222222222";"0,6896551724137931";"1,06572354848217";"0,0657235484821692";"6,57235484821692"
"20/11/2021";"Wolves";"West Ham";"B365";"Casa de apuestas";"3,10";"3,25";"2,37";"0,3225806451612903";"0,3076923076923077";"0,4219409282700421";"1,05221388112364";"0,0522138811236401";"5,22138811236401"
"20/11/2021";"Liverpool";"Arsenal";"B365";"Casa de apuestas";"1,50";"4,75";"5,75";"0,6666666666666666";"0,2105263157894737";"0,1739130434782609";"1,05110602593440";"0,0511060259344012";"5,11060259344012"
"21/11/2021";"Man City";"Everton";"B365";"Casa de apuestas";"1,20";"6,50";"15,00";"0,8333333333333334";"0,1538461538461539";"0,0666666666666667";"1,05384615384615";"0,0538461538461539";"5,38461538461539"
"21/11/2021";"Tottenham";"Leeds";"B365";"Casa de apuestas";"1,57";"4,00";"6,00";"0,6369426751592356";"0,2500000000000000";"0,1666666666666667";"1,05360934182590";"0,0536093418259023";"5,36093418259023"
"27/11/2021";"Arsenal";"Newcastle";"B365";"Casa de apuestas";"1,50";"4,50";"6,00";"0,6666666666666666";"0,2222222222222222";"0,1666666666666667";"1,05555555555556";"0,0555555555555556";"5,55555555555556"
"27/11/2021";"Crystal Palace";"Aston Villa";"B365";"Casa de apuestas";"2,25";"3,30";"3,30";"0,4444444444444444";"0,3030303030303030";"0,3030303030303030";"1,05050505050505";"0,0505050505050504";"5,05050505050504"
"27/11/2021";"Liverpool";"Southampton";"B365";"Casa de apuestas";"1,25";"6,00";"11,00";"0,8000000000000000";"0,1666666666666667";"0,0909090909090909";"1,05757575757576";"0,0575757575757576";"5,75757575757576"
"27/11/2021";"Norwich";"Wolves";"B365";"Casa de apuestas";"3,50";"3,30";"2,15";"0,2857142857142857";"0,3030303030303030";"0,4651162790697674";"1,05386086781436";"0,0538608678143562";"5,38608678143562"
"27/11/2021";"Brighton";"Leeds";"B365";"Casa de apuestas";"2,15";"3,30";"3,40";"0,4651162790697674";"0,3030303030303030";"0,2941176470588235";"1,06226422915889";"0,0622642291588940";"6,22642291588940"
"28/11/2021";"Brentford";"Everton";"B365";"Casa de apuestas";"2,15";"3,25";"3,50";"0,4651162790697674";"0,3076923076923077";"0,2857142857142857";"1,05852287247636";"0,0585228724763609";"5,85228724763609"
"28/11/2021";"Leicester";"Watford";"B365";"Casa de apuestas";"1,65";"3,80";"5,25";"0,6060606060606061";"0,2631578947368421";"0,1904761904761905";"1,05969469127364";"0,0596946912736387";"5,96946912736387"
"28/11/2021";"Man City";"West Ham";"B365";"Casa de apuestas";"1,25";"6,00";"11,00";"0,8000000000000000";"0,1666666666666667";"0,0909090909090909";"1,05757575757576";"0,0575757575757576";"5,75757575757576"
"28/11/2021";"Chelsea";"Man United";"B365";"Casa de apuestas";"1,53";"4,00";"6,50";"0,6535947712418301";"0,2500000000000000";"0,1538461538461539";"1,05744092508798";"0,0574409250879839";"5,74409250879839"
"30/11/2021";"Newcastle";"Norwich";"B365";"Casa de apuestas";"2,00";"3,50";"3,75";"0,5000000000000000";"0,2857142857142857";"0,2666666666666667";"1,05238095238095";"0,0523809523809524";"5,23809523809524"
"30/11/2021";"Leeds";"Crystal Palace";"B365";"Casa de apuestas";"2,20";"3,40";"3,25";"0,4545454545454545";"0,2941176470588235";"0,3076923076923077";"1,05635540929659";"0,0563554092965859";"5,63554092965859"
"01/12/2021";"Southampton";"Leicester";"B365";"Casa de apuestas";"2,25";"3,50";"3,10";"0,4444444444444444";"0,2857142857142857";"0,3225806451612903";"1,05273937532002";"0,0527393753200205";"5,27393753200205"
"01/12/2021";"Watford";"Chelsea";"B365";"Casa de apuestas";"9,00";"5,25";"1,33";"0,1111111111111111";"0,1904761904761905";"0,7518796992481203";"1,05346700083542";"0,0534670008354219";"5,34670008354219"
"01/12/2021";"West Ham";"Brighton";"B365";"Casa de apuestas";"1,95";"3,40";"4,00";"0,5128205128205129";"0,2941176470588235";"0,2500000000000000";"1,05693815987934";"0,0569381598793364";"5,69381598793364"
"01/12/2021";"Wolves";"Burnley";"B365";"Casa de apuestas";"1,90";"3,40";"4,20";"0,5263157894736842";"0,2941176470588235";"0,2380952380952381";"1,05852867462775";"0,0585286746277458";"5,85286746277458"
"01/12/2021";"Aston Villa";"Man City";"B365";"Casa de apuestas";"7,00";"4,33";"1,45";"0,1428571428571428";"0,2309468822170901";"0,6896551724137931";"1,06345919748803";"0,0634591974880261";"6,34591974880261"
"01/12/2021";"Everton";"Liverpool";"B365";"Casa de apuestas";"8,00";"5,00";"1,36";"0,1250000000000000";"0,2000000000000000";"0,7352941176470588";"1,06029411764706";"0,0602941176470588";"6,02941176470588"
"02/12/2021";"Tottenham";"Brentford";"B365";"Casa de apuestas";"1,61";"3,90";"5,50";"0,6211180124223602";"0,2564102564102564";"0,1818181818181818";"1,05934645065080";"0,0593464506507986";"5,93464506507986"
"02/12/2021";"Man United";"Arsenal";"B365";"Casa de apuestas";"2,10";"3,50";"3,40";"0,4761904761904762";"0,2857142857142857";"0,2941176470588235";"1,05602240896359";"0,0560224089635855";"5,60224089635855"
"04/12/2021";"West Ham";"Chelsea";"B365";"Casa de apuestas";"4,75";"3,75";"1,75";"0,2105263157894737";"0,2666666666666667";"0,5714285714285714";"1,04862155388471";"0,0486215538847117";"4,86215538847117"
"04/12/2021";"Newcastle";"Burnley";"B365";"Casa de apuestas";"2,30";"3,40";"3,00";"0,4347826086956522";"0,2941176470588235";"0,3333333333333333";"1,06223358908781";"0,0622335890878090";"6,22335890878090"
"04/12/2021";"Southampton";"Brighton";"B365";"Casa de apuestas";"2,60";"3,10";"2,87";"0,3846153846153846";"0,3225806451612903";"0,3484320557491289";"1,05562808552580";"0,0556280855258038";"5,56280855258038"
"04/12/2021";"Wolves";"Liverpool";"B365";"Casa de apuestas";"8,50";"5,00";"1,36";"0,1176470588235294";"0,2000000000000000";"0,7352941176470588";"1,05294117647059";"0,0529411764705880";"5,29411764705880"
"04/12/2021";"Watford";"Man City";"B365";"Casa de apuestas";"12,00";"7,00";"1,20";"0,0833333333333333";"0,1428571428571428";"0,8333333333333334";"1,05952380952381";"0,0595238095238095";"5,95238095238095"
"05/12/2021";"Leeds";"Brentford";"B365";"Casa de apuestas";"1,83";"3,50";"4,50";"0,5464480874316939";"0,2857142857142857";"0,2222222222222222";"1,05438459536820";"0,0543845953682018";"5,43845953682018"
"05/12/2021";"Man United";"Crystal Palace";"B365";"Casa de apuestas";"1,50";"4,33";"6,50";"0,6666666666666666";"0,2309468822170901";"0,1538461538461539";"1,05145970272991";"0,0514597027299106";"5,14597027299106"
"05/12/2021";"Tottenham";"Norwich";"B365";"Casa de apuestas";"1,44";"4,50";"7,00";"0,6944444444444444";"0,2222222222222222";"0,1428571428571428";"1,05952380952381";"0,0595238095238095";"5,95238095238095"
"05/12/2021";"Aston Villa";"Leicester";"B365";"Casa de apuestas";"2,20";"3,40";"3,30";"0,4545454545454545";"0,2941176470588235";"0,3030303030303030";"1,05169340463458";"0,0516934046345812";"5,16934046345812"
"06/12/2021";"Everton";"Arsenal";"B365";"Casa de apuestas";"3,60";"3,50";"2,05";"0,2777777777777778";"0,2857142857142857";"0,4878048780487805";"1,05129694154084";"0,0512969415408440";"5,12969415408440"
"10/12/2021";"Brentford";"Watford";"B365";"Casa de apuestas";"2,45";"3,30";"2,87";"0,4081632653061224";"0,3030303030303030";"0,3484320557491289";"1,05962562408555";"0,0596256240855544";"5,96256240855544"
"11/12/2021";"Man City";"Wolves";"B365";"Casa de apuestas";"1,14";"8,00";"19,00";"0,8771929824561404";"0,1250000000000000";"0,0526315789473684";"1,05482456140351";"0,0548245614035088";"5,48245614035088"
"11/12/2021";"Arsenal";"Southampton";"B365";"Casa de apuestas";"1,75";"3,75";"4,50";"0,5714285714285714";"0,2666666666666667";"0,2222222222222222";"1,06031746031746";"0,0603174603174601";"6,03174603174601"
"11/12/2021";"Chelsea";"Leeds";"B365";"Casa de apuestas";"1,20";"6,50";"13,00";"0,8333333333333334";"0,1538461538461539";"0,0769230769230769";"1,06410256410256";"0,0641025641025641";"6,41025641025641"
"11/12/2021";"Liverpool";"Aston Villa";"B365";"Casa de apuestas";"1,22";"6,50";"12,00";"0,8196721311475410";"0,1538461538461539";"0,0833333333333333";"1,05685161832703";"0,0568516183270282";"5,68516183270282"
"11/12/2021";"Norwich";"Man United";"B365";"Casa de apuestas";"7,00";"4,50";"1,44";"0,1428571428571428";"0,2222222222222222";"0,6944444444444444";"1,05952380952381";"0,0595238095238095";"5,95238095238095"
"12/12/2021";"Burnley";"West Ham";"B365";"Casa de apuestas";"3,40";"3,50";"2,10";"0,2941176470588235";"0,2857142857142857";"0,4761904761904762";"1,05602240896359";"0,0560224089635852";"5,60224089635852"
"12/12/2021";"Leicester";"Newcastle";"B365";"Casa de apuestas";"1,70";"4,00";"4,75";"0,5882352941176471";"0,2500000000000000";"0,2105263157894737";"1,04876160990712";"0,0487616099071206";"4,87616099071206"
"12/12/2021";"Crystal Palace";"Everton";"B365";"Casa de apuestas";"2,10";"3,20";"3,75";"0,4761904761904762";"0,3125000000000000";"0,2666666666666667";"1,05535714285714";"0,0553571428571429";"5,53571428571429"
"14/12/2021";"Norwich";"Aston Villa";"B365";"Casa de apuestas";"3,50";"3,40";"2,10";"0,2857142857142857";"0,2941176470588235";"0,4761904761904762";"1,05602240896359";"0,0560224089635852";"5,60224089635852"
"14/12/2021";"Man City";"Leeds";"B365";"Casa de apuestas";"1,14";"8,50";"15,00";"0,8771929824561404";"0,1176470588235294";"0,0666666666666667";"1,06150670794634";"0,0615067079463365";"6,15067079463365"
"15/12/2021";"Brighton";"Wolves";"B365";"Casa de apuestas";"2,00";"3,10";"4,50";"0,5000000000000000";"0,3225806451612903";"0,2222222222222222";"1,04480286738351";"0,0448028673835124";"4,48028673835124"
"15/12/2021";"Crystal Palace";"Southampton";"B365";"Casa de apuestas";"1,95";"3,40";"4,00";"0,5128205128205129";"0,2941176470588235";"0,2500000000000000";"1,05693815987934";"0,0569381598793364";"5,69381598793364"
"15/12/2021";"Arsenal";"West Ham";"B365";"Casa de apuestas";"2,00";"3,60";"3,60";"0,5000000000000000";"0,2777777777777778";"0,2777777777777778";"1,05555555555556";"0,0555555555555556";"5,55555555555556"
"16/12/2021";"Chelsea";"Everton";"B365";"Casa de apuestas";"1,18";"6,50";"19,00";"0,8474576271186441";"0,1538461538461539";"0,0526315789473684";"1,05393535991217";"0,0539353599121664";"5,39353599121664"
"16/12/2021";"Liverpool";"Newcastle";"B365";"Casa de apuestas";"1,11";"9,50";"21,00";"0,9009009009009008";"0,1052631578947368";"0,0476190476190476";"1,05378310641469";"0,0537831064146854";"5,37831064146854"
"18/12/2021";"Leeds";"Arsenal";"B365";"Casa de apuestas";"5,25";"4,33";"1,57";"0,1904761904761905";"0,2309468822170901";"0,6369426751592356";"1,05836574785252";"0,0583657478525161";"5,83657478525161"
"19/12/2021";"Newcastle";"Man City";"B365";"Casa de apuestas";"21,00";"9,00";"1,11";"0,0476190476190476";"0,1111111111111111";"0,9009009009009008";"1,05963105963106";"0,0596310596310596";"5,96310596310596"
"19/12/2021";"Wolves";"Chelsea";"B365";"Casa de apuestas";"5,50";"3,40";"1,72";"0,1818181818181818";"0,2941176470588235";"0,5813953488372093";"1,05733117771421";"0,0573311777142147";"5,73311777142147"
"19/12/2021";"Tottenham";"Liverpool";"B365";"Casa de apuestas";"4,75";"4,10";"1,66";"0,2105263157894737";"0,2439024390243903";"0,6024096385542169";"1,05683839336808";"0,0568383933680807";"5,68383933680807"
"26/12/2021";"Man City";"Leicester";"B365";"Casa de apuestas";"1,12";"10,00";"17,00";"0,8928571428571428";"0,1000000000000000";"0,0588235294117647";"1,05168067226891";"0,0516806722689074";"5,16806722689074"
"26/12/2021";"Norwich";"Arsenal";"B365";"Casa de apuestas";"6,50";"4,50";"1,50";"0,1538461538461539";"0,2222222222222222";"0,6666666666666666";"1,04273504273504";"0,0427350427350426";"4,27350427350426"
"26/12/2021";"Tottenham";"Crystal Palace";"B365";"Casa de apuestas";"1,70";"3,80";"5,00";"0,5882352941176471";"0,2631578947368421";"0,2000000000000000";"1,05139318885449";"0,0513931888544892";"5,13931888544892"
"26/12/2021";"West Ham";"Southampton";"B365";"Casa de apuestas";"1,90";"3,75";"3,80";"0,5263157894736842";"0,2666666666666667";"0,2631578947368421";"1,05614035087719";"0,0561403508771929";"5,61403508771929"
"26/12/2021";"Aston Villa";"Chelsea";"B365";"Casa de apuestas";"5,25";"3,80";"1,65";"0,1904761904761905";"0,2631578947368421";"0,6060606060606061";"1,05969469127364";"0,0596946912736387";"5,96946912736387"
"26/12/2021";"Brighton";"Brentford";"B365";"Casa de apuestas";"1,90";"3,40";"4,33";"0,5263157894736842";"0,2941176470588235";"0,2309468822170901";"1,05138031874960";"0,0513803187495978";"5,13803187495978"
"27/12/2021";"Newcastle";"Man United";"B365";"Casa de apuestas";"6,50";"4,75";"1,45";"0,1538461538461539";"0,2105263157894737";"0,6896551724137931";"1,05402764204942";"0,0540276420494208";"5,40276420494208"
"28/12/2021";"Crystal Palace";"Norwich";"B365";"Casa de apuestas";"1,72";"3,50";"5,25";"0,5813953488372093";"0,2857142857142857";"0,1904761904761905";"1,05758582502769";"0,0575858250276855";"5,75858250276855"
"28/12/2021";"Southampton";"Tottenham";"B365";"Casa de apuestas";"3,75";"3,50";"2,00";"0,2666666666666667";"0,2857142857142857";"0,5000000000000000";"1,05238095238095";"0,0523809523809524";"5,23809523809524"
"28/12/2021";"Watford";"West Ham";"B365";"Casa de apuestas";"3,60";"3,75";"1,95";"0,2777777777777778";"0,2666666666666667";"0,5128205128205129";"1,05726495726496";"0,0572649572649575";"5,72649572649575"
"28/12/2021";"Leicester";"Liverpool";"B365";"Casa de apuestas";"9,00";"6,00";"1,28";"0,1111111111111111";"0,1666666666666667";"0,7812500000000000";"1,05902777777778";"0,0590277777777777";"5,90277777777777"
"29/12/2021";"Chelsea";"Brighton";"B365";"Casa de apuestas";"1,33";"5,00";"9,50";"0,7518796992481203";"0,2000000000000000";"0,1052631578947368";"1,05714285714286";"0,0571428571428569";"5,71428571428569"
"29/12/2021";"Brentford";"Man City";"B365";"Casa de apuestas";"17,00";"9,00";"1,12";"0,0588235294117647";"0,1111111111111111";"0,8928571428571428";"1,06279178338002";"0,0627917833800187";"6,27917833800187"
"30/12/2021";"Man United";"Burnley";"B365";"Casa de apuestas";"1,36";"5,00";"8,00";"0,7352941176470588";"0,2000000000000000";"0,1250000000000000";"1,06029411764706";"0,0602941176470588";"6,02941176470588"
"01/01/2022";"Arsenal";"Man City";"B365";"Casa de apuestas";"5,25";"4,20";"1,60";"0,1904761904761905";"0,2380952380952381";"0,6250000000000000";"1,05357142857143";"0,0535714285714286";"5,35714285714286"
"01/01/2022";"Watford";"Tottenham";"B365";"Casa de apuestas";"5,50";"4,00";"1,60";"0,1818181818181818";"0,2500000000000000";"0,6250000000000000";"1,05681818181818";"0,0568181818181819";"5,68181818181819"
"01/01/2022";"Crystal Palace";"West Ham";"B365";"Casa de apuestas";"3,40";"3,40";"2,15";"0,2941176470588235";"0,2941176470588235";"0,4651162790697674";"1,05335157318741";"0,0533515731874146";"5,33515731874146"
"02/01/2022";"Brentford";"Aston Villa";"B365";"Casa de apuestas";"2,80";"3,25";"2,55";"0,3571428571428572";"0,3076923076923077";"0,3921568627450981";"1,05699202758026";"0,0569920275802631";"5,69920275802631"
"02/01/2022";"Everton";"Brighton";"B365";"Casa de apuestas";"3,00";"3,10";"2,50";"0,3333333333333333";"0,3225806451612903";"0,4000000000000000";"1,05591397849462";"0,0559139784946237";"5,59139784946237"
"02/01/2022";"Leeds";"Burnley";"B365";"Casa de apuestas";"2,00";"3,50";"3,60";"0,5000000000000000";"0,2857142857142857";"0,2777777777777778";"1,06349206349206";"0,0634920634920635";"6,34920634920635"
"02/01/2022";"Chelsea";"Liverpool";"B365";"Casa de apuestas";"2,50";"3,50";"2,70";"0,4000000000000000";"0,2857142857142857";"0,3703703703703703";"1,05608465608466";"0,0560846560846562";"5,60846560846562"
"03/01/2022";"Man United";"Wolves";"B365";"Casa de apuestas";"1,65";"3,75";"5,75";"0,6060606060606061";"0,2666666666666667";"0,1739130434782609";"1,04664031620553";"0,0466403162055338";"4,66403162055338"
"11/01/2022";"Southampton";"Brentford";"B365";"Casa de apuestas";"2,10";"3,25";"3,60";"0,4761904761904762";"0,3076923076923077";"0,2777777777777778";"1,06166056166056";"0,0616605616605617";"6,16605616605617"
"12/01/2022";"West Ham";"Norwich";"B365";"Casa de apuestas";"1,36";"5,00";"8,00";"0,7352941176470588";"0,2000000000000000";"0,1250000000000000";"1,06029411764706";"0,0602941176470588";"6,02941176470588"
"14/01/2022";"Brighton";"Crystal Palace";"B365";"Casa de apuestas";"2,05";"3,30";"3,80";"0,4878048780487805";"0,3030303030303030";"0,2631578947368421";"1,05399307581593";"0,0539930758159257";"5,39930758159257"
"15/01/2022";"Man City";"Chelsea";"B365";"Casa de apuestas";"1,60";"4,20";"5,25";"0,6250000000000000";"0,2380952380952381";"0,1904761904761905";"1,05357142857143";"0,0535714285714286";"5,35714285714286"
"15/01/2022";"Newcastle";"Watford";"B365";"Casa de apuestas";"1,80";"3,80";"4,33";"0,5555555555555556";"0,2631578947368421";"0,2309468822170901";"1,04966033250949";"0,0496603325094878";"4,96603325094878"
"15/01/2022";"Norwich";"Everton";"B365";"Casa de apuestas";"3,50";"3,30";"2,15";"0,2857142857142857";"0,3030303030303030";"0,4651162790697674";"1,05386086781436";"0,0538608678143562";"5,38608678143562"
"15/01/2022";"Wolves";"Southampton";"B365";"Casa de apuestas";"2,37";"3,00";"3,30";"0,4219409282700421";"0,3333333333333333";"0,3030303030303030";"1,05830456463368";"0,0583045646336784";"5,83045646336784"
"15/01/2022";"Aston Villa";"Man United";"B365";"Casa de apuestas";"2,50";"3,50";"2,75";"0,4000000000000000";"0,2857142857142857";"0,3636363636363636";"1,04935064935065";"0,0493506493506493";"4,93506493506493"
"16/01/2022";"Liverpool";"Brentford";"B365";"Casa de apuestas";"1,22";"6,50";"12,00";"0,8196721311475410";"0,1538461538461539";"0,0833333333333333";"1,05685161832703";"0,0568516183270282";"5,68516183270282"
"16/01/2022";"West Ham";"Leeds";"B365";"Casa de apuestas";"1,61";"4,20";"5,00";"0,6211180124223602";"0,2380952380952381";"0,2000000000000000";"1,05921325051760";"0,0592132505175982";"5,92132505175982"
"18/01/2022";"Brighton";"Chelsea";"B365";"Casa de apuestas";"5,25";"3,60";"1,66";"0,1904761904761905";"0,2777777777777778";"0,6024096385542169";"1,07066360680819";"0,0706636068081852";"7,06636068081852"
"19/01/2022";"Leicester";"Tottenham";"B365";"Casa de apuestas";"3,10";"3,50";"2,25";"0,3225806451612903";"0,2857142857142857";"0,4444444444444444";"1,05273937532002";"0,0527393753200205";"5,27393753200205"
"19/01/2022";"Brentford";"Man United";"B365";"Casa de apuestas";"4,60";"3,80";"1,75";"0,2173913043478261";"0,2631578947368421";"0,5714285714285714";"1,05197777051324";"0,0519777705132396";"5,19777705132396"
"21/01/2022";"Watford";"Norwich";"B365";"Casa de apuestas";"2,00";"3,50";"3,75";"0,5000000000000000";"0,2857142857142857";"0,2666666666666667";"1,05238095238095";"0,0523809523809524";"5,23809523809524"
"22/01/2022";"Everton";"Aston Villa";"B365";"Casa de apuestas";"2,70";"3,40";"2,62";"0,3703703703703703";"0,2941176470588235";"0,3816793893129771";"1,04616740674217";"0,0461674067421709";"4,61674067421709"
"22/01/2022";"Brentford";"Wolves";"B365";"Casa de apuestas";"2,37";"3,10";"3,25";"0,4219409282700421";"0,3225806451612903";"0,3076923076923077";"1,05221388112364";"0,0522138811236401";"5,22138811236401"
"22/01/2022";"Leeds";"Newcastle";"B365";"Casa de apuestas";"1,90";"3,90";"3,75";"0,5263157894736842";"0,2564102564102564";"0,2666666666666667";"1,04939271255061";"0,0493927125506073";"4,93927125506073"
"22/01/2022";"Man United";"West Ham";"B365";"Casa de apuestas";"2,05";"3,60";"3,50";"0,4878048780487805";"0,2777777777777778";"0,2857142857142857";"1,05129694154084";"0,0512969415408442";"5,12969415408442"
"22/01/2022";"Southampton";"Man City";"B365";"Casa de apuestas";"11,00";"6,00";"1,25";"0,0909090909090909";"0,1666666666666667";"0,8000000000000000";"1,05757575757576";"0,0575757575757576";"5,75757575757576"
"23/01/2022";"Arsenal";"Burnley";"B365";"Casa de apuestas";"1,28";"5,25";"11,00";"0,7812500000000000";"0,1904761904761905";"0,0909090909090909";"1,06263528138528";"0,0626352813852813";"6,26352813852813"
"23/01/2022";"Crystal Palace";"Liverpool";"B365";"Casa de apuestas";"5,75";"4,20";"1,55";"0,1739130434782609";"0,2380952380952381";"0,6451612903225806";"1,05716957189608";"0,0571695718960796";"5,71695718960796"
"23/01/2022";"Leicester";"Brighton";"B365";"Casa de apuestas";"2,50";"3,40";"2,80";"0,4000000000000000";"0,2941176470588235";"0,3571428571428572";"1,05126050420168";"0,0512605042016807";"5,12605042016807"
"23/01/2022";"Chelsea";"Tottenham";"B365";"Casa de apuestas";"1,70";"3,75";"5,00";"0,5882352941176471";"0,2666666666666667";"0,2000000000000000";"1,05490196078431";"0,0549019607843138";"5,49019607843138"
"05/02/2022";"Burnley";"Watford";"B365";"Casa de apuestas";"2,15";"3,25";"3,60";"0,4651162790697674";"0,3076923076923077";"0,2777777777777778";"1,05058636453985";"0,0505863645398530";"5,05863645398530"
"08/02/2022";"Newcastle";"Everton";"B365";"Casa de apuestas";"2,50";"3,30";"2,80";"0,4000000000000000";"0,3030303030303030";"0,3571428571428572";"1,06017316017316";"0,0601731601731603";"6,01731601731603"
"08/02/2022";"West Ham";"Watford";"B365";"Casa de apuestas";"1,53";"4,20";"6,00";"0,6535947712418301";"0,2380952380952381";"0,1666666666666667";"1,05835667600373";"0,0583566760037348";"5,83566760037348"
"08/02/2022";"Burnley";"Man United";"B365";"Casa de apuestas";"6,00";"4,20";"1,55";"0,1666666666666667";"0,2380952380952381";"0,6451612903225806";"1,04992319508449";"0,0499231950844854";"4,99231950844854"
"09/02/2022";"Man City";"Brentford";"B365";"Casa de apuestas";"1,07";"11,00";"26,00";"0,9345794392523364";"0,0909090909090909";"0,0384615384615385";"1,06395006862297";"0,0639500686229659";"6,39500686229659"
"09/02/2022";"Norwich";"Crystal Palace";"B365";"Casa de apuestas";"3,60";"3,30";"2,15";"0,2777777777777778";"0,3030303030303030";"0,4651162790697674";"1,04592435987785";"0,0459243598778483";"4,59243598778483"
"09/02/2022";"Tottenham";"Southampton";"B365";"Casa de apuestas";"1,61";"4,00";"5,25";"0,6211180124223602";"0,2500000000000000";"0,1904761904761905";"1,06159420289855";"0,0615942028985508";"6,15942028985508"
"09/02/2022";"Aston Villa";"Leeds";"B365";"Casa de apuestas";"1,95";"3,80";"3,60";"0,5128205128205129";"0,2631578947368421";"0,2777777777777778";"1,05375618533513";"0,0537561853351329";"5,37561853351329"
"10/02/2022";"Liverpool";"Leicester";"B365";"Casa de apuestas";"1,18";"7,00";"13,00";"0,8474576271186441";"0,1428571428571428";"0,0769230769230769";"1,06723784689886";"0,0672378468988639";"6,72378468988639"
"10/02/2022";"Wolves";"Arsenal";"B365";"Casa de apuestas";"4,00";"3,20";"2,05";"0,2500000000000000";"0,3125000000000000";"0,4878048780487805";"1,05030487804878";"0,0503048780487805";"5,03048780487805"
"12/02/2022";"Man United";"Southampton";"B365";"Casa de apuestas";"1,53";"4,33";"5,75";"0,6535947712418301";"0,2309468822170901";"0,1739130434782609";"1,05845469693718";"0,0584546969371811";"5,84546969371811"
"12/02/2022";"Brentford";"Crystal Palace";"B365";"Casa de apuestas";"3,00";"3,10";"2,50";"0,3333333333333333";"0,3225806451612903";"0,4000000000000000";"1,05591397849462";"0,0559139784946237";"5,59139784946237"
"12/02/2022";"Everton";"Leeds";"B365";"Casa de apuestas";"2,55";"3,60";"2,60";"0,3921568627450981";"0,2777777777777778";"0,3846153846153846";"1,05455002513826";"0,0545500251382605";"5,45500251382605"
"12/02/2022";"Watford";"Brighton";"B365";"Casa de apuestas";"4,00";"3,40";"1,95";"0,2500000000000000";"0,2941176470588235";"0,5128205128205129";"1,05693815987934";"0,0569381598793366";"5,69381598793366"
"12/02/2022";"Norwich";"Man City";"B365";"Casa de apuestas";"15,00";"7,50";"1,18";"0,0666666666666667";"0,1333333333333333";"0,8474576271186441";"1,04745762711864";"0,0474576271186442";"4,74576271186442"
"13/02/2022";"Burnley";"Liverpool";"B365";"Casa de apuestas";"12,00";"6,50";"1,20";"0,0833333333333333";"0,1538461538461539";"0,8333333333333334";"1,07051282051282";"0,0705128205128205";"7,05128205128205"
"13/02/2022";"Newcastle";"Aston Villa";"B365";"Casa de apuestas";"2,75";"3,30";"2,55";"0,3636363636363636";"0,3030303030303030";"0,3921568627450981";"1,05882352941176";"0,0588235294117649";"5,88235294117649"
"13/02/2022";"Tottenham";"Wolves";"B365";"Casa de apuestas";"1,66";"3,75";"5,50";"0,6024096385542169";"0,2666666666666667";"0,1818181818181818";"1,05089448703907";"0,0508944870390655";"5,08944870390655"
"13/02/2022";"Leicester";"West Ham";"B365";"Casa de apuestas";"2,90";"3,40";"2,40";"0,3448275862068966";"0,2941176470588235";"0,4166666666666667";"1,05561189993239";"0,0556118999323869";"5,56118999323869"
"15/02/2022";"Man United";"Brighton";"B365";"Casa de apuestas";"1,75";"3,60";"4,75";"0,5714285714285714";"0,2777777777777778";"0,2105263157894737";"1,05973266499582";"0,0597326649958227";"5,97326649958227"
"19/02/2022";"West Ham";"Newcastle";"B365";"Casa de apuestas";"1,61";"4,00";"5,50";"0,6211180124223602";"0,2500000000000000";"0,1818181818181818";"1,05293619424054";"0,0529361942405420";"5,29361942405420"
"19/02/2022";"Arsenal";"Brentford";"B365";"Casa de apuestas";"1,50";"3,75";"8,00";"0,6666666666666666";"0,2666666666666667";"0,1250000000000000";"1,05833333333333";"0,0583333333333333";"5,83333333333333"
"19/02/2022";"Aston Villa";"Watford";"B365";"Casa de apuestas";"1,60";"3,80";"6,00";"0,6250000000000000";"0,2631578947368421";"0,1666666666666667";"1,05482456140351";"0,0548245614035088";"5,48245614035088"
"19/02/2022";"Brighton";"Burnley";"B365";"Casa de apuestas";"1,65";"3,60";"6,00";"0,6060606060606061";"0,2777777777777778";"0,1666666666666667";"1,05050505050505";"0,0505050505050506";"5,05050505050506"
"19/02/2022";"Crystal Palace";"Chelsea";"B365";"Casa de apuestas";"5,50";"3,75";"1,65";"0,1818181818181818";"0,2666666666666667";"0,6060606060606061";"1,05454545454545";"0,0545454545454547";"5,45454545454547"
"19/02/2022";"Liverpool";"Norwich";"B365";"Casa de apuestas";"1,12";"9,50";"17,00";"0,8928571428571428";"0,1052631578947368";"0,0588235294117647";"1,05694383016364";"0,0569438301636442";"5,69438301636442"
"19/02/2022";"Southampton";"Everton";"B365";"Casa de apuestas";"2,00";"3,60";"3,60";"0,5000000000000000";"0,2777777777777778";"0,2777777777777778";"1,05555555555556";"0,0555555555555556";"5,55555555555556"
"19/02/2022";"Man City";"Tottenham";"B365";"Casa de apuestas";"1,28";"5,75";"10,00";"0,7812500000000000";"0,1739130434782609";"0,1000000000000000";"1,05516304347826";"0,0551630434782608";"5,51630434782608"
"20/02/2022";"Leeds";"Man United";"B365";"Casa de apuestas";"4,75";"4,20";"1,66";"0,2105263157894737";"0,2380952380952381";"0,6024096385542169";"1,05103119243893";"0,0510311924389286";"5,10311924389286"
"20/02/2022";"Wolves";"Leicester";"B365";"Casa de apuestas";"2,20";"3,20";"3,60";"0,4545454545454545";"0,3125000000000000";"0,2777777777777778";"1,04482323232323";"0,0448232323232323";"4,48232323232323"
"23/02/2022";"Burnley";"Tottenham";"B365";"Casa de apuestas";"4,50";"3,60";"1,83";"0,2222222222222222";"0,2777777777777778";"0,5464480874316939";"1,04644808743169";"0,0464480874316939";"4,64480874316939"
"23/02/2022";"Watford";"Crystal Palace";"B365";"Casa de apuestas";"2,87";"3,10";"2,60";"0,3484320557491289";"0,3225806451612903";"0,3846153846153846";"1,05562808552580";"0,0556280855258038";"5,56280855258038"
"23/02/2022";"Liverpool";"Leeds";"B365";"Casa de apuestas";"1,18";"7,50";"13,00";"0,8474576271186441";"0,1333333333333333";"0,0769230769230769";"1,05771403737505";"0,0577140373750544";"5,77140373750544"
"24/02/2022";"Arsenal";"Wolves";"B365";"Casa de apuestas";"1,61";"3,60";"5,75";"0,6211180124223602";"0,2777777777777778";"0,1739130434782609";"1,07280883367840";"0,0728088336783990";"7,28088336783990"
"25/02/2022";"Southampton";"Norwich";"B365";"Casa de apuestas";"1,45";"4,50";"7,00";"0,6896551724137931";"0,2222222222222222";"0,1428571428571428";"1,05473453749316";"0,0547345374931583";"5,47345374931583"
"26/02/2022";"Leeds";"Tottenham";"B365";"Casa de apuestas";"3,75";"3,60";"1,95";"0,2666666666666667";"0,2777777777777778";"0,5128205128205129";"1,05726495726496";"0,0572649572649575";"5,72649572649575"
"26/02/2022";"Brentford";"Newcastle";"B365";"Casa de apuestas";"2,25";"3,10";"3,50";"0,4444444444444444";"0,3225806451612903";"0,2857142857142857";"1,05273937532002";"0,0527393753200203";"5,27393753200203"
"26/02/2022";"Crystal Palace";"Burnley";"B365";"Casa de apuestas";"1,90";"3,30";"4,50";"0,5263157894736842";"0,3030303030303030";"0,2222222222222222";"1,05156831472621";"0,0515683147262096";"5,15683147262096"
"26/02/2022";"Man United";"Watford";"B365";"Casa de apuestas";"1,36";"5,00";"7,50";"0,7352941176470588";"0,2000000000000000";"0,1333333333333333";"1,06862745098039";"0,0686274509803921";"6,86274509803921"
"26/02/2022";"Brighton";"Aston Villa";"B365";"Casa de apuestas";"2,15";"3,40";"3,40";"0,4651162790697674";"0,2941176470588235";"0,2941176470588235";"1,05335157318741";"0,0533515731874146";"5,33515731874146"
"26/02/2022";"Everton";"Man City";"B365";"Casa de apuestas";"12,00";"6,00";"1,25";"0,0833333333333333";"0,1666666666666667";"0,8000000000000000";"1,05000000000000";"0,0500000000000000";"5,00000000000000"
"27/02/2022";"West Ham";"Wolves";"B365";"Casa de apuestas";"1,95";"3,30";"4,33";"0,5128205128205129";"0,3030303030303030";"0,2309468822170901";"1,04679769806791";"0,0467976980679061";"4,67976980679061"
"01/03/2022";"Burnley";"Leicester";"B365";"Casa de apuestas";"2,90";"3,25";"2,50";"0,3448275862068966";"0,3076923076923077";"0,4000000000000000";"1,05251989389920";"0,0525198938992042";"5,25198938992042"
"05/03/2022";"Leicester";"Leeds";"B365";"Casa de apuestas";"2,05";"3,60";"3,60";"0,4878048780487805";"0,2777777777777778";"0,2777777777777778";"1,04336043360434";"0,0433604336043363";"4,33604336043363"
"05/03/2022";"Aston Villa";"Southampton";"B365";"Casa de apuestas";"2,15";"3,60";"3,10";"0,4651162790697674";"0,2777777777777778";"0,3225806451612903";"1,06547470200884";"0,0654747020088355";"6,54747020088355"
"05/03/2022";"Burnley";"Chelsea";"B365";"Casa de apuestas";"7,00";"3,80";"1,50";"0,1428571428571428";"0,2631578947368421";"0,6666666666666666";"1,07268170426065";"0,0726817042606516";"7,26817042606516"
"05/03/2022";"Newcastle";"Brighton";"B365";"Casa de apuestas";"2,70";"3,20";"2,70";"0,3703703703703703";"0,3125000000000000";"0,3703703703703703";"1,05324074074074";"0,0532407407407407";"5,32407407407407"
"05/03/2022";"Norwich";"Brentford";"B365";"Casa de apuestas";"3,10";"3,10";"2,40";"0,3225806451612903";"0,3225806451612903";"0,4166666666666667";"1,06182795698925";"0,0618279569892473";"6,18279569892473"
"05/03/2022";"Wolves";"Crystal Palace";"B365";"Casa de apuestas";"2,30";"3,10";"3,40";"0,4347826086956522";"0,3225806451612903";"0,2941176470588235";"1,05148090091577";"0,0514809009157662";"5,14809009157662"
"05/03/2022";"Liverpool";"West Ham";"B365";"Casa de apuestas";"1,22";"7,00";"12,00";"0,8196721311475410";"0,1428571428571428";"0,0833333333333333";"1,04586260733802";"0,0458626073380171";"4,58626073380171"
"06/03/2022";"Watford";"Arsenal";"B365";"Casa de apuestas";"6,50";"4,20";"1,50";"0,1538461538461539";"0,2380952380952381";"0,6666666666666666";"1,05860805860806";"0,0586080586080586";"5,86080586080586"
"06/03/2022";"Man City";"Man United";"B365";"Casa de apuestas";"1,40";"4,50";"7,00";"0,7142857142857143";"0,2222222222222222";"0,1428571428571428";"1,07936507936508";"0,0793650793650793";"7,93650793650793"
"07/03/2022";"Tottenham";"Everton";"B365";"Casa de apuestas";"1,70";"3,80";"4,75";"0,5882352941176471";"0,2631578947368421";"0,2105263157894737";"1,06191950464396";"0,0619195046439629";"6,19195046439629"
"10/03/2022";"Norwich";"Chelsea";"B365";"Casa de apuestas";"8,50";"4,75";"1,36";"0,1176470588235294";"0,2105263157894737";"0,7352941176470588";"1,06346749226006";"0,0634674922600618";"6,34674922600618"
"10/03/2022";"Southampton";"Newcastle";"B365";"Casa de apuestas";"1,90";"3,60";"4,00";"0,5263157894736842";"0,2777777777777778";"0,2500000000000000";"1,05409356725146";"0,0540935672514620";"5,40935672514620"
"10/03/2022";"Wolves";"Watford";"B365";"Casa de apuestas";"1,90";"3,40";"4,20";"0,5263157894736842";"0,2941176470588235";"0,2380952380952381";"1,05852867462775";"0,0585286746277458";"5,85286746277458"
"10/03/2022";"Leeds";"Aston Villa";"B365";"Casa de apuestas";"2,80";"3,50";"2,40";"0,3571428571428572";"0,2857142857142857";"0,4166666666666667";"1,05952380952381";"0,0595238095238095";"5,95238095238095"
"12/03/2022";"Brighton";"Liverpool";"B365";"Casa de apuestas";"7,00";"4,50";"1,45";"0,1428571428571428";"0,2222222222222222";"0,6896551724137931";"1,05473453749316";"0,0547345374931583";"5,47345374931583"
"12/03/2022";"Brentford";"Burnley";"B365";"Casa de apuestas";"2,05";"3,25";"3,80";"0,4878048780487805";"0,3076923076923077";"0,2631578947368421";"1,05865508047793";"0,0586550804779302";"5,86550804779302"
"12/03/2022";"Man United";"Tottenham";"B365";"Casa de apuestas";"2,25";"3,50";"3,10";"0,4444444444444444";"0,2857142857142857";"0,3225806451612903";"1,05273937532002";"0,0527393753200205";"5,27393753200205"
"13/03/2022";"Chelsea";"Newcastle";"B365";"Casa de apuestas";"1,40";"4,75";"7,50";"0,7142857142857143";"0,2105263157894737";"0,1333333333333333";"1,05814536340852";"0,0581453634085214";"5,81453634085214"
"13/03/2022";"Everton";"Wolves";"B365";"Casa de apuestas";"2,25";"3,00";"3,60";"0,4444444444444444";"0,3333333333333333";"0,2777777777777778";"1,05555555555556";"0,0555555555555554";"5,55555555555554"
"13/03/2022";"Leeds";"Norwich";"B365";"Casa de apuestas";"1,65";"4,00";"5,00";"0,6060606060606061";"0,2500000000000000";"0,2000000000000000";"1,05606060606061";"0,0560606060606061";"5,60606060606061"
"13/03/2022";"Southampton";"Watford";"B365";"Casa de apuestas";"1,66";"4,20";"4,75";"0,6024096385542169";"0,2380952380952381";"0,2105263157894737";"1,05103119243893";"0,0510311924389286";"5,10311924389286"
"13/03/2022";"West Ham";"Aston Villa";"B365";"Casa de apuestas";"2,40";"3,30";"2,90";"0,4166666666666667";"0,3030303030303030";"0,3448275862068966";"1,06452455590387";"0,0645245559038663";"6,45245559038663"
"13/03/2022";"Arsenal";"Leicester";"B365";"Casa de apuestas";"1,40";"4,75";"7,00";"0,7142857142857143";"0,2105263157894737";"0,1428571428571428";"1,06766917293233";"0,0676691729323309";"6,76691729323309"
"14/03/2022";"Crystal Palace";"Man City";"B365";"Casa de apuestas";"9,00";"5,25";"1,33";"0,1111111111111111";"0,1904761904761905";"0,7518796992481203";"1,05346700083542";"0,0534670008354219";"5,34670008354219"
"16/03/2022";"Brighton";"Tottenham";"B365";"Casa de apuestas";"3,50";"3,40";"2,10";"0,2857142857142857";"0,2941176470588235";"0,4761904761904762";"1,05602240896359";"0,0560224089635852";"5,60224089635852"
"16/03/2022";"Arsenal";"Liverpool";"B365";"Casa de apuestas";"3,50";"3,75";"2,00";"0,2857142857142857";"0,2666666666666667";"0,5000000000000000";"1,05238095238095";"0,0523809523809524";"5,23809523809524"
"17/03/2022";"Everton";"Newcastle";"B365";"Casa de apuestas";"2,40";"3,25";"3,10";"0,4166666666666667";"0,3076923076923077";"0,3225806451612903";"1,04693961952026";"0,0469396195202647";"4,69396195202647"
"18/03/2022";"Wolves";"Leeds";"B365";"Casa de apuestas";"2,15";"3,50";"3,25";"0,4651162790697674";"0,2857142857142857";"0,3076923076923077";"1,05852287247636";"0,0585228724763609";"5,85228724763609"
"19/03/2022";"Aston Villa";"Arsenal";"B365";"Casa de apuestas";"2,80";"3,40";"2,45";"0,3571428571428572";"0,2941176470588235";"0,4081632653061224";"1,05942376950780";"0,0594237695078030";"5,94237695078030"
"20/03/2022";"Leicester";"Brentford";"B365";"Casa de apuestas";"2,10";"3,40";"3,60";"0,4761904761904762";"0,2941176470588235";"0,2777777777777778";"1,04808590102708";"0,0480859010270773";"4,80859010270773"
"20/03/2022";"Tottenham";"West Ham";"B365";"Casa de apuestas";"1,70";"3,75";"5,25";"0,5882352941176471";"0,2666666666666667";"0,1904761904761905";"1,04537815126050";"0,0453781512605043";"4,53781512605043"
"02/04/2022";"Liverpool";"Watford";"B365";"Casa de apuestas";"1,14";"8,50";"15,00";"0,8771929824561404";"0,1176470588235294";"0,0666666666666667";"1,06150670794634";"0,0615067079463365";"6,15067079463365"
"02/04/2022";"Brighton";"Norwich";"B365";"Casa de apuestas";"1,50";"4,20";"7,00";"0,6666666666666666";"0,2380952380952381";"0,1428571428571428";"1,04761904761905";"0,0476190476190474";"4,76190476190474"
"02/04/2022";"Burnley";"Man City";"B365";"Casa de apuestas";"19,00";"7,00";"1,16";"0,0526315789473684";"0,1428571428571428";"0,8620689655172414";"1,05755768732175";"0,0575576873217527";"5,75576873217527"
"02/04/2022";"Chelsea";"Brentford";"B365";"Casa de apuestas";"1,40";"4,50";"8,50";"0,7142857142857143";"0,2222222222222222";"0,1176470588235294";"1,05415499533147";"0,0541549953314659";"5,41549953314659"
"02/04/2022";"Leeds";"Southampton";"B365";"Casa de apuestas";"2,40";"3,60";"2,80";"0,4166666666666667";"0,2777777777777778";"0,3571428571428572";"1,05158730158730";"0,0515873015873016";"5,15873015873016"
"02/04/2022";"Wolves";"Aston Villa";"B365";"Casa de apuestas";"3,00";"3,10";"2,50";"0,3333333333333333";"0,3225806451612903";"0,4000000000000000";"1,05591397849462";"0,0559139784946237";"5,59139784946237"
"02/04/2022";"Man United";"Leicester";"B365";"Casa de apuestas";"1,53";"4,33";"5,75";"0,6535947712418301";"0,2309468822170901";"0,1739130434782609";"1,05845469693718";"0,0584546969371811";"5,84546969371811"
"03/04/2022";"West Ham";"Everton";"B365";"Casa de apuestas";"1,75";"3,75";"4,75";"0,5714285714285714";"0,2666666666666667";"0,2105263157894737";"1,04862155388471";"0,0486215538847117";"4,86215538847117"
"03/04/2022";"Tottenham";"Newcastle";"B365";"Casa de apuestas";"1,53";"4,20";"6,00";"0,6535947712418301";"0,2380952380952381";"0,1666666666666667";"1,05835667600373";"0,0583566760037348";"5,83566760037348"
"04/04/2022";"Crystal Palace";"Arsenal";"B365";"Casa de apuestas";"4,00";"3,40";"1,95";"0,2500000000000000";"0,2941176470588235";"0,5128205128205129";"1,05693815987934";"0,0569381598793366";"5,69381598793366"
"06/04/2022";"Burnley";"Everton";"B365";"Casa de apuestas";"2,45";"3,10";"3,10";"0,4081632653061224";"0,3225806451612903";"0,3225806451612903";"1,05332455562870";"0,0533245556287030";"5,33245556287030"
"08/04/2022";"Newcastle";"Wolves";"B365";"Casa de apuestas";"1,95";"3,20";"4,33";"0,5128205128205129";"0,3125000000000000";"0,2309468822170901";"1,05626739503760";"0,0562673950376029";"5,62673950376029"
"09/04/2022";"Everton";"Man United";"B365";"Casa de apuestas";"4,00";"3,75";"1,90";"0,2500000000000000";"0,2666666666666667";"0,5263157894736842";"1,04298245614035";"0,0429824561403507";"4,29824561403507"
"09/04/2022";"Arsenal";"Brighton";"B365";"Casa de apuestas";"1,57";"3,75";"6,00";"0,6369426751592356";"0,2666666666666667";"0,1666666666666667";"1,07027600849257";"0,0702760084925691";"7,02760084925691"
"09/04/2022";"Southampton";"Chelsea";"B365";"Casa de apuestas";"3,60";"3,60";"2,00";"0,2777777777777778";"0,2777777777777778";"0,5000000000000000";"1,05555555555556";"0,0555555555555556";"5,55555555555556"
"09/04/2022";"Watford";"Leeds";"B365";"Casa de apuestas";"2,80";"3,30";"2,55";"0,3571428571428572";"0,3030303030303030";"0,3921568627450981";"1,05233002291826";"0,0523300229182584";"5,23300229182584"
"09/04/2022";"Aston Villa";"Tottenham";"B365";"Casa de apuestas";"3,30";"3,40";"2,20";"0,3030303030303030";"0,2941176470588235";"0,4545454545454545";"1,05169340463458";"0,0516934046345812";"5,16934046345812"
"10/04/2022";"Brentford";"West Ham";"B365";"Casa de apuestas";"2,62";"3,25";"2,60";"0,3816793893129771";"0,3076923076923077";"0,3846153846153846";"1,07398708162067";"0,0739870816206694";"7,39870816206694"
"10/04/2022";"Leicester";"Crystal Palace";"B365";"Casa de apuestas";"2,40";"3,20";"3,00";"0,4166666666666667";"0,3125000000000000";"0,3333333333333333";"1,06250000000000";"0,0625000000000000";"6,25000000000000"
"10/04/2022";"Norwich";"Burnley";"B365";"Casa de apuestas";"3,00";"3,50";"2,30";"0,3333333333333333";"0,2857142857142857";"0,4347826086956522";"1,05383022774327";"0,0538302277432714";"5,38302277432714"
"10/04/2022";"Man City";"Liverpool";"B365";"Casa de apuestas";"1,95";"3,75";"3,80";"0,5128205128205129";"0,2666666666666667";"0,2631578947368421";"1,04264507422402";"0,0426450742240216";"4,26450742240216"
"16/04/2022";"Tottenham";"Brighton";"B365";"Casa de apuestas";"1,50";"4,33";"5,75";"0,6666666666666666";"0,2309468822170901";"0,1739130434782609";"1,07152659236202";"0,0715265923620176";"7,15265923620176"
"16/04/2022";"Man United";"Norwich";"B365";"Casa de apuestas";"1,28";"6,00";"10,00";"0,7812500000000000";"0,1666666666666667";"0,1000000000000000";"1,04791666666667";"0,0479166666666666";"4,79166666666666"
"16/04/2022";"Southampton";"Arsenal";"B365";"Casa de apuestas";"3,80";"3,75";"1,90";"0,2631578947368421";"0,2666666666666667";"0,5263157894736842";"1,05614035087719";"0,0561403508771929";"5,61403508771929"
"16/04/2022";"Watford";"Brentford";"B365";"Casa de apuestas";"2,87";"3,30";"2,45";"0,3484320557491289";"0,3030303030303030";"0,4081632653061224";"1,05962562408555";"0,0596256240855544";"5,96256240855544"
"17/04/2022";"Newcastle";"Leicester";"B365";"Casa de apuestas";"2,00";"3,50";"3,60";"0,5000000000000000";"0,2857142857142857";"0,2777777777777778";"1,06349206349206";"0,0634920634920635";"6,34920634920635"
"17/04/2022";"West Ham";"Burnley";"B365";"Casa de apuestas";"1,75";"3,75";"4,50";"0,5714285714285714";"0,2666666666666667";"0,2222222222222222";"1,06031746031746";"0,0603174603174601";"6,03174603174601"
"19/04/2022";"Liverpool";"Man United";"B365";"Casa de apuestas";"1,30";"5,75";"9,00";"0,7692307692307692";"0,1739130434782609";"0,1111111111111111";"1,05425492382014";"0,0542549238201411";"5,42549238201411"
"20/04/2022";"Chelsea";"Arsenal";"B365";"Casa de apuestas";"1,90";"3,50";"4,20";"0,5263157894736842";"0,2857142857142857";"0,2380952380952381";"1,05012531328321";"0,0501253132832080";"5,01253132832080"
"20/04/2022";"Everton";"Leicester";"B365";"Casa de apuestas";"2,60";"3,30";"2,70";"0,3846153846153846";"0,3030303030303030";"0,3703703703703703";"1,05801605801606";"0,0580160580160580";"5,80160580160580"
"20/04/2022";"Newcastle";"Crystal Palace";"B365";"Casa de apuestas";"2,20";"3,30";"3,30";"0,4545454545454545";"0,3030303030303030";"0,3030303030303030";"1,06060606060606";"0,0606060606060606";"6,06060606060606"
"20/04/2022";"Man City";"Brighton";"B365";"Casa de apuestas";"1,22";"6,50";"13,00";"0,8196721311475410";"0,1538461538461539";"0,0769230769230769";"1,05044136191677";"0,0504413619167718";"5,04413619167718"
"21/04/2022";"Burnley";"Southampton";"B365";"Casa de apuestas";"2,60";"3,30";"2,75";"0,3846153846153846";"0,3030303030303030";"0,3636363636363636";"1,05128205128205";"0,0512820512820511";"5,12820512820511"
"23/04/2022";"Arsenal";"Man United";"B365";"Casa de apuestas";"2,00";"3,60";"3,60";"0,5000000000000000";"0,2777777777777778";"0,2777777777777778";"1,05555555555556";"0,0555555555555556";"5,55555555555556"
"23/04/2022";"Leicester";"Aston Villa";"B365";"Casa de apuestas";"2,90";"3,30";"2,45";"0,3448275862068966";"0,3030303030303030";"0,4081632653061224";"1,05602115454332";"0,0560211545433220";"5,60211545433220"
"23/04/2022";"Man City";"Watford";"B365";"Casa de apuestas";"1,10";"10,00";"23,00";"0,9090909090909091";"0,1000000000000000";"0,0434782608695652";"1,05256916996047";"0,0525691699604742";"5,25691699604742"
"23/04/2022";"Norwich";"Newcastle";"B365";"Casa de apuestas";"3,30";"3,40";"2,20";"0,3030303030303030";"0,2941176470588235";"0,4545454545454545";"1,05169340463458";"0,0516934046345812";"5,16934046345812"
"23/04/2022";"Brentford";"Tottenham";"B365";"Casa de apuestas";"4,75";"3,80";"1,70";"0,2105263157894737";"0,2631578947368421";"0,5882352941176471";"1,06191950464396";"0,0619195046439629";"6,19195046439629"
"24/04/2022";"Brighton";"Southampton";"B365";"Casa de apuestas";"2,10";"3,30";"3,75";"0,4761904761904762";"0,3030303030303030";"0,2666666666666667";"1,04588744588745";"0,0458874458874459";"4,58874458874459"
"24/04/2022";"Burnley";"Wolves";"B365";"Casa de apuestas";"2,45";"3,10";"3,10";"0,4081632653061224";"0,3225806451612903";"0,3225806451612903";"1,05332455562870";"0,0533245556287030";"5,33245556287030"
"24/04/2022";"Chelsea";"West Ham";"B365";"Casa de apuestas";"1,40";"4,75";"8,00";"0,7142857142857143";"0,2105263157894737";"0,1250000000000000";"1,04981203007519";"0,0498120300751879";"4,98120300751879"
"24/04/2022";"Liverpool";"Everton";"B365";"Casa de apuestas";"1,18";"7,00";"15,00";"0,8474576271186441";"0,1428571428571428";"0,0666666666666667";"1,05698143664245";"0,0569814366424537";"5,69814366424537"
"25/04/2022";"Crystal Palace";"Leeds";"B365";"Casa de apuestas";"2,37";"3,50";"2,90";"0,4219409282700421";"0,2857142857142857";"0,3448275862068966";"1,05248280019122";"0,0524828001912243";"5,24828001912243"
"28/04/2022";"Man United";"Chelsea";"B365";"Casa de apuestas";"3,50";"3,60";"2,05";"0,2857142857142857";"0,2777777777777778";"0,4878048780487805";"1,05129694154084";"0,0512969415408440";"5,12969415408440"
"30/04/2022";"Newcastle";"Liverpool";"B365";"Casa de apuestas";"6,00";"4,33";"1,53";"0,1666666666666667";"0,2309468822170901";"0,6535947712418301";"1,05120832012559";"0,0512083201255868";"5,12083201255868"
"30/04/2022";"Aston Villa";"Norwich";"B365";"Casa de apuestas";"1,40";"4,75";"8,50";"0,7142857142857143";"0,2105263157894737";"0,1176470588235294";"1,04245908889872";"0,0424590888987173";"4,24590888987173"
"30/04/2022";"Southampton";"Crystal Palace";"B365";"Casa de apuestas";"2,45";"3,10";"3,00";"0,4081632653061224";"0,3225806451612903";"0,3333333333333333";"1,06407724380075";"0,0640772438007460";"6,40772438007460"
"30/04/2022";"Watford";"Burnley";"B365";"Casa de apuestas";"2,60";"3,20";"2,87";"0,3846153846153846";"0,3125000000000000";"0,3484320557491289";"1,04554744036451";"0,0455474403645135";"4,55474403645135"
"30/04/2022";"Wolves";"Brighton";"B365";"Casa de apuestas";"2,70";"3,00";"3,00";"0,3703703703703703";"0,3333333333333333";"0,3333333333333333";"1,03703703703704";"0,0370370370370370";"3,70370370370370"
"01/05/2022";"West Ham";"Arsenal";"B365";"Casa de apuestas";"4,20";"4,00";"1,80";"0,2380952380952381";"0,2500000000000000";"0,5555555555555556";"1,04365079365079";"0,0436507936507937";"4,36507936507937"
"02/05/2022";"Man United";"Brentford";"B365";"Casa de apuestas";"1,72";"3,80";"4,50";"0,5813953488372093";"0,2631578947368421";"0,2222222222222222";"1,06677546579627";"0,0667754657962738";"6,67754657962738"
"07/05/2022";"Brentford";"Southampton";"B365";"Casa de apuestas";"2,10";"3,40";"3,50";"0,4761904761904762";"0,2941176470588235";"0,2857142857142857";"1,05602240896359";"0,0560224089635852";"5,60224089635852"
"07/05/2022";"Burnley";"Aston Villa";"B365";"Casa de apuestas";"3,00";"3,20";"2,50";"0,3333333333333333";"0,3125000000000000";"0,4000000000000000";"1,04583333333333";"0,0458333333333334";"4,58333333333334"
"07/05/2022";"Chelsea";"Wolves";"B365";"Casa de apuestas";"1,40";"4,75";"8,00";"0,7142857142857143";"0,2105263157894737";"0,1250000000000000";"1,04981203007519";"0,0498120300751879";"4,98120300751879"
"07/05/2022";"Crystal Palace";"Watford";"B365";"Casa de apuestas";"1,66";"3,80";"5,25";"0,6024096385542169";"0,2631578947368421";"0,1904761904761905";"1,05604372376725";"0,0560437237672495";"5,60437237672495"
"07/05/2022";"Brighton";"Man United";"B365";"Casa de apuestas";"2,87";"3,40";"2,45";"0,3484320557491289";"0,2941176470588235";"0,4081632653061224";"1,05071296811407";"0,0507129681140748";"5,07129681140748"
"07/05/2022";"Liverpool";"Tottenham";"B365";"Casa de apuestas";"1,40";"5,25";"6,50";"0,7142857142857143";"0,1904761904761905";"0,1538461538461539";"1,05860805860806";"0,0586080586080586";"5,86080586080586"
"08/05/2022";"Arsenal";"Leeds";"B365";"Casa de apuestas";"1,53";"4,50";"5,50";"0,6535947712418301";"0,2222222222222222";"0,1818181818181818";"1,05763517528223";"0,0576351752822342";"5,76351752822342"
"08/05/2022";"Leicester";"Everton";"B365";"Casa de apuestas";"2,60";"3,25";"2,70";"0,3846153846153846";"0,3076923076923077";"0,3703703703703703";"1,06267806267806";"0,0626780626780628";"6,26780626780628"
"08/05/2022";"Norwich";"West Ham";"B365";"Casa de apuestas";"4,50";"3,80";"1,72";"0,2222222222222222";"0,2631578947368421";"0,5813953488372093";"1,06677546579627";"0,0667754657962736";"6,67754657962736"
"08/05/2022";"Man City";"Newcastle";"B365";"Casa de apuestas";"1,16";"7,50";"15,00";"0,8620689655172414";"0,1333333333333333";"0,0666666666666667";"1,06206896551724";"0,0620689655172415";"6,20689655172415"
"10/05/2022";"Aston Villa";"Liverpool";"B365";"Casa de apuestas";"6,25";"4,50";"1,50";"0,1600000000000000";"0,2222222222222222";"0,6666666666666666";"1,04888888888889";"0,0488888888888890";"4,88888888888890"
"11/05/2022";"Leeds";"Chelsea";"B365";"Casa de apuestas";"4,75";"4,00";"1,70";"0,2105263157894737";"0,2500000000000000";"0,5882352941176471";"1,04876160990712";"0,0487616099071206";"4,87616099071206"
"11/05/2022";"Leicester";"Norwich";"B365";"Casa de apuestas";"1,33";"5,50";"8,50";"0,7518796992481203";"0,1818181818181818";"0,1176470588235294";"1,05134493988983";"0,0513449398898316";"5,13449398898316"
"11/05/2022";"Watford";"Everton";"B365";"Casa de apuestas";"5,50";"3,75";"1,65";"0,1818181818181818";"0,2666666666666667";"0,6060606060606061";"1,05454545454545";"0,0545454545454547";"5,45454545454547"
"11/05/2022";"Wolves";"Man City";"B365";"Casa de apuestas";"10,00";"5,75";"1,28";"0,1000000000000000";"0,1739130434782609";"0,7812500000000000";"1,05516304347826";"0,0551630434782608";"5,51630434782608"
"12/05/2022";"Tottenham";"Arsenal";"B365";"Casa de apuestas";"2,20";"3,50";"3,20";"0,4545454545454545";"0,2857142857142857";"0,3125000000000000";"1,05275974025974";"0,0527597402597402";"5,27597402597402"
"15/05/2022";"Tottenham";"Burnley";"B365";"Casa de apuestas";"1,30";"5,50";"9,50";"0,7692307692307692";"0,1818181818181818";"0,1052631578947368";"1,05631210894369";"0,0563121089436880";"5,63121089436880"
"15/05/2022";"Aston Villa";"Crystal Palace";"B365";"Casa de apuestas";"1,80";"3,50";"4,50";"0,5555555555555556";"0,2857142857142857";"0,2222222222222222";"1,06349206349206";"0,0634920634920635";"6,34920634920635"
"15/05/2022";"Leeds";"Brighton";"B365";"Casa de apuestas";"2,62";"3,40";"2,62";"0,3816793893129771";"0,2941176470588235";"0,3816793893129771";"1,05747642568478";"0,0574764256847777";"5,74764256847777"
"15/05/2022";"Watford";"Leicester";"B365";"Casa de apuestas";"5,50";"4,00";"1,65";"0,1818181818181818";"0,2500000000000000";"0,6060606060606061";"1,03787878787879";"0,0378787878787878";"3,78787878787878"
"15/05/2022";"West Ham";"Man City";"B365";"Casa de apuestas";"7,50";"5,00";"1,40";"0,1333333333333333";"0,2000000000000000";"0,7142857142857143";"1,04761904761905";"0,0476190476190477";"4,76190476190477"
"15/05/2022";"Wolves";"Norwich";"B365";"Casa de apuestas";"1,55";"4,50";"5,75";"0,6451612903225806";"0,2222222222222222";"0,1739130434782609";"1,04129655602306";"0,0412965560230636";"4,12965560230636"
"15/05/2022";"Everton";"Brentford";"B365";"Casa de apuestas";"1,85";"3,50";"4,20";"0,5405405405405405";"0,2857142857142857";"0,2380952380952381";"1,06435006435006";"0,0643500643500643";"6,43500643500643"
"16/05/2022";"Newcastle";"Arsenal";"B365";"Casa de apuestas";"4,20";"3,75";"1,83";"0,2380952380952381";"0,2666666666666667";"0,5464480874316939";"1,05120999219360";"0,0512099921935987";"5,12099921935987"
"17/05/2022";"Southampton";"Liverpool";"B365";"Casa de apuestas";"6,50";"5,00";"1,44";"0,1538461538461539";"0,2000000000000000";"0,6944444444444444";"1,04829059829060";"0,0482905982905983";"4,82905982905983"
"19/05/2022";"Everton";"Crystal Palace";"B365";"Casa de apuestas";"1,85";"3,50";"4,33";"0,5405405405405405";"0,2857142857142857";"0,2309468822170901";"1,05720170847192";"0,0572017084719163";"5,72017084719163"
"19/05/2022";"Aston Villa";"Burnley";"B365";"Casa de apuestas";"1,95";"3,50";"3,80";"0,5128205128205129";"0,2857142857142857";"0,2631578947368421";"1,06169269327164";"0,0616926932716406";"6,16926932716406"
"19/05/2022";"Chelsea";"Leicester";"B365";"Casa de apuestas";"1,40";"4,75";"8,00";"0,7142857142857143";"0,2105263157894737";"0,1250000000000000";"1,04981203007519";"0,0498120300751879";"4,98120300751879"
"22/05/2022";"Arsenal";"Everton";"B365";"Casa de apuestas";"1,33";"5,25";"8,50";"0,7518796992481203";"0,1904761904761905";"0,1176470588235294";"1,06000294854784";"0,0600029485478402";"6,00029485478402"
"22/05/2022";"Brentford";"Leeds";"B365";"Casa de apuestas";"2,30";"3,80";"2,80";"0,4347826086956522";"0,2631578947368421";"0,3571428571428572";"1,05508336057535";"0,0550833605753516";"5,50833605753516"
"22/05/2022";"Brighton";"West Ham";"B365";"Casa de apuestas";"2,60";"3,40";"2,62";"0,3846153846153846";"0,2941176470588235";"0,3816793893129771";"1,06041242098719";"0,0604124209871852";"6,04124209871852"
"22/05/2022";"Burnley";"Newcastle";"B365";"Casa de apuestas";"2,45";"3,30";"2,90";"0,4081632653061224";"0,3030303030303030";"0,3448275862068966";"1,05602115454332";"0,0560211545433220";"5,60211545433220"
"22/05/2022";"Chelsea";"Watford";"B365";"Casa de apuestas";"1,20";"7,00";"13,00";"0,8333333333333334";"0,1428571428571428";"0,0769230769230769";"1,05311355311355";"0,0531135531135531";"5,31135531135531"
"22/05/2022";"Crystal Palace";"Man United";"B365";"Casa de apuestas";"2,70";"3,50";"2,50";"0,3703703703703703";"0,2857142857142857";"0,4000000000000000";"1,05608465608466";"0,0560846560846562";"5,60846560846562"
"22/05/2022";"Leicester";"Southampton";"B365";"Casa de apuestas";"1,65";"4,33";"4,50";"0,6060606060606061";"0,2309468822170901";"0,2222222222222222";"1,05922971049992";"0,0592297104999182";"5,92297104999182"
"22/05/2022";"Liverpool";"Wolves";"B365";"Casa de apuestas";"1,12";"9,00";"17,00";"0,8928571428571428";"0,1111111111111111";"0,0588235294117647";"1,06279178338002";"0,0627917833800187";"6,27917833800187"
"22/05/2022";"Man City";"Aston Villa";"B365";"Casa de apuestas";"1,18";"7,50";"13,00";"0,8474576271186441";"0,1333333333333333";"0,0769230769230769";"1,05771403737505";"0,0577140373750544";"5,77140373750544"
"22/05/2022";"Norwich";"Tottenham";"B365";"Casa de apuestas";"8,50";"5,25";"1,33";"0,1176470588235294";"0,1904761904761905";"0,7518796992481203";"1,06000294854784";"0,0600029485478402";"6,00029485478402"
"13/08/2021";"Brentford";"Arsenal";"BW";"Casa de apuestas";"3,80";"3,30";"2,05";"0,2631578947368421";"0,3030303030303030";"0,4878048780487805";"1,05399307581593";"0,0539930758159257";"5,39930758159257"
"14/08/2021";"Man United";"Leeds";"BW";"Casa de apuestas";"1,62";"4,10";"5,25";"0,6172839506172839";"0,2439024390243903";"0,1904761904761905";"1,05166258011786";"0,0516625801178647";"5,16625801178647"
"14/08/2021";"Burnley";"Brighton";"BW";"Casa de apuestas";"3,25";"3,10";"2,40";"0,3076923076923077";"0,3225806451612903";"0,4166666666666667";"1,04693961952026";"0,0469396195202647";"4,69396195202647"
"14/08/2021";"Chelsea";"Crystal Palace";"BW";"Casa de apuestas";"1,33";"5,00";"10,00";"0,7518796992481203";"0,2000000000000000";"0,1000000000000000";"1,05187969924812";"0,0518796992481203";"5,18796992481203"
"14/08/2021";"Everton";"Southampton";"BW";"Casa de apuestas";"2,05";"3,40";"3,75";"0,4878048780487805";"0,2941176470588235";"0,2666666666666667";"1,04858919177427";"0,0485891917742707";"4,85891917742707"
"14/08/2021";"Leicester";"Wolves";"BW";"Casa de apuestas";"1,72";"3,70";"5,00";"0,5813953488372093";"0,2702702702702702";"0,2000000000000000";"1,05166561910748";"0,0516656191074796";"5,16656191074796"
"14/08/2021";"Watford";"Aston Villa";"BW";"Casa de apuestas";"3,40";"3,30";"2,20";"0,2941176470588235";"0,3030303030303030";"0,4545454545454545";"1,05169340463458";"0,0516934046345812";"5,16934046345812"
"14/08/2021";"Norwich";"Liverpool";"BW";"Casa de apuestas";"6,75";"4,75";"1,45";"0,1481481481481481";"0,2105263157894737";"0,6896551724137931";"1,04832963635141";"0,0483296363514150";"4,83296363514150"
"15/08/2021";"Newcastle";"West Ham";"BW";"Casa de apuestas";"3,30";"3,40";"2,20";"0,3030303030303030";"0,2941176470588235";"0,4545454545454545";"1,05169340463458";"0,0516934046345812";"5,16934046345812"
"15/08/2021";"Tottenham";"Man City";"BW";"Casa de apuestas";"6,00";"4,20";"1,55";"0,1666666666666667";"0,2380952380952381";"0,6451612903225806";"1,04992319508449";"0,0499231950844854";"4,99231950844854"
"21/08/2021";"Liverpool";"Burnley";"BW";"Casa de apuestas";"1,25";"6,25";"11,50";"0,8000000000000000";"0,1600000000000000";"0,0869565217391304";"1,04695652173913";"0,0469565217391306";"4,69565217391306"
"21/08/2021";"Aston Villa";"Newcastle";"BW";"Casa de apuestas";"1,83";"3,75";"4,20";"0,5464480874316939";"0,2666666666666667";"0,2380952380952381";"1,05120999219360";"0,0512099921935987";"5,12099921935987"
"21/08/2021";"Crystal Palace";"Brentford";"BW";"Casa de apuestas";"2,60";"3,20";"2,80";"0,3846153846153846";"0,3125000000000000";"0,3571428571428572";"1,05425824175824";"0,0542582417582418";"5,42582417582418"
"21/08/2021";"Leeds";"Everton";"BW";"Casa de apuestas";"2,10";"3,50";"3,50";"0,4761904761904762";"0,2857142857142857";"0,2857142857142857";"1,04761904761905";"0,0476190476190474";"4,76190476190474"
"21/08/2021";"Man City";"Norwich";"BW";"Casa de apuestas";"1,12";"9,00";"21,00";"0,8928571428571428";"0,1111111111111111";"0,0476190476190476";"1,05158730158730";"0,0515873015873016";"5,15873015873016"
"21/08/2021";"Brighton";"Watford";"BW";"Casa de apuestas";"1,70";"3,50";"5,75";"0,5882352941176471";"0,2857142857142857";"0,1739130434782609";"1,04786262331019";"0,0478626233101935";"4,78626233101935"
"22/08/2021";"Southampton";"Man United";"BW";"Casa de apuestas";"5,00";"4,10";"1,65";"0,2000000000000000";"0,2439024390243903";"0,6060606060606061";"1,04996304508500";"0,0499630450849964";"4,99630450849964"
"22/08/2021";"Wolves";"Tottenham";"BW";"Casa de apuestas";"2,90";"3,10";"2,60";"0,3448275862068966";"0,3225806451612903";"0,3846153846153846";"1,05202361598357";"0,0520236159835714";"5,20236159835714"
"22/08/2021";"Arsenal";"Chelsea";"BW";"Casa de apuestas";"4,33";"3,50";"1,87";"0,2309468822170901";"0,2857142857142857";"0,5347593582887700";"1,05142052622015";"0,0514205262201457";"5,14205262201457"
"23/08/2021";"West Ham";"Leicester";"BW";"Casa de apuestas";"2,45";"3,40";"2,85";"0,4081632653061224";"0,2941176470588235";"0,3508771929824561";"1,05315810534740";"0,0531581053474022";"5,31581053474022"
"28/08/2021";"Man City";"Arsenal";"BW";"Casa de apuestas";"1,36";"5,00";"8,50";"0,7352941176470588";"0,2000000000000000";"0,1176470588235294";"1,05294117647059";"0,0529411764705883";"5,29411764705883"
"28/08/2021";"Aston Villa";"Brentford";"BW";"Casa de apuestas";"2,10";"3,30";"3,70";"0,4761904761904762";"0,3030303030303030";"0,2702702702702702";"1,04949104949105";"0,0494910494910494";"4,94910494910494"
"28/08/2021";"Brighton";"Everton";"BW";"Casa de apuestas";"2,30";"3,20";"3,30";"0,4347826086956522";"0,3125000000000000";"0,3030303030303030";"1,05031291172596";"0,0503129117259553";"5,03129117259553"
"28/08/2021";"Newcastle";"Southampton";"BW";"Casa de apuestas";"2,40";"3,50";"2,85";"0,4166666666666667";"0,2857142857142857";"0,3508771929824561";"1,05325814536341";"0,0532581453634084";"5,32581453634084"
"28/08/2021";"Norwich";"Leicester";"BW";"Casa de apuestas";"4,00";"3,60";"1,91";"0,2500000000000000";"0,2777777777777778";"0,5235602094240838";"1,05133798720186";"0,0513379872018616";"5,13379872018616"
"28/08/2021";"West Ham";"Crystal Palace";"BW";"Casa de apuestas";"1,53";"4,10";"6,50";"0,6535947712418301";"0,2439024390243903";"0,1538461538461539";"1,05134336411237";"0,0513433641123742";"5,13433641123742"
"28/08/2021";"Liverpool";"Chelsea";"BW";"Casa de apuestas";"2,40";"3,30";"3,00";"0,4166666666666667";"0,3030303030303030";"0,3333333333333333";"1,05303030303030";"0,0530303030303030";"5,30303030303030"
"29/08/2021";"Burnley";"Leeds";"BW";"Casa de apuestas";"3,30";"3,50";"2,15";"0,3030303030303030";"0,2857142857142857";"0,4651162790697674";"1,05386086781436";"0,0538608678143562";"5,38608678143562"
"29/08/2021";"Tottenham";"Watford";"BW";"Casa de apuestas";"1,45";"4,40";"7,25";"0,6896551724137931";"0,2272727272727273";"0,1379310344827586";"1,05485893416928";"0,0548589341692791";"5,48589341692791"
"29/08/2021";"Wolves";"Man United";"BW";"Casa de apuestas";"4,75";"3,70";"1,75";"0,2105263157894737";"0,2702702702702702";"0,5714285714285714";"1,05222515748832";"0,0522251574883152";"5,22251574883152"
"11/09/2021";"Crystal Palace";"Tottenham";"BW";"Casa de apuestas";"4,20";"3,30";"1,95";"0,2380952380952381";"0,3030303030303030";"0,5128205128205129";"1,05394605394605";"0,0539460539460541";"5,39460539460541"
"11/09/2021";"Arsenal";"Norwich";"BW";"Casa de apuestas";"1,42";"4,75";"7,50";"0,7042253521126761";"0,2105263157894737";"0,1333333333333333";"1,04808500123548";"0,0480850012354832";"4,80850012354832"
"11/09/2021";"Brentford";"Brighton";"BW";"Casa de apuestas";"2,90";"3,00";"2,70";"0,3448275862068966";"0,3333333333333333";"0,3703703703703703";"1,04853128991060";"0,0485312899106001";"4,85312899106001"
"11/09/2021";"Leicester";"Man City";"BW";"Casa de apuestas";"5,50";"3,75";"1,65";"0,1818181818181818";"0,2666666666666667";"0,6060606060606061";"1,05454545454545";"0,0545454545454547";"5,45454545454547"
"11/09/2021";"Man United";"Newcastle";"BW";"Casa de apuestas";"1,20";"7,00";"14,00";"0,8333333333333334";"0,1428571428571428";"0,0714285714285714";"1,04761904761905";"0,0476190476190477";"4,76190476190477"
"11/09/2021";"Southampton";"West Ham";"BW";"Casa de apuestas";"2,95";"3,50";"2,35";"0,3389830508474576";"0,2857142857142857";"0,4255319148936170";"1,05022925145536";"0,0502292514553604";"5,02292514553604"
"11/09/2021";"Watford";"Wolves";"BW";"Casa de apuestas";"3,40";"3,20";"2,25";"0,2941176470588235";"0,3125000000000000";"0,4444444444444444";"1,05106209150327";"0,0510620915032680";"5,10620915032680"
"11/09/2021";"Chelsea";"Aston Villa";"BW";"Casa de apuestas";"1,30";"5,50";"10,00";"0,7692307692307692";"0,1818181818181818";"0,1000000000000000";"1,05104895104895";"0,0510489510489511";"5,10489510489511"
"12/09/2021";"Leeds";"Liverpool";"BW";"Casa de apuestas";"4,75";"4,20";"1,65";"0,2105263157894737";"0,2380952380952381";"0,6060606060606061";"1,05468215994532";"0,0546821599453178";"5,46821599453178"
"13/09/2021";"Everton";"Burnley";"BW";"Casa de apuestas";"1,75";"3,50";"5,25";"0,5714285714285714";"0,2857142857142857";"0,1904761904761905";"1,04761904761905";"0,0476190476190474";"4,76190476190474"
"17/09/2021";"Newcastle";"Leeds";"BW";"Casa de apuestas";"3,00";"3,70";"2,25";"0,3333333333333333";"0,2702702702702702";"0,4444444444444444";"1,04804804804805";"0,0480480480480479";"4,80480480480479"
"18/09/2021";"Wolves";"Brentford";"BW";"Casa de apuestas";"1,80";"3,30";"5,25";"0,5555555555555556";"0,3030303030303030";"0,1904761904761905";"1,04906204906205";"0,0490620490620490";"4,90620490620490"
"18/09/2021";"Burnley";"Arsenal";"BW";"Casa de apuestas";"3,80";"3,60";"1,95";"0,2631578947368421";"0,2777777777777778";"0,5128205128205129";"1,05375618533513";"0,0537561853351329";"5,37561853351329"
"18/09/2021";"Liverpool";"Crystal Palace";"BW";"Casa de apuestas";"1,25";"6,25";"11,00";"0,8000000000000000";"0,1600000000000000";"0,0909090909090909";"1,05090909090909";"0,0509090909090910";"5,09090909090910"
"18/09/2021";"Man City";"Southampton";"BW";"Casa de apuestas";"1,19";"7,00";"15,00";"0,8403361344537815";"0,1428571428571428";"0,0666666666666667";"1,04985994397759";"0,0498599439775911";"4,98599439775911"
"18/09/2021";"Norwich";"Watford";"BW";"Casa de apuestas";"2,15";"3,40";"3,40";"0,4651162790697674";"0,2941176470588235";"0,2941176470588235";"1,05335157318741";"0,0533515731874146";"5,33515731874146"
"18/09/2021";"Aston Villa";"Everton";"BW";"Casa de apuestas";"2,15";"3,30";"3,60";"0,4651162790697674";"0,3030303030303030";"0,2777777777777778";"1,04592435987785";"0,0459243598778483";"4,59243598778483"
"19/09/2021";"Brighton";"Leicester";"BW";"Casa de apuestas";"2,45";"3,25";"3,00";"0,4081632653061224";"0,3076923076923077";"0,3333333333333333";"1,04918890633176";"0,0491889063317634";"4,91889063317634"
"19/09/2021";"West Ham";"Man United";"BW";"Casa de apuestas";"4,40";"3,80";"1,80";"0,2272727272727273";"0,2631578947368421";"0,5555555555555556";"1,04598617756512";"0,0459861775651249";"4,59861775651249"
"19/09/2021";"Tottenham";"Chelsea";"BW";"Casa de apuestas";"4,40";"3,40";"1,90";"0,2272727272727273";"0,2941176470588235";"0,5263157894736842";"1,04770616380523";"0,0477061638052350";"4,77061638052350"
"25/09/2021";"Chelsea";"Man City";"BW";"Casa de apuestas";"2,80";"3,20";"2,60";"0,3571428571428572";"0,3125000000000000";"0,3846153846153846";"1,05425824175824";"0,0542582417582418";"5,42582417582418"
"25/09/2021";"Man United";"Aston Villa";"BW";"Casa de apuestas";"1,40";"5,00";"7,25";"0,7142857142857143";"0,2000000000000000";"0,1379310344827586";"1,05221674876847";"0,0522167487684730";"5,22167487684730"
"25/09/2021";"Everton";"Norwich";"BW";"Casa de apuestas";"1,67";"3,70";"5,50";"0,5988023952095809";"0,2702702702702702";"0,1818181818181818";"1,05089084729803";"0,0508908472980329";"5,08908472980329"
"25/09/2021";"Leeds";"West Ham";"BW";"Casa de apuestas";"2,80";"3,60";"2,40";"0,3571428571428572";"0,2777777777777778";"0,4166666666666667";"1,05158730158730";"0,0515873015873016";"5,15873015873016"
"25/09/2021";"Leicester";"Burnley";"BW";"Casa de apuestas";"1,67";"3,90";"5,25";"0,5988023952095809";"0,2564102564102564";"0,1904761904761905";"1,04568884209603";"0,0456888420960277";"4,56888420960277"
"25/09/2021";"Watford";"Newcastle";"BW";"Casa de apuestas";"2,10";"3,50";"3,50";"0,4761904761904762";"0,2857142857142857";"0,2857142857142857";"1,04761904761905";"0,0476190476190474";"4,76190476190474"
"25/09/2021";"Brentford";"Liverpool";"BW";"Casa de apuestas";"7,25";"5,00";"1,40";"0,1379310344827586";"0,2000000000000000";"0,7142857142857143";"1,05221674876847";"0,0522167487684730";"5,22167487684730"
"26/09/2021";"Southampton";"Wolves";"BW";"Casa de apuestas";"2,20";"3,30";"3,40";"0,4545454545454545";"0,3030303030303030";"0,2941176470588235";"1,05169340463458";"0,0516934046345812";"5,16934046345812"
"26/09/2021";"Arsenal";"Tottenham";"BW";"Casa de apuestas";"2,10";"3,40";"3,60";"0,4761904761904762";"0,2941176470588235";"0,2777777777777778";"1,04808590102708";"0,0480859010270773";"4,80859010270773"
"27/09/2021";"Crystal Palace";"Brighton";"BW";"Casa de apuestas";"2,75";"3,10";"2,75";"0,3636363636363636";"0,3225806451612903";"0,3636363636363636";"1,04985337243402";"0,0498533724340176";"4,98533724340176"
"02/10/2021";"Man United";"Everton";"BW";"Casa de apuestas";"1,55";"4,10";"6,25";"0,6451612903225806";"0,2439024390243903";"0,1600000000000000";"1,04906372934697";"0,0490637293469709";"4,90637293469709"
"02/10/2021";"Burnley";"Norwich";"BW";"Casa de apuestas";"1,91";"3,60";"4,00";"0,5235602094240838";"0,2777777777777778";"0,2500000000000000";"1,05133798720186";"0,0513379872018616";"5,13379872018616"
"02/10/2021";"Chelsea";"Southampton";"BW";"Casa de apuestas";"1,42";"4,50";"8,00";"0,7042253521126761";"0,2222222222222222";"0,1250000000000000";"1,05144757433490";"0,0514475743348983";"5,14475743348983"
"02/10/2021";"Leeds";"Watford";"BW";"Casa de apuestas";"1,72";"4,00";"4,50";"0,5813953488372093";"0,2500000000000000";"0,2222222222222222";"1,05361757105943";"0,0536175710594315";"5,36175710594315"
"02/10/2021";"Wolves";"Newcastle";"BW";"Casa de apuestas";"1,75";"3,75";"4,75";"0,5714285714285714";"0,2666666666666667";"0,2105263157894737";"1,04862155388471";"0,0486215538847117";"4,86215538847117"
"02/10/2021";"Brighton";"Arsenal";"BW";"Casa de apuestas";"3,00";"3,20";"2,45";"0,3333333333333333";"0,3125000000000000";"0,4081632653061224";"1,05399659863946";"0,0539965986394557";"5,39965986394557"
"03/10/2021";"Crystal Palace";"Leicester";"BW";"Casa de apuestas";"2,80";"3,30";"2,55";"0,3571428571428572";"0,3030303030303030";"0,3921568627450981";"1,05233002291826";"0,0523300229182584";"5,23300229182584"
"03/10/2021";"Tottenham";"Aston Villa";"BW";"Casa de apuestas";"2,00";"3,50";"3,75";"0,5000000000000000";"0,2857142857142857";"0,2666666666666667";"1,05238095238095";"0,0523809523809524";"5,23809523809524"
"03/10/2021";"West Ham";"Brentford";"BW";"Casa de apuestas";"1,75";"3,70";"4,75";"0,5714285714285714";"0,2702702702702702";"0,2105263157894737";"1,05222515748832";"0,0522251574883152";"5,22251574883152"
"03/10/2021";"Liverpool";"Man City";"BW";"Casa de apuestas";"3,00";"3,60";"2,30";"0,3333333333333333";"0,2777777777777778";"0,4347826086956522";"1,04589371980676";"0,0458937198067635";"4,58937198067635"
"16/10/2021";"Watford";"Liverpool";"BW";"Casa de apuestas";"8,00";"5,25";"1,35";"0,1250000000000000";"0,1904761904761905";"0,7407407407407407";"1,05621693121693";"0,0562169312169312";"5,62169312169312"
"16/10/2021";"Aston Villa";"Wolves";"BW";"Casa de apuestas";"2,15";"3,30";"3,50";"0,4651162790697674";"0,3030303030303030";"0,2857142857142857";"1,05386086781436";"0,0538608678143562";"5,38608678143562"
"16/10/2021";"Leicester";"Man United";"BW";"Casa de apuestas";"3,75";"3,50";"2,00";"0,2666666666666667";"0,2857142857142857";"0,5000000000000000";"1,05238095238095";"0,0523809523809524";"5,23809523809524"
"16/10/2021";"Man City";"Burnley";"BW";"Casa de apuestas";"1,13";"8,50";"21,00";"0,8849557522123894";"0,1176470588235294";"0,0476190476190476";"1,05022185865497";"0,0502218586549665";"5,02218586549665"
"16/10/2021";"Norwich";"Brighton";"BW";"Casa de apuestas";"3,60";"3,50";"2,05";"0,2777777777777778";"0,2857142857142857";"0,4878048780487805";"1,05129694154084";"0,0512969415408440";"5,12969415408440"
"16/10/2021";"Southampton";"Leeds";"BW";"Casa de apuestas";"2,40";"3,50";"2,90";"0,4166666666666667";"0,2857142857142857";"0,3448275862068966";"1,04720853858785";"0,0472085385878489";"4,72085385878489"
"16/10/2021";"Brentford";"Chelsea";"BW";"Casa de apuestas";"7,00";"3,95";"1,52";"0,1428571428571428";"0,2531645569620253";"0,6578947368421053";"1,05391643666127";"0,0539164366612734";"5,39164366612734"
"17/10/2021";"Everton";"West Ham";"BW";"Casa de apuestas";"2,45";"3,50";"2,75";"0,4081632653061224";"0,2857142857142857";"0,3636363636363636";"1,05751391465677";"0,0575139146567718";"5,75139146567718"
"17/10/2021";"Newcastle";"Tottenham";"BW";"Casa de apuestas";"3,40";"3,60";"2,00";"0,2941176470588235";"0,2777777777777778";"0,5000000000000000";"1,07189542483660";"0,0718954248366013";"7,18954248366013"
"18/10/2021";"Arsenal";"Crystal Palace";"BW";"Casa de apuestas";"1,62";"3,90";"5,75";"0,6172839506172839";"0,2564102564102564";"0,1739130434782609";"1,04760725050580";"0,0476072505058012";"4,76072505058012"
"22/10/2021";"Arsenal";"Aston Villa";"BW";"Casa de apuestas";"1,90";"3,50";"4,00";"0,5263157894736842";"0,2857142857142857";"0,2500000000000000";"1,06203007518797";"0,0620300751879699";"6,20300751879699"
"23/10/2021";"Chelsea";"Norwich";"BW";"Casa de apuestas";"1,14";"8,25";"23,00";"0,8771929824561404";"0,1212121212121212";"0,0434782608695652";"1,04188336453783";"0,0418833645378269";"4,18833645378269"
"23/10/2021";"Crystal Palace";"Newcastle";"BW";"Casa de apuestas";"1,95";"3,60";"3,70";"0,5128205128205129";"0,2777777777777778";"0,2702702702702702";"1,06086856086856";"0,0608685608685609";"6,08685608685609"
"23/10/2021";"Everton";"Watford";"BW";"Casa de apuestas";"1,60";"4,10";"5,25";"0,6250000000000000";"0,2439024390243903";"0,1904761904761905";"1,05937862950058";"0,0593786295005807";"5,93786295005807"
"23/10/2021";"Leeds";"Wolves";"BW";"Casa de apuestas";"2,10";"3,70";"3,20";"0,4761904761904762";"0,2702702702702702";"0,3125000000000000";"1,05896074646075";"0,0589607464607464";"5,89607464607464"
"23/10/2021";"Southampton";"Burnley";"BW";"Casa de apuestas";"1,95";"3,50";"3,80";"0,5128205128205129";"0,2857142857142857";"0,2631578947368421";"1,06169269327164";"0,0616926932716406";"6,16926932716406"
"23/10/2021";"Brighton";"Man City";"BW";"Casa de apuestas";"6,50";"5,00";"1,43";"0,1538461538461539";"0,2000000000000000";"0,6993006993006994";"1,05314685314685";"0,0531468531468533";"5,31468531468533"
"24/10/2021";"Brentford";"Leicester";"BW";"Casa de apuestas";"2,80";"3,20";"2,60";"0,3571428571428572";"0,3125000000000000";"0,3846153846153846";"1,05425824175824";"0,0542582417582418";"5,42582417582418"
"24/10/2021";"West Ham";"Tottenham";"BW";"Casa de apuestas";"2,40";"3,50";"2,80";"0,4166666666666667";"0,2857142857142857";"0,3571428571428572";"1,05952380952381";"0,0595238095238095";"5,95238095238095"
"24/10/2021";"Man United";"Liverpool";"BW";"Casa de apuestas";"3,00";"3,50";"2,25";"0,3333333333333333";"0,2857142857142857";"0,4444444444444444";"1,06349206349206";"0,0634920634920635";"6,34920634920635"
"30/10/2021";"Leicester";"Arsenal";"BW";"Casa de apuestas";"2,50";"3,50";"2,65";"0,4000000000000000";"0,2857142857142857";"0,3773584905660378";"1,06307277628032";"0,0630727762803236";"6,30727762803236"
"30/10/2021";"Burnley";"Brentford";"BW";"Casa de apuestas";"2,50";"3,20";"2,87";"0,4000000000000000";"0,3125000000000000";"0,3484320557491289";"1,06093205574913";"0,0609320557491289";"6,09320557491289"
"30/10/2021";"Liverpool";"Brighton";"BW";"Casa de apuestas";"1,27";"6,25";"9,25";"0,7874015748031495";"0,1600000000000000";"0,1081081081081081";"1,05550968291126";"0,0555096829112576";"5,55096829112576"
"30/10/2021";"Man City";"Crystal Palace";"BW";"Casa de apuestas";"1,16";"7,75";"18,00";"0,8620689655172414";"0,1290322580645161";"0,0555555555555556";"1,04665677913731";"0,0466567791373131";"4,66567791373131"
"30/10/2021";"Newcastle";"Chelsea";"BW";"Casa de apuestas";"7,25";"4,33";"1,46";"0,1379310344827586";"0,2309468822170901";"0,6849315068493150";"1,05380942354916";"0,0538094235491637";"5,38094235491637"
"30/10/2021";"Watford";"Southampton";"BW";"Casa de apuestas";"3,10";"3,40";"2,25";"0,3225806451612903";"0,2941176470588235";"0,4444444444444444";"1,06114273666456";"0,0611427366645583";"6,11427366645583"
"30/10/2021";"Tottenham";"Man United";"BW";"Casa de apuestas";"2,90";"3,60";"2,30";"0,3448275862068966";"0,2777777777777778";"0,4347826086956522";"1,05738797268033";"0,0573879726803266";"5,73879726803266"
"31/10/2021";"Norwich";"Leeds";"BW";"Casa de apuestas";"3,60";"3,50";"2,00";"0,2777777777777778";"0,2857142857142857";"0,5000000000000000";"1,06349206349206";"0,0634920634920635";"6,34920634920635"
"31/10/2021";"Aston Villa";"West Ham";"BW";"Casa de apuestas";"2,80";"3,60";"2,35";"0,3571428571428572";"0,2777777777777778";"0,4255319148936170";"1,06045254981425";"0,0604525498142519";"6,04525498142519"
"01/11/2021";"Wolves";"Everton";"BW";"Casa de apuestas";"2,15";"3,20";"3,60";"0,4651162790697674";"0,3125000000000000";"0,2777777777777778";"1,05539405684755";"0,0553940568475451";"5,53940568475451"
"05/11/2021";"Southampton";"Aston Villa";"BW";"Casa de apuestas";"1,98";"3,60";"3,60";"0,5050505050505051";"0,2777777777777778";"0,2777777777777778";"1,06060606060606";"0,0606060606060606";"6,06060606060606"
"06/11/2021";"Man United";"Man City";"BW";"Casa de apuestas";"4,50";"4,00";"1,71";"0,2222222222222222";"0,2500000000000000";"0,5847953216374269";"1,05701754385965";"0,0570175438596490";"5,70175438596490"
"06/11/2021";"Brentford";"Norwich";"BW";"Casa de apuestas";"1,63";"3,80";"5,50";"0,6134969325153374";"0,2631578947368421";"0,1818181818181818";"1,05847300907036";"0,0584730090703613";"5,84730090703613"
"06/11/2021";"Chelsea";"Burnley";"BW";"Casa de apuestas";"1,25";"5,75";"13,00";"0,8000000000000000";"0,1739130434782609";"0,0769230769230769";"1,05083612040134";"0,0508361204013379";"5,08361204013379"
"06/11/2021";"Crystal Palace";"Wolves";"BW";"Casa de apuestas";"2,30";"3,20";"3,20";"0,4347826086956522";"0,3125000000000000";"0,3125000000000000";"1,05978260869565";"0,0597826086956523";"5,97826086956523"
"06/11/2021";"Brighton";"Newcastle";"BW";"Casa de apuestas";"1,60";"4,00";"5,75";"0,6250000000000000";"0,2500000000000000";"0,1739130434782609";"1,04891304347826";"0,0489130434782608";"4,89130434782608"
"07/11/2021";"Arsenal";"Watford";"BW";"Casa de apuestas";"1,43";"4,60";"7,25";"0,6993006993006994";"0,2173913043478261";"0,1379310344827586";"1,05462303813128";"0,0546230381312842";"5,46230381312842"
"07/11/2021";"Everton";"Tottenham";"BW";"Casa de apuestas";"3,30";"3,25";"2,20";"0,3030303030303030";"0,3076923076923077";"0,4545454545454545";"1,06526806526807";"0,0652680652680653";"6,52680652680653"
"07/11/2021";"Leeds";"Leicester";"BW";"Casa de apuestas";"2,55";"3,40";"2,65";"0,3921568627450981";"0,2941176470588235";"0,3773584905660378";"1,06363300036996";"0,0636330003699594";"6,36330003699594"
"07/11/2021";"West Ham";"Liverpool";"BW";"Casa de apuestas";"4,33";"4,00";"1,72";"0,2309468822170901";"0,2500000000000000";"0,5813953488372093";"1,06234223105430";"0,0623422310542994";"6,23422310542994"
"20/11/2021";"Leicester";"Chelsea";"BW";"Casa de apuestas";"5,00";"3,60";"1,73";"0,2000000000000000";"0,2777777777777778";"0,5780346820809249";"1,05581245985870";"0,0558124598587026";"5,58124598587026"
"20/11/2021";"Aston Villa";"Brighton";"BW";"Casa de apuestas";"2,40";"3,30";"2,90";"0,4166666666666667";"0,3030303030303030";"0,3448275862068966";"1,06452455590387";"0,0645245559038663";"6,45245559038663"
"20/11/2021";"Burnley";"Crystal Palace";"BW";"Casa de apuestas";"2,70";"3,25";"2,60";"0,3703703703703703";"0,3076923076923077";"0,3846153846153846";"1,06267806267806";"0,0626780626780628";"6,26780626780628"
"20/11/2021";"Newcastle";"Brentford";"BW";"Casa de apuestas";"2,60";"3,40";"2,65";"0,3846153846153846";"0,2941176470588235";"0,3773584905660378";"1,05609152224025";"0,0560915222402461";"5,60915222402461"
"20/11/2021";"Norwich";"Southampton";"BW";"Casa de apuestas";"3,60";"3,50";"2,00";"0,2777777777777778";"0,2857142857142857";"0,5000000000000000";"1,06349206349206";"0,0634920634920635";"6,34920634920635"
"20/11/2021";"Watford";"Man United";"BW";"Casa de apuestas";"6,25";"4,50";"1,49";"0,1600000000000000";"0,2222222222222222";"0,6711409395973155";"1,05336316181954";"0,0533631618195378";"5,33631618195378"
"20/11/2021";"Wolves";"West Ham";"BW";"Casa de apuestas";"3,10";"3,20";"2,37";"0,3225806451612903";"0,3125000000000000";"0,4219409282700421";"1,05702157343133";"0,0570215734313324";"5,70215734313324"
"20/11/2021";"Liverpool";"Arsenal";"BW";"Casa de apuestas";"1,47";"4,80";"6,00";"0,6802721088435374";"0,2083333333333333";"0,1666666666666667";"1,05527210884354";"0,0552721088435375";"5,52721088435375"
"21/11/2021";"Man City";"Everton";"BW";"Casa de apuestas";"1,19";"7,00";"15,50";"0,8403361344537815";"0,1428571428571428";"0,0645161290322581";"1,04770940634318";"0,0477094063431824";"4,77094063431824"
"21/11/2021";"Tottenham";"Leeds";"BW";"Casa de apuestas";"1,60";"4,00";"5,50";"0,6250000000000000";"0,2500000000000000";"0,1818181818181818";"1,05681818181818";"0,0568181818181819";"5,68181818181819"
"27/11/2021";"Arsenal";"Newcastle";"BW";"Casa de apuestas";"1,47";"4,60";"6,25";"0,6802721088435374";"0,2173913043478261";"0,1600000000000000";"1,05766341319136";"0,0576634131913634";"5,76634131913634"
"27/11/2021";"Crystal Palace";"Aston Villa";"BW";"Casa de apuestas";"2,20";"3,30";"3,30";"0,4545454545454545";"0,3030303030303030";"0,3030303030303030";"1,06060606060606";"0,0606060606060606";"6,06060606060606"
"27/11/2021";"Liverpool";"Southampton";"BW";"Casa de apuestas";"1,24";"6,75";"11,00";"0,8064516129032259";"0,1481481481481481";"0,0909090909090909";"1,04550885196046";"0,0455088519604649";"4,55088519604649"
"27/11/2021";"Norwich";"Wolves";"BW";"Casa de apuestas";"3,50";"3,30";"2,10";"0,2857142857142857";"0,3030303030303030";"0,4761904761904762";"1,06493506493507";"0,0649350649350651";"6,49350649350651"
"27/11/2021";"Brighton";"Leeds";"BW";"Casa de apuestas";"2,10";"3,30";"3,50";"0,4761904761904762";"0,3030303030303030";"0,2857142857142857";"1,06493506493507";"0,0649350649350651";"6,49350649350651"
"28/11/2021";"Brentford";"Everton";"BW";"Casa de apuestas";"2,15";"3,30";"3,30";"0,4651162790697674";"0,3030303030303030";"0,3030303030303030";"1,07117688513037";"0,0711768851303736";"7,11768851303736"
"28/11/2021";"Leicester";"Watford";"BW";"Casa de apuestas";"1,71";"3,80";"4,80";"0,5847953216374269";"0,2631578947368421";"0,2083333333333333";"1,05628654970760";"0,0562865497076022";"5,62865497076022"
"28/11/2021";"Man City";"West Ham";"BW";"Casa de apuestas";"1,28";"6,00";"10,00";"0,7812500000000000";"0,1666666666666667";"0,1000000000000000";"1,04791666666667";"0,0479166666666666";"4,79166666666666"
"28/11/2021";"Chelsea";"Man United";"BW";"Casa de apuestas";"1,55";"4,20";"5,75";"0,6451612903225806";"0,2380952380952381";"0,1739130434782609";"1,05716957189608";"0,0571695718960794";"5,71695718960794"
"30/11/2021";"Newcastle";"Norwich";"BW";"Casa de apuestas";"2,05";"3,50";"3,50";"0,4878048780487805";"0,2857142857142857";"0,2857142857142857";"1,05923344947735";"0,0592334494773521";"5,92334494773521"
"30/11/2021";"Leeds";"Crystal Palace";"BW";"Casa de apuestas";"2,15";"3,30";"3,40";"0,4651162790697674";"0,3030303030303030";"0,2941176470588235";"1,06226422915889";"0,0622642291588940";"6,22642291588940"
"01/12/2021";"Southampton";"Leicester";"BW";"Casa de apuestas";"2,25";"3,25";"3,25";"0,4444444444444444";"0,3076923076923077";"0,3076923076923077";"1,05982905982906";"0,0598290598290598";"5,98290598290598"
"01/12/2021";"Watford";"Chelsea";"BW";"Casa de apuestas";"9,50";"5,25";"1,32";"0,1052631578947368";"0,1904761904761905";"0,7575757575757576";"1,05331510594668";"0,0533151059466848";"5,33151059466848"
"01/12/2021";"West Ham";"Brighton";"BW";"Casa de apuestas";"2,00";"3,30";"3,90";"0,5000000000000000";"0,3030303030303030";"0,2564102564102564";"1,05944055944056";"0,0594405594405594";"5,94405594405594"
"01/12/2021";"Wolves";"Burnley";"BW";"Casa de apuestas";"1,93";"3,30";"4,20";"0,5181347150259068";"0,3030303030303030";"0,2380952380952381";"1,05926025615145";"0,0592602561514479";"5,92602561514479"
"01/12/2021";"Aston Villa";"Man City";"BW";"Casa de apuestas";"7,00";"4,50";"1,44";"0,1428571428571428";"0,2222222222222222";"0,6944444444444444";"1,05952380952381";"0,0595238095238095";"5,95238095238095"
"01/12/2021";"Everton";"Liverpool";"BW";"Casa de apuestas";"8,50";"5,25";"1,35";"0,1176470588235294";"0,1904761904761905";"0,7407407407407407";"1,04886399004046";"0,0488639900404606";"4,88639900404606"
"02/12/2021";"Tottenham";"Brentford";"BW";"Casa de apuestas";"1,63";"3,90";"5,25";"0,6134969325153374";"0,2564102564102564";"0,1904761904761905";"1,06038337940178";"0,0603833794017843";"6,03833794017843"
"02/12/2021";"Man United";"Arsenal";"BW";"Casa de apuestas";"2,05";"3,50";"3,40";"0,4878048780487805";"0,2857142857142857";"0,2941176470588235";"1,06763681082189";"0,0676368108218899";"6,76368108218899"
"04/12/2021";"West Ham";"Chelsea";"BW";"Casa de apuestas";"4,60";"3,70";"1,77";"0,2173913043478261";"0,2702702702702702";"0,5649717514124294";"1,05263332603053";"0,0526333260305258";"5,26333260305258"
"04/12/2021";"Newcastle";"Burnley";"BW";"Casa de apuestas";"2,25";"3,40";"3,10";"0,4444444444444444";"0,2941176470588235";"0,3225806451612903";"1,06114273666456";"0,0611427366645583";"6,11427366645583"
"04/12/2021";"Southampton";"Brighton";"BW";"Casa de apuestas";"2,37";"3,10";"3,10";"0,4219409282700421";"0,3225806451612903";"0,3225806451612903";"1,06710221859262";"0,0671022185926227";"6,71022185926227"
"04/12/2021";"Wolves";"Liverpool";"BW";"Casa de apuestas";"7,25";"5,00";"1,40";"0,1379310344827586";"0,2000000000000000";"0,7142857142857143";"1,05221674876847";"0,0522167487684730";"5,22167487684730"
"04/12/2021";"Watford";"Man City";"BW";"Casa de apuestas";"13,00";"7,50";"1,20";"0,0769230769230769";"0,1333333333333333";"0,8333333333333334";"1,04358974358974";"0,0435897435897437";"4,35897435897437"
"05/12/2021";"Leeds";"Brentford";"BW";"Casa de apuestas";"1,82";"3,50";"4,40";"0,5494505494505494";"0,2857142857142857";"0,2272727272727273";"1,06243756243756";"0,0624375624375624";"6,24375624375624"
"05/12/2021";"Man United";"Crystal Palace";"BW";"Casa de apuestas";"1,51";"4,40";"6,00";"0,6622516556291391";"0,2272727272727273";"0,1666666666666667";"1,05619104956853";"0,0561910495685332";"5,61910495685332"
"05/12/2021";"Tottenham";"Norwich";"BW";"Casa de apuestas";"1,46";"4,40";"6,75";"0,6849315068493150";"0,2272727272727273";"0,1481481481481481";"1,06035238227019";"0,0603523822701906";"6,03523822701906"
"05/12/2021";"Aston Villa";"Leicester";"BW";"Casa de apuestas";"2,20";"3,30";"3,30";"0,4545454545454545";"0,3030303030303030";"0,3030303030303030";"1,06060606060606";"0,0606060606060606";"6,06060606060606"
"06/12/2021";"Everton";"Arsenal";"BW";"Casa de apuestas";"3,60";"3,50";"2,00";"0,2777777777777778";"0,2857142857142857";"0,5000000000000000";"1,06349206349206";"0,0634920634920635";"6,34920634920635"
"10/12/2021";"Brentford";"Watford";"BW";"Casa de apuestas";"2,05";"3,50";"3,50";"0,4878048780487805";"0,2857142857142857";"0,2857142857142857";"1,05923344947735";"0,0592334494773521";"5,92334494773521"
"11/12/2021";"Man City";"Wolves";"BW";"Casa de apuestas";"1,17";"7,75";"16,00";"0,8547008547008548";"0,1290322580645161";"0,0625000000000000";"1,04623311276537";"0,0462331127653708";"4,62331127653708"
"11/12/2021";"Arsenal";"Southampton";"BW";"Casa de apuestas";"1,65";"4,00";"5,00";"0,6060606060606061";"0,2500000000000000";"0,2000000000000000";"1,05606060606061";"0,0560606060606061";"5,60606060606061"
"11/12/2021";"Chelsea";"Leeds";"BW";"Casa de apuestas";"1,30";"5,50";"10,00";"0,7692307692307692";"0,1818181818181818";"0,1000000000000000";"1,05104895104895";"0,0510489510489511";"5,10489510489511"
"11/12/2021";"Liverpool";"Aston Villa";"BW";"Casa de apuestas";"1,25";"6,25";"10,50";"0,8000000000000000";"0,1600000000000000";"0,0952380952380952";"1,05523809523810";"0,0552380952380953";"5,52380952380953"
"11/12/2021";"Norwich";"Man United";"BW";"Casa de apuestas";"6,50";"4,60";"1,46";"0,1538461538461539";"0,2173913043478261";"0,6849315068493150";"1,05616896504330";"0,0561689650432950";"5,61689650432950"
"12/12/2021";"Burnley";"West Ham";"BW";"Casa de apuestas";"3,60";"3,60";"1,98";"0,2777777777777778";"0,2777777777777778";"0,5050505050505051";"1,06060606060606";"0,0606060606060606";"6,06060606060606"
"12/12/2021";"Leicester";"Newcastle";"BW";"Casa de apuestas";"1,68";"4,00";"4,75";"0,5952380952380952";"0,2500000000000000";"0,2105263157894737";"1,05576441102757";"0,0557644110275688";"5,57644110275688"
"12/12/2021";"Crystal Palace";"Everton";"BW";"Casa de apuestas";"2,25";"3,25";"3,20";"0,4444444444444444";"0,3076923076923077";"0,3125000000000000";"1,06463675213675";"0,0646367521367521";"6,46367521367521"
"14/12/2021";"Norwich";"Aston Villa";"BW";"Casa de apuestas";"3,60";"3,25";"2,10";"0,2777777777777778";"0,3076923076923077";"0,4761904761904762";"1,06166056166056";"0,0616605616605617";"6,16605616605617"
"14/12/2021";"Man City";"Leeds";"BW";"Casa de apuestas";"1,15";"9,00";"16,00";"0,8695652173913044";"0,1111111111111111";"0,0625000000000000";"1,04317632850242";"0,0431763285024156";"4,31763285024156"
"15/12/2021";"Brighton";"Wolves";"BW";"Casa de apuestas";"2,10";"3,10";"3,80";"0,4761904761904762";"0,3225806451612903";"0,2631578947368421";"1,06192901608861";"0,0619290160886086";"6,19290160886086"
"15/12/2021";"Crystal Palace";"Southampton";"BW";"Casa de apuestas";"1,98";"3,40";"3,80";"0,5050505050505051";"0,2941176470588235";"0,2631578947368421";"1,06232604684617";"0,0623260468461706";"6,23260468461706"
"15/12/2021";"Arsenal";"West Ham";"BW";"Casa de apuestas";"2,05";"3,60";"3,40";"0,4878048780487805";"0,2777777777777778";"0,2941176470588235";"1,05970030288538";"0,0597003028853820";"5,97003028853820"
"16/12/2021";"Chelsea";"Everton";"BW";"Casa de apuestas";"1,20";"6,75";"14,50";"0,8333333333333334";"0,1481481481481481";"0,0689655172413793";"1,05044699872286";"0,0504469987228608";"5,04469987228608"
"16/12/2021";"Liverpool";"Newcastle";"BW";"Casa de apuestas";"1,10";"11,00";"26,00";"0,9090909090909091";"0,0909090909090909";"0,0384615384615385";"1,03846153846154";"0,0384615384615385";"3,84615384615385"
"18/12/2021";"Leeds";"Arsenal";"BW";"Casa de apuestas";"5,25";"4,10";"1,61";"0,1904761904761905";"0,2439024390243903";"0,6211180124223602";"1,05549664192294";"0,0554966419229408";"5,54966419229408"
"19/12/2021";"Newcastle";"Man City";"BW";"Casa de apuestas";"18,00";"9,75";"1,13";"0,0555555555555556";"0,1025641025641026";"0,8849557522123894";"1,04307541033205";"0,0430754103320474";"4,30754103320474"
"19/12/2021";"Wolves";"Chelsea";"BW";"Casa de apuestas";"5,25";"3,50";"1,72";"0,1904761904761905";"0,2857142857142857";"0,5813953488372093";"1,05758582502769";"0,0575858250276855";"5,75858250276855"
"19/12/2021";"Tottenham";"Liverpool";"BW";"Casa de apuestas";"4,60";"4,10";"1,68";"0,2173913043478261";"0,2439024390243903";"0,5952380952380952";"1,05653183861031";"0,0565318386103115";"5,65318386103115"
"26/12/2021";"Man City";"Leicester";"BW";"Casa de apuestas";"1,14";"9,75";"15,50";"0,8771929824561404";"0,1025641025641026";"0,0645161290322581";"1,04427321405250";"0,0442732140525011";"4,42732140525011"
"26/12/2021";"Norwich";"Arsenal";"BW";"Casa de apuestas";"6,00";"4,50";"1,51";"0,1666666666666667";"0,2222222222222222";"0,6622516556291391";"1,05114054451803";"0,0511405445180280";"5,11405445180280"
"26/12/2021";"Tottenham";"Crystal Palace";"BW";"Casa de apuestas";"1,70";"3,90";"4,80";"0,5882352941176471";"0,2564102564102564";"0,2083333333333333";"1,05297888386124";"0,0529788838612368";"5,29788838612368"
"26/12/2021";"West Ham";"Southampton";"BW";"Casa de apuestas";"1,98";"3,50";"3,80";"0,5050505050505051";"0,2857142857142857";"0,2631578947368421";"1,05392268550163";"0,0539226855016328";"5,39226855016328"
"26/12/2021";"Aston Villa";"Chelsea";"BW";"Casa de apuestas";"5,00";"3,70";"1,70";"0,2000000000000000";"0,2702702702702702";"0,5882352941176471";"1,05850556438792";"0,0585055643879173";"5,85055643879173"
"26/12/2021";"Brighton";"Brentford";"BW";"Casa de apuestas";"1,90";"3,30";"4,33";"0,5263157894736842";"0,3030303030303030";"0,2309468822170901";"1,06029297472108";"0,0602929747210774";"6,02929747210774"
"27/12/2021";"Newcastle";"Man United";"BW";"Casa de apuestas";"6,25";"4,75";"1,47";"0,1600000000000000";"0,2105263157894737";"0,6802721088435374";"1,05079842463301";"0,0507984246330111";"5,07984246330111"
"28/12/2021";"Crystal Palace";"Norwich";"BW";"Casa de apuestas";"1,71";"3,50";"5,25";"0,5847953216374269";"0,2857142857142857";"0,1904761904761905";"1,06098579782790";"0,0609857978279029";"6,09857978279029"
"28/12/2021";"Southampton";"Tottenham";"BW";"Casa de apuestas";"3,70";"3,40";"2,00";"0,2702702702702702";"0,2941176470588235";"0,5000000000000000";"1,06438791732909";"0,0643879173290938";"6,43879173290938"
"28/12/2021";"Watford";"West Ham";"BW";"Casa de apuestas";"3,50";"3,60";"2,00";"0,2857142857142857";"0,2777777777777778";"0,5000000000000000";"1,06349206349206";"0,0634920634920635";"6,34920634920635"
"28/12/2021";"Leicester";"Liverpool";"BW";"Casa de apuestas";"8,25";"6,25";"1,30";"0,1212121212121212";"0,1600000000000000";"0,7692307692307692";"1,05044289044289";"0,0504428904428904";"5,04428904428904"
"29/12/2021";"Chelsea";"Brighton";"BW";"Casa de apuestas";"1,35";"4,80";"9,50";"0,7407407407407407";"0,2083333333333333";"0,1052631578947368";"1,05433723196881";"0,0543372319688109";"5,43372319688109"
"29/12/2021";"Brentford";"Man City";"BW";"Casa de apuestas";"14,00";"8,25";"1,17";"0,0714285714285714";"0,1212121212121212";"0,8547008547008548";"1,04734154734155";"0,0473415473415475";"4,73415473415475"
"30/12/2021";"Man United";"Burnley";"BW";"Casa de apuestas";"1,35";"5,00";"9,00";"0,7407407407407407";"0,2000000000000000";"0,1111111111111111";"1,05185185185185";"0,0518518518518518";"5,18518518518518"
"01/01/2022";"Arsenal";"Man City";"BW";"Casa de apuestas";"5,25";"4,20";"1,60";"0,1904761904761905";"0,2380952380952381";"0,6250000000000000";"1,05357142857143";"0,0535714285714286";"5,35714285714286"
"01/01/2022";"Watford";"Tottenham";"BW";"Casa de apuestas";"5,75";"4,00";"1,58";"0,1739130434782609";"0,2500000000000000";"0,6329113924050632";"1,05682443588332";"0,0568244358833241";"5,68244358833241"
"01/01/2022";"Crystal Palace";"West Ham";"BW";"Casa de apuestas";"3,30";"3,30";"2,20";"0,3030303030303030";"0,3030303030303030";"0,4545454545454545";"1,06060606060606";"0,0606060606060606";"6,06060606060606"
"02/01/2022";"Brentford";"Aston Villa";"BW";"Casa de apuestas";"2,75";"3,30";"2,55";"0,3636363636363636";"0,3030303030303030";"0,3921568627450981";"1,05882352941176";"0,0588235294117649";"5,88235294117649"
"02/01/2022";"Everton";"Brighton";"BW";"Casa de apuestas";"2,85";"3,00";"2,65";"0,3508771929824561";"0,3333333333333333";"0,3773584905660378";"1,06156901688183";"0,0615690168818270";"6,15690168818270"
"02/01/2022";"Leeds";"Burnley";"BW";"Casa de apuestas";"2,00";"3,50";"3,70";"0,5000000000000000";"0,2857142857142857";"0,2702702702702702";"1,05598455598456";"0,0559845559845560";"5,59845559845560"
"02/01/2022";"Chelsea";"Liverpool";"BW";"Casa de apuestas";"2,60";"3,40";"2,60";"0,3846153846153846";"0,2941176470588235";"0,3846153846153846";"1,06334841628959";"0,0633484162895928";"6,33484162895928"
"03/01/2022";"Man United";"Wolves";"BW";"Casa de apuestas";"1,66";"3,75";"5,25";"0,6024096385542169";"0,2666666666666667";"0,1904761904761905";"1,05955249569707";"0,0595524956970741";"5,95524956970741"
"11/01/2022";"Southampton";"Brentford";"BW";"Casa de apuestas";"2,10";"3,30";"3,50";"0,4761904761904762";"0,3030303030303030";"0,2857142857142857";"1,06493506493507";"0,0649350649350651";"6,49350649350651"
"12/01/2022";"West Ham";"Norwich";"BW";"Casa de apuestas";"1,41";"4,80";"7,50";"0,7092198581560284";"0,2083333333333333";"0,1333333333333333";"1,05088652482270";"0,0508865248226951";"5,08865248226951"
"14/01/2022";"Brighton";"Crystal Palace";"BW";"Casa de apuestas";"1,98";"3,30";"4,00";"0,5050505050505051";"0,3030303030303030";"0,2500000000000000";"1,05808080808081";"0,0580808080808082";"5,80808080808082"
"15/01/2022";"Man City";"Chelsea";"BW";"Casa de apuestas";"1,61";"4,20";"5,00";"0,6211180124223602";"0,2380952380952381";"0,2000000000000000";"1,05921325051760";"0,0592132505175982";"5,92132505175982"
"15/01/2022";"Newcastle";"Watford";"BW";"Casa de apuestas";"1,83";"3,60";"4,33";"0,5464480874316939";"0,2777777777777778";"0,2309468822170901";"1,05517274742656";"0,0551727474265618";"5,51727474265618"
"15/01/2022";"Norwich";"Everton";"BW";"Casa de apuestas";"3,25";"3,25";"2,25";"0,3076923076923077";"0,3076923076923077";"0,4444444444444444";"1,05982905982906";"0,0598290598290598";"5,98290598290598"
"15/01/2022";"Wolves";"Southampton";"BW";"Casa de apuestas";"2,40";"3,00";"3,20";"0,4166666666666667";"0,3333333333333333";"0,3125000000000000";"1,06250000000000";"0,0625000000000000";"6,25000000000000"
"15/01/2022";"Aston Villa";"Man United";"BW";"Casa de apuestas";"2,50";"3,60";"2,65";"0,4000000000000000";"0,2777777777777778";"0,3773584905660378";"1,05513626834382";"0,0551362683438157";"5,51362683438157"
"16/01/2022";"Liverpool";"Brentford";"BW";"Casa de apuestas";"1,25";"6,00";"11,50";"0,8000000000000000";"0,1666666666666667";"0,0869565217391304";"1,05362318840580";"0,0536231884057972";"5,36231884057972"
"16/01/2022";"West Ham";"Leeds";"BW";"Casa de apuestas";"1,65";"4,10";"4,80";"0,6060606060606061";"0,2439024390243903";"0,2083333333333333";"1,05829637841833";"0,0582963784183297";"5,82963784183297"
"18/01/2022";"Brighton";"Chelsea";"BW";"Casa de apuestas";"5,25";"3,70";"1,66";"0,1904761904761905";"0,2702702702702702";"0,6024096385542169";"1,06315609930068";"0,0631560993006777";"6,31560993006777"
"19/01/2022";"Leicester";"Tottenham";"BW";"Casa de apuestas";"3,20";"3,40";"2,20";"0,3125000000000000";"0,2941176470588235";"0,4545454545454545";"1,06116310160428";"0,0611631016042782";"6,11631016042782"
"19/01/2022";"Brentford";"Man United";"BW";"Casa de apuestas";"4,50";"3,60";"1,80";"0,2222222222222222";"0,2777777777777778";"0,5555555555555556";"1,05555555555556";"0,0555555555555556";"5,55555555555556"
"21/01/2022";"Watford";"Norwich";"BW";"Casa de apuestas";"1,93";"3,60";"3,80";"0,5181347150259068";"0,2777777777777778";"0,2631578947368421";"1,05907038754053";"0,0590703875405267";"5,90703875405267"
"22/01/2022";"Everton";"Aston Villa";"BW";"Casa de apuestas";"2,80";"3,30";"2,50";"0,3571428571428572";"0,3030303030303030";"0,4000000000000000";"1,06017316017316";"0,0601731601731603";"6,01731601731603"
"22/01/2022";"Brentford";"Wolves";"BW";"Casa de apuestas";"2,30";"3,10";"3,30";"0,4347826086956522";"0,3225806451612903";"0,3030303030303030";"1,06039355688725";"0,0603935568872456";"6,03935568872456"
"22/01/2022";"Leeds";"Newcastle";"BW";"Casa de apuestas";"1,90";"3,70";"3,80";"0,5263157894736842";"0,2702702702702702";"0,2631578947368421";"1,05974395448080";"0,0597439544807965";"5,97439544807965"
"22/01/2022";"Man United";"West Ham";"BW";"Casa de apuestas";"2,00";"3,70";"3,50";"0,5000000000000000";"0,2702702702702702";"0,2857142857142857";"1,05598455598456";"0,0559845559845558";"5,59845559845558"
"22/01/2022";"Southampton";"Man City";"BW";"Casa de apuestas";"10,50";"6,00";"1,27";"0,0952380952380952";"0,1666666666666667";"0,7874015748031495";"1,04930633670791";"0,0493063367079114";"4,93063367079114"
"23/01/2022";"Arsenal";"Burnley";"BW";"Casa de apuestas";"1,32";"5,00";"10,00";"0,7575757575757576";"0,2000000000000000";"0,1000000000000000";"1,05757575757576";"0,0575757575757576";"5,75757575757576"
"23/01/2022";"Crystal Palace";"Liverpool";"BW";"Casa de apuestas";"6,00";"4,10";"1,55";"0,1666666666666667";"0,2439024390243903";"0,6451612903225806";"1,05573039601364";"0,0557303960136375";"5,57303960136375"
"23/01/2022";"Leicester";"Brighton";"BW";"Casa de apuestas";"2,55";"3,30";"2,70";"0,3921568627450981";"0,3030303030303030";"0,3703703703703703";"1,06555753614577";"0,0655575361457714";"6,55575361457714"
"23/01/2022";"Chelsea";"Tottenham";"BW";"Casa de apuestas";"1,71";"3,80";"4,75";"0,5847953216374269";"0,2631578947368421";"0,2105263157894737";"1,05847953216374";"0,0584795321637426";"5,84795321637426"
"05/02/2022";"Burnley";"Watford";"BW";"Casa de apuestas";"2,15";"3,20";"3,50";"0,4651162790697674";"0,3125000000000000";"0,2857142857142857";"1,06333056478405";"0,0633305647840530";"6,33305647840530"
"08/02/2022";"Newcastle";"Everton";"BW";"Casa de apuestas";"2,40";"3,30";"2,87";"0,4166666666666667";"0,3030303030303030";"0,3484320557491289";"1,06812902544610";"0,0681290254460987";"6,81290254460987"
"08/02/2022";"West Ham";"Watford";"BW";"Casa de apuestas";"1,57";"4,00";"5,75";"0,6369426751592356";"0,2500000000000000";"0,1739130434782609";"1,06085571863750";"0,0608557186374965";"6,08557186374965"
"08/02/2022";"Burnley";"Man United";"BW";"Casa de apuestas";"5,75";"4,00";"1,58";"0,1739130434782609";"0,2500000000000000";"0,6329113924050632";"1,05682443588332";"0,0568244358833241";"5,68244358833241"
"09/02/2022";"Man City";"Brentford";"BW";"Casa de apuestas";"1,11";"10,00";"23,00";"0,9009009009009008";"0,1000000000000000";"0,0434782608695652";"1,04437916177047";"0,0443791617704661";"4,43791617704661"
"09/02/2022";"Norwich";"Crystal Palace";"BW";"Casa de apuestas";"3,30";"3,20";"2,25";"0,3030303030303030";"0,3125000000000000";"0,4444444444444444";"1,05997474747475";"0,0599747474747474";"5,99747474747474"
"09/02/2022";"Tottenham";"Southampton";"BW";"Casa de apuestas";"1,55";"4,10";"5,75";"0,6451612903225806";"0,2439024390243903";"0,1739130434782609";"1,06297677282523";"0,0629767728252317";"6,29767728252317"
"09/02/2022";"Aston Villa";"Leeds";"BW";"Casa de apuestas";"1,83";"3,70";"4,10";"0,5464480874316939";"0,2702702702702702";"0,2439024390243903";"1,06062079672635";"0,0606207967263543";"6,06207967263543"
"10/02/2022";"Liverpool";"Leicester";"BW";"Casa de apuestas";"1,23";"6,75";"11,50";"0,8130081300813008";"0,1481481481481481";"0,0869565217391304";"1,04811279996858";"0,0481127999685793";"4,81127999685793"
"10/02/2022";"Wolves";"Arsenal";"BW";"Casa de apuestas";"3,60";"3,10";"2,15";"0,2777777777777778";"0,3225806451612903";"0,4651162790697674";"1,06547470200884";"0,0654747020088355";"6,54747020088355"
"12/02/2022";"Man United";"Southampton";"BW";"Casa de apuestas";"1,57";"4,50";"5,00";"0,6369426751592356";"0,2222222222222222";"0,2000000000000000";"1,05916489738146";"0,0591648973814578";"5,91648973814578"
"12/02/2022";"Brentford";"Crystal Palace";"BW";"Casa de apuestas";"2,85";"3,10";"2,60";"0,3508771929824561";"0,3225806451612903";"0,3846153846153846";"1,05807322275913";"0,0580732227591310";"5,80732227591310"
"12/02/2022";"Everton";"Leeds";"BW";"Casa de apuestas";"2,55";"3,50";"2,65";"0,3921568627450981";"0,2857142857142857";"0,3773584905660378";"1,05522963902542";"0,0552296390254217";"5,52296390254217"
"12/02/2022";"Watford";"Brighton";"BW";"Casa de apuestas";"3,80";"3,25";"2,05";"0,2631578947368421";"0,3076923076923077";"0,4878048780487805";"1,05865508047793";"0,0586550804779302";"5,86550804779302"
"12/02/2022";"Norwich";"Man City";"BW";"Casa de apuestas";"15,00";"7,00";"1,19";"0,0666666666666667";"0,1428571428571428";"0,8403361344537815";"1,04985994397759";"0,0498599439775911";"4,98599439775911"
"13/02/2022";"Burnley";"Liverpool";"BW";"Casa de apuestas";"10,50";"6,25";"1,26";"0,0952380952380952";"0,1600000000000000";"0,7936507936507936";"1,04888888888889";"0,0488888888888890";"4,88888888888890"
"13/02/2022";"Newcastle";"Aston Villa";"BW";"Casa de apuestas";"2,75";"3,40";"2,50";"0,3636363636363636";"0,2941176470588235";"0,4000000000000000";"1,05775401069519";"0,0577540106951870";"5,77540106951870"
"13/02/2022";"Tottenham";"Wolves";"BW";"Casa de apuestas";"1,71";"3,70";"5,00";"0,5847953216374269";"0,2702702702702702";"0,2000000000000000";"1,05506559190770";"0,0550655919076970";"5,50655919076970"
"13/02/2022";"Leicester";"West Ham";"BW";"Casa de apuestas";"2,80";"3,40";"2,45";"0,3571428571428572";"0,2941176470588235";"0,4081632653061224";"1,05942376950780";"0,0594237695078030";"5,94237695078030"
"15/02/2022";"Man United";"Brighton";"BW";"Casa de apuestas";"1,80";"3,50";"4,50";"0,5555555555555556";"0,2857142857142857";"0,2222222222222222";"1,06349206349206";"0,0634920634920635";"6,34920634920635"
"19/02/2022";"West Ham";"Newcastle";"BW";"Casa de apuestas";"1,60";"3,90";"5,75";"0,6250000000000000";"0,2564102564102564";"0,1739130434782609";"1,05532329988852";"0,0553232998885171";"5,53232998885171"
"19/02/2022";"Arsenal";"Brentford";"BW";"Casa de apuestas";"1,53";"3,90";"6,75";"0,6535947712418301";"0,2564102564102564";"0,1481481481481481";"1,05815317580023";"0,0581531758002347";"5,81531758002347"
"19/02/2022";"Aston Villa";"Watford";"BW";"Casa de apuestas";"1,63";"4,00";"5,00";"0,6134969325153374";"0,2500000000000000";"0,2000000000000000";"1,06349693251534";"0,0634969325153374";"6,34969325153374"
"19/02/2022";"Brighton";"Burnley";"BW";"Casa de apuestas";"1,62";"3,80";"5,50";"0,6172839506172839";"0,2631578947368421";"0,1818181818181818";"1,06226002717231";"0,0622600271723079";"6,22600271723079"
"19/02/2022";"Crystal Palace";"Chelsea";"BW";"Casa de apuestas";"5,25";"3,70";"1,66";"0,1904761904761905";"0,2702702702702702";"0,6024096385542169";"1,06315609930068";"0,0631560993006777";"6,31560993006777"
"19/02/2022";"Liverpool";"Norwich";"BW";"Casa de apuestas";"1,11";"9,50";"26,00";"0,9009009009009008";"0,1052631578947368";"0,0384615384615385";"1,04462559725718";"0,0446255972571763";"4,46255972571763"
"19/02/2022";"Southampton";"Everton";"BW";"Casa de apuestas";"2,10";"3,40";"3,40";"0,4761904761904762";"0,2941176470588235";"0,2941176470588235";"1,06442577030812";"0,0644257703081232";"6,44257703081232"
"19/02/2022";"Man City";"Tottenham";"BW";"Casa de apuestas";"1,28";"5,50";"11,00";"0,7812500000000000";"0,1818181818181818";"0,0909090909090909";"1,05397727272727";"0,0539772727272727";"5,39772727272727"
"20/02/2022";"Leeds";"Man United";"BW";"Casa de apuestas";"4,40";"4,00";"1,71";"0,2272727272727273";"0,2500000000000000";"0,5847953216374269";"1,06206804891015";"0,0620680489101542";"6,20680489101542"
"20/02/2022";"Wolves";"Leicester";"BW";"Casa de apuestas";"2,20";"3,20";"3,30";"0,4545454545454545";"0,3125000000000000";"0,3030303030303030";"1,07007575757576";"0,0700757575757576";"7,00757575757576"
"23/02/2022";"Burnley";"Tottenham";"BW";"Casa de apuestas";"4,50";"3,70";"1,77";"0,2222222222222222";"0,2702702702702702";"0,5649717514124294";"1,05746424390492";"0,0574642439049218";"5,74642439049218"
"23/02/2022";"Watford";"Crystal Palace";"BW";"Casa de apuestas";"2,90";"3,10";"2,55";"0,3448275862068966";"0,3225806451612903";"0,3921568627450981";"1,05956509411328";"0,0595650941132848";"5,95650941132848"
"23/02/2022";"Liverpool";"Leeds";"BW";"Casa de apuestas";"1,18";"7,75";"14,00";"0,8474576271186441";"0,1290322580645161";"0,0714285714285714";"1,04791845661173";"0,0479184566117317";"4,79184566117317"
"24/02/2022";"Arsenal";"Wolves";"BW";"Casa de apuestas";"1,63";"3,70";"5,75";"0,6134969325153374";"0,2702702702702702";"0,1739130434782609";"1,05768024626387";"0,0576802462638684";"5,76802462638684"
"25/02/2022";"Southampton";"Norwich";"BW";"Casa de apuestas";"1,50";"4,50";"6,00";"0,6666666666666666";"0,2222222222222222";"0,1666666666666667";"1,05555555555556";"0,0555555555555556";"5,55555555555556"
"26/02/2022";"Leeds";"Tottenham";"BW";"Casa de apuestas";"3,60";"3,70";"1,95";"0,2777777777777778";"0,2702702702702702";"0,5128205128205129";"1,06086856086856";"0,0608685608685611";"6,08685608685611"
"26/02/2022";"Brentford";"Newcastle";"BW";"Casa de apuestas";"2,35";"3,10";"3,20";"0,4255319148936170";"0,3225806451612903";"0,3125000000000000";"1,06061256005491";"0,0606125600549072";"6,06125600549072"
"26/02/2022";"Crystal Palace";"Burnley";"BW";"Casa de apuestas";"1,87";"3,30";"4,50";"0,5347593582887700";"0,3030303030303030";"0,2222222222222222";"1,06001188354130";"0,0600118835412951";"6,00118835412951"
"26/02/2022";"Man United";"Watford";"BW";"Casa de apuestas";"1,37";"4,60";"9,00";"0,7299270072992701";"0,2173913043478261";"0,1111111111111111";"1,05842942275821";"0,0584294227582074";"5,84294227582074"
"26/02/2022";"Brighton";"Aston Villa";"BW";"Casa de apuestas";"2,20";"3,30";"3,30";"0,4545454545454545";"0,3030303030303030";"0,3030303030303030";"1,06060606060606";"0,0606060606060606";"6,06060606060606"
"26/02/2022";"Everton";"Man City";"BW";"Casa de apuestas";"12,00";"6,00";"1,25";"0,0833333333333333";"0,1666666666666667";"0,8000000000000000";"1,05000000000000";"0,0500000000000000";"5,00000000000000"
"27/02/2022";"West Ham";"Wolves";"BW";"Casa de apuestas";"1,85";"3,40";"4,40";"0,5405405405405405";"0,2941176470588235";"0,2272727272727273";"1,06193091487209";"0,0619309148720912";"6,19309148720912"
"01/03/2022";"Burnley";"Leicester";"BW";"Casa de apuestas";"2,85";"3,30";"2,45";"0,3508771929824561";"0,3030303030303030";"0,4081632653061224";"1,06207076131888";"0,0620707613188816";"6,20707613188816"
"05/03/2022";"Leicester";"Leeds";"BW";"Casa de apuestas";"2,00";"3,70";"3,40";"0,5000000000000000";"0,2702702702702702";"0,2941176470588235";"1,06438791732909";"0,0643879173290938";"6,43879173290938"
"05/03/2022";"Aston Villa";"Southampton";"BW";"Casa de apuestas";"2,20";"3,50";"3,20";"0,4545454545454545";"0,2857142857142857";"0,3125000000000000";"1,05275974025974";"0,0527597402597402";"5,27597402597402"
"05/03/2022";"Burnley";"Chelsea";"BW";"Casa de apuestas";"7,50";"3,90";"1,50";"0,1333333333333333";"0,2564102564102564";"0,6666666666666666";"1,05641025641026";"0,0564102564102564";"5,64102564102564"
"05/03/2022";"Newcastle";"Brighton";"BW";"Casa de apuestas";"2,60";"3,10";"2,87";"0,3846153846153846";"0,3225806451612903";"0,3484320557491289";"1,05562808552580";"0,0556280855258038";"5,56280855258038"
"05/03/2022";"Norwich";"Brentford";"BW";"Casa de apuestas";"3,00";"3,10";"2,45";"0,3333333333333333";"0,3225806451612903";"0,4081632653061224";"1,06407724380075";"0,0640772438007460";"6,40772438007460"
"05/03/2022";"Wolves";"Crystal Palace";"BW";"Casa de apuestas";"2,37";"2,95";"3,30";"0,4219409282700421";"0,3389830508474576";"0,3030303030303030";"1,06395428214780";"0,0639542821478027";"6,39542821478027"
"05/03/2022";"Liverpool";"West Ham";"BW";"Casa de apuestas";"1,24";"6,75";"10,50";"0,8064516129032259";"0,1481481481481481";"0,0952380952380952";"1,04983785628947";"0,0498378562894692";"4,98378562894692"
"06/03/2022";"Watford";"Arsenal";"BW";"Casa de apuestas";"6,25";"4,20";"1,51";"0,1600000000000000";"0,2380952380952381";"0,6622516556291391";"1,06034689372438";"0,0603468937243772";"6,03468937243772"
"06/03/2022";"Man City";"Man United";"BW";"Casa de apuestas";"1,37";"5,00";"7,75";"0,7299270072992701";"0,2000000000000000";"0,1290322580645161";"1,05895926536379";"0,0589592653637863";"5,89592653637863"
"07/03/2022";"Tottenham";"Everton";"BW";"Casa de apuestas";"1,65";"3,90";"5,25";"0,6060606060606061";"0,2564102564102564";"0,1904761904761905";"1,05294705294705";"0,0529470529470530";"5,29470529470530"
"10/03/2022";"Norwich";"Chelsea";"BW";"Casa de apuestas";"9,50";"4,80";"1,35";"0,1052631578947368";"0,2083333333333333";"0,7407407407407407";"1,05433723196881";"0,0543372319688109";"5,43372319688109"
"10/03/2022";"Southampton";"Newcastle";"BW";"Casa de apuestas";"1,87";"3,50";"4,20";"0,5347593582887700";"0,2857142857142857";"0,2380952380952381";"1,05856888209829";"0,0585688820982937";"5,85688820982937"
"10/03/2022";"Wolves";"Watford";"BW";"Casa de apuestas";"1,90";"3,40";"4,20";"0,5263157894736842";"0,2941176470588235";"0,2380952380952381";"1,05852867462775";"0,0585286746277458";"5,85286746277458"
"10/03/2022";"Leeds";"Aston Villa";"BW";"Casa de apuestas";"2,70";"3,50";"2,45";"0,3703703703703703";"0,2857142857142857";"0,4081632653061224";"1,06424792139078";"0,0642479213907785";"6,42479213907785"
"12/03/2022";"Brighton";"Liverpool";"BW";"Casa de apuestas";"6,50";"4,60";"1,46";"0,1538461538461539";"0,2173913043478261";"0,6849315068493150";"1,05616896504330";"0,0561689650432950";"5,61689650432950"
"12/03/2022";"Brentford";"Burnley";"BW";"Casa de apuestas";"2,10";"3,25";"3,60";"0,4761904761904762";"0,3076923076923077";"0,2777777777777778";"1,06166056166056";"0,0616605616605617";"6,16605616605617"
"12/03/2022";"Man United";"Tottenham";"BW";"Casa de apuestas";"2,30";"3,50";"2,95";"0,4347826086956522";"0,2857142857142857";"0,3389830508474576";"1,05947994525740";"0,0594799452573955";"5,94799452573955"
"13/03/2022";"Chelsea";"Newcastle";"BW";"Casa de apuestas";"1,38";"4,80";"8,50";"0,7246376811594204";"0,2083333333333333";"0,1176470588235294";"1,05061807331628";"0,0506180733162831";"5,06180733162831"
"13/03/2022";"Everton";"Wolves";"BW";"Casa de apuestas";"2,20";"3,10";"3,50";"0,4545454545454545";"0,3225806451612903";"0,2857142857142857";"1,06284038542103";"0,0628403854210307";"6,28403854210307"
"13/03/2022";"Leeds";"Norwich";"BW";"Casa de apuestas";"1,58";"4,00";"5,75";"0,6329113924050632";"0,2500000000000000";"0,1739130434782609";"1,05682443588332";"0,0568244358833241";"5,68244358833241"
"13/03/2022";"Southampton";"Watford";"BW";"Casa de apuestas";"1,57";"4,20";"5,50";"0,6369426751592356";"0,2380952380952381";"0,1818181818181818";"1,05685609507266";"0,0568560950726555";"5,68560950726555"
"13/03/2022";"West Ham";"Aston Villa";"BW";"Casa de apuestas";"2,45";"3,20";"2,95";"0,4081632653061224";"0,3125000000000000";"0,3389830508474576";"1,05964631615358";"0,0596463161535801";"5,96463161535801"
"13/03/2022";"Arsenal";"Leicester";"BW";"Casa de apuestas";"1,44";"4,75";"6,50";"0,6944444444444444";"0,2105263157894737";"0,1538461538461539";"1,05881691408007";"0,0588169140800718";"5,88169140800718"
"14/03/2022";"Crystal Palace";"Man City";"BW";"Casa de apuestas";"9,25";"5,25";"1,33";"0,1081081081081081";"0,1904761904761905";"0,7518796992481203";"1,05046399783242";"0,0504639978324188";"5,04639978324188"
"16/03/2022";"Brighton";"Tottenham";"BW";"Casa de apuestas";"3,50";"3,40";"2,10";"0,2857142857142857";"0,2941176470588235";"0,4761904761904762";"1,05602240896359";"0,0560224089635852";"5,60224089635852"
"16/03/2022";"Arsenal";"Liverpool";"BW";"Casa de apuestas";"3,50";"3,75";"1,95";"0,2857142857142857";"0,2666666666666667";"0,5128205128205129";"1,06520146520147";"0,0652014652014654";"6,52014652014654"
"17/03/2022";"Everton";"Newcastle";"BW";"Casa de apuestas";"2,50";"3,00";"3,00";"0,4000000000000000";"0,3333333333333333";"0,3333333333333333";"1,06666666666667";"0,0666666666666667";"6,66666666666667"
"18/03/2022";"Wolves";"Leeds";"BW";"Casa de apuestas";"2,15";"3,40";"3,30";"0,4651162790697674";"0,2941176470588235";"0,3030303030303030";"1,06226422915889";"0,0622642291588940";"6,22642291588940"
"19/03/2022";"Aston Villa";"Arsenal";"BW";"Casa de apuestas";"2,95";"3,40";"2,35";"0,3389830508474576";"0,2941176470588235";"0,4255319148936170";"1,05863261279990";"0,0586326127998982";"5,86326127998982"
"20/03/2022";"Leicester";"Brentford";"BW";"Casa de apuestas";"2,10";"3,30";"3,50";"0,4761904761904762";"0,3030303030303030";"0,2857142857142857";"1,06493506493507";"0,0649350649350651";"6,49350649350651"
"20/03/2022";"Tottenham";"West Ham";"BW";"Casa de apuestas";"1,70";"3,70";"5,00";"0,5882352941176471";"0,2702702702702702";"0,2000000000000000";"1,05850556438792";"0,0585055643879173";"5,85055643879173"
"02/04/2022";"Liverpool";"Watford";"BW";"Casa de apuestas";"1,16";"7,50";"21,00";"0,8620689655172414";"0,1333333333333333";"0,0476190476190476";"1,04302134646962";"0,0430213464696223";"4,30213464696223"
"02/04/2022";"Brighton";"Norwich";"BW";"Casa de apuestas";"1,49";"4,00";"7,25";"0,6711409395973155";"0,2500000000000000";"0,1379310344827586";"1,05907197408007";"0,0590719740800740";"5,90719740800740"
"02/04/2022";"Burnley";"Man City";"BW";"Casa de apuestas";"13,00";"6,25";"1,23";"0,0769230769230769";"0,1600000000000000";"0,8130081300813008";"1,04993120700438";"0,0499312070043778";"4,99312070043778"
"02/04/2022";"Chelsea";"Brentford";"BW";"Casa de apuestas";"1,37";"4,80";"8,75";"0,7299270072992701";"0,2083333333333333";"0,1142857142857143";"1,05254605491832";"0,0525460549183177";"5,25460549183177"
"02/04/2022";"Leeds";"Southampton";"BW";"Casa de apuestas";"2,35";"3,60";"2,80";"0,4255319148936170";"0,2777777777777778";"0,3571428571428572";"1,06045254981425";"0,0604525498142521";"6,04525498142521"
"02/04/2022";"Wolves";"Aston Villa";"BW";"Casa de apuestas";"2,90";"3,00";"2,60";"0,3448275862068966";"0,3333333333333333";"0,3846153846153846";"1,06277630415561";"0,0627763041556144";"6,27763041556144"
"02/04/2022";"Man United";"Leicester";"BW";"Casa de apuestas";"1,51";"4,60";"5,75";"0,6622516556291391";"0,2173913043478261";"0,1739130434782609";"1,05355600345523";"0,0535560034552263";"5,35560034552263"
"03/04/2022";"West Ham";"Everton";"BW";"Casa de apuestas";"1,78";"3,70";"4,40";"0,5617977528089888";"0,2702702702702702";"0,2272727272727273";"1,05934075035199";"0,0593407503519863";"5,93407503519863"
"03/04/2022";"Tottenham";"Newcastle";"BW";"Casa de apuestas";"1,53";"4,20";"6,00";"0,6535947712418301";"0,2380952380952381";"0,1666666666666667";"1,05835667600373";"0,0583566760037348";"5,83566760037348"
"04/04/2022";"Crystal Palace";"Arsenal";"BW";"Casa de apuestas";"3,90";"3,30";"1,98";"0,2564102564102564";"0,3030303030303030";"0,5050505050505051";"1,06449106449106";"0,0644910644910646";"6,44910644910646"
"06/04/2022";"Burnley";"Everton";"BW";"Casa de apuestas";"2,45";"3,10";"3,10";"0,4081632653061224";"0,3225806451612903";"0,3225806451612903";"1,05332455562870";"0,0533245556287030";"5,33245556287030"
"08/04/2022";"Newcastle";"Wolves";"BW";"Casa de apuestas";"1,98";"3,25";"4,00";"0,5050505050505051";"0,3076923076923077";"0,2500000000000000";"1,06274281274281";"0,0627428127428127";"6,27428127428127"
"09/04/2022";"Everton";"Man United";"BW";"Casa de apuestas";"3,80";"3,75";"1,88";"0,2631578947368421";"0,2666666666666667";"0,5319148936170213";"1,06173945502053";"0,0617394550205299";"6,17394550205299"
"09/04/2022";"Arsenal";"Brighton";"BW";"Casa de apuestas";"1,68";"3,50";"5,75";"0,5952380952380952";"0,2857142857142857";"0,1739130434782609";"1,05486542443064";"0,0548654244306417";"5,48654244306417"
"09/04/2022";"Southampton";"Chelsea";"BW";"Casa de apuestas";"3,80";"3,60";"1,93";"0,2631578947368421";"0,2777777777777778";"0,5181347150259068";"1,05907038754053";"0,0590703875405267";"5,90703875405267"
"09/04/2022";"Watford";"Leeds";"BW";"Casa de apuestas";"2,65";"3,50";"2,50";"0,3773584905660378";"0,2857142857142857";"0,4000000000000000";"1,06307277628032";"0,0630727762803236";"6,30727762803236"
"09/04/2022";"Aston Villa";"Tottenham";"BW";"Casa de apuestas";"3,10";"3,60";"2,20";"0,3225806451612903";"0,2777777777777778";"0,4545454545454545";"1,05490387748452";"0,0549038774845227";"5,49038774845227"
"10/04/2022";"Brentford";"West Ham";"BW";"Casa de apuestas";"2,60";"3,10";"2,80";"0,3846153846153846";"0,3225806451612903";"0,3571428571428572";"1,06433888691953";"0,0643388869195320";"6,43388869195320"
"10/04/2022";"Leicester";"Crystal Palace";"BW";"Casa de apuestas";"2,50";"3,30";"2,80";"0,4000000000000000";"0,3030303030303030";"0,3571428571428572";"1,06017316017316";"0,0601731601731603";"6,01731601731603"
"10/04/2022";"Norwich";"Burnley";"BW";"Casa de apuestas";"3,10";"3,30";"2,25";"0,3225806451612903";"0,3030303030303030";"0,4444444444444444";"1,07005539263604";"0,0700553926360379";"7,00553926360379"
"10/04/2022";"Man City";"Liverpool";"BW";"Casa de apuestas";"1,93";"3,75";"3,60";"0,5181347150259068";"0,2666666666666667";"0,2777777777777778";"1,06257915947035";"0,0625791594703511";"6,25791594703511"
"16/04/2022";"Tottenham";"Brighton";"BW";"Casa de apuestas";"1,52";"4,33";"6,00";"0,6578947368421053";"0,2309468822170901";"0,1666666666666667";"1,05550828572586";"0,0555082857258620";"5,55082857258620"
"16/04/2022";"Man United";"Norwich";"BW";"Casa de apuestas";"1,27";"6,00";"10,00";"0,7874015748031495";"0,1666666666666667";"0,1000000000000000";"1,05406824146982";"0,0540682414698161";"5,40682414698161"
"16/04/2022";"Southampton";"Arsenal";"BW";"Casa de apuestas";"3,90";"3,60";"1,90";"0,2564102564102564";"0,2777777777777778";"0,5263157894736842";"1,06050382366172";"0,0605038236617186";"6,05038236617186"
"16/04/2022";"Watford";"Brentford";"BW";"Casa de apuestas";"2,87";"3,25";"2,50";"0,3484320557491289";"0,3076923076923077";"0,4000000000000000";"1,05612436344144";"0,0561243634414366";"5,61243634414366"
"17/04/2022";"Newcastle";"Leicester";"BW";"Casa de apuestas";"2,00";"3,50";"3,70";"0,5000000000000000";"0,2857142857142857";"0,2702702702702702";"1,05598455598456";"0,0559845559845560";"5,59845559845560"
"17/04/2022";"West Ham";"Burnley";"BW";"Casa de apuestas";"1,77";"3,75";"4,40";"0,5649717514124294";"0,2666666666666667";"0,2272727272727273";"1,05891114535182";"0,0589111453518234";"5,89111453518234"
"19/04/2022";"Liverpool";"Man United";"BW";"Casa de apuestas";"1,34";"5,50";"8,00";"0,7462686567164178";"0,1818181818181818";"0,1250000000000000";"1,05308683853460";"0,0530868385345997";"5,30868385345997"
"20/04/2022";"Chelsea";"Arsenal";"BW";"Casa de apuestas";"1,83";"3,60";"4,20";"0,5464480874316939";"0,2777777777777778";"0,2380952380952381";"1,06232110330471";"0,0623211033047097";"6,23211033047097"
"20/04/2022";"Everton";"Leicester";"BW";"Casa de apuestas";"2,40";"3,30";"2,90";"0,4166666666666667";"0,3030303030303030";"0,3448275862068966";"1,06452455590387";"0,0645245559038663";"6,45245559038663"
"20/04/2022";"Newcastle";"Crystal Palace";"BW";"Casa de apuestas";"2,25";"3,10";"3,40";"0,4444444444444444";"0,3225806451612903";"0,2941176470588235";"1,06114273666456";"0,0611427366645583";"6,11427366645583"
"20/04/2022";"Man City";"Brighton";"BW";"Casa de apuestas";"1,21";"6,50";"14,50";"0,8264462809917356";"0,1538461538461539";"0,0689655172413793";"1,04925795207927";"0,0492579520792686";"4,92579520792686"
"21/04/2022";"Burnley";"Southampton";"BW";"Casa de apuestas";"2,65";"3,40";"2,60";"0,3773584905660378";"0,2941176470588235";"0,3846153846153846";"1,05609152224025";"0,0560915222402458";"5,60915222402458"
"23/04/2022";"Arsenal";"Man United";"BW";"Casa de apuestas";"2,00";"3,60";"3,50";"0,5000000000000000";"0,2777777777777778";"0,2857142857142857";"1,06349206349206";"0,0634920634920635";"6,34920634920635"
"23/04/2022";"Leicester";"Aston Villa";"BW";"Casa de apuestas";"2,90";"3,30";"2,45";"0,3448275862068966";"0,3030303030303030";"0,4081632653061224";"1,05602115454332";"0,0560211545433220";"5,60211545433220"
"23/04/2022";"Man City";"Watford";"BW";"Casa de apuestas";"1,12";"9,75";"23,00";"0,8928571428571428";"0,1025641025641026";"0,0434782608695652";"1,03889950629081";"0,0388995062908106";"3,88995062908106"
"23/04/2022";"Norwich";"Newcastle";"BW";"Casa de apuestas";"3,40";"3,25";"2,15";"0,2941176470588235";"0,3076923076923077";"0,4651162790697674";"1,06692623382090";"0,0669262338208987";"6,69262338208987"
"23/04/2022";"Brentford";"Tottenham";"BW";"Casa de apuestas";"4,75";"3,70";"1,73";"0,2105263157894737";"0,2702702702702702";"0,5780346820809249";"1,05883126814067";"0,0588312681406689";"5,88312681406689"
"24/04/2022";"Brighton";"Southampton";"BW";"Casa de apuestas";"1,90";"3,50";"4,00";"0,5263157894736842";"0,2857142857142857";"0,2500000000000000";"1,06203007518797";"0,0620300751879699";"6,20300751879699"
"24/04/2022";"Burnley";"Wolves";"BW";"Casa de apuestas";"2,65";"3,00";"2,85";"0,3773584905660378";"0,3333333333333333";"0,3508771929824561";"1,06156901688183";"0,0615690168818273";"6,15690168818273"
"24/04/2022";"Chelsea";"West Ham";"BW";"Casa de apuestas";"1,42";"4,80";"7,00";"0,7042253521126761";"0,2083333333333333";"0,1428571428571428";"1,05541582830315";"0,0554158283031523";"5,54158283031523"
"24/04/2022";"Liverpool";"Everton";"BW";"Casa de apuestas";"1,19";"7,25";"14,00";"0,8403361344537815";"0,1379310344827586";"0,0714285714285714";"1,04969574036511";"0,0496957403651115";"4,96957403651115"
"25/04/2022";"Crystal Palace";"Leeds";"BW";"Casa de apuestas";"2,40";"3,40";"2,80";"0,4166666666666667";"0,2941176470588235";"0,3571428571428572";"1,06792717086835";"0,0679271708683473";"6,79271708683473"
"28/04/2022";"Man United";"Chelsea";"BW";"Casa de apuestas";"3,30";"3,60";"2,05";"0,3030303030303030";"0,2777777777777778";"0,4878048780487805";"1,06861295885686";"0,0686129588568614";"6,86129588568614"
"30/04/2022";"Newcastle";"Liverpool";"BW";"Casa de apuestas";"6,00";"4,33";"1,52";"0,1666666666666667";"0,2309468822170901";"0,6578947368421053";"1,05550828572586";"0,0555082857258620";"5,55082857258620"
"30/04/2022";"Aston Villa";"Norwich";"BW";"Casa de apuestas";"1,43";"4,75";"7,00";"0,6993006993006994";"0,2105263157894737";"0,1428571428571428";"1,05268415794732";"0,0526841579473158";"5,26841579473158"
"30/04/2022";"Southampton";"Crystal Palace";"BW";"Casa de apuestas";"2,45";"3,10";"3,00";"0,4081632653061224";"0,3225806451612903";"0,3333333333333333";"1,06407724380075";"0,0640772438007460";"6,40772438007460"
"30/04/2022";"Watford";"Burnley";"BW";"Casa de apuestas";"2,60";"3,10";"2,80";"0,3846153846153846";"0,3225806451612903";"0,3571428571428572";"1,06433888691953";"0,0643388869195320";"6,43388869195320"
"30/04/2022";"Wolves";"Brighton";"BW";"Casa de apuestas";"2,75";"2,90";"2,85";"0,3636363636363636";"0,3448275862068966";"0,3508771929824561";"1,05934114282572";"0,0593411428257165";"5,93411428257165"
"01/05/2022";"West Ham";"Arsenal";"BW";"Casa de apuestas";"4,40";"3,75";"1,77";"0,2272727272727273";"0,2666666666666667";"0,5649717514124294";"1,05891114535182";"0,0589111453518232";"5,89111453518232"
"02/05/2022";"Man United";"Brentford";"BW";"Casa de apuestas";"1,70";"4,00";"4,75";"0,5882352941176471";"0,2500000000000000";"0,2105263157894737";"1,04876160990712";"0,0487616099071206";"4,87616099071206"
"07/05/2022";"Brentford";"Southampton";"BW";"Casa de apuestas";"2,10";"3,50";"3,40";"0,4761904761904762";"0,2857142857142857";"0,2941176470588235";"1,05602240896359";"0,0560224089635855";"5,60224089635855"
"07/05/2022";"Burnley";"Aston Villa";"BW";"Casa de apuestas";"3,00";"3,10";"2,45";"0,3333333333333333";"0,3225806451612903";"0,4081632653061224";"1,06407724380075";"0,0640772438007460";"6,40772438007460"
"07/05/2022";"Chelsea";"Wolves";"BW";"Casa de apuestas";"1,39";"4,75";"8,25";"0,7194244604316548";"0,2105263157894737";"0,1212121212121212";"1,05116289743325";"0,0511628974332496";"5,11628974332496"
"07/05/2022";"Crystal Palace";"Watford";"BW";"Casa de apuestas";"1,68";"3,70";"5,25";"0,5952380952380952";"0,2702702702702702";"0,1904761904761905";"1,05598455598456";"0,0559845559845560";"5,59845559845560"
"07/05/2022";"Brighton";"Man United";"BW";"Casa de apuestas";"3,00";"3,30";"2,35";"0,3333333333333333";"0,3030303030303030";"0,4255319148936170";"1,06189555125725";"0,0618955512572534";"6,18955512572534"
"07/05/2022";"Liverpool";"Tottenham";"BW";"Casa de apuestas";"1,43";"5,00";"6,50";"0,6993006993006994";"0,2000000000000000";"0,1538461538461539";"1,05314685314685";"0,0531468531468531";"5,31468531468531"
"08/05/2022";"Arsenal";"Leeds";"BW";"Casa de apuestas";"1,51";"4,33";"6,00";"0,6622516556291391";"0,2309468822170901";"0,1666666666666667";"1,05986520451290";"0,0598652045128958";"5,98652045128958"
"08/05/2022";"Leicester";"Everton";"BW";"Casa de apuestas";"2,60";"3,25";"2,75";"0,3846153846153846";"0,3076923076923077";"0,3636363636363636";"1,05594405594406";"0,0559440559440558";"5,59440559440558"
"08/05/2022";"Norwich";"West Ham";"BW";"Casa de apuestas";"4,75";"4,00";"1,68";"0,2105263157894737";"0,2500000000000000";"0,5952380952380952";"1,05576441102757";"0,0557644110275688";"5,57644110275688"
"08/05/2022";"Man City";"Newcastle";"BW";"Casa de apuestas";"1,18";"7,50";"15,00";"0,8474576271186441";"0,1333333333333333";"0,0666666666666667";"1,04745762711864";"0,0474576271186442";"4,74576271186442"
"10/05/2022";"Aston Villa";"Liverpool";"BW";"Casa de apuestas";"6,00";"4,50";"1,51";"0,1666666666666667";"0,2222222222222222";"0,6622516556291391";"1,05114054451803";"0,0511405445180280";"5,11405445180280"
"11/05/2022";"Leeds";"Chelsea";"BW";"Casa de apuestas";"4,50";"4,00";"1,68";"0,2222222222222222";"0,2500000000000000";"0,5952380952380952";"1,06746031746032";"0,0674603174603174";"6,74603174603174"
"11/05/2022";"Leicester";"Norwich";"BW";"Casa de apuestas";"1,35";"5,25";"8,25";"0,7407407407407407";"0,1904761904761905";"0,1212121212121212";"1,05242905242905";"0,0524290524290523";"5,24290524290523"
"11/05/2022";"Watford";"Everton";"BW";"Casa de apuestas";"5,50";"3,70";"1,66";"0,1818181818181818";"0,2702702702702702";"0,6024096385542169";"1,05449809064267";"0,0544980906426691";"5,44980906426691"
"11/05/2022";"Wolves";"Man City";"BW";"Casa de apuestas";"10,50";"6,00";"1,27";"0,0952380952380952";"0,1666666666666667";"0,7874015748031495";"1,04930633670791";"0,0493063367079114";"4,93063367079114"
"12/05/2022";"Tottenham";"Arsenal";"BW";"Casa de apuestas";"2,25";"3,40";"3,20";"0,4444444444444444";"0,2941176470588235";"0,3125000000000000";"1,05106209150327";"0,0510620915032680";"5,10620915032680"
"15/05/2022";"Tottenham";"Burnley";"BW";"Casa de apuestas";"1,32";"5,50";"9,50";"0,7575757575757576";"0,1818181818181818";"0,1052631578947368";"1,04465709728868";"0,0446570972886762";"4,46570972886762"
"15/05/2022";"Aston Villa";"Crystal Palace";"BW";"Casa de apuestas";"1,83";"3,50";"4,50";"0,5464480874316939";"0,2857142857142857";"0,2222222222222222";"1,05438459536820";"0,0543845953682018";"5,43845953682018"
"15/05/2022";"Leeds";"Brighton";"BW";"Casa de apuestas";"2,60";"3,40";"2,65";"0,3846153846153846";"0,2941176470588235";"0,3773584905660378";"1,05609152224025";"0,0560915222402461";"5,60915222402461"
"15/05/2022";"Watford";"Leicester";"BW";"Casa de apuestas";"5,00";"3,90";"1,68";"0,2000000000000000";"0,2564102564102564";"0,5952380952380952";"1,05164835164835";"0,0516483516483517";"5,16483516483517"
"15/05/2022";"West Ham";"Man City";"BW";"Casa de apuestas";"7,25";"5,00";"1,39";"0,1379310344827586";"0,2000000000000000";"0,7194244604316548";"1,05735549491441";"0,0573554949144133";"5,73554949144133"
"15/05/2022";"Wolves";"Norwich";"BW";"Casa de apuestas";"1,53";"4,20";"5,75";"0,6535947712418301";"0,2380952380952381";"0,1739130434782609";"1,06560305281533";"0,0656030528153289";"6,56030528153289"
"15/05/2022";"Everton";"Brentford";"BW";"Casa de apuestas";"1,90";"3,60";"4,00";"0,5263157894736842";"0,2777777777777778";"0,2500000000000000";"1,05409356725146";"0,0540935672514620";"5,40935672514620"
"16/05/2022";"Newcastle";"Arsenal";"BW";"Casa de apuestas";"4,20";"3,75";"1,82";"0,2380952380952381";"0,2666666666666667";"0,5494505494505494";"1,05421245421245";"0,0542124542124540";"5,42124542124540"
"17/05/2022";"Southampton";"Liverpool";"BW";"Casa de apuestas";"6,50";"4,75";"1,46";"0,1538461538461539";"0,2105263157894737";"0,6849315068493150";"1,04930397648494";"0,0493039764849426";"4,93039764849426"
"19/05/2022";"Everton";"Crystal Palace";"BW";"Casa de apuestas";"1,87";"3,30";"4,50";"0,5347593582887700";"0,3030303030303030";"0,2222222222222222";"1,06001188354130";"0,0600118835412951";"6,00118835412951"
"19/05/2022";"Aston Villa";"Burnley";"BW";"Casa de apuestas";"2,05";"3,30";"3,70";"0,4878048780487805";"0,3030303030303030";"0,2702702702702702";"1,06110545134935";"0,0611054513493539";"6,11054513493539"
"19/05/2022";"Chelsea";"Leicester";"BW";"Casa de apuestas";"1,44";"4,75";"6,75";"0,6944444444444444";"0,2105263157894737";"0,1481481481481481";"1,05311890838207";"0,0531189083820662";"5,31189083820662"
"22/05/2022";"Arsenal";"Everton";"BW";"Casa de apuestas";"1,34";"5,50";"8,25";"0,7462686567164178";"0,1818181818181818";"0,1212121212121212";"1,04929895974672";"0,0492989597467210";"4,92989597467210"
"22/05/2022";"Brentford";"Leeds";"BW";"Casa de apuestas";"2,30";"3,70";"2,80";"0,4347826086956522";"0,2702702702702702";"0,3571428571428572";"1,06219573610878";"0,0621957361087797";"6,21957361087797"
"22/05/2022";"Brighton";"West Ham";"BW";"Casa de apuestas";"2,60";"3,40";"2,60";"0,3846153846153846";"0,2941176470588235";"0,3846153846153846";"1,06334841628959";"0,0633484162895928";"6,33484162895928"
"22/05/2022";"Burnley";"Newcastle";"BW";"Casa de apuestas";"2,45";"3,20";"2,95";"0,4081632653061224";"0,3125000000000000";"0,3389830508474576";"1,05964631615358";"0,0596463161535801";"5,96463161535801"
"22/05/2022";"Chelsea";"Watford";"BW";"Casa de apuestas";"1,20";"7,00";"14,00";"0,8333333333333334";"0,1428571428571428";"0,0714285714285714";"1,04761904761905";"0,0476190476190477";"4,76190476190477"
"22/05/2022";"Crystal Palace";"Man United";"BW";"Casa de apuestas";"2,75";"3,40";"2,45";"0,3636363636363636";"0,2941176470588235";"0,4081632653061224";"1,06591727600131";"0,0659172760013096";"6,59172760013096"
"22/05/2022";"Leicester";"Southampton";"BW";"Casa de apuestas";"1,71";"4,10";"4,40";"0,5847953216374269";"0,2439024390243903";"0,2272727272727273";"1,05597048793454";"0,0559704879345444";"5,59704879345444"
"22/05/2022";"Liverpool";"Wolves";"BW";"Casa de apuestas";"1,13";"8,75";"16,50";"0,8849557522123894";"0,1142857142857143";"0,0606060606060606";"1,05984752710416";"0,0598475271041643";"5,98475271041643"
"22/05/2022";"Man City";"Aston Villa";"BW";"Casa de apuestas";"1,18";"8,00";"14,00";"0,8474576271186441";"0,1250000000000000";"0,0714285714285714";"1,04388619854722";"0,0438861985472156";"4,38861985472156"
"22/05/2022";"Norwich";"Tottenham";"BW";"Casa de apuestas";"9,50";"5,50";"1,31";"0,1052631578947368";"0,1818181818181818";"0,7633587786259541";"1,05044011833887";"0,0504401183388727";"5,04401183388727"
"13/08/2021";"Brentford";"Arsenal";"IW";"Casa de apuestas";"3,80";"3,25";"2,10";"0,2631578947368421";"0,3076923076923077";"0,4761904761904762";"1,04704067861963";"0,0470406786196258";"4,70406786196258"
"14/08/2021";"Man United";"Leeds";"IW";"Casa de apuestas";"1,65";"4,20";"4,90";"0,6060606060606061";"0,2380952380952381";"0,2040816326530612";"1,04823747680891";"0,0482374768089053";"4,82374768089053"
"14/08/2021";"Burnley";"Brighton";"IW";"Casa de apuestas";"3,10";"3,05";"2,45";"0,3225806451612903";"0,3278688524590164";"0,4081632653061224";"1,05861276292643";"0,0586127629264293";"5,86127629264293"
"14/08/2021";"Chelsea";"Crystal Palace";"IW";"Casa de apuestas";"1,30";"5,25";"11,00";"0,7692307692307692";"0,1904761904761905";"0,0909090909090909";"1,05061605061605";"0,0506160506160505";"5,06160506160505"
"14/08/2021";"Everton";"Southampton";"IW";"Casa de apuestas";"2,00";"3,35";"4,00";"0,5000000000000000";"0,2985074626865671";"0,2500000000000000";"1,04850746268657";"0,0485074626865671";"4,85074626865671"
"14/08/2021";"Leicester";"Wolves";"IW";"Casa de apuestas";"1,73";"3,70";"4,90";"0,5780346820809249";"0,2702702702702702";"0,2040816326530612";"1,05238658500426";"0,0523865850042564";"5,23865850042564"
"14/08/2021";"Watford";"Aston Villa";"IW";"Casa de apuestas";"3,35";"3,15";"2,30";"0,2985074626865671";"0,3174603174603174";"0,4347826086956522";"1,05075038884254";"0,0507503888425367";"5,07503888425367"
"14/08/2021";"Norwich";"Liverpool";"IW";"Casa de apuestas";"6,50";"5,25";"1,43";"0,1538461538461539";"0,1904761904761905";"0,6993006993006994";"1,04362304362304";"0,0436230436230436";"4,36230436230436"
"15/08/2021";"Newcastle";"West Ham";"IW";"Casa de apuestas";"3,30";"3,45";"2,20";"0,3030303030303030";"0,2898550724637681";"0,4545454545454545";"1,04743083003953";"0,0474308300395256";"4,74308300395256"
"15/08/2021";"Tottenham";"Man City";"IW";"Casa de apuestas";"5,50";"3,95";"1,63";"0,1818181818181818";"0,2531645569620253";"0,6134969325153374";"1,04847967129554";"0,0484796712955444";"4,84796712955444"
"21/08/2021";"Liverpool";"Burnley";"IW";"Casa de apuestas";"1,25";"6,50";"11,00";"0,8000000000000000";"0,1538461538461539";"0,0909090909090909";"1,04475524475524";"0,0447552447552448";"4,47552447552448"
"21/08/2021";"Aston Villa";"Newcastle";"IW";"Casa de apuestas";"1,83";"3,85";"4,10";"0,5464480874316939";"0,2597402597402597";"0,2439024390243903";"1,05009078619634";"0,0500907861963440";"5,00907861963440"
"21/08/2021";"Crystal Palace";"Brentford";"IW";"Casa de apuestas";"2,65";"3,05";"2,90";"0,3773584905660378";"0,3278688524590164";"0,3448275862068966";"1,05005492923195";"0,0500549292319508";"5,00549292319508"
"21/08/2021";"Leeds";"Everton";"IW";"Casa de apuestas";"2,05";"3,50";"3,55";"0,4878048780487805";"0,2857142857142857";"0,2816901408450704";"1,05520930460814";"0,0552093046081368";"5,52093046081368"
"21/08/2021";"Man City";"Norwich";"IW";"Casa de apuestas";"1,15";"8,50";"19,00";"0,8695652173913044";"0,1176470588235294";"0,0526315789473684";"1,03984385516220";"0,0398438551622022";"3,98438551622022"
"21/08/2021";"Brighton";"Watford";"IW";"Casa de apuestas";"1,75";"3,50";"5,25";"0,5714285714285714";"0,2857142857142857";"0,1904761904761905";"1,04761904761905";"0,0476190476190474";"4,76190476190474"
"22/08/2021";"Southampton";"Man United";"IW";"Casa de apuestas";"5,25";"4,30";"1,60";"0,1904761904761905";"0,2325581395348837";"0,6250000000000000";"1,04803433001107";"0,0480343300110742";"4,80343300110742"
"22/08/2021";"Wolves";"Tottenham";"IW";"Casa de apuestas";"2,85";"3,00";"2,70";"0,3508771929824561";"0,3333333333333333";"0,3703703703703703";"1,05458089668616";"0,0545808966861596";"5,45808966861596"
"22/08/2021";"Arsenal";"Chelsea";"IW";"Casa de apuestas";"4,40";"3,45";"1,90";"0,2272727272727273";"0,2898550724637681";"0,5263157894736842";"1,04344358921018";"0,0434435892101797";"4,34435892101797"
"23/08/2021";"West Ham";"Leicester";"IW";"Casa de apuestas";"2,45";"3,45";"2,85";"0,4081632653061224";"0,2898550724637681";"0,3508771929824561";"1,04889553075235";"0,0488955307523466";"4,88955307523466"
"28/08/2021";"Man City";"Arsenal";"IW";"Casa de apuestas";"1,35";"5,00";"8,75";"0,7407407407407407";"0,2000000000000000";"0,1142857142857143";"1,05502645502645";"0,0550264550264550";"5,50264550264550"
"28/08/2021";"Aston Villa";"Brentford";"IW";"Casa de apuestas";"2,05";"3,25";"3,85";"0,4878048780487805";"0,3076923076923077";"0,2597402597402597";"1,05523744548135";"0,0552374454813478";"5,52374454813478"
"28/08/2021";"Brighton";"Everton";"IW";"Casa de apuestas";"2,30";"3,15";"3,35";"0,4347826086956522";"0,3174603174603174";"0,2985074626865671";"1,05075038884254";"0,0507503888425367";"5,07503888425367"
"28/08/2021";"Newcastle";"Southampton";"IW";"Casa de apuestas";"2,45";"3,50";"2,80";"0,4081632653061224";"0,2857142857142857";"0,3571428571428572";"1,05102040816327";"0,0510204081632653";"5,10204081632653"
"28/08/2021";"Norwich";"Leicester";"IW";"Casa de apuestas";"4,10";"3,60";"1,90";"0,2439024390243903";"0,2777777777777778";"0,5263157894736842";"1,04799600627585";"0,0479960062758522";"4,79960062758522"
"28/08/2021";"West Ham";"Crystal Palace";"IW";"Casa de apuestas";"1,57";"3,95";"6,00";"0,6369426751592356";"0,2531645569620253";"0,1666666666666667";"1,05677389878793";"0,0567738987879276";"5,67738987879276"
"28/08/2021";"Liverpool";"Chelsea";"IW";"Casa de apuestas";"2,40";"3,25";"3,05";"0,4166666666666667";"0,3076923076923077";"0,3278688524590164";"1,05222782681799";"0,0522278268179908";"5,22278268179908"
"29/08/2021";"Burnley";"Leeds";"IW";"Casa de apuestas";"3,20";"3,50";"2,20";"0,3125000000000000";"0,2857142857142857";"0,4545454545454545";"1,05275974025974";"0,0527597402597402";"5,27597402597402"
"29/08/2021";"Tottenham";"Watford";"IW";"Casa de apuestas";"1,50";"4,40";"6,25";"0,6666666666666666";"0,2272727272727273";"0,1600000000000000";"1,05393939393939";"0,0539393939393940";"5,39393939393940"
"29/08/2021";"Wolves";"Man United";"IW";"Casa de apuestas";"5,25";"3,50";"1,75";"0,1904761904761905";"0,2857142857142857";"0,5714285714285714";"1,04761904761905";"0,0476190476190474";"4,76190476190474"
"11/09/2021";"Crystal Palace";"Tottenham";"IW";"Casa de apuestas";"3,80";"3,25";"2,10";"0,2631578947368421";"0,3076923076923077";"0,4761904761904762";"1,04704067861963";"0,0470406786196258";"4,70406786196258"
"11/09/2021";"Arsenal";"Norwich";"IW";"Casa de apuestas";"1,40";"4,90";"7,75";"0,7142857142857143";"0,2040816326530612";"0,1290322580645161";"1,04739960500329";"0,0473996050032917";"4,73996050032917"
"11/09/2021";"Brentford";"Brighton";"IW";"Casa de apuestas";"3,05";"2,95";"2,60";"0,3278688524590164";"0,3389830508474576";"0,3846153846153846";"1,05146728792186";"0,0514672879218585";"5,14672879218585"
"11/09/2021";"Leicester";"Man City";"IW";"Casa de apuestas";"5,25";"4,00";"1,65";"0,1904761904761905";"0,2500000000000000";"0,6060606060606061";"1,04653679653680";"0,0465367965367967";"4,65367965367967"
"11/09/2021";"Man United";"Newcastle";"IW";"Casa de apuestas";"1,20";"7,00";"14,00";"0,8333333333333334";"0,1428571428571428";"0,0714285714285714";"1,04761904761905";"0,0476190476190477";"4,76190476190477"
"11/09/2021";"Southampton";"West Ham";"IW";"Casa de apuestas";"3,00";"3,50";"2,30";"0,3333333333333333";"0,2857142857142857";"0,4347826086956522";"1,05383022774327";"0,0538302277432714";"5,38302277432714"
"11/09/2021";"Watford";"Wolves";"IW";"Casa de apuestas";"3,50";"3,15";"2,25";"0,2857142857142857";"0,3174603174603174";"0,4444444444444444";"1,04761904761905";"0,0476190476190474";"4,76190476190474"
"11/09/2021";"Chelsea";"Aston Villa";"IW";"Casa de apuestas";"1,35";"5,25";"8,50";"0,7407407407407407";"0,1904761904761905";"0,1176470588235294";"1,04886399004046";"0,0488639900404606";"4,88639900404606"
"12/09/2021";"Leeds";"Liverpool";"IW";"Casa de apuestas";"4,70";"4,30";"1,65";"0,2127659574468085";"0,2325581395348837";"0,6060606060606061";"1,05138470304230";"0,0513847030422983";"5,13847030422983"
"13/09/2021";"Everton";"Burnley";"IW";"Casa de apuestas";"1,80";"3,50";"4,80";"0,5555555555555556";"0,2857142857142857";"0,2083333333333333";"1,04960317460317";"0,0496031746031746";"4,96031746031746"
"17/09/2021";"Newcastle";"Leeds";"IW";"Casa de apuestas";"3,05";"3,65";"2,25";"0,3278688524590164";"0,2739726027397260";"0,4444444444444444";"1,04628589964319";"0,0462858996431867";"4,62858996431867"
"18/09/2021";"Wolves";"Brentford";"IW";"Casa de apuestas";"1,80";"3,35";"4,90";"0,5555555555555556";"0,2985074626865671";"0,2040816326530612";"1,05814465089518";"0,0581446508951839";"5,81446508951839"
"18/09/2021";"Burnley";"Arsenal";"IW";"Casa de apuestas";"3,60";"3,55";"2,05";"0,2777777777777778";"0,2816901408450704";"0,4878048780487805";"1,04727279667163";"0,0472727966716286";"4,72727966716286"
"18/09/2021";"Liverpool";"Crystal Palace";"IW";"Casa de apuestas";"1,27";"6,25";"10,00";"0,7874015748031495";"0,1600000000000000";"0,1000000000000000";"1,04740157480315";"0,0474015748031495";"4,74015748031495"
"18/09/2021";"Man City";"Southampton";"IW";"Casa de apuestas";"1,17";"8,25";"14,00";"0,8547008547008548";"0,1212121212121212";"0,0714285714285714";"1,04734154734155";"0,0473415473415475";"4,73415473415475"
"18/09/2021";"Norwich";"Watford";"IW";"Casa de apuestas";"2,30";"3,25";"3,25";"0,4347826086956522";"0,3076923076923077";"0,3076923076923077";"1,05016722408027";"0,0501672240802677";"5,01672240802677"
"18/09/2021";"Aston Villa";"Everton";"IW";"Casa de apuestas";"2,25";"3,20";"3,35";"0,4444444444444444";"0,3125000000000000";"0,2985074626865671";"1,05545190713101";"0,0554519071310116";"5,54519071310116"
"19/09/2021";"Brighton";"Leicester";"IW";"Casa de apuestas";"2,45";"3,20";"3,00";"0,4081632653061224";"0,3125000000000000";"0,3333333333333333";"1,05399659863946";"0,0539965986394557";"5,39965986394557"
"19/09/2021";"West Ham";"Man United";"IW";"Casa de apuestas";"4,30";"3,75";"1,83";"0,2325581395348837";"0,2666666666666667";"0,5464480874316939";"1,04567289363324";"0,0456728936332444";"4,56728936332444"
"19/09/2021";"Tottenham";"Chelsea";"IW";"Casa de apuestas";"4,10";"3,40";"1,95";"0,2439024390243903";"0,2941176470588235";"0,5128205128205129";"1,05084059890373";"0,0508405989037266";"5,08405989037266"
"25/09/2021";"Chelsea";"Man City";"IW";"Casa de apuestas";"2,95";"3,00";"2,60";"0,3389830508474576";"0,3333333333333333";"0,3846153846153846";"1,05693176879618";"0,0569317687961755";"5,69317687961755"
"25/09/2021";"Man United";"Aston Villa";"IW";"Casa de apuestas";"1,40";"4,90";"7,75";"0,7142857142857143";"0,2040816326530612";"0,1290322580645161";"1,04739960500329";"0,0473996050032917";"4,73996050032917"
"25/09/2021";"Everton";"Norwich";"IW";"Casa de apuestas";"1,70";"3,75";"5,25";"0,5882352941176471";"0,2666666666666667";"0,1904761904761905";"1,04537815126050";"0,0453781512605043";"4,53781512605043"
"25/09/2021";"Leeds";"West Ham";"IW";"Casa de apuestas";"2,90";"3,55";"2,35";"0,3448275862068966";"0,2816901408450704";"0,4255319148936170";"1,05204964194558";"0,0520496419455840";"5,20496419455840"
"25/09/2021";"Leicester";"Burnley";"IW";"Casa de apuestas";"1,73";"3,85";"4,80";"0,5780346820809249";"0,2597402597402597";"0,2083333333333333";"1,04610827515452";"0,0461082751545179";"4,61082751545179"
"25/09/2021";"Watford";"Newcastle";"IW";"Casa de apuestas";"2,15";"3,40";"3,50";"0,4651162790697674";"0,2941176470588235";"0,2857142857142857";"1,04494821184288";"0,0449482118428768";"4,49482118428768"
"25/09/2021";"Brentford";"Liverpool";"IW";"Casa de apuestas";"7,75";"4,90";"1,40";"0,1290322580645161";"0,2040816326530612";"0,7142857142857143";"1,04739960500329";"0,0473996050032917";"4,73996050032917"
"26/09/2021";"Southampton";"Wolves";"IW";"Casa de apuestas";"2,25";"3,15";"3,45";"0,4444444444444444";"0,3174603174603174";"0,2898550724637681";"1,05175983436853";"0,0517598343685299";"5,17598343685299"
"26/09/2021";"Arsenal";"Tottenham";"IW";"Casa de apuestas";"2,15";"3,25";"3,55";"0,4651162790697674";"0,3076923076923077";"0,2816901408450704";"1,05449872760715";"0,0544987276071456";"5,44987276071456"
"27/09/2021";"Crystal Palace";"Brighton";"IW";"Casa de apuestas";"2,90";"3,05";"2,65";"0,3448275862068966";"0,3278688524590164";"0,3773584905660378";"1,05005492923195";"0,0500549292319508";"5,00549292319508"
"02/10/2021";"Man United";"Everton";"IW";"Casa de apuestas";"1,60";"3,95";"5,75";"0,6250000000000000";"0,2531645569620253";"0,1739130434782609";"1,05207760044029";"0,0520776004402861";"5,20776004402861"
"02/10/2021";"Burnley";"Norwich";"IW";"Casa de apuestas";"1,95";"3,50";"3,90";"0,5128205128205129";"0,2857142857142857";"0,2564102564102564";"1,05494505494505";"0,0549450549450550";"5,49450549450550"
"02/10/2021";"Chelsea";"Southampton";"IW";"Casa de apuestas";"1,37";"4,90";"8,25";"0,7299270072992701";"0,2040816326530612";"0,1212121212121212";"1,05522076116445";"0,0552207611644526";"5,52207611644526"
"02/10/2021";"Leeds";"Watford";"IW";"Casa de apuestas";"1,75";"3,95";"4,30";"0,5714285714285714";"0,2531645569620253";"0,2325581395348837";"1,05715126792548";"0,0571512679254804";"5,71512679254804"
"02/10/2021";"Wolves";"Newcastle";"IW";"Casa de apuestas";"1,77";"3,70";"4,60";"0,5649717514124294";"0,2702702702702702";"0,2173913043478261";"1,05263332603053";"0,0526333260305258";"5,26333260305258"
"02/10/2021";"Brighton";"Arsenal";"IW";"Casa de apuestas";"3,25";"3,25";"2,30";"0,3076923076923077";"0,3076923076923077";"0,4347826086956522";"1,05016722408027";"0,0501672240802677";"5,01672240802677"
"03/10/2021";"Crystal Palace";"Leicester";"IW";"Casa de apuestas";"2,85";"3,15";"2,60";"0,3508771929824561";"0,3174603174603174";"0,3846153846153846";"1,05295289505816";"0,0529528950581581";"5,29528950581581"
"03/10/2021";"Tottenham";"Aston Villa";"IW";"Casa de apuestas";"2,10";"3,35";"3,55";"0,4761904761904762";"0,2985074626865671";"0,2816901408450704";"1,05638807972211";"0,0563880797221137";"5,63880797221137"
"03/10/2021";"West Ham";"Brentford";"IW";"Casa de apuestas";"1,80";"3,70";"4,50";"0,5555555555555556";"0,2702702702702702";"0,2222222222222222";"1,04804804804805";"0,0480480480480479";"4,80480480480479"
"03/10/2021";"Liverpool";"Man City";"IW";"Casa de apuestas";"2,90";"3,40";"2,45";"0,3448275862068966";"0,2941176470588235";"0,4081632653061224";"1,04710849857184";"0,0471084985718426";"4,71084985718426"
"16/10/2021";"Watford";"Liverpool";"IW";"Casa de apuestas";"8,00";"5,25";"1,35";"0,1250000000000000";"0,1904761904761905";"0,7407407407407407";"1,05621693121693";"0,0562169312169312";"5,62169312169312"
"16/10/2021";"Aston Villa";"Wolves";"IW";"Casa de apuestas";"2,10";"3,15";"3,80";"0,4761904761904762";"0,3174603174603174";"0,2631578947368421";"1,05680868838764";"0,0568086883876358";"5,68086883876358"
"16/10/2021";"Leicester";"Man United";"IW";"Casa de apuestas";"3,50";"3,75";"2,00";"0,2857142857142857";"0,2666666666666667";"0,5000000000000000";"1,05238095238095";"0,0523809523809524";"5,23809523809524"
"16/10/2021";"Man City";"Burnley";"IW";"Casa de apuestas";"1,15";"8,75";"18,00";"0,8695652173913044";"0,1142857142857143";"0,0555555555555556";"1,03940648723257";"0,0394064872325743";"3,94064872325743"
"16/10/2021";"Norwich";"Brighton";"IW";"Casa de apuestas";"4,00";"3,40";"1,95";"0,2500000000000000";"0,2941176470588235";"0,5128205128205129";"1,05693815987934";"0,0569381598793366";"5,69381598793366"
"16/10/2021";"Southampton";"Leeds";"IW";"Casa de apuestas";"2,10";"3,55";"3,35";"0,4761904761904762";"0,2816901408450704";"0,2985074626865671";"1,05638807972211";"0,0563880797221137";"5,63880797221137"
"16/10/2021";"Brentford";"Chelsea";"IW";"Casa de apuestas";"5,25";"3,85";"1,65";"0,1904761904761905";"0,2597402597402597";"0,6060606060606061";"1,05627705627706";"0,0562770562770563";"5,62770562770563"
"17/10/2021";"Everton";"West Ham";"IW";"Casa de apuestas";"2,85";"3,25";"2,55";"0,3508771929824561";"0,3076923076923077";"0,3921568627450981";"1,05072636341986";"0,0507263634198618";"5,07263634198618"
"17/10/2021";"Newcastle";"Tottenham";"IW";"Casa de apuestas";"3,50";"3,55";"2,05";"0,2857142857142857";"0,2816901408450704";"0,4878048780487805";"1,05520930460814";"0,0552093046081366";"5,52093046081366"
"18/10/2021";"Arsenal";"Crystal Palace";"IW";"Casa de apuestas";"1,63";"3,95";"5,50";"0,6134969325153374";"0,2531645569620253";"0,1818181818181818";"1,04847967129554";"0,0484796712955446";"4,84796712955446"
"22/10/2021";"Arsenal";"Aston Villa";"IW";"Casa de apuestas";"1,95";"3,60";"3,85";"0,5128205128205129";"0,2777777777777778";"0,2597402597402597";"1,05033855033855";"0,0503385503385503";"5,03385503385503"
"23/10/2021";"Chelsea";"Norwich";"IW";"Casa de apuestas";"1,22";"6,25";"16,00";"0,8196721311475410";"0,1600000000000000";"0,0625000000000000";"1,04217213114754";"0,0421721311475411";"4,21721311475411"
"23/10/2021";"Crystal Palace";"Newcastle";"IW";"Casa de apuestas";"1,90";"3,50";"4,20";"0,5263157894736842";"0,2857142857142857";"0,2380952380952381";"1,05012531328321";"0,0501253132832080";"5,01253132832080"
"23/10/2021";"Everton";"Watford";"IW";"Casa de apuestas";"1,80";"3,60";"4,60";"0,5555555555555556";"0,2777777777777778";"0,2173913043478261";"1,05072463768116";"0,0507246376811594";"5,07246376811594"
"23/10/2021";"Leeds";"Wolves";"IW";"Casa de apuestas";"2,40";"3,35";"3,00";"0,4166666666666667";"0,2985074626865671";"0,3333333333333333";"1,04850746268657";"0,0485074626865671";"4,85074626865671"
"23/10/2021";"Southampton";"Burnley";"IW";"Casa de apuestas";"1,95";"3,60";"3,80";"0,5128205128205129";"0,2777777777777778";"0,2631578947368421";"1,05375618533513";"0,0537561853351327";"5,37561853351327"
"23/10/2021";"Brighton";"Man City";"IW";"Casa de apuestas";"8,00";"4,70";"1,40";"0,1250000000000000";"0,2127659574468085";"0,7142857142857143";"1,05205167173252";"0,0520516717325228";"5,20516717325228"
"24/10/2021";"Brentford";"Leicester";"IW";"Casa de apuestas";"2,70";"3,35";"2,60";"0,3703703703703703";"0,2985074626865671";"0,3846153846153846";"1,05349321767232";"0,0534932176723220";"5,34932176723220"
"24/10/2021";"West Ham";"Tottenham";"IW";"Casa de apuestas";"2,40";"3,45";"2,95";"0,4166666666666667";"0,2898550724637681";"0,3389830508474576";"1,04550478997789";"0,0455047899778924";"4,55047899778924"
"24/10/2021";"Man United";"Liverpool";"IW";"Casa de apuestas";"2,95";"3,50";"2,35";"0,3389830508474576";"0,2857142857142857";"0,4255319148936170";"1,05022925145536";"0,0502292514553604";"5,02292514553604"
"30/10/2021";"Leicester";"Arsenal";"IW";"Casa de apuestas";"2,50";"3,45";"2,80";"0,4000000000000000";"0,2898550724637681";"0,3571428571428572";"1,04699792960663";"0,0469979296066254";"4,69979296066254"
"30/10/2021";"Burnley";"Brentford";"IW";"Casa de apuestas";"2,60";"3,05";"2,95";"0,3846153846153846";"0,3278688524590164";"0,3389830508474576";"1,05146728792186";"0,0514672879218585";"5,14672879218585"
"30/10/2021";"Liverpool";"Brighton";"IW";"Casa de apuestas";"1,27";"6,00";"10,00";"0,7874015748031495";"0,1666666666666667";"0,1000000000000000";"1,05406824146982";"0,0540682414698161";"5,40682414698161"
"30/10/2021";"Man City";"Crystal Palace";"IW";"Casa de apuestas";"1,15";"8,25";"19,00";"0,8695652173913044";"0,1212121212121212";"0,0526315789473684";"1,04340891755079";"0,0434089175507941";"4,34089175507941"
"30/10/2021";"Newcastle";"Chelsea";"IW";"Casa de apuestas";"7,00";"4,50";"1,47";"0,1428571428571428";"0,2222222222222222";"0,6802721088435374";"1,04535147392290";"0,0453514739229024";"4,53514739229024"
"30/10/2021";"Watford";"Southampton";"IW";"Casa de apuestas";"3,15";"3,50";"2,25";"0,3174603174603174";"0,2857142857142857";"0,4444444444444444";"1,04761904761905";"0,0476190476190474";"4,76190476190474"
"30/10/2021";"Tottenham";"Man United";"IW";"Casa de apuestas";"3,15";"3,40";"2,30";"0,3174603174603174";"0,2941176470588235";"0,4347826086956522";"1,04636057321479";"0,0463605732147934";"4,63605732147934"
"31/10/2021";"Norwich";"Leeds";"IW";"Casa de apuestas";"3,70";"3,60";"2,00";"0,2702702702702702";"0,2777777777777778";"0,5000000000000000";"1,04804804804805";"0,0480480480480481";"4,80480480480481"
"31/10/2021";"Aston Villa";"West Ham";"IW";"Casa de apuestas";"3,00";"3,45";"2,35";"0,3333333333333333";"0,2898550724637681";"0,4255319148936170";"1,04872032069072";"0,0487203206907185";"4,87203206907185"
"01/11/2021";"Wolves";"Everton";"IW";"Casa de apuestas";"2,20";"3,10";"3,60";"0,4545454545454545";"0,3225806451612903";"0,2777777777777778";"1,05490387748452";"0,0549038774845227";"5,49038774845227"
"05/11/2021";"Southampton";"Aston Villa";"IW";"Casa de apuestas";"2,00";"3,55";"3,65";"0,5000000000000000";"0,2816901408450704";"0,2739726027397260";"1,05566274358480";"0,0556627435847965";"5,56627435847965"
"06/11/2021";"Man United";"Man City";"IW";"Casa de apuestas";"4,60";"3,75";"1,75";"0,2173913043478261";"0,2666666666666667";"0,5714285714285714";"1,05548654244306";"0,0554865424430642";"5,54865424430642"
"06/11/2021";"Brentford";"Norwich";"IW";"Casa de apuestas";"1,73";"3,65";"5,00";"0,5780346820809249";"0,2739726027397260";"0,2000000000000000";"1,05200728482065";"0,0520072848206510";"5,20072848206510"
"06/11/2021";"Chelsea";"Burnley";"IW";"Casa de apuestas";"1,25";"5,75";"14,00";"0,8000000000000000";"0,1739130434782609";"0,0714285714285714";"1,04534161490683";"0,0453416149068324";"4,53416149068324"
"06/11/2021";"Crystal Palace";"Wolves";"IW";"Casa de apuestas";"2,30";"3,05";"3,45";"0,4347826086956522";"0,3278688524590164";"0,2898550724637681";"1,05250653361844";"0,0525065336184367";"5,25065336184367"
"06/11/2021";"Brighton";"Newcastle";"IW";"Casa de apuestas";"1,65";"3,80";"5,50";"0,6060606060606061";"0,2631578947368421";"0,1818181818181818";"1,05103668261563";"0,0510366826156301";"5,10366826156301"
"07/11/2021";"Arsenal";"Watford";"IW";"Casa de apuestas";"1,45";"4,70";"6,50";"0,6896551724137931";"0,2127659574468085";"0,1538461538461539";"1,05626728370676";"0,0562672837067555";"5,62672837067555"
"07/11/2021";"Everton";"Tottenham";"IW";"Casa de apuestas";"3,25";"3,30";"2,25";"0,3076923076923077";"0,3030303030303030";"0,4444444444444444";"1,05516705516706";"0,0551670551670551";"5,51670551670551"
"07/11/2021";"Leeds";"Leicester";"IW";"Casa de apuestas";"2,60";"3,35";"2,70";"0,3846153846153846";"0,2985074626865671";"0,3703703703703703";"1,05349321767232";"0,0534932176723220";"5,34932176723220"
"07/11/2021";"West Ham";"Liverpool";"IW";"Casa de apuestas";"4,60";"4,10";"1,70";"0,2173913043478261";"0,2439024390243903";"0,5882352941176471";"1,04952903748986";"0,0495290374898634";"4,95290374898634"
"20/11/2021";"Leicester";"Chelsea";"IW";"Casa de apuestas";"4,70";"3,65";"1,77";"0,2127659574468085";"0,2739726027397260";"0,5649717514124294";"1,05171031159896";"0,0517103115989639";"5,17103115989639"
"20/11/2021";"Aston Villa";"Brighton";"IW";"Casa de apuestas";"2,45";"3,30";"3,00";"0,4081632653061224";"0,3030303030303030";"0,3333333333333333";"1,04452690166976";"0,0445269016697587";"4,45269016697587"
"20/11/2021";"Burnley";"Crystal Palace";"IW";"Casa de apuestas";"2,85";"3,05";"2,70";"0,3508771929824561";"0,3278688524590164";"0,3703703703703703";"1,04911641581184";"0,0491164158118429";"4,91164158118429"
"20/11/2021";"Newcastle";"Brentford";"IW";"Casa de apuestas";"2,45";"3,35";"2,90";"0,4081632653061224";"0,2985074626865671";"0,3448275862068966";"1,05149831419959";"0,0514983141995862";"5,14983141995862"
"20/11/2021";"Norwich";"Southampton";"IW";"Casa de apuestas";"3,40";"3,40";"2,15";"0,2941176470588235";"0,2941176470588235";"0,4651162790697674";"1,05335157318741";"0,0533515731874146";"5,33515731874146"
"20/11/2021";"Watford";"Man United";"IW";"Casa de apuestas";"5,75";"4,40";"1,55";"0,1739130434782609";"0,2272727272727273";"0,6451612903225806";"1,04634706107357";"0,0463470610735688";"4,63470610735688"
"20/11/2021";"Wolves";"West Ham";"IW";"Casa de apuestas";"3,10";"3,15";"2,40";"0,3225806451612903";"0,3174603174603174";"0,4166666666666667";"1,05670762928827";"0,0567076292882744";"5,67076292882744"
"20/11/2021";"Liverpool";"Arsenal";"IW";"Casa de apuestas";"1,57";"4,40";"5,25";"0,6369426751592356";"0,2272727272727273";"0,1904761904761905";"1,05469159290815";"0,0546915929081533";"5,46915929081533"
"21/11/2021";"Man City";"Everton";"IW";"Casa de apuestas";"1,22";"6,50";"13,00";"0,8196721311475410";"0,1538461538461539";"0,0769230769230769";"1,05044136191677";"0,0504413619167718";"5,04413619167718"
"21/11/2021";"Tottenham";"Leeds";"IW";"Casa de apuestas";"1,60";"4,00";"5,50";"0,6250000000000000";"0,2500000000000000";"0,1818181818181818";"1,05681818181818";"0,0568181818181819";"5,68181818181819"
"27/11/2021";"Arsenal";"Newcastle";"IW";"Casa de apuestas";"1,50";"4,50";"6,25";"0,6666666666666666";"0,2222222222222222";"0,1600000000000000";"1,04888888888889";"0,0488888888888888";"4,88888888888888"
"27/11/2021";"Crystal Palace";"Aston Villa";"IW";"Casa de apuestas";"2,30";"3,15";"3,35";"0,4347826086956522";"0,3174603174603174";"0,2985074626865671";"1,05075038884254";"0,0507503888425367";"5,07503888425367"
"27/11/2021";"Liverpool";"Southampton";"IW";"Casa de apuestas";"1,30";"6,00";"9,00";"0,7692307692307692";"0,1666666666666667";"0,1111111111111111";"1,04700854700855";"0,0470085470085468";"4,70085470085468"
"27/11/2021";"Norwich";"Wolves";"IW";"Casa de apuestas";"3,50";"3,20";"2,20";"0,2857142857142857";"0,3125000000000000";"0,4545454545454545";"1,05275974025974";"0,0527597402597402";"5,27597402597402"
"27/11/2021";"Brighton";"Leeds";"IW";"Casa de apuestas";"2,15";"3,35";"3,45";"0,4651162790697674";"0,2985074626865671";"0,2898550724637681";"1,05347881422010";"0,0534788142201026";"5,34788142201026"
"28/11/2021";"Brentford";"Everton";"IW";"Casa de apuestas";"2,25";"3,15";"3,45";"0,4444444444444444";"0,3174603174603174";"0,2898550724637681";"1,05175983436853";"0,0517598343685299";"5,17598343685299"
"28/11/2021";"Leicester";"Watford";"IW";"Casa de apuestas";"1,70";"3,65";"5,50";"0,5882352941176471";"0,2739726027397260";"0,1818181818181818";"1,04402607867555";"0,0440260786755549";"4,40260786755549"
"28/11/2021";"Man City";"West Ham";"IW";"Casa de apuestas";"1,27";"5,75";"12,00";"0,7874015748031495";"0,1739130434782609";"0,0833333333333333";"1,04464795161474";"0,0446479516147438";"4,46479516147438"
"28/11/2021";"Chelsea";"Man United";"IW";"Casa de apuestas";"1,57";"4,10";"6,00";"0,6369426751592356";"0,2439024390243903";"0,1666666666666667";"1,04751178085029";"0,0475117808502925";"4,75117808502925"
"30/11/2021";"Newcastle";"Norwich";"IW";"Casa de apuestas";"2,15";"3,40";"3,45";"0,4651162790697674";"0,2941176470588235";"0,2898550724637681";"1,04908899859236";"0,0490889985923590";"4,90889985923590"
"30/11/2021";"Leeds";"Crystal Palace";"IW";"Casa de apuestas";"2,20";"3,20";"3,55";"0,4545454545454545";"0,3125000000000000";"0,2816901408450704";"1,04873559539053";"0,0487355953905251";"4,87355953905251"
"01/12/2021";"Southampton";"Leicester";"IW";"Casa de apuestas";"2,30";"3,40";"3,10";"0,4347826086956522";"0,2941176470588235";"0,3225806451612903";"1,05148090091577";"0,0514809009157660";"5,14809009157660"
"01/12/2021";"Watford";"Chelsea";"IW";"Casa de apuestas";"9,50";"5,50";"1,30";"0,1052631578947368";"0,1818181818181818";"0,7692307692307692";"1,05631210894369";"0,0563121089436878";"5,63121089436878"
"01/12/2021";"West Ham";"Brighton";"IW";"Casa de apuestas";"2,00";"3,35";"3,85";"0,5000000000000000";"0,2985074626865671";"0,2597402597402597";"1,05824772242683";"0,0582477224268270";"5,82477224268270"
"01/12/2021";"Wolves";"Burnley";"IW";"Casa de apuestas";"1,97";"3,35";"4,00";"0,5076142131979695";"0,2985074626865671";"0,2500000000000000";"1,05612167588454";"0,0561216758845366";"5,61216758845366"
"01/12/2021";"Aston Villa";"Man City";"IW";"Casa de apuestas";"8,00";"4,60";"1,43";"0,1250000000000000";"0,2173913043478261";"0,6993006993006994";"1,04169200364853";"0,0416920036485255";"4,16920036485255"
"01/12/2021";"Everton";"Liverpool";"IW";"Casa de apuestas";"7,75";"4,80";"1,40";"0,1290322580645161";"0,2083333333333333";"0,7142857142857143";"1,05165130568356";"0,0516513056835639";"5,16513056835639"
"02/12/2021";"Tottenham";"Brentford";"IW";"Casa de apuestas";"1,67";"3,80";"5,25";"0,5988023952095809";"0,2631578947368421";"0,1904761904761905";"1,05243648042261";"0,0524364804226134";"5,24364804226134"
"02/12/2021";"Man United";"Arsenal";"IW";"Casa de apuestas";"2,05";"3,50";"3,60";"0,4878048780487805";"0,2857142857142857";"0,2777777777777778";"1,05129694154084";"0,0512969415408442";"5,12969415408442"
"04/12/2021";"West Ham";"Chelsea";"IW";"Casa de apuestas";"4,60";"3,60";"1,80";"0,2173913043478261";"0,2777777777777778";"0,5555555555555556";"1,05072463768116";"0,0507246376811594";"5,07246376811594"
"04/12/2021";"Newcastle";"Burnley";"IW";"Casa de apuestas";"2,40";"3,40";"2,90";"0,4166666666666667";"0,2941176470588235";"0,3448275862068966";"1,05561189993239";"0,0556118999323867";"5,56118999323867"
"04/12/2021";"Southampton";"Brighton";"IW";"Casa de apuestas";"2,60";"3,15";"2,85";"0,3846153846153846";"0,3174603174603174";"0,3508771929824561";"1,05295289505816";"0,0529528950581581";"5,29528950581581"
"04/12/2021";"Wolves";"Liverpool";"IW";"Casa de apuestas";"8,00";"5,25";"1,37";"0,1250000000000000";"0,1904761904761905";"0,7299270072992701";"1,04540319777546";"0,0454031977754605";"4,54031977754605"
"04/12/2021";"Watford";"Man City";"IW";"Casa de apuestas";"12,00";"6,75";"1,22";"0,0833333333333333";"0,1481481481481481";"0,8196721311475410";"1,05115361262902";"0,0511536126290224";"5,11536126290224"
"05/12/2021";"Leeds";"Brentford";"IW";"Casa de apuestas";"1,80";"3,50";"4,70";"0,5555555555555556";"0,2857142857142857";"0,2127659574468085";"1,05403579871665";"0,0540357987166498";"5,40357987166498"
"05/12/2021";"Man United";"Crystal Palace";"IW";"Casa de apuestas";"1,53";"4,40";"6,00";"0,6535947712418301";"0,2272727272727273";"0,1666666666666667";"1,04753416518122";"0,0475341651812240";"4,75341651812240"
"05/12/2021";"Tottenham";"Norwich";"IW";"Casa de apuestas";"1,50";"4,40";"6,75";"0,6666666666666666";"0,2272727272727273";"0,1481481481481481";"1,04208754208754";"0,0420875420875420";"4,20875420875420"
"05/12/2021";"Aston Villa";"Leicester";"IW";"Casa de apuestas";"2,20";"3,45";"3,25";"0,4545454545454545";"0,2898550724637681";"0,3076923076923077";"1,05209283470153";"0,0520928347015304";"5,20928347015304"
"06/12/2021";"Everton";"Arsenal";"IW";"Casa de apuestas";"3,55";"3,40";"2,10";"0,2816901408450704";"0,2941176470588235";"0,4761904761904762";"1,05199826409437";"0,0519982640943701";"5,19982640943701"
"10/12/2021";"Brentford";"Watford";"IW";"Casa de apuestas";"2,50";"3,30";"2,90";"0,4000000000000000";"0,3030303030303030";"0,3448275862068966";"1,04785788923720";"0,0478578892371997";"4,78578892371997"
"11/12/2021";"Man City";"Wolves";"IW";"Casa de apuestas";"1,20";"6,75";"16,00";"0,8333333333333334";"0,1481481481481481";"0,0625000000000000";"1,04398148148148";"0,0439814814814814";"4,39814814814814"
"11/12/2021";"Arsenal";"Southampton";"IW";"Casa de apuestas";"1,73";"3,90";"4,50";"0,5780346820809249";"0,2564102564102564";"0,2222222222222222";"1,05666716071340";"0,0566671607134035";"5,66671607134035"
"11/12/2021";"Chelsea";"Leeds";"IW";"Casa de apuestas";"1,30";"5,50";"11,00";"0,7692307692307692";"0,1818181818181818";"0,0909090909090909";"1,04195804195804";"0,0419580419580419";"4,19580419580419"
"11/12/2021";"Liverpool";"Aston Villa";"IW";"Casa de apuestas";"1,25";"6,25";"11,00";"0,8000000000000000";"0,1600000000000000";"0,0909090909090909";"1,05090909090909";"0,0509090909090910";"5,09090909090910"
"11/12/2021";"Norwich";"Man United";"IW";"Casa de apuestas";"7,00";"4,60";"1,45";"0,1428571428571428";"0,2173913043478261";"0,6896551724137931";"1,04990361961876";"0,0499036196187621";"4,99036196187621"
"12/12/2021";"Burnley";"West Ham";"IW";"Casa de apuestas";"3,35";"3,45";"2,15";"0,2985074626865671";"0,2898550724637681";"0,4651162790697674";"1,05347881422010";"0,0534788142201026";"5,34788142201026"
"12/12/2021";"Leicester";"Newcastle";"IW";"Casa de apuestas";"1,75";"3,95";"4,40";"0,5714285714285714";"0,2531645569620253";"0,2272727272727273";"1,05186585566332";"0,0518658556633240";"5,18658556633240"
"12/12/2021";"Crystal Palace";"Everton";"IW";"Casa de apuestas";"2,20";"3,15";"3,55";"0,4545454545454545";"0,3174603174603174";"0,2816901408450704";"1,05369591285084";"0,0536959128508425";"5,36959128508425"
"14/12/2021";"Norwich";"Aston Villa";"IW";"Casa de apuestas";"3,60";"3,30";"2,15";"0,2777777777777778";"0,3030303030303030";"0,4651162790697674";"1,04592435987785";"0,0459243598778483";"4,59243598778483"
"14/12/2021";"Man City";"Leeds";"IW";"Casa de apuestas";"1,15";"8,75";"17,00";"0,8695652173913044";"0,1142857142857143";"0,0588235294117647";"1,04267446108878";"0,0426744610887835";"4,26744610887835"
"15/12/2021";"Brighton";"Wolves";"IW";"Casa de apuestas";"2,05";"3,15";"4,00";"0,4878048780487805";"0,3174603174603174";"0,2500000000000000";"1,05526519550910";"0,0552651955090979";"5,52651955090979"
"15/12/2021";"Crystal Palace";"Southampton";"IW";"Casa de apuestas";"2,10";"3,30";"3,70";"0,4761904761904762";"0,3030303030303030";"0,2702702702702702";"1,04949104949105";"0,0494910494910494";"4,94910494910494"
"15/12/2021";"Arsenal";"West Ham";"IW";"Casa de apuestas";"2,05";"3,55";"3,55";"0,4878048780487805";"0,2816901408450704";"0,2816901408450704";"1,05118515973892";"0,0511851597389215";"5,11851597389215"
"16/12/2021";"Chelsea";"Everton";"IW";"Casa de apuestas";"1,25";"6,25";"12,00";"0,8000000000000000";"0,1600000000000000";"0,0833333333333333";"1,04333333333333";"0,0433333333333334";"4,33333333333334"
"16/12/2021";"Liverpool";"Newcastle";"IW";"Casa de apuestas";"1,15";"8,25";"18,00";"0,8695652173913044";"0,1212121212121212";"0,0555555555555556";"1,04633289415898";"0,0463328941589811";"4,63328941589811"
"18/12/2021";"Leeds";"Arsenal";"IW";"Casa de apuestas";"5,25";"4,20";"1,60";"0,1904761904761905";"0,2380952380952381";"0,6250000000000000";"1,05357142857143";"0,0535714285714286";"5,35714285714286"
"19/12/2021";"Newcastle";"Man City";"IW";"Casa de apuestas";"19,00";"8,50";"1,15";"0,0526315789473684";"0,1176470588235294";"0,8695652173913044";"1,03984385516220";"0,0398438551622022";"3,98438551622022"
"19/12/2021";"Wolves";"Chelsea";"IW";"Casa de apuestas";"5,25";"3,50";"1,75";"0,1904761904761905";"0,2857142857142857";"0,5714285714285714";"1,04761904761905";"0,0476190476190474";"4,76190476190474"
"19/12/2021";"Tottenham";"Liverpool";"IW";"Casa de apuestas";"4,60";"4,10";"1,70";"0,2173913043478261";"0,2439024390243903";"0,5882352941176471";"1,04952903748986";"0,0495290374898634";"4,95290374898634"
"26/12/2021";"Man City";"Leicester";"IW";"Casa de apuestas";"1,17";"8,25";"14,00";"0,8547008547008548";"0,1212121212121212";"0,0714285714285714";"1,04734154734155";"0,0473415473415475";"4,73415473415475"
"26/12/2021";"Norwich";"Arsenal";"IW";"Casa de apuestas";"6,00";"4,50";"1,53";"0,1666666666666667";"0,2222222222222222";"0,6535947712418301";"1,04248366013072";"0,0424836601307188";"4,24836601307188"
"26/12/2021";"Tottenham";"Crystal Palace";"IW";"Casa de apuestas";"1,70";"3,75";"5,25";"0,5882352941176471";"0,2666666666666667";"0,1904761904761905";"1,04537815126050";"0,0453781512605043";"4,53781512605043"
"26/12/2021";"West Ham";"Southampton";"IW";"Casa de apuestas";"1,95";"3,60";"3,85";"0,5128205128205129";"0,2777777777777778";"0,2597402597402597";"1,05033855033855";"0,0503385503385503";"5,03385503385503"
"26/12/2021";"Aston Villa";"Chelsea";"IW";"Casa de apuestas";"4,90";"3,70";"1,73";"0,2040816326530612";"0,2702702702702702";"0,5780346820809249";"1,05238658500426";"0,0523865850042564";"5,23865850042564"
"26/12/2021";"Brighton";"Brentford";"IW";"Casa de apuestas";"1,95";"3,40";"4,10";"0,5128205128205129";"0,2941176470588235";"0,2439024390243903";"1,05084059890373";"0,0508405989037266";"5,08405989037266"
"27/12/2021";"Newcastle";"Man United";"IW";"Casa de apuestas";"5,75";"4,50";"1,53";"0,1739130434782609";"0,2222222222222222";"0,6535947712418301";"1,04973003694231";"0,0497300369423130";"4,97300369423130"
"28/12/2021";"Crystal Palace";"Norwich";"IW";"Casa de apuestas";"1,75";"3,50";"5,00";"0,5714285714285714";"0,2857142857142857";"0,2000000000000000";"1,05714285714286";"0,0571428571428572";"5,71428571428572"
"28/12/2021";"Southampton";"Tottenham";"IW";"Casa de apuestas";"3,70";"3,35";"2,10";"0,2702702702702702";"0,2985074626865671";"0,4761904761904762";"1,04496820914731";"0,0449682091473136";"4,49682091473136"
"28/12/2021";"Watford";"West Ham";"IW";"Casa de apuestas";"3,40";"3,65";"2,10";"0,2941176470588235";"0,2739726027397260";"0,4761904761904762";"1,04428072598903";"0,0442807259890259";"4,42807259890259"
"28/12/2021";"Leicester";"Liverpool";"IW";"Casa de apuestas";"7,50";"5,75";"1,35";"0,1333333333333333";"0,1739130434782609";"0,7407407407407407";"1,04798711755233";"0,0479871175523350";"4,79871175523350"
"29/12/2021";"Chelsea";"Brighton";"IW";"Casa de apuestas";"1,40";"4,70";"8,25";"0,7142857142857143";"0,2127659574468085";"0,1212121212121212";"1,04826379294464";"0,0482637929446441";"4,82637929446441"
"29/12/2021";"Brentford";"Man City";"IW";"Casa de apuestas";"15,00";"7,50";"1,17";"0,0666666666666667";"0,1333333333333333";"0,8547008547008548";"1,05470085470085";"0,0547008547008547";"5,47008547008547"
"30/12/2021";"Man United";"Burnley";"IW";"Casa de apuestas";"1,40";"4,70";"7,75";"0,7142857142857143";"0,2127659574468085";"0,1290322580645161";"1,05608392979704";"0,0560839297970390";"5,60839297970390"
"01/01/2022";"Arsenal";"Man City";"IW";"Casa de apuestas";"4,80";"4,10";"1,65";"0,2083333333333333";"0,2439024390243903";"0,6060606060606061";"1,05829637841833";"0,0582963784183297";"5,82963784183297"
"01/01/2022";"Watford";"Tottenham";"IW";"Casa de apuestas";"5,50";"4,10";"1,63";"0,1818181818181818";"0,2439024390243903";"0,6134969325153374";"1,03921755335791";"0,0392175533579096";"3,92175533579096"
"01/01/2022";"Crystal Palace";"West Ham";"IW";"Casa de apuestas";"3,35";"3,25";"2,25";"0,2985074626865671";"0,3076923076923077";"0,4444444444444444";"1,05064421482332";"0,0506442148233193";"5,06442148233193"
"02/01/2022";"Brentford";"Aston Villa";"IW";"Casa de apuestas";"2,85";"3,15";"2,60";"0,3508771929824561";"0,3174603174603174";"0,3846153846153846";"1,05295289505816";"0,0529528950581581";"5,29528950581581"
"02/01/2022";"Everton";"Brighton";"IW";"Casa de apuestas";"2,85";"3,05";"2,70";"0,3508771929824561";"0,3278688524590164";"0,3703703703703703";"1,04911641581184";"0,0491164158118429";"4,91164158118429"
"02/01/2022";"Leeds";"Burnley";"IW";"Casa de apuestas";"2,00";"3,60";"3,60";"0,5000000000000000";"0,2777777777777778";"0,2777777777777778";"1,05555555555556";"0,0555555555555556";"5,55555555555556"
"02/01/2022";"Chelsea";"Liverpool";"IW";"Casa de apuestas";"2,65";"3,35";"2,65";"0,3773584905660378";"0,2985074626865671";"0,3773584905660378";"1,05322444381864";"0,0532244438186427";"5,32244438186427"
"03/01/2022";"Man United";"Wolves";"IW";"Casa de apuestas";"1,70";"3,65";"5,50";"0,5882352941176471";"0,2739726027397260";"0,1818181818181818";"1,04402607867555";"0,0440260786755549";"4,40260786755549"
"11/01/2022";"Southampton";"Brentford";"IW";"Casa de apuestas";"2,20";"3,20";"3,60";"0,4545454545454545";"0,3125000000000000";"0,2777777777777778";"1,04482323232323";"0,0448232323232323";"4,48232323232323"
"12/01/2022";"West Ham";"Norwich";"IW";"Casa de apuestas";"1,45";"4,70";"6,75";"0,6896551724137931";"0,2127659574468085";"0,1481481481481481";"1,05056927800875";"0,0505692780087497";"5,05692780087497"
"14/01/2022";"Brighton";"Crystal Palace";"IW";"Casa de apuestas";"2,10";"3,25";"3,70";"0,4761904761904762";"0,3076923076923077";"0,2702702702702702";"1,05415305415305";"0,0541530541530542";"5,41530541530542"
"15/01/2022";"Man City";"Chelsea";"IW";"Casa de apuestas";"1,67";"3,95";"5,25";"0,5988023952095809";"0,2531645569620253";"0,1904761904761905";"1,04244314264780";"0,0424431426477967";"4,24431426477967"
"15/01/2022";"Newcastle";"Watford";"IW";"Casa de apuestas";"1,83";"3,75";"4,20";"0,5464480874316939";"0,2666666666666667";"0,2380952380952381";"1,05120999219360";"0,0512099921935987";"5,12099921935987"
"15/01/2022";"Norwich";"Everton";"IW";"Casa de apuestas";"3,30";"3,30";"2,25";"0,3030303030303030";"0,3030303030303030";"0,4444444444444444";"1,05050505050505";"0,0505050505050506";"5,05050505050506"
"15/01/2022";"Wolves";"Southampton";"IW";"Casa de apuestas";"2,45";"3,05";"3,20";"0,4081632653061224";"0,3278688524590164";"0,3125000000000000";"1,04853211776514";"0,0485321177651388";"4,85321177651388"
"15/01/2022";"Aston Villa";"Man United";"IW";"Casa de apuestas";"2,55";"3,35";"2,75";"0,3921568627450981";"0,2985074626865671";"0,3636363636363636";"1,05430068906803";"0,0543006890680289";"5,43006890680289"
"16/01/2022";"Liverpool";"Brentford";"IW";"Casa de apuestas";"1,27";"6,00";"11,00";"0,7874015748031495";"0,1666666666666667";"0,0909090909090909";"1,04497733237891";"0,0449773323789071";"4,49773323789071"
"16/01/2022";"West Ham";"Leeds";"IW";"Casa de apuestas";"1,67";"4,20";"4,60";"0,5988023952095809";"0,2380952380952381";"0,2173913043478261";"1,05428893765265";"0,0542889376526452";"5,42889376526452"
"18/01/2022";"Brighton";"Chelsea";"IW";"Casa de apuestas";"5,25";"3,70";"1,70";"0,1904761904761905";"0,2702702702702702";"0,5882352941176471";"1,04898175486411";"0,0489817548641078";"4,89817548641078"
"19/01/2022";"Leicester";"Tottenham";"IW";"Casa de apuestas";"3,15";"3,30";"2,30";"0,3174603174603174";"0,3030303030303030";"0,4347826086956522";"1,05527322918627";"0,0552732291862728";"5,52732291862728"
"19/01/2022";"Brentford";"Man United";"IW";"Casa de apuestas";"4,50";"3,50";"1,85";"0,2222222222222222";"0,2857142857142857";"0,5405405405405405";"1,04847704847705";"0,0484770484770483";"4,84770484770483"
"21/01/2022";"Watford";"Norwich";"IW";"Casa de apuestas";"2,05";"3,45";"3,65";"0,4878048780487805";"0,2898550724637681";"0,2739726027397260";"1,05163255325227";"0,0516325532522748";"5,16325532522748"
"22/01/2022";"Everton";"Aston Villa";"IW";"Casa de apuestas";"2,70";"3,30";"2,65";"0,3703703703703703";"0,3030303030303030";"0,3773584905660378";"1,05075916396671";"0,0507591639667111";"5,07591639667111"
"22/01/2022";"Brentford";"Wolves";"IW";"Casa de apuestas";"2,50";"2,95";"3,20";"0,4000000000000000";"0,3389830508474576";"0,3125000000000000";"1,05148305084746";"0,0514830508474575";"5,14830508474575"
"22/01/2022";"Leeds";"Newcastle";"IW";"Casa de apuestas";"1,90";"3,85";"3,90";"0,5263157894736842";"0,2597402597402597";"0,2564102564102564";"1,04246630562420";"0,0424663056242003";"4,24663056242003"
"22/01/2022";"Man United";"West Ham";"IW";"Casa de apuestas";"2,10";"3,60";"3,40";"0,4761904761904762";"0,2777777777777778";"0,2941176470588235";"1,04808590102708";"0,0480859010270775";"4,80859010270775"
"22/01/2022";"Southampton";"Man City";"IW";"Casa de apuestas";"8,50";"5,50";"1,33";"0,1176470588235294";"0,1818181818181818";"0,7518796992481203";"1,05134493988983";"0,0513449398898316";"5,13449398898316"
"23/01/2022";"Arsenal";"Burnley";"IW";"Casa de apuestas";"1,30";"5,50";"9,50";"0,7692307692307692";"0,1818181818181818";"0,1052631578947368";"1,05631210894369";"0,0563121089436880";"5,63121089436880"
"23/01/2022";"Crystal Palace";"Liverpool";"IW";"Casa de apuestas";"5,75";"4,20";"1,57";"0,1739130434782609";"0,2380952380952381";"0,6369426751592356";"1,04895095673273";"0,0489509567327346";"4,89509567327346"
"23/01/2022";"Leicester";"Brighton";"IW";"Casa de apuestas";"2,60";"3,45";"2,65";"0,3846153846153846";"0,2898550724637681";"0,3773584905660378";"1,05182894764519";"0,0518289476451903";"5,18289476451903"
"23/01/2022";"Chelsea";"Tottenham";"IW";"Casa de apuestas";"1,73";"3,70";"4,90";"0,5780346820809249";"0,2702702702702702";"0,2040816326530612";"1,05238658500426";"0,0523865850042564";"5,23865850042564"
"05/02/2022";"Burnley";"Watford";"IW";"Casa de apuestas";"2,20";"3,15";"3,55";"0,4545454545454545";"0,3174603174603174";"0,2816901408450704";"1,05369591285084";"0,0536959128508425";"5,36959128508425"
"08/02/2022";"Newcastle";"Everton";"IW";"Casa de apuestas";"2,45";"3,25";"2,95";"0,4081632653061224";"0,3076923076923077";"0,3389830508474576";"1,05483862384589";"0,0548386238458878";"5,48386238458878"
"08/02/2022";"West Ham";"Watford";"IW";"Casa de apuestas";"1,55";"4,20";"6,00";"0,6451612903225806";"0,2380952380952381";"0,1666666666666667";"1,04992319508449";"0,0499231950844854";"4,99231950844854"
"08/02/2022";"Burnley";"Man United";"IW";"Casa de apuestas";"5,75";"4,10";"1,57";"0,1739130434782609";"0,2439024390243903";"0,6369426751592356";"1,05475815766189";"0,0547581576618867";"5,47581576618867"
"09/02/2022";"Man City";"Brentford";"IW";"Casa de apuestas";"1,10";"9,50";"27,00";"0,9090909090909091";"0,1052631578947368";"0,0370370370370370";"1,05139110402268";"0,0513911040226829";"5,13911040226829"
"09/02/2022";"Norwich";"Crystal Palace";"IW";"Casa de apuestas";"3,35";"3,20";"2,25";"0,2985074626865671";"0,3125000000000000";"0,4444444444444444";"1,05545190713101";"0,0554519071310116";"5,54519071310116"
"09/02/2022";"Tottenham";"Southampton";"IW";"Casa de apuestas";"1,60";"4,10";"5,50";"0,6250000000000000";"0,2439024390243903";"0,1818181818181818";"1,05072062084257";"0,0507206208425721";"5,07206208425721"
"09/02/2022";"Aston Villa";"Leeds";"IW";"Casa de apuestas";"1,85";"3,80";"3,95";"0,5405405405405405";"0,2631578947368421";"0,2531645569620253";"1,05686299223941";"0,0568629922394079";"5,68629922394079"
"10/02/2022";"Liverpool";"Leicester";"IW";"Casa de apuestas";"1,27";"6,25";"10,00";"0,7874015748031495";"0,1600000000000000";"0,1000000000000000";"1,04740157480315";"0,0474015748031495";"4,74015748031495"
"10/02/2022";"Wolves";"Arsenal";"IW";"Casa de apuestas";"3,55";"3,05";"2,25";"0,2816901408450704";"0,3278688524590164";"0,4444444444444444";"1,05400343774853";"0,0540034377485312";"5,40034377485312"
"12/02/2022";"Man United";"Southampton";"IW";"Casa de apuestas";"1,65";"4,10";"4,90";"0,6060606060606061";"0,2439024390243903";"0,2040816326530612";"1,05404467773806";"0,0540446777380574";"5,40446777380574"
"12/02/2022";"Brentford";"Crystal Palace";"IW";"Casa de apuestas";"2,95";"3,00";"2,65";"0,3389830508474576";"0,3333333333333333";"0,3773584905660378";"1,04967487474683";"0,0496748747468287";"4,96748747468287"
"12/02/2022";"Everton";"Leeds";"IW";"Casa de apuestas";"2,40";"3,50";"2,85";"0,4166666666666667";"0,2857142857142857";"0,3508771929824561";"1,05325814536341";"0,0532581453634084";"5,32581453634084"
"12/02/2022";"Watford";"Brighton";"IW";"Casa de apuestas";"3,70";"3,25";"2,10";"0,2702702702702702";"0,3076923076923077";"0,4761904761904762";"1,05415305415305";"0,0541530541530539";"5,41530541530539"
"12/02/2022";"Norwich";"Man City";"IW";"Casa de apuestas";"15,00";"6,75";"1,20";"0,0666666666666667";"0,1481481481481481";"0,8333333333333334";"1,04814814814815";"0,0481481481481483";"4,81481481481483"
"13/02/2022";"Burnley";"Liverpool";"IW";"Casa de apuestas";"11,00";"6,00";"1,27";"0,0909090909090909";"0,1666666666666667";"0,7874015748031495";"1,04497733237891";"0,0449773323789071";"4,49773323789071"
"13/02/2022";"Newcastle";"Aston Villa";"IW";"Casa de apuestas";"2,75";"3,35";"2,55";"0,3636363636363636";"0,2985074626865671";"0,3921568627450981";"1,05430068906803";"0,0543006890680289";"5,43006890680289"
"13/02/2022";"Tottenham";"Wolves";"IW";"Casa de apuestas";"1,70";"3,55";"5,50";"0,5882352941176471";"0,2816901408450704";"0,1818181818181818";"1,05174361678090";"0,0517436167808993";"5,17436167808993"
"13/02/2022";"Leicester";"West Ham";"IW";"Casa de apuestas";"2,85";"3,45";"2,45";"0,3508771929824561";"0,2898550724637681";"0,4081632653061224";"1,04889553075235";"0,0488955307523466";"4,88955307523466"
"15/02/2022";"Man United";"Brighton";"IW";"Casa de apuestas";"1,90";"3,55";"4,20";"0,5263157894736842";"0,2816901408450704";"0,2380952380952381";"1,04610116841399";"0,0461011684139927";"4,61011684139927"
"19/02/2022";"West Ham";"Newcastle";"IW";"Casa de apuestas";"1,67";"3,90";"5,25";"0,5988023952095809";"0,2564102564102564";"0,1904761904761905";"1,04568884209603";"0,0456888420960277";"4,56888420960277"
"19/02/2022";"Arsenal";"Brentford";"IW";"Casa de apuestas";"1,55";"3,90";"6,50";"0,6451612903225806";"0,2564102564102564";"0,1538461538461539";"1,05541770057899";"0,0554177005789911";"5,54177005789911"
"19/02/2022";"Aston Villa";"Watford";"IW";"Casa de apuestas";"1,67";"3,95";"5,00";"0,5988023952095809";"0,2531645569620253";"0,2000000000000000";"1,05196695217161";"0,0519669521716062";"5,19669521716062"
"19/02/2022";"Brighton";"Burnley";"IW";"Casa de apuestas";"1,63";"3,85";"6,00";"0,6134969325153374";"0,2597402597402597";"0,1666666666666667";"1,03990385892226";"0,0399038589222638";"3,99038589222638"
"19/02/2022";"Crystal Palace";"Chelsea";"IW";"Casa de apuestas";"5,25";"3,65";"1,70";"0,1904761904761905";"0,2739726027397260";"0,5882352941176471";"1,05268408733356";"0,0526840873335637";"5,26840873335637"
"19/02/2022";"Liverpool";"Norwich";"IW";"Casa de apuestas";"1,12";"9,00";"23,00";"0,8928571428571428";"0,1111111111111111";"0,0434782608695652";"1,04744651483782";"0,0474465148378191";"4,74465148378191"
"19/02/2022";"Southampton";"Everton";"IW";"Casa de apuestas";"2,15";"3,45";"3,45";"0,4651162790697674";"0,2898550724637681";"0,2898550724637681";"1,04482642399730";"0,0448264239973037";"4,48264239973037"
"19/02/2022";"Man City";"Tottenham";"IW";"Casa de apuestas";"1,33";"5,25";"8,75";"0,7518796992481203";"0,1904761904761905";"0,1142857142857143";"1,05664160401003";"0,0566416040100250";"5,66416040100250"
"20/02/2022";"Leeds";"Man United";"IW";"Casa de apuestas";"4,70";"3,80";"1,73";"0,2127659574468085";"0,2631578947368421";"0,5780346820809249";"1,05395853426458";"0,0539585342645754";"5,39585342645754"
"20/02/2022";"Wolves";"Leicester";"IW";"Casa de apuestas";"2,20";"3,15";"3,55";"0,4545454545454545";"0,3174603174603174";"0,2816901408450704";"1,05369591285084";"0,0536959128508425";"5,36959128508425"
"23/02/2022";"Burnley";"Tottenham";"IW";"Casa de apuestas";"4,40";"3,50";"1,85";"0,2272727272727273";"0,2857142857142857";"0,5405405405405405";"1,05352755352755";"0,0535275535275535";"5,35275535275535"
"23/02/2022";"Watford";"Crystal Palace";"IW";"Casa de apuestas";"2,95";"3,05";"2,65";"0,3389830508474576";"0,3278688524590164";"0,3773584905660378";"1,04421039387251";"0,0442103938725118";"4,42103938725118"
"23/02/2022";"Liverpool";"Leeds";"IW";"Casa de apuestas";"1,20";"7,25";"12,00";"0,8333333333333334";"0,1379310344827586";"0,0833333333333333";"1,05459770114943";"0,0545977011494252";"5,45977011494252"
"24/02/2022";"Arsenal";"Wolves";"IW";"Casa de apuestas";"1,73";"3,45";"5,50";"0,5780346820809249";"0,2898550724637681";"0,1818181818181818";"1,04970793636287";"0,0497079363628750";"4,97079363628750"
"25/02/2022";"Southampton";"Norwich";"IW";"Casa de apuestas";"1,57";"4,20";"5,75";"0,6369426751592356";"0,2380952380952381";"0,1739130434782609";"1,04895095673273";"0,0489509567327344";"4,89509567327344"
"26/02/2022";"Leeds";"Tottenham";"IW";"Casa de apuestas";"3,60";"3,75";"1,97";"0,2777777777777778";"0,2666666666666667";"0,5076142131979695";"1,05205865764241";"0,0520586576424140";"5,20586576424140"
"26/02/2022";"Brentford";"Newcastle";"IW";"Casa de apuestas";"2,45";"3,05";"3,20";"0,4081632653061224";"0,3278688524590164";"0,3125000000000000";"1,04853211776514";"0,0485321177651388";"4,85321177651388"
"26/02/2022";"Crystal Palace";"Burnley";"IW";"Casa de apuestas";"1,90";"3,35";"4,60";"0,5263157894736842";"0,2985074626865671";"0,2173913043478261";"1,04221455650808";"0,0422145565080774";"4,22145565080774"
"26/02/2022";"Man United";"Watford";"IW";"Casa de apuestas";"1,35";"5,25";"8,25";"0,7407407407407407";"0,1904761904761905";"0,1212121212121212";"1,05242905242905";"0,0524290524290523";"5,24290524290523"
"26/02/2022";"Brighton";"Aston Villa";"IW";"Casa de apuestas";"2,20";"3,20";"3,50";"0,4545454545454545";"0,3125000000000000";"0,2857142857142857";"1,05275974025974";"0,0527597402597402";"5,27597402597402"
"26/02/2022";"Everton";"Man City";"IW";"Casa de apuestas";"11,00";"6,25";"1,25";"0,0909090909090909";"0,1600000000000000";"0,8000000000000000";"1,05090909090909";"0,0509090909090910";"5,09090909090910"
"27/02/2022";"West Ham";"Wolves";"IW";"Casa de apuestas";"1,95";"3,35";"4,30";"0,5128205128205129";"0,2985074626865671";"0,2325581395348837";"1,04388611504196";"0,0438861150419638";"4,38861150419638"
"01/03/2022";"Burnley";"Leicester";"IW";"Casa de apuestas";"2,85";"3,25";"2,55";"0,3508771929824561";"0,3076923076923077";"0,3921568627450981";"1,05072636341986";"0,0507263634198618";"5,07263634198618"
"05/03/2022";"Leicester";"Leeds";"IW";"Casa de apuestas";"2,00";"3,80";"3,45";"0,5000000000000000";"0,2631578947368421";"0,2898550724637681";"1,05301296720061";"0,0530129672006101";"5,30129672006101"
"05/03/2022";"Aston Villa";"Southampton";"IW";"Casa de apuestas";"2,30";"3,45";"3,10";"0,4347826086956522";"0,2898550724637681";"0,3225806451612903";"1,04721832632071";"0,0472183263207107";"4,72183263207107"
"05/03/2022";"Burnley";"Chelsea";"IW";"Casa de apuestas";"7,00";"4,20";"1,50";"0,1428571428571428";"0,2380952380952381";"0,6666666666666666";"1,04761904761905";"0,0476190476190474";"4,76190476190474"
"05/03/2022";"Newcastle";"Brighton";"IW";"Casa de apuestas";"2,60";"3,05";"2,90";"0,3846153846153846";"0,3278688524590164";"0,3448275862068966";"1,05731182328130";"0,0573118232812977";"5,73118232812977"
"05/03/2022";"Norwich";"Brentford";"IW";"Casa de apuestas";"3,05";"3,15";"2,45";"0,3278688524590164";"0,3174603174603174";"0,4081632653061224";"1,05349243522546";"0,0534924352254562";"5,34924352254562"
"05/03/2022";"Wolves";"Crystal Palace";"IW";"Casa de apuestas";"2,35";"2,95";"3,45";"0,4255319148936170";"0,3389830508474576";"0,2898550724637681";"1,05437003820484";"0,0543700382048427";"5,43700382048427"
"05/03/2022";"Liverpool";"West Ham";"IW";"Casa de apuestas";"1,27";"6,00";"10,00";"0,7874015748031495";"0,1666666666666667";"0,1000000000000000";"1,05406824146982";"0,0540682414698161";"5,40682414698161"
"06/03/2022";"Watford";"Arsenal";"IW";"Casa de apuestas";"6,50";"4,10";"1,53";"0,1538461538461539";"0,2439024390243903";"0,6535947712418301";"1,05134336411237";"0,0513433641123742";"5,13433641123742"
"06/03/2022";"Man City";"Man United";"IW";"Casa de apuestas";"1,45";"4,80";"6,75";"0,6896551724137931";"0,2083333333333333";"0,1481481481481481";"1,04613665389527";"0,0461366538952745";"4,61366538952745"
"07/03/2022";"Tottenham";"Everton";"IW";"Casa de apuestas";"1,73";"3,90";"4,60";"0,5780346820809249";"0,2564102564102564";"0,2173913043478261";"1,05183624283901";"0,0518362428390076";"5,18362428390076"
"10/03/2022";"Norwich";"Chelsea";"IW";"Casa de apuestas";"8,75";"4,80";"1,37";"0,1142857142857143";"0,2083333333333333";"0,7299270072992701";"1,05254605491832";"0,0525460549183177";"5,25460549183177"
"10/03/2022";"Southampton";"Newcastle";"IW";"Casa de apuestas";"2,05";"3,40";"3,75";"0,4878048780487805";"0,2941176470588235";"0,2666666666666667";"1,04858919177427";"0,0485891917742707";"4,85891917742707"
"10/03/2022";"Wolves";"Watford";"IW";"Casa de apuestas";"1,95";"3,40";"4,20";"0,5128205128205129";"0,2941176470588235";"0,2380952380952381";"1,04503339797457";"0,0450333979745745";"4,50333979745745"
"10/03/2022";"Leeds";"Aston Villa";"IW";"Casa de apuestas";"2,80";"3,50";"2,45";"0,3571428571428572";"0,2857142857142857";"0,4081632653061224";"1,05102040816327";"0,0510204081632653";"5,10204081632653"
"12/03/2022";"Brighton";"Liverpool";"IW";"Casa de apuestas";"6,25";"4,60";"1,50";"0,1600000000000000";"0,2173913043478261";"0,6666666666666666";"1,04405797101449";"0,0440579710144928";"4,40579710144928"
"12/03/2022";"Brentford";"Burnley";"IW";"Casa de apuestas";"2,10";"3,20";"3,75";"0,4761904761904762";"0,3125000000000000";"0,2666666666666667";"1,05535714285714";"0,0553571428571429";"5,53571428571429"
"12/03/2022";"Man United";"Tottenham";"IW";"Casa de apuestas";"2,35";"3,45";"3,00";"0,4255319148936170";"0,2898550724637681";"0,3333333333333333";"1,04872032069072";"0,0487203206907185";"4,87203206907185"
"13/03/2022";"Chelsea";"Newcastle";"IW";"Casa de apuestas";"1,43";"4,60";"8,00";"0,6993006993006994";"0,2173913043478261";"0,1250000000000000";"1,04169200364853";"0,0416920036485255";"4,16920036485255"
"13/03/2022";"Everton";"Wolves";"IW";"Casa de apuestas";"2,30";"3,05";"3,55";"0,4347826086956522";"0,3278688524590164";"0,2816901408450704";"1,04434160199974";"0,0443416019997391";"4,43416019997391"
"13/03/2022";"Leeds";"Norwich";"IW";"Casa de apuestas";"1,63";"4,20";"5,25";"0,6134969325153374";"0,2380952380952381";"0,1904761904761905";"1,04206836108677";"0,0420683610867660";"4,20683610867660"
"13/03/2022";"Southampton";"Watford";"IW";"Casa de apuestas";"1,67";"3,95";"4,90";"0,5988023952095809";"0,2531645569620253";"0,2040816326530612";"1,05604858482467";"0,0560485848246675";"5,60485848246675"
"13/03/2022";"West Ham";"Aston Villa";"IW";"Casa de apuestas";"2,50";"3,20";"2,90";"0,4000000000000000";"0,3125000000000000";"0,3448275862068966";"1,05732758620690";"0,0573275862068967";"5,73275862068967"
"13/03/2022";"Arsenal";"Leicester";"IW";"Casa de apuestas";"1,45";"4,70";"6,75";"0,6896551724137931";"0,2127659574468085";"0,1481481481481481";"1,05056927800875";"0,0505692780087497";"5,05692780087497"
"14/03/2022";"Crystal Palace";"Man City";"IW";"Casa de apuestas";"10,00";"5,00";"1,33";"0,1000000000000000";"0,2000000000000000";"0,7518796992481203";"1,05187969924812";"0,0518796992481203";"5,18796992481203"
"16/03/2022";"Brighton";"Tottenham";"IW";"Casa de apuestas";"3,65";"3,30";"2,10";"0,2739726027397260";"0,3030303030303030";"0,4761904761904762";"1,05319338196051";"0,0531933819605053";"5,31933819605053"
"16/03/2022";"Arsenal";"Liverpool";"IW";"Casa de apuestas";"3,50";"3,60";"2,05";"0,2857142857142857";"0,2777777777777778";"0,4878048780487805";"1,05129694154084";"0,0512969415408440";"5,12969415408440"
"17/03/2022";"Everton";"Newcastle";"IW";"Casa de apuestas";"2,40";"3,15";"3,20";"0,4166666666666667";"0,3174603174603174";"0,3125000000000000";"1,04662698412698";"0,0466269841269842";"4,66269841269842"
"18/03/2022";"Wolves";"Leeds";"IW";"Casa de apuestas";"2,20";"3,30";"3,40";"0,4545454545454545";"0,3030303030303030";"0,2941176470588235";"1,05169340463458";"0,0516934046345812";"5,16934046345812"
"19/03/2022";"Aston Villa";"Arsenal";"IW";"Casa de apuestas";"2,90";"3,30";"2,50";"0,3448275862068966";"0,3030303030303030";"0,4000000000000000";"1,04785788923720";"0,0478578892371995";"4,78578892371995"
"20/03/2022";"Leicester";"Brentford";"IW";"Casa de apuestas";"2,15";"3,30";"3,45";"0,4651162790697674";"0,3030303030303030";"0,2898550724637681";"1,05800165456384";"0,0580016545638387";"5,80016545638387"
"20/03/2022";"Tottenham";"West Ham";"IW";"Casa de apuestas";"1,73";"3,75";"4,90";"0,5780346820809249";"0,2666666666666667";"0,2040816326530612";"1,04878298140065";"0,0487829814006528";"4,87829814006528"
"02/04/2022";"Liverpool";"Watford";"IW";"Casa de apuestas";"1,15";"8,00";"20,00";"0,8695652173913044";"0,1250000000000000";"0,0500000000000000";"1,04456521739130";"0,0445652173913045";"4,45652173913045"
"02/04/2022";"Brighton";"Norwich";"IW";"Casa de apuestas";"1,55";"4,00";"6,25";"0,6451612903225806";"0,2500000000000000";"0,1600000000000000";"1,05516129032258";"0,0551612903225807";"5,51612903225807"
"02/04/2022";"Burnley";"Man City";"IW";"Casa de apuestas";"15,00";"6,50";"1,20";"0,0666666666666667";"0,1538461538461539";"0,8333333333333334";"1,05384615384615";"0,0538461538461539";"5,38461538461539"
"02/04/2022";"Chelsea";"Brentford";"IW";"Casa de apuestas";"1,40";"4,60";"8,50";"0,7142857142857143";"0,2173913043478261";"0,1176470588235294";"1,04932407745707";"0,0493240774570698";"4,93240774570698"
"02/04/2022";"Leeds";"Southampton";"IW";"Casa de apuestas";"2,40";"3,55";"2,80";"0,4166666666666667";"0,2816901408450704";"0,3571428571428572";"1,05549966465459";"0,0554996646545942";"5,54996646545942"
"02/04/2022";"Wolves";"Aston Villa";"IW";"Casa de apuestas";"3,00";"3,00";"2,60";"0,3333333333333333";"0,3333333333333333";"0,3846153846153846";"1,05128205128205";"0,0512820512820511";"5,12820512820511"
"02/04/2022";"Man United";"Leicester";"IW";"Casa de apuestas";"1,63";"4,10";"5,25";"0,6134969325153374";"0,2439024390243903";"0,1904761904761905";"1,04787556201592";"0,0478755620159181";"4,78755620159181"
"03/04/2022";"West Ham";"Everton";"IW";"Casa de apuestas";"1,77";"3,75";"4,60";"0,5649717514124294";"0,2666666666666667";"0,2173913043478261";"1,04902972242692";"0,0490297224269223";"4,90297224269223"
"03/04/2022";"Tottenham";"Newcastle";"IW";"Casa de apuestas";"1,55";"4,20";"6,00";"0,6451612903225806";"0,2380952380952381";"0,1666666666666667";"1,04992319508449";"0,0499231950844854";"4,99231950844854"
"04/04/2022";"Crystal Palace";"Arsenal";"IW";"Casa de apuestas";"3,85";"3,35";"2,05";"0,2597402597402597";"0,2985074626865671";"0,4878048780487805";"1,04605260047561";"0,0460526004756074";"4,60526004756074"
"06/04/2022";"Burnley";"Everton";"IW";"Casa de apuestas";"2,50";"3,10";"3,05";"0,4000000000000000";"0,3225806451612903";"0,3278688524590164";"1,05044949762031";"0,0504494976203067";"5,04494976203067"
"08/04/2022";"Newcastle";"Wolves";"IW";"Casa de apuestas";"1,97";"3,25";"4,30";"0,5076142131979695";"0,3076923076923077";"0,2325581395348837";"1,04786466042516";"0,0478646604251609";"4,78646604251609"
"09/04/2022";"Everton";"Man United";"IW";"Casa de apuestas";"3,90";"3,75";"1,90";"0,2564102564102564";"0,2666666666666667";"0,5263157894736842";"1,04939271255061";"0,0493927125506073";"4,93927125506073"
"09/04/2022";"Arsenal";"Brighton";"IW";"Casa de apuestas";"1,60";"3,75";"6,25";"0,6250000000000000";"0,2666666666666667";"0,1600000000000000";"1,05166666666667";"0,0516666666666665";"5,16666666666665"
"09/04/2022";"Southampton";"Chelsea";"IW";"Casa de apuestas";"3,70";"3,55";"2,00";"0,2702702702702702";"0,2816901408450704";"0,5000000000000000";"1,05196041111534";"0,0519604111153407";"5,19604111153407"
"09/04/2022";"Watford";"Leeds";"IW";"Casa de apuestas";"2,75";"3,35";"2,55";"0,3636363636363636";"0,2985074626865671";"0,3921568627450981";"1,05430068906803";"0,0543006890680289";"5,43006890680289"
"09/04/2022";"Aston Villa";"Tottenham";"IW";"Casa de apuestas";"3,30";"3,45";"2,20";"0,3030303030303030";"0,2898550724637681";"0,4545454545454545";"1,04743083003953";"0,0474308300395256";"4,74308300395256"
"10/04/2022";"Brentford";"West Ham";"IW";"Casa de apuestas";"2,65";"3,20";"2,75";"0,3773584905660378";"0,3125000000000000";"0,3636363636363636";"1,05349485420240";"0,0534948542024014";"5,34948542024014"
"10/04/2022";"Leicester";"Crystal Palace";"IW";"Casa de apuestas";"2,50";"3,20";"2,95";"0,4000000000000000";"0,3125000000000000";"0,3389830508474576";"1,05148305084746";"0,0514830508474575";"5,14830508474575"
"10/04/2022";"Norwich";"Burnley";"IW";"Casa de apuestas";"3,10";"3,30";"2,35";"0,3225806451612903";"0,3030303030303030";"0,4255319148936170";"1,05114286308521";"0,0511428630852104";"5,11428630852104"
"10/04/2022";"Man City";"Liverpool";"IW";"Casa de apuestas";"2,00";"3,60";"3,60";"0,5000000000000000";"0,2777777777777778";"0,2777777777777778";"1,05555555555556";"0,0555555555555556";"5,55555555555556"
"16/04/2022";"Tottenham";"Brighton";"IW";"Casa de apuestas";"1,50";"4,40";"6,25";"0,6666666666666666";"0,2272727272727273";"0,1600000000000000";"1,05393939393939";"0,0539393939393940";"5,39393939393940"
"16/04/2022";"Man United";"Norwich";"IW";"Casa de apuestas";"1,27";"6,25";"9,50";"0,7874015748031495";"0,1600000000000000";"0,1052631578947368";"1,05266473269789";"0,0526647326978864";"5,26647326978864"
"16/04/2022";"Southampton";"Arsenal";"IW";"Casa de apuestas";"3,80";"3,55";"1,97";"0,2631578947368421";"0,2816901408450704";"0,5076142131979695";"1,05246224877988";"0,0524622487798820";"5,24622487798820"
"16/04/2022";"Watford";"Brentford";"IW";"Casa de apuestas";"2,95";"3,25";"2,50";"0,3389830508474576";"0,3076923076923077";"0,4000000000000000";"1,04667535853977";"0,0466753585397655";"4,66753585397655"
"17/04/2022";"Newcastle";"Leicester";"IW";"Casa de apuestas";"2,00";"3,50";"3,70";"0,5000000000000000";"0,2857142857142857";"0,2702702702702702";"1,05598455598456";"0,0559845559845560";"5,59845559845560"
"17/04/2022";"West Ham";"Burnley";"IW";"Casa de apuestas";"1,83";"3,40";"4,80";"0,5464480874316939";"0,2941176470588235";"0,2083333333333333";"1,04889906782385";"0,0488990678238508";"4,88990678238508"
"19/04/2022";"Liverpool";"Man United";"IW";"Casa de apuestas";"1,40";"5,25";"7,25";"0,7142857142857143";"0,1904761904761905";"0,1379310344827586";"1,04269293924466";"0,0426929392446633";"4,26929392446633"
"20/04/2022";"Chelsea";"Arsenal";"IW";"Casa de apuestas";"1,90";"3,45";"4,30";"0,5263157894736842";"0,2898550724637681";"0,2325581395348837";"1,04872900147234";"0,0487290014723361";"4,87290014723361"
"20/04/2022";"Everton";"Leicester";"IW";"Casa de apuestas";"2,55";"3,25";"2,85";"0,3921568627450981";"0,3076923076923077";"0,3508771929824561";"1,05072636341986";"0,0507263634198618";"5,07263634198618"
"20/04/2022";"Newcastle";"Crystal Palace";"IW";"Casa de apuestas";"2,30";"3,10";"3,40";"0,4347826086956522";"0,3225806451612903";"0,2941176470588235";"1,05148090091577";"0,0514809009157662";"5,14809009157662"
"20/04/2022";"Man City";"Brighton";"IW";"Casa de apuestas";"1,22";"6,25";"14,00";"0,8196721311475410";"0,1600000000000000";"0,0714285714285714";"1,05110070257611";"0,0511007025761125";"5,11007025761125"
"21/04/2022";"Burnley";"Southampton";"IW";"Casa de apuestas";"2,65";"3,30";"2,75";"0,3773584905660378";"0,3030303030303030";"0,3636363636363636";"1,04402515723270";"0,0440251572327046";"4,40251572327046"
"23/04/2022";"Arsenal";"Man United";"IW";"Casa de apuestas";"2,00";"3,60";"3,65";"0,5000000000000000";"0,2777777777777778";"0,2739726027397260";"1,05175038051750";"0,0517503805175039";"5,17503805175039"
"23/04/2022";"Leicester";"Aston Villa";"IW";"Casa de apuestas";"2,95";"3,30";"2,45";"0,3389830508474576";"0,3030303030303030";"0,4081632653061224";"1,05017661918388";"0,0501766191838831";"5,01766191838831"
"23/04/2022";"Man City";"Watford";"IW";"Casa de apuestas";"1,12";"9,50";"22,00";"0,8928571428571428";"0,1052631578947368";"0,0454545454545455";"1,04357484620643";"0,0435748462064252";"4,35748462064252"
"23/04/2022";"Norwich";"Newcastle";"IW";"Casa de apuestas";"3,40";"3,30";"2,20";"0,2941176470588235";"0,3030303030303030";"0,4545454545454545";"1,05169340463458";"0,0516934046345812";"5,16934046345812"
"23/04/2022";"Brentford";"Tottenham";"IW";"Casa de apuestas";"4,70";"3,95";"1,70";"0,2127659574468085";"0,2531645569620253";"0,5882352941176471";"1,05416580852648";"0,0541658085264809";"5,41658085264809"
"24/04/2022";"Brighton";"Southampton";"IW";"Casa de apuestas";"2,10";"3,40";"3,65";"0,4761904761904762";"0,2941176470588235";"0,2739726027397260";"1,04428072598903";"0,0442807259890257";"4,42807259890257"
"24/04/2022";"Burnley";"Wolves";"IW";"Casa de apuestas";"2,55";"3,05";"3,00";"0,3921568627450981";"0,3278688524590164";"0,3333333333333333";"1,05335904853745";"0,0533590485374478";"5,33590485374478"
"24/04/2022";"Chelsea";"West Ham";"IW";"Casa de apuestas";"1,40";"4,80";"7,75";"0,7142857142857143";"0,2083333333333333";"0,1290322580645161";"1,05165130568356";"0,0516513056835639";"5,16513056835639"
"24/04/2022";"Liverpool";"Everton";"IW";"Casa de apuestas";"1,20";"7,00";"14,00";"0,8333333333333334";"0,1428571428571428";"0,0714285714285714";"1,04761904761905";"0,0476190476190477";"4,76190476190477"
"25/04/2022";"Crystal Palace";"Leeds";"IW";"Casa de apuestas";"2,40";"3,35";"2,95";"0,4166666666666667";"0,2985074626865671";"0,3389830508474576";"1,05415718020069";"0,0541571802006915";"5,41571802006915"
"28/04/2022";"Man United";"Chelsea";"IW";"Casa de apuestas";"3,50";"3,55";"2,05";"0,2857142857142857";"0,2816901408450704";"0,4878048780487805";"1,05520930460814";"0,0552093046081366";"5,52093046081366"
"30/04/2022";"Newcastle";"Liverpool";"IW";"Casa de apuestas";"6,75";"4,30";"1,50";"0,1481481481481481";"0,2325581395348837";"0,6666666666666666";"1,04737295434970";"0,0473729543496986";"4,73729543496986"
"30/04/2022";"Aston Villa";"Norwich";"IW";"Casa de apuestas";"1,43";"4,80";"7,25";"0,6993006993006994";"0,2083333333333333";"0,1379310344827586";"1,04556506711679";"0,0455650671167913";"4,55650671167913"
"30/04/2022";"Southampton";"Crystal Palace";"IW";"Casa de apuestas";"2,45";"3,15";"3,10";"0,4081632653061224";"0,3174603174603174";"0,3225806451612903";"1,04820422792773";"0,0482042279277302";"4,82042279277302"
"30/04/2022";"Watford";"Burnley";"IW";"Casa de apuestas";"2,60";"3,10";"2,85";"0,3846153846153846";"0,3225806451612903";"0,3508771929824561";"1,05807322275913";"0,0580732227591310";"5,80732227591310"
"30/04/2022";"Wolves";"Brighton";"IW";"Casa de apuestas";"2,65";"3,00";"2,95";"0,3773584905660378";"0,3333333333333333";"0,3389830508474576";"1,04967487474683";"0,0496748747468287";"4,96748747468287"
"01/05/2022";"West Ham";"Arsenal";"IW";"Casa de apuestas";"4,60";"3,95";"1,73";"0,2173913043478261";"0,2531645569620253";"0,5780346820809249";"1,04859054339078";"0,0485905433907763";"4,85905433907763"
"02/05/2022";"Man United";"Brentford";"IW";"Casa de apuestas";"1,75";"3,95";"4,30";"0,5714285714285714";"0,2531645569620253";"0,2325581395348837";"1,05715126792548";"0,0571512679254804";"5,71512679254804"
"07/05/2022";"Brentford";"Southampton";"IW";"Casa de apuestas";"2,15";"3,20";"3,65";"0,4651162790697674";"0,3125000000000000";"0,2739726027397260";"1,05158888180949";"0,0515888818094934";"5,15888818094934"
"07/05/2022";"Burnley";"Aston Villa";"IW";"Casa de apuestas";"3,05";"3,10";"2,50";"0,3278688524590164";"0,3225806451612903";"0,4000000000000000";"1,05044949762031";"0,0504494976203067";"5,04494976203067"
"07/05/2022";"Chelsea";"Wolves";"IW";"Casa de apuestas";"1,40";"4,70";"8,25";"0,7142857142857143";"0,2127659574468085";"0,1212121212121212";"1,04826379294464";"0,0482637929446441";"4,82637929446441"
"07/05/2022";"Crystal Palace";"Watford";"IW";"Casa de apuestas";"1,67";"3,75";"5,50";"0,5988023952095809";"0,2666666666666667";"0,1818181818181818";"1,04728724369443";"0,0472872436944294";"4,72872436944294"
"07/05/2022";"Brighton";"Man United";"IW";"Casa de apuestas";"3,00";"3,30";"2,40";"0,3333333333333333";"0,3030303030303030";"0,4166666666666667";"1,05303030303030";"0,0530303030303030";"5,30303030303030"
"07/05/2022";"Liverpool";"Tottenham";"IW";"Casa de apuestas";"1,43";"5,00";"6,75";"0,6993006993006994";"0,2000000000000000";"0,1481481481481481";"1,04744884744885";"0,0474488474488475";"4,74488474488475"
"08/05/2022";"Arsenal";"Leeds";"IW";"Casa de apuestas";"1,53";"4,40";"6,00";"0,6535947712418301";"0,2272727272727273";"0,1666666666666667";"1,04753416518122";"0,0475341651812240";"4,75341651812240"
"08/05/2022";"Leicester";"Everton";"IW";"Casa de apuestas";"2,65";"3,25";"2,70";"0,3773584905660378";"0,3076923076923077";"0,3703703703703703";"1,05542116862872";"0,0554211686287158";"5,54211686287158"
"08/05/2022";"Norwich";"West Ham";"IW";"Casa de apuestas";"4,80";"3,95";"1,70";"0,2083333333333333";"0,2531645569620253";"0,5882352941176471";"1,04973318441301";"0,0497331844130056";"4,97331844130056"
"08/05/2022";"Man City";"Newcastle";"IW";"Casa de apuestas";"1,20";"7,50";"12,00";"0,8333333333333334";"0,1333333333333333";"0,0833333333333333";"1,05000000000000";"0,0500000000000000";"5,00000000000000"
"10/05/2022";"Aston Villa";"Liverpool";"IW";"Casa de apuestas";"6,00";"4,50";"1,50";"0,1666666666666667";"0,2222222222222222";"0,6666666666666666";"1,05555555555556";"0,0555555555555554";"5,55555555555554"
"11/05/2022";"Leeds";"Chelsea";"IW";"Casa de apuestas";"4,80";"4,10";"1,67";"0,2083333333333333";"0,2439024390243903";"0,5988023952095809";"1,05103816756730";"0,0510381675673046";"5,10381675673046"
"11/05/2022";"Leicester";"Norwich";"IW";"Casa de apuestas";"1,33";"5,50";"8,50";"0,7518796992481203";"0,1818181818181818";"0,1176470588235294";"1,05134493988983";"0,0513449398898316";"5,13449398898316"
"11/05/2022";"Watford";"Everton";"IW";"Casa de apuestas";"5,50";"3,70";"1,67";"0,1818181818181818";"0,2702702702702702";"0,5988023952095809";"1,05089084729803";"0,0508908472980329";"5,08908472980329"
"11/05/2022";"Wolves";"Man City";"IW";"Casa de apuestas";"13,00";"5,50";"1,27";"0,0769230769230769";"0,1818181818181818";"0,7874015748031495";"1,04614283354441";"0,0461428335444083";"4,61428335444083"
"12/05/2022";"Tottenham";"Arsenal";"IW";"Casa de apuestas";"2,20";"3,45";"3,25";"0,4545454545454545";"0,2898550724637681";"0,3076923076923077";"1,05209283470153";"0,0520928347015304";"5,20928347015304"
"15/05/2022";"Tottenham";"Burnley";"IW";"Casa de apuestas";"1,33";"5,50";"9,50";"0,7518796992481203";"0,1818181818181818";"0,1052631578947368";"1,03896103896104";"0,0389610389610389";"3,89610389610389"
"15/05/2022";"Aston Villa";"Crystal Palace";"IW";"Casa de apuestas";"1,83";"3,55";"4,40";"0,5464480874316939";"0,2816901408450704";"0,2272727272727273";"1,05541095554949";"0,0554109555494917";"5,54109555494917"
"15/05/2022";"Leeds";"Brighton";"IW";"Casa de apuestas";"2,55";"3,40";"2,80";"0,3921568627450981";"0,2941176470588235";"0,3571428571428572";"1,04341736694678";"0,0434173669467788";"4,34173669467788"
"15/05/2022";"Watford";"Leicester";"IW";"Casa de apuestas";"4,80";"3,90";"1,70";"0,2083333333333333";"0,2564102564102564";"0,5882352941176471";"1,05297888386124";"0,0529788838612368";"5,29788838612368"
"15/05/2022";"West Ham";"Man City";"IW";"Casa de apuestas";"7,25";"5,25";"1,40";"0,1379310344827586";"0,1904761904761905";"0,7142857142857143";"1,04269293924466";"0,0426929392446633";"4,26929392446633"
"15/05/2022";"Wolves";"Norwich";"IW";"Casa de apuestas";"1,53";"4,40";"5,75";"0,6535947712418301";"0,2272727272727273";"0,1739130434782609";"1,05478054199282";"0,0547805419928182";"5,47805419928182"
"15/05/2022";"Everton";"Brentford";"IW";"Casa de apuestas";"1,90";"3,60";"4,10";"0,5263157894736842";"0,2777777777777778";"0,2439024390243903";"1,04799600627585";"0,0479960062758522";"4,79960062758522"
"16/05/2022";"Newcastle";"Arsenal";"IW";"Casa de apuestas";"4,70";"3,75";"1,75";"0,2127659574468085";"0,2666666666666667";"0,5714285714285714";"1,05086119554205";"0,0508611955420466";"5,08611955420466"
"17/05/2022";"Southampton";"Liverpool";"IW";"Casa de apuestas";"6,75";"4,80";"1,45";"0,1481481481481481";"0,2083333333333333";"0,6896551724137931";"1,04613665389527";"0,0461366538952745";"4,61366538952745"
"19/05/2022";"Everton";"Crystal Palace";"IW";"Casa de apuestas";"1,80";"3,55";"4,80";"0,5555555555555556";"0,2816901408450704";"0,2083333333333333";"1,04557902973396";"0,0455790297339593";"4,55790297339593"
"19/05/2022";"Aston Villa";"Burnley";"IW";"Casa de apuestas";"2,10";"3,40";"3,50";"0,4761904761904762";"0,2941176470588235";"0,2857142857142857";"1,05602240896359";"0,0560224089635852";"5,60224089635852"
"19/05/2022";"Chelsea";"Leicester";"IW";"Casa de apuestas";"1,43";"4,60";"7,50";"0,6993006993006994";"0,2173913043478261";"0,1333333333333333";"1,05002533698186";"0,0500253369818588";"5,00253369818588"
"22/05/2022";"Arsenal";"Everton";"IW";"Casa de apuestas";"1,35";"5,25";"8,75";"0,7407407407407407";"0,1904761904761905";"0,1142857142857143";"1,04550264550265";"0,0455026455026455";"4,55026455026455"
"22/05/2022";"Brentford";"Leeds";"IW";"Casa de apuestas";"2,40";"3,70";"2,75";"0,4166666666666667";"0,2702702702702702";"0,3636363636363636";"1,05057330057330";"0,0505733005733005";"5,05733005733005"
"22/05/2022";"Brighton";"West Ham";"IW";"Casa de apuestas";"2,65";"3,45";"2,60";"0,3773584905660378";"0,2898550724637681";"0,3846153846153846";"1,05182894764519";"0,0518289476451905";"5,18289476451905"
"22/05/2022";"Burnley";"Newcastle";"IW";"Casa de apuestas";"2,35";"3,40";"3,05";"0,4255319148936170";"0,2941176470588235";"0,3278688524590164";"1,04751841441146";"0,0475184144114569";"4,75184144114569"
"22/05/2022";"Chelsea";"Watford";"IW";"Casa de apuestas";"1,22";"6,75";"13,00";"0,8196721311475410";"0,1481481481481481";"0,0769230769230769";"1,04474335621877";"0,0447433562187660";"4,47433562187660"
"22/05/2022";"Crystal Palace";"Man United";"IW";"Casa de apuestas";"2,95";"3,45";"2,40";"0,3389830508474576";"0,2898550724637681";"0,4166666666666667";"1,04550478997789";"0,0455047899778924";"4,55047899778924"
"22/05/2022";"Leicester";"Southampton";"IW";"Casa de apuestas";"1,73";"4,20";"4,30";"0,5780346820809249";"0,2380952380952381";"0,2325581395348837";"1,04868805971105";"0,0486880597110466";"4,86880597110466"
"22/05/2022";"Liverpool";"Wolves";"IW";"Casa de apuestas";"1,15";"8,00";"17,00";"0,8695652173913044";"0,1250000000000000";"0,0588235294117647";"1,05338874680307";"0,0533887468030692";"5,33887468030692"
"22/05/2022";"Man City";"Aston Villa";"IW";"Casa de apuestas";"1,15";"8,00";"17,00";"0,8695652173913044";"0,1250000000000000";"0,0588235294117647";"1,05338874680307";"0,0533887468030692";"5,33887468030692"
"22/05/2022";"Norwich";"Tottenham";"IW";"Casa de apuestas";"12,00";"6,25";"1,25";"0,0833333333333333";"0,1600000000000000";"0,8000000000000000";"1,04333333333333";"0,0433333333333334";"4,33333333333334"
